date,AAPL,AMD,AMZN,AVGO,GOOGL,INTC,META,MSFT,NVDA,QCOM,TSM
2018-01-16,-0.0050818736073826,-0.0091514647389645,-0.0002605871874575,-0.0039349848389769,4.4223174358482e-05,-0.0023130003334461,-0.0054637214281415,-0.0139510200847142,-0.0128713260974402,0.0438973936275015,0.0252486303132131
2018-01-17,0.016516011039237,0.0226700639145966,-0.0075563086371678,0.0097244876811077,0.0074290286856923,0.0289755312142101,-0.0044283006758227,0.0202602829925626,0.0209439022148201,-0.0033700085103884,0.0213119492592606
2018-01-18,0.0008932159917707,0.0238095200810295,-0.0012972916415299,0.0150106334860953,-0.0027477670214473,0.0020273612386139,0.0123873377536798,-0.0004437516429695,-0.001245769435149,0.0004413095175381,0.0333876722176456
2018-01-19,-0.0044623672001685,0.0096230860456647,0.0009741736041779,-0.0126391526919429,0.0066286841870926,0.0076437420807606,0.0082869589619849,-0.0011098254758605,0.025263152647915,-0.0001467835711324,0.0022434041494447
2018-01-22,-0.0081812396272753,0.0047656445762669,0.0252824116096834,-0.0160666412204742,0.0180672028936261,0.0207498710141234,0.0225053868126348,0.0178889942846121,0.0155574789846373,0.0092590746302898,0.0382810326241558
2018-01-23,0.0002260454463725,0.0229248988615164,0.0265423670476103,0.003014301276063,0.0103165127903137,0.0067759227639558,0.021470462134149,0.0031655975060755,0.0223374924601862,-0.0048057002585413,-0.0021562540513476
2018-01-24,-0.0159287346028677,-0.0177743083226217,-0.0036915667119321,-0.0229746306743096,-0.0041489414859092,-0.011940961113298,-0.0147874330859149,-0.0008705968161469,-0.0130174277779724,-0.0052675961971652,-0.0205270757797274
2018-01-25,-0.0178508443938183,-0.0236034767769049,0.0150569128939239,-0.0372576978860343,0.0092630690191375,-0.0046143253164248,0.0049853489682449,0.0055545625321336,0.0023322546764519,-0.0082379399322848,-0.0050741994929993
2018-01-26,0.0023376926304845,0.043513293190381,0.0174897760741254,0.0141536545482405,0.0045849264920956,0.1055189636635858,0.0134415331941053,0.0187370492560281,0.0295328096447147,0.016464018444446,0.0137475455584037
2018-01-29,-0.0206986112835422,0.0285714201551081,0.0111479870163437,-0.0212130317125551,-0.0009093152670781,-0.0019968153666679,-0.0211580260635348,-0.0014885354923344,0.0144657256266609,-0.017656210487193,-0.006999274590951
2018-01-30,-0.0058940419786562,-0.0337837702383728,0.0142062541142373,-0.0182914050556364,-0.0076781877951902,-0.023809709972923,0.0061298314356303,-0.0125640331744227,-0.0167310948684271,-0.0049022106855159,-0.0114536972601333
2018-01-31,0.0027547983407936,0.0675990593080948,0.0090901980569244,0.0292554841442216,0.0041193623949105,-0.0133224266607606,-0.001229329140344,0.0244772316059918,0.0126898436352074,0.0188086183792237,0.0095808943634889
2018-02-01,0.0020904151538982,-0.0356622837904376,-0.0419673740052771,-0.0372536593849316,-0.0005329056900728,-0.0101788606559133,0.0331748110330467,-0.0078940132807182,-0.0215622358953916,-0.0212452872347846,0.0030900652575616
2018-02-02,-0.0433903597989605,-0.06037737288565,0.0287409720660971,-0.0138615790103429,-0.0528018083924078,-0.0314794278274358,-0.0145528574168337,-0.0263102325391856,-0.0290229550658281,-0.0109280947584646,-0.0206824285446605
2018-02-05,-0.0249840489847779,-0.0706827411986007,-0.0279380065988569,-0.0313401314934547,-0.0507594612451833,-0.0353193992817177,-0.0474038302306464,-0.0411853461512747,-0.0848747789581635,-0.0656879375963627,-0.0350481693862575
2018-02-06,0.0417919802697428,0.0069144274689858,0.0380143638995054,0.0538359931917507,0.0207457042167906,0.0156034239469087,0.0223434978192533,0.0378411870228823,0.0555919447279309,0.0432527522884493,0.0149013704654004
2018-02-07,-0.021407520844036,-0.0042917801457277,-0.0180616206187189,-0.0124800120568177,-0.0267604650697586,0.0064577699312555,-0.0276832681129507,-0.0188327815699937,0.0142742040917047,0.0099378869221646,-0.0392292703772191
2018-02-08,-0.0275164197474973,-0.0327586294779735,-0.0467820763555533,-0.0329010161402421,-0.0451958170782595,-0.0542034845938868,-0.0477301217027545,-0.0513338024410674,-0.0493008737108063,-0.0402829385888278,-0.0362942598919713
2018-02-09,0.0122312124004209,0.008021403783061,-0.008071057484337,0.0258308794366084,0.038264929310988,0.0280698327767672,0.0264017271137662,0.0372896367861275,0.066936481874994,0.0251522848463694,0.0275026783735934
2018-02-12,0.0402787160119169,0.0327144006924466,0.0348088545167482,0.0377918985275085,0.0079235335268694,0.0200229193086909,0.001703505809367,0.0107736158424878,-0.0174507368303123,0.0260978346893103,0.0255603040576608
2018-02-13,0.0100176239765918,0.0085615946217996,0.020400675986486,0.0059741156571557,-0.0003982777768659,-0.0082533133010161,-0.018479693381312,0.0078536038687431,0.0201725679297912,0.0006090817983896,-0.0035268452824043
2018-02-14,0.0184374370419158,0.035653657539431,0.0258322075853711,0.0073211827057884,0.0176066592890244,0.0206923611054712,0.0367890193283679,0.0156583921722015,0.0377851154590336,0.0135464109792478,0.0158091075424058
2018-02-15,0.0335786161099627,-0.0008196909047688,0.0073808564628525,0.0168376127721587,0.0173954679577152,0.0118997783374623,0.0024507819775478,0.0203720857753806,0.0210423184092862,-0.0196726068969198,0.0109179475615452
2018-02-16,-0.0032372362517895,-0.0303527398109595,-0.0089412189620022,-0.0116749250644625,0.0037934321514221,-0.0078395977086568,-0.0144474127813423,-0.0071228270822647,-0.0107909196523049,-0.0065868305534219,-0.0009190973799013
2018-02-20,-0.0033636737921041,0.0169205387566151,0.0135709045637122,0.0029331713961107,0.007384682578442,0.0166809023416845,-0.0076118346700526,0.0078262397925259,0.0214895482985841,-0.0132614464953052,0.0059798420764693
2018-02-21,-0.004538932707821,-0.0249584175798507,0.009922706887337,-0.0040060161840963,0.0092064895435106,-0.0082036563136494,0.0107948546003009,-0.0132662748605429,-0.0303918773272977,-0.0092201174499705,-0.0194332187201872
2018-02-22,0.0083594297564528,0.0102388978519625,0.0016318420655936,0.0029363561536659,-0.0034569922454578,-0.0030474874169196,0.0060706781491199,0.0026234405005702,0.0032731113222035,-0.0192428554247383,-0.0116579056368342
2018-02-23,0.017391112809256,0.0194256367628558,0.0098698173596851,0.0174853873559004,0.0163888933168749,0.0421398113629623,0.0240234646515484,0.0254008334900808,0.0156101326076369,0.0183337641406156,0.0356218178986631
2018-02-26,0.0197718213241557,0.0289975468367085,0.0146333821614583,-0.0029957727903867,0.0138375342041294,0.0289126059264435,0.0089477237270736,0.0144584734701145,0.0026429291358109,0.057801505141378,0.0116171624968661
2018-02-27,-0.0032404855647509,0.0088566550725877,-0.0065508671727965,-0.0045066842147274,-0.0228993190798222,0.0162899208705162,-0.0187639197199613,-0.0127852677415731,-0.002108910692944,-0.0010539917024443,-0.0177887113722442
2018-02-28,-0.0015137325029862,-0.0335195598758686,0.0003108313001467,-0.0212462301455613,-0.0121610541874817,-0.0124221513021753,-0.0173040262667287,-0.0045645365057063,-0.01649988817021,-0.0201989422397449,-0.0061895793832313
2018-03-01,-0.0175159048408859,-0.0173410441040916,-0.012562358807392,-0.0127811766753397,-0.0294495226745526,-0.029417670875797,-0.0133469467941818,-0.0098118174948994,-0.0404542979843981,-0.0006153663777049,-0.0145332988550073
2018-03-02,0.0069141499847966,-0.0075629581343371,0.0045531666291016,0.0310715830326391,0.0118815456843626,0.0238291945134492,0.0038649993099151,0.0021547133373867,0.0186467552776383,-0.0033867433806119,0.0067888932972064
2018-03-05,0.0034618108366004,0.0084673517563393,0.0155707290797695,-0.0155058961934918,0.0097958237228543,0.0157206482765497,0.021401863552138,0.0063404074801032,-0.0037625907969202,-0.0112758646253356,0.0111598397104897
2018-03-06,-0.0008480722816551,-0.0125944265702796,0.0092084930291342,0.0161143781719546,0.0056084288395941,0.0192966350618846,-0.0034368122177157,-0.0034174293136959,0.0276254315476738,-0.0292141620618032,0.00114987765694
2018-03-07,-0.0092834053006722,0.0408162868107331,0.0047865065647005,-0.0155799261567896,0.0128440675957515,0.0120292112430353,0.0218600479952564,0.0057864547848589,-0.0013213015476954,0.0056324644768175,0.0151582473406279
2018-03-08,0.0109127221578078,-0.0220587834263243,0.0044401594736043,-0.0004046321039745,0.0128606276442715,-0.0113015611465863,-0.0074573871662625,0.0060729462412008,-0.0027290739512964,-0.0107218099465244,-0.0090497860952022
2018-03-09,0.0171808363415582,-0.02255642871683,0.0174178266653688,0.0276572713724703,0.0278559648573966,0.0285770884450946,0.0158494020471648,0.0223444319360308,0.017207230788597,0.0195730194355636,0.0180365597903271
2018-03-12,0.0096679829173706,-0.0153845602081912,0.0123504288124549,0.0357003945392802,0.0043847049816776,-0.0128378432720797,-0.0025372962456299,0.0023826590152304,0.018057104747142,-0.0034902236037898,0.014129147717059
2018-03-13,-0.0096303620855302,0.0104166563186385,-0.0063877484449236,-0.0061637471436651,-0.0223170355075446,0.0050465774233863,-0.015587702833742,-0.0243878056610392,-0.0082079160711658,-0.0495146860516144,-0.0050864394319106
2018-03-14,-0.0085014579921509,-0.0240550410985279,0.0017756989232435,-0.0024118533076165,0.0078778952221512,0.0015450899810511,0.0127005633017067,-0.0059314187432271,0.0041582711005061,0.007035203732387,0.0035564735206357
2018-03-15,0.0011767951859504,0.0088028507475304,-0.0054557601590826,0.0275147611190451,0.0014969912538027,-0.0188971520679758,-0.0017914208674314,0.0035158585297463,0.0024118935809593,-0.0038256079119475,0.0035433564453939
2018-03-16,-0.0035265994673744,0.0008726203183724,-0.0067242744668893,-0.0481401858722714,-0.0140707941468606,0.0056997808493075,0.006689652213196,0.0044599782457659,0.0045722133248067,0.0121891608252053,-0.0075036987470302
2018-03-19,-0.0152791586474875,-0.0034873549190762,-0.0170200235685613,-0.0389217868571748,-0.0302796134014206,-0.0066444280168882,-0.0676967877318702,-0.0180761439565706,-0.0378475560775648,-0.0371166340979066,-0.0082278359653295
2018-03-20,-0.0003419851627347,-0.0279965564264796,0.0269138722310338,-0.0105733578713274,-0.0038817132990653,0.0141649934127976,-0.0255562954489309,0.0025834544703455,0.0356020275731909,-0.0018845141102883,0.0051571499402833
2018-03-21,-0.0226547238544351,0.013501402055799,-0.0029309385697435,0.0298917005211534,-0.0016425961063333,0.0001935820248013,0.0073744706112717,-0.0069794520864426,-0.0040866431368539,-0.0248882172596782,-0.00289998680461
2018-03-22,-0.0141296517901785,-0.0310835145963831,-0.0233522570633125,-0.0098780646161354,-0.0373399614983658,-0.0141579901338669,-0.0265660290887473,-0.02908724257844,-0.0269957255087659,-0.0216512557984122,-0.0225947912679123
2018-03-23,-0.0231569296245677,-0.0256645038393477,-0.0319499035436593,-0.0044749543865615,-0.0252575928395162,-0.0289201134897219,-0.0333556268745763,-0.029068081707708,-0.0367171523227052,-0.0345448711434859,-0.0254066630150522
2018-03-26,0.0474723150438585,-0.0178739917226812,0.0403193371656132,0.0216512536297703,0.0268276250232204,0.0632089069319752,0.0042037939892016,0.0757057810480965,0.0494059132402731,0.0460305536873182,0.0396903286833569
2018-03-27,-0.0256412931370398,-0.0421455553705248,-0.0377990099332279,-0.0135631048343124,-0.0447304890573266,-0.0245803892509881,-0.0489816648070424,-0.045958853877995,-0.0775527884863597,-0.0229820578187979,-0.0221370264680472
2018-03-28,-0.0110492137530778,-0.0189999580383301,-0.0438395742277573,-0.0314688553594701,-0.0017479024979039,-0.0310609859922875,0.0053209593851013,-0.0008942234809508,-0.0184903910243402,-0.0025532320769501,-0.0138598166731599
2018-03-29,0.007808837824188,0.0244648074263325,0.0111217899586757,-0.0043515861128596,0.0317952842617277,0.0500000636973625,0.0441744717529086,0.0210315788440731,0.0462615849032417,0.0129800635614822,0.0250641884176434
2018-04-02,-0.0065561918864185,-0.0517413380989845,-0.0520609444922436,-0.0338214073088065,-0.0236322949479872,-0.0606758506413933,-0.0275361297836919,-0.030130121789309,-0.0455116215114823,-0.0288755569559489,-0.028793528800362
2018-04-03,0.0102590060996019,0.0020986839794419,0.0146210732522831,0.0399683434795199,0.0059745776778279,0.0169662615020751,0.0046334522425748,0.0134430606479307,0.0194527430300093,0.0180262433338158,0.0230590840419091
2018-04-04,0.0191224118246058,0.0230366767156975,0.0133041556016104,0.0008868583119692,0.0108278651188529,0.0048242268068827,-0.0064696035321273,0.0292052537964164,0.0039496834924117,0.0038334448469581,0.0105792366926282
2018-04-05,0.0069344462207849,0.0255885351367961,0.0291938437387226,-0.0028692397252952,0.0028455142734775,0.0078014603812339,0.0273370978839002,0.0005415326988682,-0.0214817055958767,0.0009093571478251,-0.0141100545427842
2018-04-06,-0.025578680961951,-0.04091824175205,-0.0320441395477848,-0.0314841390211195,-0.0219728426644942,-0.0315599416355955,-0.0134303015375539,-0.0232734819559478,-0.0322071127211504,-0.0348837060774156,-0.0207754907576018
2018-04-09,0.009917907365424,-0.0083246541690008,0.0006049309856379,0.0256478231310275,0.0100401352536874,0.0155769628904787,0.0046436901116537,0.0059844333745588,0.0054140815063268,0.0058358904305637,0.0153226242719417
2018-04-10,0.0188181930684561,0.0472192887590816,0.0214354252456296,0.0213427182602397,0.0160868126534772,0.034712561196365,0.0450200598645835,0.0232456772932012,0.0580291753945629,0.0250792350278035,0.0118414707655214
2018-04-11,-0.0046755508318302,-0.0160320495742481,-0.0063847615664042,0.0023771257419393,-0.011037274801937,-0.0033160857669767,0.0077556095899633,-0.0109818694953999,-0.0073274395802346,0.0043820884711716,-0.0045892669385129
2018-04-12,0.0098585086394957,0.0264766025419402,0.0150310377697928,-0.0037030797060001,0.0119310817707751,0.0317027103798261,-0.0147307319217422,0.0187240595494371,0.0369516861211183,0.0034540282127961,0.0108344623127834
2018-04-13,0.0033880831785375,-0.0148809146493651,-0.0122265190052766,0.0313662538806802,-0.0012051597836006,-0.0163125795112295,0.0039666798144815,-0.0053428159517605,-0.0132141668370935,0.0096012913009551,-0.0273662674131578
2018-04-16,0.0062384486939865,0.0161127736651442,0.0074853695147345,0.0098403643384124,0.0097101572377382,0.0104124411443946,0.0018841784997631,0.011710503633094,-4.2965623920365736e-05,-0.0172259901245943,0.0051586968591939
2018-04-17,0.0137638072601518,0.0426164815335006,0.0432396945743913,0.009503934462971,0.0317942132268533,0.0217560313933751,0.0232358305340416,0.0201759838180162,0.0261349636545997,0.0105899401687079,-0.0130627840908169
2018-04-18,-0.0022440864182347,-0.0152092009623769,0.0159659073613718,-0.0085406863581716,-0.0036779604171153,0.0013071529574653,-0.0136364374098336,0.0038515265915379,-0.004925447186232,-0.0021678726539728,-0.009217585598284
2018-04-19,-0.0283400155420587,-0.0241312749309667,0.0190268466966254,-0.0269642126722082,0.0130742110891197,-0.0259277544029564,0.0104590817994245,-0.0034217800155073,-0.0310108768002207,-0.0481621518317887,-0.0570135354284243
2018-04-20,-0.0409720845970961,-0.0118694252852745,-0.0188964130950917,-0.0236351383165296,-0.0111341954075335,-0.0132133559666585,-0.01082690662908,-0.0115492518985063,-0.0014405002935957,-0.0214957099787852,-0.0146724307618982
2018-04-23,-0.0028966825082921,0.0050050242122545,-0.0063044437682694,-0.0154773932906402,-0.0032580746577429,-0.0083448643007031,-0.0026462948911979,0.0036840151270058,-0.0211186522360511,-0.01769040421334,-0.0051349732952823
2018-04-24,-0.0139190762805552,0.0049800986976931,-0.0380601173346286,-0.0216749852384479,-0.0476527135950108,0.0068494360618021,-0.0370838353565878,-0.023387112032312,-0.0119708493764194,-0.0116760272085068,0.0
2018-04-25,0.0043572213996243,-0.0376610613175714,5.476104433066453e-05,0.0026712887991384,0.0003423330596021,-0.0013606909021878,0.0,-0.0086988104531112,-0.020524146546868,-0.0038045934238478,-0.0149677160165155
2018-04-26,0.003483117092129,0.1369721852194625,0.0395776315473224,0.0062007405963748,0.0198634114120996,0.0325030778265165,0.0906130572972381,0.0211246222815408,0.039508995934427,0.0144724040572135,0.0
2018-04-27,-0.0115698596114691,0.0063405520893198,0.0360087747382591,0.0102423690223834,-0.0113678038525735,-0.0060321486014588,-0.0032727946384941,0.016550101119851,0.0049284416091832,0.0126808885583651,0.0
2018-04-30,0.0181125806813677,-0.0207020296439068,-0.0041267874223219,-0.014434585086716,-0.0124775153615974,-0.0210504980161695,-0.0091597008951422,-0.0240035436697796,-0.0063182425125185,-0.0019567811619325,0.0073358694923439
2018-05-01,0.0232360004924596,0.0229779409347778,0.0102992169559197,0.0041845696949462,0.0217653970801794,0.0331268052120561,0.0108141494316067,0.0158255612479616,0.0099603050017171,-0.0037246957610762,0.0124836512848831
2018-05-02,0.04417509677148,-0.0143755476879567,-0.007950625194139,-0.0071185922673314,-0.0141244000607561,-0.0191265256780402,0.0127113917800663,-0.0156844165254194,-0.0036545411001999,-0.0110192342029268,-0.0303109837169547
2018-05-03,0.0018124876712857,-0.0036463045468879,0.0015289118217021,-0.0152574986464196,0.0002438073714843,-0.0005731716166245,-0.0116431209569888,0.0059888612296259,0.0295171553101569,0.0009948440259326,0.0092719970840682
2018-05-04,0.039232992531289,0.0320219046681704,0.0056422619014686,0.0233963970085429,0.024066886474545,0.0153904075659569,0.0148833818275813,0.0115871726760292,0.0260525009677832,0.0433311778685157,0.0128606067943668
2018-05-07,0.0072351581872691,0.0274823073541903,0.0121383113497515,0.0236417369930848,0.0080496281017654,0.0104207575123123,0.0077006723677208,0.0111388608652027,0.0402411908921249,0.0099066244060221,-0.0036278033319255
2018-05-08,0.0048066226683691,0.0017255827287361,-0.0048433831953265,0.0122052474009781,-0.0008212609808532,0.0056250840935303,0.005337681294171,-0.00426083844652,0.0069164392011755,-0.0028294387179081,0.0189855793707323
2018-05-09,0.0070410384098136,0.029285113061338,0.0098029041517984,-0.0033493657890323,0.0286797604780673,0.0132391281755457,0.0209032714109254,0.0117943499715444,0.0214854620669948,0.005864506665002,0.0043389717879274
2018-05-10,0.014304023173892,0.0150627872844166,0.0006716524063099,0.0229363008742877,0.0151705068759824,0.0117775323437021,0.015712270395457,0.0100058910908795,0.0170072251616979,0.0338536423511806,0.0106734451926788
2018-05-11,-0.0038031198912398,-0.0148392665686366,-0.0038345164707541,-0.000534006633295,-0.0018905643726765,-0.0056384487666847,0.0078694685607523,-0.0021446964804409,-0.0215281289403903,0.0047300535623677,0.0035202808111414
2018-05-14,-0.0023333827084719,0.0234309403715722,-0.0008546543966294,0.0056704581541235,0.0029183600963547,0.004207115783021,-0.0018719222275158,0.0033776504014519,0.0032609740269429,0.0273398648570666,0.001002349230599
2018-05-15,-0.0090882486803026,0.0179885752463879,-0.0158722687903498,-0.012992469117625,-0.019636812875603,-0.017850739422036,-0.0124302943921252,-0.0072426900088662,-0.03837690063768,-0.0193863521693173,-0.0162705594085458
2018-05-16,0.009332714796244,0.0297188667652616,0.0070806621190675,-0.0044293460482516,-0.0007190645198207,0.0133530999215849,-0.0060763224749424,0.0025799696196056,0.00183216864241,0.0190508954989021,0.0124680392511908
2018-05-17,-0.0063232726397838,0.0,-0.0034776596703952,-0.0044072875229583,-0.0026104624986827,0.0031114469628672,0.0030567349447157,-0.0099846852018949,0.0069102520524837,0.0044089988976057,-0.0208594099259584
2018-05-18,-0.0036369839503507,0.0140405857613592,-0.0046720010433888,-0.0144497189860235,-0.010746638687387,-0.0239009809485788,-0.0058772504262862,0.0018718679408733,-0.0071452289177421,0.0098332260824758,-0.0138602462798322
2018-05-21,0.0070849457253481,-0.0007692483755258,0.0070441434605528,0.0129669487949859,0.013434461987219,0.0153271674609427,0.0099079064327267,0.0128682421634038,-0.0069122959345507,0.0034777978147078,0.0273294603339742
2018-05-22,-0.0025048085340908,-0.0007698405741368,-0.0025608078786804,-0.002342862940875,-0.0080257640807991,0.0023935334859241,-0.003739895463645,-0.0010246368731496,-0.0063051866612272,-0.0055450452594268,0.0043073269308357
2018-05-23,0.0064115760640255,0.0092450572777698,0.0129379363660055,0.0086796378833198,0.0099041625196036,0.0139576060699189,0.0168660995073013,0.0118973703703233,0.0205728370563793,0.0249171894788191,0.0002520309543132
2018-05-24,-0.0011151739571758,0.0236640806805534,0.0007553855752788,0.0123463875318663,-0.0004696393063873,-0.0083318513133514,-0.005189863991729,-0.0035475738438294,0.0006060084410042,0.0044202939085475,-0.0095837661405321
2018-05-25,0.0022857100608553,0.0096942666607118,0.0044164791526268,0.0266904126770151,-0.0012621728635385,0.0126025765620991,-0.0054323196967865,0.0005084928020233,0.0064192390353199,0.0148953307834112,0.000763807112142
2018-05-29,-0.0036062344977935,-0.0132939664463003,0.0016893033249025,-0.0013596565843716,-0.0147683455148689,-0.0021641894278088,0.0044346762827689,-0.0035582269715882,-0.0027677017688901,-0.0187061551892119,-0.0290076493462755
2018-05-30,-0.0021286325221165,0.0344311414646683,0.0074525276712009,-0.0011617907268564,0.0088009420475128,0.0065074610980842,0.0103907325442433,0.0095910610655127,0.0176996355594984,0.0027478298357683,0.0047171212439749
2018-05-31,-0.0033600045411995,-0.0065123121979226,0.002911010633138,0.0107057362268307,0.0209101291025646,-0.0086207320368707,0.0219000873200989,-0.0011119146741011,-0.0031621397894683,-0.0046240724726125,0.009389646667137
2018-06-01,0.0180337882831402,0.0487982591865996,0.0073145966648682,0.0169401288500992,0.0318180766032485,0.0340579502193312,0.0115236350109309,0.0197289653543089,0.0215313745986185,0.0084309204514347,0.0129198529955234
2018-06-04,0.0083579329110465,0.0312500538097504,0.014455850842866,0.0079190522468761,0.0158944359714512,-0.0043798068498103,-0.0036599621795451,0.0087308838451303,0.0280644353687127,0.0017061497049417,0.0196427821716314
2018-06-05,0.0077151848247878,0.0,0.0186636512001223,0.003444562163158,-0.0017519899773443,-0.0052789676966154,-0.0017592059941902,0.0051146260556766,0.0008307992453124,0.0045989476516836,-0.0107579499535881
2018-06-06,0.0034660333832685,0.0552188332498251,-0.0003536862117876,0.016431493196451,-0.0035359266670141,0.0088450776586752,-0.0082926432680857,0.0029356810180876,0.00030197035109,0.0145810911084223,0.0005056885565832
2018-06-07,-0.0026806459066636,-0.0497766259842714,-0.0038036519774068,0.0044019167798994,-0.0109247628046328,-0.0201650866472378,-0.0165152443092038,-0.0157087083943731,-0.0084857478146997,0.0133692623085202,-0.0010108659298337
2018-06-08,-0.0090974064456923,0.0241772765867451,-0.0031432582940144,-0.0253514697301845,-0.0015072031044846,-0.014853205372264,0.0048892100763475,0.0074343840322752,-0.002358615688678,-0.0062667572036613,-0.0149292897821518
2018-06-11,-0.002451797295589,0.0314753798187756,0.003046339241679,0.0110870449008804,0.0072303781417071,-0.0096275714146436,0.0129030825697744,-0.0057067837345515,-0.0063289949172958,-0.0054764065751363,-0.0043668356279962
2018-06-12,0.0054908334277175,0.0076287884758794,0.0057011782579603,0.0023001770785004,0.0063897442612215,0.0055026364965062,0.0044899147131376,0.0025730032072235,0.0075204203943162,-0.0023360612406867,0.0113518999272193
2018-06-13,-0.0082172676525088,0.0296529528102704,0.0035967177727189,0.0082236666895199,-0.0034490377719916,0.0038306761885116,5.195450032680071e-05,-0.0045403846663728,-0.0006853810970544,-0.009533310535044,-0.0038264468918619
2018-06-14,0.0005245352998091,-0.0042891970669839,0.0111446643103847,0.0185146754675942,0.0138783872842975,0.0092676162831091,0.0228677442216209,0.0056518149927675,0.0171876857192381,0.004052800926265,-0.0115236719231367
2018-06-15,-0.0102725856876088,0.0055384709284855,-0.0045769462577037,0.006592957616853,-0.00072408280855,-0.0077421326306719,-0.0048776699016989,-0.0127194530345157,-0.0061819634511223,0.0067271953546046,0.0023317351258431
2018-06-18,-0.0005297017130077,0.0471236505858734,0.004557175708828,-0.02120410233427,0.0209701538689395,-0.0342950748175415,0.0125606130871347,0.0072903533781432,-0.0006411274547291,-0.0110257700359761,-0.0113726156273037
2018-06-19,-0.0161597509699561,-0.0245470520930224,0.0063754809892511,-0.0001916841304708,-0.0041315452176693,-0.0054488466449131,-0.0041348561784267,0.0,-0.0185596408313115,-0.0084458869160682,-0.0180393047576776
2018-06-20,0.0043621143798029,-0.0101857442093571,0.008819555259391,0.0010346626851129,0.0045644092118586,0.0100130114973751,0.0228364445871021,0.0100142008495018,0.0082254544743711,0.0015333227445246,0.0210331714817901
2018-06-21,-0.0055762313928305,-0.0526634875984242,-0.0113480096996125,-0.0060101267862417,-0.01235578887367,-0.0237559531324288,-0.002475182511593,-0.0071659096337504,-0.0198236547670342,-0.00068051235124,-0.0190350855030603
2018-06-22,-0.0029120310718983,0.0095847013329626,-0.0084093456575745,0.0002310359847141,-0.0001281373674677,0.0059396993134166,0.0011910539530037,-0.0072180378603193,-0.0239587611161723,-0.0042552892473176,0.0132903855399757
2018-06-25,-0.014871307223165,-0.0436709193498766,-0.0306119408759393,-0.0280694528741645,-0.0256652303311071,-0.03409527324641,-0.0267174365067632,-0.0201175854269303,-0.0471409843913283,-0.0247861657296967,-0.0072059384657948
2018-06-26,0.0124061701250686,0.0258107446845909,0.0167993930063616,-0.0034866380899438,-0.0058457716397632,-0.0205087606957867,0.0134962170460064,0.0070130366290324,0.0120023405289102,-0.010517225734839,-0.001369464392364
2018-06-27,-0.0014638842195718,-0.0341935311594316,-0.0180830043002954,-0.0176115612713917,-0.0138441983498128,-0.0183210175913787,-0.0158793000094202,-0.0155430573007926,-0.0259100801102792,-0.0226751410848639,-0.0260558735394028
2018-06-28,0.0072761339381319,0.0227121006361459,0.0246551332170223,-0.0089432559633825,0.0088099501196492,0.0100495099075035,0.001991262098794,0.0111749663453479,0.0218056620710802,0.0132322155372552,0.0121094093157683
2018-06-29,-0.0021022833348461,-0.0209014134374887,-0.0009698112831901,-0.0092285329335344,0.002138878113713,0.0093398581617927,-0.0097333893939614,-0.0002028374520141,-0.016441300357101,0.003935447933004,0.0172507617007742
2018-07-02,0.0111823785916302,0.0113408991921062,0.0082245575305643,-0.0024315720448689,0.0114418391851978,0.0098571840349221,0.0156442842505304,0.0141975750157841,0.0225412162305018,0.001068961356051,-0.0005469387120982
2018-07-03,-0.0174162028118537,-0.0105540797508267,-0.0115651356563799,-0.0114021659865107,-0.0226160530574447,-0.014541511514451,-0.0234597410288327,-0.009599213555231,-0.0222919539701541,-0.0151298016701849,-0.0041050195165444
2018-07-05,0.0080466442046975,0.0333333333333334,0.0034062854005068,0.0255336491445152,0.0224048468480126,0.0258740874960596,0.0296788206254106,0.0071682831649455,0.0248691540240109,0.0370505653465647,0.0054956744116478
2018-07-06,0.0138621055306822,0.055483910345262,0.0064127613897793,0.0092907994677955,0.0120827737334709,0.0122167351259274,0.0240866802145509,0.0140338241658763,0.0189508342597242,0.0080166211018828,0.0185847060679986
2018-07-09,0.0138851264484058,0.0152811730240287,0.0165961616425611,-0.0010093000125556,0.0105619029606227,0.0095386518416538,0.0074300945693113,0.0068205113334993,0.0077629813425026,0.0034578061756769,0.0150253007676151
2018-07-10,-0.0012068344907001,-0.0036123643038051,0.0023289787055904,0.0126500231766946,-0.0001198073987329,0.0057846173655164,-0.0058612529589626,0.0026510866583355,0.0160484046738318,0.0056859558345423,0.0026433592971848
2018-07-11,-0.012975953794085,-0.0169183560244444,0.0068442065853691,-0.0284162771051041,0.0037014244882052,-0.0184050019262929,-0.0049129859379424,-0.0013709341466687,-0.0225866135871422,-0.0183316075599205,-0.0253101847277309
2018-07-12,0.016765869044252,0.0178241548874897,0.0237151143218037,-0.1374465285839549,0.0254382893034117,0.0224611492559578,0.0216253121510376,0.0216708783276511,0.0149478533031326,0.0178010288956977,0.0091976293270701
2018-07-13,0.0015706336802827,-0.017512017966856,0.0091337688967245,-0.0358130767775747,0.0026304921802122,-0.0024831765389535,0.0019331675922007,0.0119014187704622,-0.0076028262116616,0.0012002754803626,0.0123288082571566
2018-07-16,-0.0021950500286089,0.0190534392882857,0.0052177800587498,0.0039019924013588,-0.0065674077564606,-0.0040214888454536,-0.0004342365958938,-0.0049320633825007,-0.004491945752347,-0.0006850154090732,0.0005296536789616
2018-07-17,0.0028283067575358,0.0174910082546322,0.0117641936826171,0.0248954940252501,0.0138485464507014,-0.0049990776482151,0.0133186882405971,0.0099131754802808,0.0221190479479922,0.0095974256354527,0.0066152134286845
2018-07-18,-0.0054843551991918,-0.0011855635310437,-0.0005477318654329,0.0022560082230191,-0.0001400149463419,-0.0005796046288245,-0.0030000551456492,-0.0078339995299634,-0.0078440124602681,-0.0025464276195271,0.0097265184568591
2018-07-19,0.0077729580916114,-0.0083086821262646,-0.0162514393189266,0.0076161268656969,-0.0113859253984943,0.0050270209534402,-0.0060660577544053,-0.0068495180058806,0.0013109997772011,0.009360185130731,0.0364490322171984
2018-07-20,-0.0022932902797672,-0.0125672708544785,0.0004026434417263,-0.0001900302663951,-0.0010175128844228,-0.0013466855985965,0.0088902671026567,0.0179120752409132,-0.0045232913925457,-0.0118024040897273,0.0231096184904808
2018-07-23,0.0008881958167599,0.0096969604492187,-0.0064508915501121,0.0303804700200986,0.0109526958002197,0.0077054517709467,0.0046204453166969,0.015997098950401,-0.0058990046725344,0.0080191726970462,0.0002454162341685
2018-07-24,0.0072543378463481,-0.028211243556974,0.0151165320175887,0.0028607918484555,0.0389348590347085,-0.0024849898617012,0.0178274585852975,-0.0028710926559646,-0.0028065780640929,-0.0038931304062859,-0.0085908638420095
2018-07-25,0.009430194743017,-0.0086473929820175,0.0187892050012568,0.0397075091330447,0.0141398275641224,0.0047910094247236,0.0131830415636571,0.0294443636586281,0.0127057344738823,0.00968581897609,0.0123795310263941
2018-07-26,-0.0031309699422735,0.1433022588000079,-0.0298398785460571,-0.012347003326392,0.0074925343242029,-0.0051498134553512,-0.1896092318702846,-0.0109175475731113,0.0117915683800138,0.0700101029703608,-0.0017122847544311
2018-07-27,-0.0166316008828897,0.032152596202869,0.0051272231055197,-0.0095437224422028,-0.0253676144767437,-0.0858894354318483,-0.0077725889749203,-0.017697570492664,-0.0110659522042968,-0.0139982476017606,0.0154339275344852
2018-07-30,-0.0056027910709715,0.0253431641341932,-0.0209380434925897,0.0187288183768958,-0.0182379289439983,0.0002097874849953,-0.0218996131581282,-0.0214522296892725,-0.0313066418145927,-0.0103686577126533,-0.0086853999372246
2018-07-31,0.0020010829049141,-0.0561277110353082,-0.0010004034202905,-0.0151871852974078,-0.0022925263067049,0.008597036284117,0.0088858546166663,0.0067380211220113,0.00299006174558,0.0330431036467946,0.0029204990143643
2018-08-01,0.0589096335753316,0.0081832852784837,0.0111001885114225,-0.0224103003880925,0.0047017086215606,0.0147612148194311,-0.0053889023097828,0.0018852224148446,0.0065753303950895,0.0040572132348615,0.0121329849908342
2018-08-02,0.0292309048339918,0.0167749665027048,0.0206769727761229,-0.0020756807120086,0.0066018361836497,0.0137264005663404,0.027497965804734,0.0121375056265735,0.0168374274549332,0.0065265227658091,-0.0038357941690524
2018-08-03,0.0028933121560603,-0.0159659994567253,-0.0060185676205021,0.0067480788868519,-0.0023930252332455,0.0030317926021321,0.0079944474405517,0.004369379765305,0.0059052067652527,0.0097267348889493,0.0033692032583998
2018-08-06,0.0051925637957106,0.0508383204809943,0.0134153053871028,-0.003948465382532,-0.0003956938027044,-0.0006083414205911,0.0444932514551996,0.0008331926248306,0.0076559868443173,0.005045856203276,-0.0148715438976968
2018-08-07,-0.0093749738881294,0.0066906412107452,0.0079718969059938,0.0154877201674035,0.0146808366496968,0.0081137436847742,-0.0101245388676286,0.0069359929815573,0.0114945161163848,-0.0044120734472865,0.0041392786519351
2018-08-08,0.0006763520382679,0.0010225183184946,0.0129074765100198,-0.0038583479873794,0.004371596146816,0.005231217216268,0.0074535820247927,0.0056026258496471,0.0057211202596587,-0.0042788040811703,0.0177012024276728
2018-08-09,0.0078645756382973,-0.0245147877480417,0.0063609834660856,-0.013123066029416,0.0024814317998096,0.0036030397774449,-0.0112863371573983,0.001643940354578,-0.0075845930401371,-0.0012275451041316,-0.0030976419495035
2018-08-10,-0.0029787641667664,-0.0020942887292374,-0.0064365931876195,-0.0200847925523625,-0.0094507294311062,-0.0257280887935489,-0.0154568983662922,-0.0061092228122532,-0.0065116826894764,-0.003994995119493,-0.019359570957907
2018-08-13,0.0064571936357309,0.0351521560895708,0.0052483179173434,-0.0054188637949775,-0.0030897921519192,-0.0081884863928046,-0.001165035125519,-0.0072476366960806,0.0052199455617722,0.00030849589538,-0.0077988422566511
2018-08-14,0.0042128929758802,0.014698475532477,0.012366845697121,-0.017907918317023,0.0076084202972692,-0.0068110911858952,0.005887488246163,0.0124754346905227,0.0207325454254025,0.0090991457277624,0.0049124927890744
2018-08-15,0.0023363383533125,-0.0159840003749912,-0.0192899903645434,-0.0034731278726981,-0.0206018568903604,-0.0137156932710151,-0.0087242647817418,-0.0135602951321632,-0.0089889385785338,0.0038210637102946,-0.0112439589589102
2018-08-16,0.0146499229629339,-0.0187817677616267,0.0020715779249336,0.0102139723339416,-0.0066222548565845,-0.0061103368034638,-0.0269035678660346,-0.000185721975118,-0.0063302062140908,0.0012181086024893,-0.0009890128358276
2018-08-17,0.0199698477091694,0.0227625729847007,-0.0022792903981777,0.0027791965327403,-0.0067073127430835,-0.0014841166891119,-0.0051517646448839,-0.0005574219319527,-0.0490211440664014,0.0045619265982244,-0.0069287262240068
2018-08-20,-0.0097434250901363,0.0106221082251007,-0.002927367006458,-0.0121853476601454,0.0050170972556637,-0.0127388118832696,-0.007479736922649,-0.006599787557965,0.0123355593827514,0.0015140175116818,-0.0007475908083777
2018-08-21,-0.0019492156567165,0.0210210253211515,0.0035753524597155,0.0183343657837888,-0.0037153167644651,0.0240859034280911,0.0006955554257914,-0.008327718311326,0.0221112270912551,0.0058948446208306,0.019700840330511
2018-08-22,4.632385018665808e-05,0.0245098043798897,0.0114048396438488,-0.0141090083827711,0.0035649487420537,-0.0119696146569003,0.0059089135006014,0.0101905209265547,0.0375017823607315,0.0043573598230179,0.0002443464798083
2018-08-23,0.0020458752770868,0.0665072403046684,-0.0010499879325084,-0.0093956764722957,-0.0004828599209454,-0.0014877123661291,-0.0042616005242376,0.0046702969390681,0.0152957978226222,0.0002993115210438,-0.0053790113908283
2018-08-24,0.0031096346687913,0.0758186880796276,0.0013085721135976,0.0165862767093962,0.0127664099240656,0.0144741380595339,0.0101214583901281,0.0078094058102602,0.0201618451706708,0.0043375043334457,0.0137661368469264
2018-08-27,0.0082345383358892,0.0533778444987467,0.0116984128662041,0.0189955471582932,0.0157834128899063,0.0144775435933675,0.0160893883279884,0.0110701263480637,0.0135185724328632,0.0028293304284094,0.0070318745925068
2018-08-28,0.0080755737856113,-0.00831357838157,0.002666377693647,0.0068552864881772,-0.0082864063000862,0.0045502415897469,-0.006762099761488,0.0060217639356501,-0.0055093595013478,0.0362339899579329,0.0197447665820253
2018-08-29,0.0149290229076957,0.0059880850478024,0.0337744847231715,0.0026116947799295,0.0150818621874035,0.0037059696278547,-0.0020425021934431,0.0159623152860994,0.0155344702829605,-0.0083120634302114,0.0420307945760993
2018-08-30,0.0091939512093988,-0.0123016414248255,0.002142080168324,0.0077211552202058,-0.0080732271047293,-0.0104612791221004,0.0098920075516553,-0.0006250200127304,-0.002441759156182,-0.0153177454537362,-0.0151823243032115
2018-08-31,0.0115541372174758,0.0112495256533415,0.0051588083577907,0.0109856668108945,-0.0180480452544998,0.0039384363090264,-0.0107519872234553,0.0033945954966161,0.0103308345422543,0.0083653528564608,0.003221132091937
2018-09-04,0.0032067146629393,0.1148192046439582,0.0133154204360472,0.0018261335158931,-0.0166341932542729,-0.0097049117035761,-0.0260059338570008,-0.0055195591893568,0.010759638592813,0.0277571894681134,0.0116972615403174
2018-09-05,-0.0065247827466443,0.0160370909302987,-0.0219121716056543,0.0090687457210274,-0.0100799308555076,-0.0050038935395702,-0.0232529784901794,-0.0288245340947457,-0.0186115022308813,0.0130039009995175,0.0024939354995703
2018-09-06,-0.016617385838511,-0.0235005286185584,-0.0183024086126389,-0.0246135587474082,-0.0126011602892966,-0.0096396517570531,-0.027814463049808,0.0023044450391105,-0.0204727035114843,-0.007476517828178,-0.0038445192742787
2018-09-07,-0.0080679777046145,-0.0165230240409509,-0.0031863848938521,0.0769086039982216,-0.0054053572920574,-0.0171391757928749,0.0031378718221513,-0.0048739586885766,-0.0031533815191341,0.0002841889795301,0.0188422336183955
2018-09-10,-0.013420715797245,0.0916727650042616,-0.0066903325749551,0.0345257660683329,-0.0021484957426926,-0.0032295316238094,0.00699221480597,0.010812167555108,0.010557152641774,0.0275648997920849,-0.0057933851412267
2018-09-11,0.0252828227636139,0.0070257944499663,0.0248270784425195,-0.0334982765403512,0.012705774837411,-0.0295895228848751,0.0107200118846888,0.0170048932423398,-0.0070250803216735,0.002626943401033,-0.0015689467028213
2018-09-12,-0.0124190076459115,0.0700996237960811,0.0014342332856687,-0.0114380933373303,-0.0154539405137126,0.0,-0.0237435853664662,0.004225039817274,-0.0168623147633971,-0.0104812568988168,-0.0136922574044001
2018-09-13,0.0241550208626291,-0.0537100152564208,-6.53290868404266e-05,0.0240549965108662,0.008996083914688,0.0142442531431439,-0.0039505741556165,0.010742483630356,0.0117078448095151,0.0398607018415146,-0.0116066482953091
2018-09-14,-0.0113510100461767,0.0734908698198244,-0.0098901050026639,0.0039078241187815,-0.0035188476275075,-0.0006581446526383,0.0059494599453384,0.0040738592721518,0.0187585766270694,0.0064331885225692,0.0225648414807528
2018-09-17,-0.026625932540254,-0.0088631083346002,-0.0315502743722677,-0.0063891994314925,-0.0154077574263941,-0.002635095924289,-0.0107195905930227,-0.0108493764642119,-0.009043775206921,-0.0246371187747681,-0.0146362435021363
2018-09-18,0.0016522094945117,-0.0154178228583057,0.0173058183616809,0.0285309398582573,0.0062767662748535,0.0149714655968282,-0.0017437558113622,0.0095415184656393,-0.010623290042225,0.0202077391357395,-0.0045703051581654
2018-09-19,0.0005955957819054,-0.0225493646671345,-0.0075371446831642,0.0085929373799487,0.006134728328166,0.0010846191617663,0.0172178171098125,-0.0133380034894214,0.0035423663117788,-0.008832974156559,0.0105599230534585
2018-09-20,0.007601800722911,-0.0009611912905117,0.0092814360348598,0.012986409432502,0.0147325712351158,0.0227520348403127,0.018153004976944,0.0167414246557262,-0.0209574554013589,0.0072913101052065,0.0034075345945177
2018-09-21,-0.0107713066684405,-0.0051314896037877,-0.0150644741348486,0.0129426147323672,-0.0163229206745977,-0.0114409865317109,-0.0186125402723024,0.006075710701175,-0.0106277649582238,-0.0120641168467544,-0.0024902444163655
2018-09-24,0.0143803042196781,0.0512572575475236,0.0101043727555156,0.0054413015147447,0.0063473943767902,0.0053579146031634,0.0152213789654729,0.0035878093788772,0.0085405128795041,-0.0016284202969688,0.0188380604260549
2018-09-25,0.0063408997047142,-0.0012266456540527,0.020776882772626,-0.0072158676190627,0.0121486295187431,-0.021317156130319,-0.0030228052447107,-0.0019182678597403,0.0101992923271283,-0.0114161602441797,-0.016039447136726
2018-09-26,-0.0079662297440055,-0.0116672112887867,0.0001519271683101,-0.0089643804564136,0.0001423299064191,-0.0045744469280505,0.0123703418415259,-0.0041065384971488,-0.0055513281037267,-0.0134724174190875,0.0022644476753517
2018-09-27,0.0205518570596581,0.0124262672551658,0.0193078133947111,0.0041559357395368,0.0111386131438069,0.0039389034179553,0.0113207926056291,0.0037724076948331,0.0017984974507039,-0.0006969957503819,0.0110682393085095
2018-09-28,0.0035117633574948,-0.0521632634237486,-0.0049578290795532,0.0011362792530185,-0.0002321063996634,0.0307321471243433,-0.0259416641368234,-0.0003496011333015,0.0509347810496587,0.0044623841496422,-0.0134048929752833
2018-10-01,0.0067333224988568,0.0171576787671647,0.0006789894400496,0.0112674078744579,0.0012013322928712,-0.0177625130444427,-0.0122825337154619,0.0108418559123817,0.0296778548384875,0.0079135827522875,0.0113228758024306
2018-10-02,0.0088884481948827,-0.0763844561649459,-0.0164890930675268,-0.0056510546405341,-0.000736381993401,0.0355218710695537,-0.0191455316016297,-0.0039786472613512,-0.0099532708290415,0.0103304882491643,-0.0232877875635431
2018-10-03,0.0121687603151003,-0.0203308112777802,-0.009409964736918,0.0053203669982013,0.0032211550435576,0.0137213963703939,0.0194562102313506,0.0001734990037349,0.0008728997362281,-0.0096795888698671,0.0077952163406305
2018-10-04,-0.0175809021972325,-0.0228631590416106,-0.0221942256709221,-0.0050118037231102,-0.0284435232497392,-0.0129202150353501,-0.022040261784442,-0.0206650358878944,-0.0259477303819043,-0.0035794454969702,-0.0348044991300909
2018-10-05,-0.0162289804383614,-0.0154787723019205,-0.0103539556042137,-0.0158760964997773,-0.0078498867636385,-0.0228547349285388,-0.0095686720526871,-0.0058515978204509,-0.0337644186284108,-0.0161645104375275,-0.0188546771301502
2018-10-08,-0.0023182647323503,-0.0325411804235318,-0.0133516526553193,-0.0117101560501406,-0.0101983294674454,0.0,-0.0005085775419468,-0.0114151517542757,-0.0151561040835157,-0.0039319934831918,-0.0160941740374871
2018-10-09,0.0138532363860583,0.0294784850201763,0.0031645033503258,0.0137962801359894,-0.0093001248446097,-0.010206348146535,0.0041337694806171,0.0127198589206507,-0.0008652147171263,-0.0112791237220297,-0.0014648838962679
2018-10-10,-0.0463258494255361,-0.0822320040359609,-0.0615242521433504,-0.052595195136716,-0.0462897991728314,-0.0375940238664747,-0.0412917926662427,-0.0543381254365969,-0.07475365199618,-0.0484810746771494,-0.0378973665249897
2018-10-11,-0.008828071086173,0.0119999694824217,-0.0204471692500334,-0.0126385879326178,-0.0013004111829304,-0.0127232558440536,0.0130133350671173,-0.002355254524753,-0.0429806693213491,-0.0365652305243192,-0.0104193731191221
2018-10-12,0.0357192519024365,0.0411067567940439,0.0402765424700999,0.0176934530129559,0.0273209202619526,0.0146960855281137,0.002543199033504,0.0345577816059492,0.0485259829196165,0.0,0.0184899199976478
2018-10-15,-0.0213857250843864,-0.0030372028565912,-0.0154644742452417,-0.0020607927867448,-0.0161528857472433,-0.0077986210765017,-0.0014308216631441,-0.0179793704089054,-0.0452661138715463,-0.0018665545752001,-0.0229449900994966
2018-10-16,0.0220372763739407,0.0731150060761327,0.0335103264468401,0.0251648694267032,0.0277928572764294,0.0316637414886535,0.0342625062495309,0.0315987351962216,0.0443959541347764,0.0303881256934499,0.0325162180594513
2018-10-17,-0.0043214475506959,-0.0312278587148775,0.0064671857563625,-0.0048255754520738,-0.0048452235894614,-0.0010882998686057,0.004030690039684,-0.0026127500397646,-0.0112676594661176,-0.0003026908760043,-0.0109971059659131
2018-10-18,-0.0233736115218345,-0.0249083669168763,-0.0333072984914065,-0.0385798687444614,-0.026321503820848,-0.0200478366679491,-0.0282273526226416,-0.0199620165116073,-0.0145230455786415,-0.0143720169419131,-0.0260297413651822
2018-10-19,0.0152300581360989,-0.1111946242863654,-0.003778159867935,0.0011403973969004,0.0066216553661977,-0.021569649843192,-0.0056158644672016,0.001474575562125,-0.0432515429640181,0.0032233167615505,-0.0023354158473369
2018-10-22,0.0061100574727004,0.0579036706707014,0.0143251123824437,0.0014892838049194,0.0056008628619665,0.0229542640078437,0.0047388444487037,0.0089269615055991,0.0089453654953024,0.0116279838474984,0.0070222993947786
2018-10-23,0.0094268376354089,0.0023971020493975,-0.0115128689594619,0.0018808880361245,0.0031852481460512,-0.0113307325470854,-0.0025199012785304,-0.0139560186481554,-0.0439410708297676,0.0039323396211095,-0.0185949706822572
2018-10-24,-0.034301642234779,-0.091669957077434,-0.0590829266508341,-0.0451429788733476,-0.0518337835448146,-0.0467415517256587,-0.0540837534979965,-0.0534690773399455,-0.097937092873063,-0.0566436551356025,-0.0400003813303936
2018-10-25,0.0218975460135113,-0.1544537216479625,0.0708868958064552,0.0161400354358716,0.0439590802211244,0.0445543476946517,0.0336211139559456,0.058444147864088,0.0422748350426256,0.0092621302437103,0.0249451279518209
2018-10-26,-0.0159232499528276,-0.0851064482635407,-0.0781967475165521,-0.0409018437362679,-0.0179777480095706,0.0311440959908455,-0.0369658316448701,-0.0123731730061467,-0.0459488890669589,-0.0113923350010098,-0.0192563598863323
2018-10-29,-0.0187701360508275,-0.0442427008750327,-0.0632635849575342,-0.007740820012427,-0.0452319007166561,-0.0063467546209535,-0.0225632879354442,-0.0290766026127043,-0.0638965047013481,-0.0049616569805189,-0.0092717125046491
2018-10-30,0.0049941703414679,0.0207715355220186,-0.0054974594465317,0.0449644710728454,0.0142840394530256,0.0519820719969268,0.0290662820283731,-0.0011548983275314,0.0936324708573885,0.0162458482421508,0.039911778240159
2018-10-31,0.0260663734532786,0.0587208300426025,0.0441642627376663,0.0112211766296828,0.0391326193115708,-0.0184251562139712,0.0380931506434383,0.0296924633695807,0.0385714215257049,-0.0045901993340132,0.0084702042385707
2018-11-01,0.01535236261719,0.1103789308037761,0.042252546091664,0.0285920111106372,-0.004218017622003,0.0285834847720807,-0.0002634177664949,-0.0083327025453735,0.0345304390875329,0.0130387991838398,0.0249342434792549
2018-11-02,-0.0663307195543516,0.0004945711781123,0.0,-0.0396294905799717,-0.0133427533363613,-0.0230197412365003,-0.009225800704585,0.0022659725257903,-0.0146258540332987,-0.0059644935577293,-0.0069142880703305
2018-11-05,-0.0283880892882308,-0.0163124039136569,-0.0226534204496346,-0.0030801020843488,-0.014708549218148,0.0182553055754093,-0.0111075243212989,0.0127165342702599,-0.0146567853455439,0.0022105844432225,-0.0077356982823949
2018-11-06,0.0108139529770074,0.0391960151556582,0.0092210780890424,0.037075527018908,0.0131093664760719,-0.0088105903007166,0.0084746393833194,0.0019532596509188,-0.0033527083557409,0.0025206752585202,0.0064965940417902
2018-11-07,0.0303283290138913,0.0560928351205964,0.0685897316817631,0.0269443393273081,0.0361549635292315,0.0311111269544712,0.0106042540709161,0.0393614935556609,0.0129347829359132,-0.0066005601688062,0.0116191052691929
2018-11-08,-0.0034891916210879,-0.029304001152793,-0.0003303844428476,0.0249573622393546,-0.0122808221892734,0.0055418895119327,-0.0241536225359385,-0.0018757711090047,-0.036484319219466,-0.0816326871954276,-0.012251027577711
2018-11-09,-0.01928143885116,-0.0080188712347184,-0.0242063761881815,-0.0052444344475292,-0.0160876462806374,-0.0179630403044676,-0.0196793627523984,-0.0195079264126175,-0.0015534641221759,-0.022911317901227,-0.016279167057664
2018-11-12,-0.0503741466484547,-0.0951022317973599,-0.0441361038071367,-0.0642705281399382,-0.0256819531234878,-0.030346963534703,-0.0235238689735594,-0.0246417036923226,-0.078426519254263,-0.0393157566689275,-0.026530273715937
2018-11-13,-0.0099912012902568,0.0304781872190404,-0.0034700380152993,0.0053659657888796,-0.0013246415733956,0.0158627179570209,0.0043093571990493,0.0006551392370568,0.0515456974365049,-0.0060563232239112,0.0091746252513535
2018-11-14,-0.0282474139453133,0.0611932084773816,-0.0197159298621631,0.0060934461831478,0.0063073298532314,-0.0063305429546836,0.0144908283746503,-0.0141811941870013,-0.0106367779283162,-0.0040619807681421,0.0117647874799757
2018-11-15,0.0246789277510264,0.0326766132929829,0.0127766508971234,0.044827782028012,0.0156176657816458,0.0216606705480713,-0.0025653635612168,0.0220061646379865,0.0263707407112314,0.0268817712861886,0.0179701810492016
2018-11-16,0.0110756573782511,-0.0386226120309943,-0.0160734378689404,0.0053734161201497,-0.0025955604202712,0.0149659072985135,-0.0300313771187573,0.0094146624709958,-0.1875587143652854,0.0088463790294037,-0.0428351358367905
2018-11-19,-0.0396320010119275,-0.0750241649810421,-0.0509096801056291,-0.0356885131011005,-0.0382394615032161,-0.0169981504805346,-0.0571919791364259,-0.0338902386452418,-0.1199905505006654,-0.0175374491614194,-0.0222401304042356
2018-11-20,-0.0477780439651688,0.0052327823614475,-0.0111288087189272,-0.0061974381222774,0.0029491150558429,-0.0127080536667948,0.0066892810761769,-0.0278151574422091,0.0302698479302396,0.0003641336173614,-0.0113729712401442
2018-11-21,-0.001129881867488,-0.0249869633062247,0.0142230405808922,0.0100564064210872,0.0125964505208016,-0.0075965954262732,0.0180474522357343,0.0137645485975346,-0.0293132169844344,0.0063729063347151,0.0148708364004706
2018-11-23,-0.0253989885254822,0.0347036644109102,-0.0096721925319832,-0.0004347371725418,-0.0127751922394137,-0.0104187627076041,-0.0229195095523812,-0.0003879104467436,0.0020039461566949,-0.0003619455203794,-0.0058059522293347
2018-11-26,0.0135232297481593,0.0361197519738056,0.0527742053454423,0.0235319540489107,0.0250851146911641,0.0195531601511846,0.0352996443896842,0.0329874827735494,0.0555173282846779,0.0086878409911446,0.0244718724795363
2018-11-27,-0.0021759651654239,0.0483067388964144,5.693110101656629e-05,0.002210234090233,-0.0034662432664467,0.0130660909377433,-0.0101188424989581,0.006292718008505,0.0044430287673469,-0.0028710866504987,-0.0010857452220259
2018-11-28,0.0384530536074922,0.013776766082574,0.0609135821576121,-0.0025870394956014,0.0375470123508485,0.0164346208097052,0.0130370068959608,0.0371475710933597,0.0412411076599368,0.0194350779358585,0.0328799930386221
2018-11-29,-0.0076823663158358,0.0042174391726503,-0.002491427702486,0.0023813535468064,0.0025555548353259,-0.0237412324234567,0.0140390380344266,-0.0083691271218852,-0.0159464175064114,0.0257722941164346,-0.002104649820604
2018-11-30,-0.0054023274372068,-0.0060663120048503,0.0099189380509026,0.0069126262511907,0.0137677429103029,0.0337525461276557,0.0139170847765492,0.0063526275698844,0.0385738515742113,0.0025811305984846,-0.0089638923351893
2018-12-03,0.034942608427217,0.1131455367950846,0.0486282103204402,0.0196286590402057,0.0060469262775231,0.0166292632965341,0.0034136598453988,0.0108215791855403,0.0404455194252726,0.0151050422438909,0.0303272189577212
2018-12-04,-0.0439888580355551,-0.1092365392344283,-0.0586562354018453,-0.0414344184973248,-0.0482728986120015,-0.0474764009283745,-0.02239735056316,-0.0318497363123392,-0.0760408364291789,-0.0238417687044374,-0.033307451255452
2018-12-06,-0.0111492710123499,0.0085226510736104,0.0184548674019982,-0.020685935709753,0.0146921643817208,0.0129843728403202,0.0123254625881119,0.0061742992384248,0.0075105455787534,0.0,-0.0154911628089771
2018-12-07,-0.0356571055368575,-0.0863849867837749,-0.0412314791233904,0.0058087618534854,-0.0292185862665823,-0.0440356263532527,-0.015827782483718,-0.0400219995850377,-0.0674710570387225,-0.0196113091086289,-0.0092242210818521
2018-12-10,0.0065876861244651,0.0272353911397869,0.0073045274620373,0.0467708775756419,0.0063062253891612,0.0209775583003652,0.0322371772432605,0.0264261612837128,0.0287920785086519,0.0223251775797181,-0.002464409287272
2018-12-11,-0.0057194568935797,-0.0005002615806071,0.0013467657815862,0.0317243238102513,0.0080423142535681,0.0036009190591737,0.0016213318924385,0.0092946336345429,-0.0241669334965385,0.0019217225752352,0.007411431430141
2018-12-12,0.002787353291743,0.0250250255983757,0.0123536349891699,0.03297662700727,0.011378509914216,0.00949786444225,0.017032633812877,0.0045124358792087,0.0047910496463952,0.0064517075402468,0.0185286309415364
2018-12-13,0.0109403154228211,-0.0302733860225988,-0.0031018578309504,0.0130209338119673,-0.0001769565465645,0.0096170152825052,0.0035295062958862,0.0033920508095091,-6.710778246166171e-05,0.0064102710556648,-0.0013377101699354
2018-12-14,-0.0319977343809754,0.0020140486882898,-0.0400813039024566,-0.0134341825150205,-0.020334544326826,-0.0089043645237133,-0.0065513328078127,-0.031247456516418,-0.0163880580953404,-0.0080910620223427,-0.0214306547865258
2018-12-17,-0.0093061288515232,-0.0537688299163517,-0.044600455431607,-0.0027467337480574,-0.0247787901894203,-0.0162974219303366,-0.0268637529938284,-0.0296140669689318,-0.0195970463241419,-0.0107598867671094,-0.0084860432606641
2018-12-18,0.0129923548101753,0.0355815230487839,0.0200997528351323,-0.00719746858412,0.0173158731587315,0.0140186511139037,0.0247519870381105,0.0104966901909597,0.0234014328118672,0.013684046185012,0.0149088067286948
2018-12-19,-0.031191560920567,-0.0687179565429687,-0.036352383347435,-0.0231505835302029,-0.0076192436550782,-0.0454546805040154,-0.0725321687639356,-0.0026932265454568,-0.0573703195954329,-0.0188644839847456,-0.0144175745187338
2018-12-20,-0.0252345282817686,-0.0121144997358489,-0.0229084942105433,-0.0082006088664762,-0.0114732278967378,-0.0006583083809037,0.0012008272827404,-0.0210240459698144,-0.0246190740071989,-0.005644870257342,-0.0096605196038196
2018-12-21,-0.0388958080692208,-0.0562987847722988,-0.0570771264386426,0.0124854543326848,-0.0315852127076743,-0.0153710368412773,-0.0633434054637127,-0.0323121918009388,-0.0409327888432204,-0.0269645631002173,-0.0047380205928327
2018-12-24,-0.025874169842366,-0.0165387289780442,-0.0243130359879015,-0.0453639188876556,-0.0066379750811887,-0.0278766620364712,-0.0071229862831376,-0.0417389363975616,-0.0192171104837816,-0.021877898027886,-0.0117613574987905
2018-12-26,0.0704217925398014,0.0750750767951273,0.0944522204016087,0.0613345089980086,0.0641636546030219,0.0596464500714748,0.0815734151439262,0.0683100731579833,0.0473715812438644,0.043056608094683,0.0416545399393724
2018-12-27,-0.0064900396394937,-0.0229050198966301,-0.0062954306621892,0.0109212552847257,0.0048193351302574,0.0036804371422349,0.0025340541462386,0.0061654848579815,-0.0145004085716149,0.0023231418948155,0.000544327996429
2018-12-28,0.0005122833301256,0.018867920413069,0.0112065930862959,0.0109229190652806,-0.0059075310189397,0.0084126532178692,-0.0098127882117129,-0.0078082151725592,0.0189068874414382,0.0128367229930874,0.0097883784141676
2018-12-31,0.0096655793245497,0.0359146689454952,0.0162041395976524,0.0027208292543183,-0.0016432484712365,0.0038500575749862,-0.0158408132427184,0.0117543869218372,-0.0011222671811903,0.0017601707693828,-0.0061931915715035
2019-01-02,0.001141018711281,0.0200433834010651,0.0247407605022333,-0.0030280857310441,0.0093019653824959,0.0031963438405353,0.0350138781026299,-0.0044303599872671,0.0203744281954543,0.0086101616799423,-0.0105662885811391
2019-01-03,-0.0996072065998484,-0.0945300421591915,-0.025241497784936,-0.0889510917919925,-0.0276956798199581,-0.0550129905539334,-0.02903854903144,-0.0367880445078667,-0.0604170573257905,-0.029616521716604,-0.0591455779660365
2019-01-04,0.0426893005400639,0.1143695513311728,0.0500639986737501,0.0098287875727705,0.051293382228396,0.0613623864727754,0.047138220470279,0.0465091613683634,0.0640675552170544,0.0161575533300328,0.0177530997783132
2019-01-07,-0.0022262210223173,0.0826315628854852,0.0343534141587427,0.0203659750704892,-0.0019942707083524,0.0046588102729061,0.0007248366469916,0.0012754238878147,0.0529408424956019,-0.0028266426028861,0.0074347001014698
2019-01-08,0.0190631507247507,0.0087506226468769,0.0166123599456398,-0.0080259032946123,0.0087833454329249,0.0063239644279335,0.0324521023585355,0.0072505739383728,-0.0248955278334239,-0.0086818615828128,-0.008231403743749
2019-01-09,0.0169818787503979,-0.0269879260695123,0.0017143547179709,0.0432499117788502,-0.0034276080282656,0.0056556523470112,0.0119273444492218,0.0142996122792573,0.0196668913655051,0.0117962623807479,0.0191756790832999
2019-01-10,0.0031964363527474,-0.0222882987140276,-0.0019284287379283,0.0131555097596101,-0.0026070347124346,0.0114558830833897,-0.0002079188506587,-0.0064258034155,0.0185858641182665,0.0033560596999482,0.0227466041795727
2019-01-11,-0.0098181837550666,0.0268490725831191,-0.0094552313053293,0.004208189581645,-0.0133107509928319,0.007619487669209,-0.002774107632006,-0.0077218316717375,0.0247882417993572,0.0123240889789955,0.0052165648036603
2019-01-14,-0.0150374242725808,-0.0019734047668471,-0.0142329857935219,0.0011973671732652,-0.0121750118569711,-0.0118538598285197,0.0110571436546387,-0.0072956118445428,0.0108176422830841,-0.0034782561933159,-0.0232176691991101
2019-01-15,0.0204669773795282,0.0074147119092664,0.0354623138435863,0.0224021055080609,0.0332854281925838,0.0051707532084925,0.0244857013721786,0.0290054567226218,-0.0037885447009662,-0.0273995584428364,0.0078299434240749
2019-01-16,0.0122166700701551,-0.0318939963344838,0.0055059977788298,-0.0186753071139148,0.0027611150829707,-0.0096706776469664,-0.009466238414864,0.0035235208030386,-0.0068728820036217,-0.0082541844945682,-0.0110985271560585
2019-01-17,0.0059377830230931,0.0263558271580544,0.0056064343952657,0.0144220440258719,0.0088205027548184,0.0070641751756304,0.0051511935769974,0.0070221432815351,0.019349759981639,-0.00904632232397,0.018237680900442
2019-01-18,0.0061594551284527,0.0256790349512925,0.0017598946424279,0.0215014717201764,0.007442456562166,0.0148545649596067,0.0117330008888023,0.0149828878226869,0.0343395403802244,0.0091289053441785,0.0151560470384091
2019-01-22,-0.0224462062848761,-0.0486278385470283,-0.037749086559671,-0.0097001211431614,-0.0258918723388085,-0.0187029729146696,-0.0164623267993363,-0.0188468764321856,-0.0519978168240354,-0.0177310484512576,-0.01275767328447
2019-01-23,0.0040445287951065,0.0020242412811437,0.0048095706023667,-0.0029811630367578,0.0053586065084196,-0.0068366165180721,-0.0221589679865574,0.0097465163338252,0.0034954987825033,-0.0464173048659046,0.0032991429532696
2019-01-24,-0.0079265466732245,0.053030362872128,0.0090913362302968,0.0234154460045066,-0.0003781637698111,0.0379641970360364,0.0106029812825247,-0.0047793472276984,0.0572710659958646,-0.0185434771648198,0.0315151194254255
2019-01-25,0.0331371427381252,0.0517985565441954,0.0094506151672881,0.01665726246034,0.0161532262597028,-0.0546624455848333,0.0218061311651744,0.0091337800026334,0.0146350864549362,0.0096435854190821,0.0132837520025674
2019-01-28,-0.0092546727218689,-0.0797993604946268,-0.0195622167126648,-0.0011944800950693,-0.0196549245940619,-0.0070153805795201,-0.0103347124577672,-0.0195018885329002,-0.1382456037525566,-0.0128654256444612,-0.018353297682375
2019-01-29,-0.0103647049598464,-0.0460852473296173,-0.0268699420425195,-0.0048573387866006,-0.0090752068130905,-0.0036394647681818,-0.0222419825842082,-0.0203655354104989,-0.046445712036669,-0.0244867688511913,-0.0296472368536342
2019-01-30,0.0683347475390898,0.1994805274071631,0.048027447209614,0.0168971204010242,0.0261013966408156,0.0214870184818949,0.0432068619036765,0.0334176173227414,0.0439971323566488,0.0155868679608761,0.0289016622336659
2019-01-31,0.0072012138755854,0.0571675914292393,0.0289147216718597,-0.0094896550408168,0.0254100506081014,-0.0088347757269861,0.1081637804568718,-0.0183306106193221,0.0462912213104047,-0.0129556180937789,0.0064206020168369
2019-02-01,0.0004806117550686,0.0040966973410418,-0.0538188077293867,-0.0053682160159116,-0.0064571660441161,0.0341681978615104,-0.0058791591764472,-0.0157997155227903,0.0068174615487903,0.001817454041838,-0.001329354384575
2019-02-04,0.0284048827533038,-0.0155039194029649,0.0043535818975664,0.0199015518778231,0.0203822253494549,0.0100553811393044,0.0213627138085696,0.0287991218786922,0.0307470416560347,0.0016125024301651,0.0098484361496211
2019-02-05,0.0171097342232484,-0.0339825828157288,0.0156124872244736,-0.0077904642181397,0.0091551646960523,0.0160500891451482,0.011284980140114,0.0139967066299844,0.0051614684194887,0.0209297905263889,0.0081709025337401
2019-02-06,0.0003440722738059,-0.0021449694640104,-0.0111826897860277,0.0229999366004549,-0.0251588951216065,0.0041252946575731,-0.0039144459019928,-0.0110988424147011,0.0203401366390678,0.0072933520376836,0.012810574166562
2019-02-07,-0.0189396834241031,-0.0253654405323389,-0.0157841104531439,-0.0257775687844089,-0.0151216341544853,-0.0134265361194485,-0.0241069261308146,-0.007167710915661,-0.0364705932639346,-0.0107631514899111,-0.016003988904215
2019-02-08,0.0011753499386435,0.0167622037709636,-0.0161982091572395,0.0184696522417018,-0.0031920007584567,-0.0079222361665062,0.0057098738901215,0.0037995880163099,0.0050874616225573,-0.0051431817578699,-0.0086569903258101
2019-02-11,-0.0057507453461913,-0.003904562063637,0.0017503863887402,0.0060570532240349,-0.0002359275101734,-0.0014333802829857,-0.0092033152484942,-0.0039740755051916,-0.0116082990137376,0.0107374876020533,0.0132309002517747
2019-02-12,0.0086171528948737,-0.006097534635492,0.0295473827101717,0.0133104698040262,0.0231010158793441,0.0254253299592326,-0.0045237683122686,0.0155814124139579,0.0322296614646693,0.0163289807515449,0.0091406672499039
2019-02-13,-0.0041545396270489,0.0013146663911793,0.0012149201359086,0.0069080953553481,0.0009312151293192,0.009198436089717,-0.0058775541391065,-0.0007483088121448,0.0113117638017452,-0.0013548620728933,-0.0131987725915825
2019-02-14,0.0036431158146734,0.0122537756946359,-0.0105792720143388,0.0006398925393844,0.0005049783201471,0.0067366325075857,-0.0007313871667281,0.0008426787036659,0.0107926343309117,-0.0003877419597089,-0.0018358751970821
2019-02-15,-0.0022248689954922,0.0237786927957222,-0.0090592624794777,0.0015275317123253,-0.0084750485138077,0.0167291449804329,-0.0088441337158503,0.0123479640866843,0.0181841989783269,0.0079504266683714,0.0007881332768977
2019-02-19,0.0029924715665929,0.0114020462113193,0.0122080752441127,-0.0009577210820644,0.0061448645742971,-0.0050330304613828,-0.001292364544467,-0.0004620300488695,-0.0044491050934515,0.00057694297905,0.0097141036851293
2019-02-20,0.0064355082555305,0.0,-0.0033668938325457,0.0062486828335193,-0.0052551986581041,-0.0001944353610824,0.0016637888180277,-0.0051989940648008,0.0121936918429239,0.0084599529933637,0.0140403638803123
2019-02-21,-0.0056385743305453,-0.0012526382333953,-0.001639889394714,-0.0087503214216904,-0.014617367811147,0.0003892034733645,-0.0155019875919769,0.0210918751140192,-0.0175338298487823,-0.0019065751309464,-0.0005127199500926
2019-02-22,0.0111655951153641,0.0183946710975841,0.0074841032295558,-0.0158039699081021,0.0111846074321151,0.0210073543774995,0.0115596516287801,0.014258264609881,0.021955131282245,0.0147087846186133,0.0105183881618537
2019-02-25,0.0072846620875688,0.0143677530932559,0.0008825736547322,0.0075948832678949,0.0006896309881723,0.0116210602914772,0.0168632830604464,0.0055871075729045,-0.0031406128209499,-0.0024474311646074,0.0048236907206287
2019-02-26,0.0005741152598346,-0.0202347235340122,0.0020820350982042,-0.0129216377189996,0.0041885659495521,0.0024485620721974,-0.0029764026137337,0.0069003404408125,-0.0100196860498372,0.0007548241035004,0.0005048674282315
2019-02-27,0.0030973792740005,-0.0301528116415552,0.0028660116253622,-0.0127636188625324,0.0007843213611431,0.0001878335804406,-0.0080426907151274,-0.0016913354763773,-0.0107572689556599,0.0001885636934542,-0.0037877572926017
2019-02-28,-0.0098359168327724,0.0021295206722315,-0.0007677325817357,0.0142544179237826,0.0032593703300431,-0.0052593453235243,-0.008353204711323,-0.0012479423751126,-0.0063769437911463,0.0065989994376733,-0.0101394684233069
2019-03-01,0.010511504136708,0.0063748242308978,0.0194532506916018,-0.0094783890835447,0.0195020428988268,0.0064201491300965,0.0051409733729927,0.0044631493980078,0.0141968784193884,0.0151712646235264,0.0087070254966592
2019-03-04,0.0050289988996807,-0.0130911934943946,0.0146195867960952,0.0078459709394322,0.0042663729319905,0.0120073788583296,0.0313654568503216,-0.0023993093876804,0.0021092006763787,-0.0077490503088394,-0.0060930830155311
2019-03-05,-0.0018198077450609,0.0055626510953461,-0.002205015824009,0.0077122125712212,0.0136724382393702,-0.0048201257500085,0.0232417344176927,-0.0049885636010507,-0.0016583413583728,0.0029751134205975,-0.0033204245062088
2019-03-06,-0.0057540347859048,-0.0463829852165059,-0.0138734954819943,-0.0204324628820931,-0.0036350628490853,-0.0135993669492223,0.0072990124817926,0.0004476990925881,-0.0285587963357677,0.0277569595990949,-0.0058942300616851
2019-03-07,-0.011574304040577,-0.0147255656382417,-0.0257647199836966,-0.021521805131086,-0.0120950714467447,-0.0066096071136002,-0.0195928981148794,-0.0121699997130766,-0.0183490441246112,-0.0140511027039637,-0.0041251167820353
2019-03-08,0.0023766077707063,-0.0031702760446599,-0.0031673752931026,-0.0049720521369059,-0.0007645328415583,-0.0022816692560977,0.0027789194202476,0.0010870811252534,0.0092456325907646,-0.0092539763595645,-0.0111312032478175
2019-03-11,0.0346421784534507,0.0431621465566465,0.0307378737205301,0.0184339330372318,0.0254702350579947,0.0165778338122579,0.0145635408050623,0.0209936130984391,0.0697025642961846,0.0153182358887407,0.011518288932135
2019-03-12,0.0112355904109515,0.023083654520001,0.0014844854239022,0.0021183579561936,0.0152552218365247,0.0041235397516712,-0.0008718404386318,0.0070017196320355,0.0085638818797446,0.0090156381113981,0.0067289630491544
2019-03-13,0.0044220047983662,-0.0046828697923961,0.0105851181614522,0.0058601004336851,0.0015118903872723,0.0149340321015132,0.0084341312215101,0.00774506201622,0.0375337871948806,0.0100294169454686,0.0079690239017831
2019-03-14,0.0111168520238185,-0.0239520738256527,-0.0027146731508618,-0.0110984149970019,-0.005445905658961,-0.0171052499402948,-0.0184575233294771,0.0007858673795313,-0.0181474665405587,0.0001804832813159,-0.0099467145182063
2019-03-15,0.0130079023278681,0.0205960222168506,0.0155021201611356,0.0823636427758562,-0.0018701376710825,0.0166543845748905,-0.0246223710340994,0.0115196790878058,0.0256706594109579,0.0216605765903334,0.0213810923428716
2019-03-18,0.0102085020349029,-0.0017175145536673,0.0173970662589482,0.0122293869745899,-0.0014701158940931,-0.0042333520822939,-0.0331967073375923,0.0143211420460815,-0.0050645647708249,0.0040638025740062,0.0050438226933218
2019-03-19,-0.0079245688771504,0.118279569892473,0.0113078739609895,0.0186153904856538,0.0117033599808218,0.0012937721775558,0.0068547402090164,0.0006804851788029,0.0400119462410055,0.0024633734944523,-0.0022586438440198
2019-03-20,0.0087387497621611,-0.0115384321946364,0.0201039106358138,-0.0189779788665624,0.0199339943367604,-0.0064611529510848,0.0239524189707338,-0.0011050796866487,-0.0074552700202021,0.0033351036285476,0.0022637568645262
2019-03-21,0.0368299716861879,0.0852139518169612,0.0122351667079987,0.0198262608447514,0.0079092202481909,0.0152359630598482,0.0038687087469961,0.0229749530846414,0.0547017566397465,0.0106717883072022,0.0298622457328185
2019-03-22,-0.0207084255551076,-0.0544997699418809,-0.0299516837710109,-0.0139824922048347,-0.0230397046807626,-0.0252562496342284,-0.0104769936900618,-0.0263682707787802,-0.0350118083882177,-0.0164445173776447,-0.0148636273928917
2019-03-25,-0.012090758673068,-0.0151688097515636,0.0053774137210556,-0.0016743151200289,-0.008504087735672,-0.009012423528828,0.0118656309006481,0.0052115847510165,-0.0209575052992126,-0.0031682042915845,-0.0126145200721247
2019-03-26,-0.0103316939939333,-0.0107816244397392,0.0053544138654035,0.0166687837127854,-0.0062971354422804,0.0125047181435495,0.0083587299361904,0.0021246901738456,0.0177813277924798,0.0240115690178945,0.012024155415284
2019-03-27,0.0089939124375373,-0.0311405655032432,-0.0101246786797318,-0.0035683003934191,-0.0099425703873184,-0.0052394158960791,-0.0107943221953297,-0.0096685535688982,-0.0020922529389206,-0.0187929886670732,-0.0049505202590623
2019-03-28,0.0013266741358033,0.0068300554625422,0.0043721350343579,0.0104736877277382,-0.0048725852075527,-0.0009404875455619,-0.0019292007075218,0.0013703641315987,0.0042495627147167,-0.0063259135293668,0.0034825715113122
2019-03-29,0.0065170326720334,0.0183559856992994,0.0041332663929682,0.0054837231118929,0.0039411455596427,0.0111089631454708,0.0068861085632465,0.0086375633647273,0.0130320967022616,0.0084880353231484,0.0153694504165069
2019-04-01,0.0067918583922659,0.0329153658902989,0.0187786576258428,0.01689341600995,0.0187698326274616,0.0150837377557768,0.0120583422939191,0.0091570736667321,0.0151483648358896,0.0136769668226124,0.0100097123898756
2019-04-02,0.0145365077857002,0.0147951206607821,-0.0001158167105093,-0.0089604479124753,0.0054712911196128,-0.0027518285527422,0.0326022164230881,0.0014284228593879,0.0039500496655076,0.0048436183017595,-0.0024171688065764
2019-04-03,0.0068548947529563,0.0848598301967726,0.0037046293103717,0.0037948477895943,0.0043714390890039,0.0206034574611388,-0.0037888398459039,0.0065443306728776,0.0307105203888937,-0.0070580408017157,0.0126001886273303
2019-04-04,0.0017403327854266,0.0024121190117174,-0.0010106317894357,-0.0072322994250285,0.0071358528001645,0.0079307735624263,0.0142908540519079,-0.0050847373697435,-0.0019087406610556,0.0031205771918327,0.0059820269499433
2019-04-05,0.006694558207217,-0.003781389129411,0.0101271962833136,0.0075497589489184,-0.0065603935769344,-0.0057224804903444,-0.0017043767745551,0.0044403757495907,0.0142883781808413,0.0022467433874115,0.0045192037435348
2019-04-08,0.015735914498105,-0.0155279110662157,0.0068470544892458,0.0006572338405843,-0.0026167478465962,0.0014390123740803,-0.0044957614517642,0.0003336245562337,0.0043994189385929,-0.0039661623187992,0.0037890926913868
2019-04-09,-0.0029987039933215,-0.0452155935674819,-0.0075789132972849,-0.0033827639671092,-0.004626497690953,-0.006465420064825,0.0151488165044797,-0.0054198793190819,-0.0131914413575014,-0.0055399663665745,-0.0042461899713699
2019-04-10,0.0056141869358214,0.0216593303063625,0.0062587266727349,0.013379560483397,0.0031264479033654,0.007772653971751,0.0013514888590502,0.0076292348639448,0.0150056950817012,-0.0193246014995465,0.0037902507528688
2019-04-11,-0.0083240793513708,-0.0014372622453598,-0.0017647308564491,0.0061785847677695,0.0026026621384422,0.0008971900475425,-0.0017433386569822,0.0011648051316155,-0.0029149202768004,-0.0076335883954071,-0.0063721873360588
2019-04-12,-0.0004022883809566,0.0021590307292453,-0.0005476903050047,0.0246276098643458,0.0108632609650138,0.0111108111581248,0.0089572529439136,0.0051524404821605,-0.0079879523136491,0.0187835585101845,0.0114012065054325
2019-04-15,0.0018103024376874,-0.0186714704000384,0.0009820611162911,-0.0019871771107661,0.0031077318087466,-0.0024813006624582,0.0030709840818869,0.0008269872218331,-0.0279460721061083,0.004038590254406,0.0007046806275847
2019-04-16,0.0001005110408407,0.0219539108358828,0.0098489397495893,0.0066370405530196,0.0043863775253703,0.0076403075469333,-0.0043416853929795,-0.0023133953936331,0.0190036669271633,0.2320741796413981,0.009387725884282
2019-04-17,0.0194727794570299,-0.0157536888381658,0.0009553942674214,0.0063736697800107,0.0066806826874918,0.0326221964432229,-0.0005033036286179,0.0082800424952065,-0.004888066752703,0.1224981065959369,0.0320852918036755
2019-04-18,0.0035938863538853,0.0069116237046038,-0.0016783833842662,-0.0059588552143924,0.0010725416134793,-0.0011953874426477,-0.0027967459925321,0.0131396885947736,-0.0052861334537097,0.0102429857073851,0.0227528935810805
2019-04-22,0.0032867240731904,0.0180635836158753,0.0137616701631666,-0.0113612828081234,0.009899428768292,0.0056419058181791,0.0177249932134502,0.0031614635359116,0.0116481833394785,0.0260356708890445,-0.0055064637434082
2019-04-23,0.0144231408365873,-0.0074521287986898,0.0193184799503585,0.0020316319903497,0.0134236275257193,-0.0006798559774646,0.0128968115227112,0.0135743931453571,0.0116730073531301,0.0579482370086643,0.0059798337121248
2019-04-24,-0.0015426120860585,0.0175187623577883,-0.0114462532536873,-0.0041504320635057,-0.0082953324081249,-0.0010208149434779,-0.0065294748931523,-0.0034278326621841,0.002622565430105,0.0012684802257139,-0.0002200749298517
2019-04-25,-0.0090750240384949,-0.0281096016442605,0.0002629317783904,-0.0079850513704559,0.0057855317324226,-0.018903286680508,0.0584948529761686,0.0331173009325527,-0.0222839540172952,-0.0202695574071342,-0.0204802392736145
2019-04-26,-0.0047737362462612,0.0079536990082476,0.0254330255292025,-0.0045220213795615,0.0079536328521692,-0.0899148489868104,-0.0091586854291232,0.0057299936988026,-0.0471884340214975,0.018455289441555,-0.0121401207164721
2019-04-29,0.0015175366928534,-0.0068148720383161,-0.0062543957519484,0.0074417828279673,0.0147013004218317,-0.0251765504656305,0.0171812480037982,-0.0009240686714154,0.006962471640209,0.0070406729527359,-0.0025034825441229
2019-04-30,-0.0192565831993768,-0.0021668967906741,-0.0061441966294056,0.0181630386532245,-0.0750190412243545,-0.0013695458066622,-0.0070850351065988,0.0063958867656503,0.0093125045872493,-0.0128370094945545,-0.0002280584784795
2019-05-01,0.049085743671557,-0.0296778762117583,-0.0077860601295411,0.0015706502481973,-0.0213852776079337,-0.0054861276213101,-0.0019132515631196,-0.0208268528460804,-0.0029279665659148,0.0027868943319266,0.0
2019-05-02,-0.0065074888582624,0.0552033375258009,-0.0055975982764733,-0.0096583580447155,-0.0058040205535021,-0.0041367944936222,-0.0025901233214509,-0.013059166626734,0.0150717606303143,0.0089149275386304,0.0132360225162926
2019-05-03,0.0124310149598132,-0.0024744291236282,0.0324281175550165,-0.0003482485307133,0.0197511307278843,0.0237386016965841,0.0152703791499291,0.021313541300475,-0.0009826066662645,0.0246727890142326,0.0069817703590648
2019-05-06,-0.0154427914479524,-0.0283486625274992,-0.0060689619566728,-0.0131134812975727,0.0032870835612841,-0.0041798771979144,-0.0081342491375491,-0.0058183207593174,-0.0172668111158462,-0.0116471352960555,-0.0212479293539584
2019-05-07,-0.0269569478267693,-0.0277170031643761,-0.0151495049254002,-0.0137367941902692,-0.0122332439621259,-0.0144475586790778,-0.0211987036599604,-0.0205229273670359,-0.0374758547008546,-0.0345611252054729,0.0
2019-05-08,0.0001972673038195,0.0161290437973322,-0.0016814851400367,-0.0126913415551213,-0.0068542063841737,-0.0245639537656832,-0.0012121624676961,-7.955164253392599e-05,0.0046790922993829,-0.0077465590515928,-0.0013708462607109
2019-05-09,-0.0107442967727695,0.0044296393949374,-0.0093337227788299,0.002208184156484,-0.0024001541144672,-0.0532091959684398,-0.0046955076246826,-7.975248976899163e-05,-0.0214467825406974,-0.0089895504916365,-0.0102975584824318
2019-05-10,-0.0138532212438742,0.0275633967377817,-0.005205610992477,-0.0003288546780424,-0.0002824809267745,-0.0090085978655252,-0.0016431756486862,0.0129879182849175,-0.0080497824496023,0.0245877284446529,-0.009711351173825
2019-05-13,-0.0581193762040277,-0.0615164295305602,-0.0356088196087686,-0.0348071742037752,-0.026592200809577,-0.0311689118966741,-0.0361049283890683,-0.0297331693144551,-0.0614263053128293,-0.0227165092668871,-0.0429603729871478
2019-05-14,0.0158302094371634,0.041158534036833,0.0095682620411554,0.0293814969722361,-0.0103203346266322,0.0091597550956534,-0.0044618411814616,0.0111877489478002,0.0226570316033796,0.0267015839219735,0.0239083821343373
2019-05-15,0.0119792343610163,0.0095168459658179,0.016863096950846,0.007847845486234,0.0408406509622643,0.0099624415575303,0.0306535080505205,0.0140821315767669,-0.0151813578532036,0.0015096199521593,0.0
2019-05-16,-0.0043995736538651,0.0155910190850356,0.0194639563054639,-0.0232613452180396,0.0117015541603988,-0.0019728724520062,0.0038653967771711,0.02309147603329,0.0038224797352943,-0.0399955393527058,-0.0104837528045705
2019-05-17,-0.0056822139553176,-0.0182077909573153,-0.0202194929212615,-0.0248914209556556,-0.0132716040964231,-0.0140566313218086,-0.0090381250874342,-0.0066700168517538,-0.0228479039864811,-0.0158190050397003,-0.0308209703513505
2019-05-20,-0.0312699688187159,-0.0298181707208806,-0.005366456690265,-0.0596778188288966,-0.0206368298236359,-0.0296278735108143,-0.0139231752182683,-0.014445338859786,-0.0305371843355064,-0.0598776753619665,-0.039503185344681
2019-05-21,0.019171266083455,0.0251124463504586,-0.0007800247985996,0.0100516996079391,0.0085439798197644,0.0206611125890137,0.0114929942762271,0.0053874215000822,0.0218119967248198,0.0147483345995558,0.0165545695181439
2019-05-22,-0.0204715575093614,0.0021937647204945,0.0011628591845378,-0.022191564509741,0.0012213942698684,-0.0103462322433989,0.0027052634898514,0.0060677616554494,-0.0184442261419601,-0.108553110446404,-0.0101779409892003
2019-05-23,-0.0170697689825364,-0.0383071595368755,-0.0237675197551212,-0.0339125651945847,-0.0090927792114998,0.0120453146198569,-0.0240125670456115,-0.0116705551158374,-0.0320631213190807,-0.0151496029370105,-0.0213368824288155
2019-05-24,-0.0038407994013499,0.0030348984011268,0.00429637760518,-0.0159562038482253,-0.0058760265785613,0.000898360683458,0.0010504880454376,0.0004753752656554,-0.0147297613410463,-0.0300319624729209,0.0034147382721239
2019-05-28,-0.0041348812029561,0.0987140185432662,0.0072122900502198,-0.0057041770267504,0.0008342986533802,-0.0224365997875061,0.0179498885425855,-0.00063353252185,-0.0125391592242353,-0.0126867273152021,-0.014398183130737
2019-05-29,-0.0047689657055878,-0.0330464409530151,-0.0093877739582498,-0.0014148171955727,-0.0172170884534045,0.0151479436672248,-0.0115023176268048,-0.0096703876664077,-0.0208606004821049,0.0059658810191809,0.0010628027702006
2019-05-30,0.0051865922879641,-0.0021359724320562,-0.001577639243082,0.0098380300833023,0.0013124573758724,0.0113044873409595,0.0045007041846334,0.0063231103140561,-0.0076330484848501,0.0126213843753737,0.0092860616281411
2019-05-31,-0.0181154350076017,-0.0221191874436446,-0.0227107553407902,-0.0194063179328275,-0.0132956675913669,-0.0154257196395298,-0.0302714498853186,-0.0163050210870087,-0.0262384216591133,0.0034540064226644,0.008149070426112
2019-06-03,-0.0101101624560859,0.0062021188340135,-0.0464094735203405,0.0061198637328516,-0.0612381669038708,-0.0131699684282191,-0.0750550644473703,-0.0310477838744993,-0.0124021664136737,-0.0023940367308522,0.012255647988961
2019-06-04,0.0365838903566322,0.0721537264910463,0.021781876900768,0.0494509052474794,0.0151625135299577,0.0306029427111349,0.0204081517935688,0.027703742513613,0.0689194894859006,0.0268524993895689,0.0061824359509634
2019-06-05,0.0161432833025063,-0.0023672538230181,0.0051690168828084,7.538699085607448e-05,-0.0093409647265089,-0.0053580925034304,0.0040000712462193,0.021678977751699,-0.0120283377514882,-0.0119416373701026,-0.0212490303226342
2019-06-06,0.0146818560235961,0.0786440574516684,0.0091227982713553,0.0266067620475423,0.0029867306977742,0.0123455831724141,0.0009514992354171,0.0158149815274841,0.0176954392886095,0.0085046911651025,0.0054923990947584
2019-06-07,0.0266168579254317,0.0185418025847392,0.0283122911370892,0.0076250744649275,0.0196704615485368,0.0206206191437117,0.0298224548476631,0.0280080653566139,0.0119629545334709,0.0162749980871899,0.0098858119378089
2019-06-10,0.012779504529,0.0253008237792291,0.0313742214150496,0.019427287778861,0.0134691526473245,0.0167284194724581,0.0084797930911324,0.0091324654540645,0.0201371107209666,0.0269320966102777,0.0206082734479335
2019-06-11,0.0115796904062881,-0.0246764882973282,0.0016499334704249,0.0116698048033809,-0.0015885626896497,0.0010680617634917,0.0187620378446304,-0.0037705792824139,0.0156304065939691,0.0099237908481957,0.0085813073794502
2019-06-12,-0.0031827361651165,-0.0070965610403942,-0.0044964181921908,-0.0132284186320494,-0.0017945306201971,-0.0113125713021843,-0.0171813021205797,-0.0046179286701326,-0.0301822848748389,-0.0231611792407676,-0.0125122974075554
2019-06-13,-0.0002061046016954,-0.0245494377885471,0.0080740848875628,0.0067206566556801,0.0110370388218223,0.0082038638863459,0.0138826754289629,0.006312499429623,0.0140903914380519,0.004885676363642,-0.000253541448133
2019-06-14,-0.0072622534010576,-0.0328129595197299,-0.0003368632863726,-0.0556797406657635,-0.0043171810267402,-0.0109208778886321,0.0217500451035406,0.0009822472444382,-0.0244167535356288,-0.017302760083303,-0.0408109125975055
2019-06-17,0.0059666131546882,-0.03820816284887,0.0087502159663019,0.0001503856243383,0.006987079967222,-0.001298922856019,0.0423536813152143,0.0030198184962428,0.0026964054826976,0.0056751157317456,-0.0047568821555045
2019-06-18,0.0235182253365433,0.0428082180595863,0.0081334687563054,0.0454188284752641,0.0103758674655711,0.0268806800954131,-0.0028569199208917,0.0173886232237729,0.0541266355449694,0.0412385692354306,0.0411575400030426
2019-06-19,-0.0029224377787706,0.0016420110281705,0.0039024725343073,-0.0020141190634497,-0.000660641502944,-0.0063332001305658,-0.0052528698379065,0.0039211769409648,0.0015698382160853,-0.0022233867679053,0.004845607152911
2019-06-20,0.0080354587000275,-0.0160655662661692,0.0049245985793455,0.0056218601324049,0.0078677503651007,0.0025493702745715,0.010934605964062,0.0092855481277041,0.0064001203312871,0.0130918692128283,0.028172681659254
2019-06-21,-0.003409207007698,-0.0303232202756306,-0.0035919036198251,-0.0087191885077937,0.010932444421656,0.0057213345581297,0.0084945835568748,0.0001463522240978,-0.0151848883458599,-0.0002748895527578,0.0002467489855138
2019-06-24,-0.0010060862124188,0.0054982764712949,0.0013603018897812,0.0190151998598055,-0.0077040720908715,0.0035820919752893,0.0076384176572656,0.0059131379848613,0.0059303551295259,0.0060505193466058,0.0187545881506039
2019-06-25,-0.0151575205584042,-0.013670526842151,-0.0186164561962572,-0.0096345443802302,-0.0260767692448536,-0.0163763093423382,-0.0195222722028957,-0.0315715381787997,-0.0077296260865751,-0.0083382218681438,-0.0265133901195457
2019-06-26,0.0216289736529091,0.0367290174471508,0.0104138859394791,0.0178291857329162,-0.0066755659123102,0.028602074919843,-0.0062488110222472,0.0037471843403111,0.051360176156542,0.0330808825940132,0.0041111945691274
2019-06-27,-0.0003003966399913,0.0274064068426898,0.0033985604479445,0.0151719505975091,-0.0034155764183956,-0.0151485682334649,0.0098051877597167,0.0016426640797964,0.0249275508331217,0.0064041259121117,0.0130499748231105
2019-06-28,-0.0091117648560342,-0.0120363999557475,-0.0055925978187788,0.0075251184091005,0.0057308811534326,0.0086388428682524,0.0184695741258946,-0.0014162829200556,0.0061263534081552,0.0084847743292852,-0.010608647663837
2019-07-01,0.0183409525545295,0.0273295983131427,0.0150820775410727,0.043389001312365,0.015884755881532,0.0037603776418166,0.0,0.0128394339906996,0.0118130112578995,0.0190613768300094,0.0564205888792803
2019-07-02,0.0058546592173471,0.0012820194615579,0.0063053374129491,-0.0167135334421861,0.0114544796046192,0.0014567337149258,0.0103625803518305,0.0066338104482679,-0.0237105502731719,-0.0065787500374928,-0.0140165315140098
2019-07-03,0.0082867900043273,-0.0016004877537409,0.002424606920385,-0.035350262908555,0.0093385922619575,0.0083126560124104,0.0112823228178076,0.006442335216805,0.0032050364418949,-0.0049347514525865,-0.011519393378196
2019-07-05,-0.0008808655289125,0.0099390657465325,0.0020165367820244,-0.0078277265750136,0.0086198003397313,-0.0090684297057748,-0.0040569838446677,-0.0029095789132443,-0.0154840516644112,0.0003917807878375,-0.0099182213404689
2019-07-08,-0.0206140117517958,0.0171428862072171,0.0048432210494651,-0.0272411247018797,-0.0140199606979827,-0.0054074661256013,-0.0032586200821391,-0.000729517316512,-0.0188478676425714,-0.0003916273557634,-0.0152769527366799
2019-07-09,0.0060996218463866,0.0346442128162871,0.0184293932405263,0.0020730940269391,0.006715732657097,-0.0014641060571952,0.0176236429679434,-0.0036507230998633,0.000636180271587,-0.0010439737313887,0.0089015041144835
2019-07-10,0.0098885496474516,0.0193061647116008,0.0146406249388455,-0.0037382836479231,0.014782664265015,0.0096335550666721,0.0176696009726278,0.0101857789105477,0.0174813944682625,-0.0286085311964048,0.0262161251165737
2019-07-11,-0.0072823480380489,-0.0216040107267613,-0.0080995073252263,0.0056829217298552,0.0027783332751241,0.0080895544533912,-0.0073989614084744,0.0039901756041933,0.0388604061984987,-0.0087412846081065,0.0046675692251119
2019-07-12,0.0076827792354969,0.0045371356609447,0.0049624026209122,0.0337970485381136,0.0011014767197563,0.0271604195410752,0.0180887867848089,0.0036122701893741,0.0079984791624128,0.0161444078994876,0.008068236504187
2019-07-15,0.0093949273959583,0.0355314765945744,0.0049676424147282,0.0103368645048025,0.0045139602729318,0.0040064607094818,-0.004685697153774,0.0,-0.0020287547966361,0.0070758952837435,0.0143099992761479
2019-07-16,-0.0034597253726522,-0.0157022659235605,-0.0054873776497271,-0.0146008082898884,0.002563994214632,-0.0189545285571338,-0.0003434545844663,-0.0131028322613552,-0.0011352545533529,0.0031819822939491,-0.0011954763308219
2019-07-17,-0.0056233407284336,-0.0073855247051526,-0.0088910021127261,0.0033434322886409,-0.0058259918504538,0.0044744537856127,-0.0100078152578367,-0.0059083953843396,0.0157408126421829,0.001189193631121,-0.0033519001550006
2019-07-18,0.011359488153906,-0.0178570982550256,-0.007093314974039,0.0164865939320906,0.0004360938681149,0.0111357737596236,-0.0050544920515929,0.001100500520679,0.0027691699083536,-0.018347520229085,0.0374731137595953
2019-07-19,-0.0149275492898561,-0.0148485357111151,-0.0067647377619749,0.0007591451273989,-0.013676355160528,0.0066077576700271,-0.0120530523336527,0.0014659983593845,-0.0102242657395577,0.0084711866692908,0.0148182536719188
2019-07-22,0.0228541502624104,0.0104583257502874,0.0107456668042493,0.0212069037690887,0.0067694660899566,0.0214840489414336,0.0199637167112454,0.0132483801244625,0.017098080146396,0.0126667981979813,0.0175680512821425
2019-07-23,0.0078177482630621,0.0194825946445595,0.0044620678128262,0.0156339417779671,0.0077599084854789,0.0077896061231745,0.0001976284284543,0.006212625845648,0.025332597824438,-0.0240944141168412,-0.0040362129660537
2019-07-24,-0.0008138872293174,0.0185129561305279,0.0031686722377399,0.0099409374927761,-0.0072472726324918,0.0226090577165261,0.0113660250534211,0.0102663858491633,0.0170784160738239,0.0236102021573303,0.0027017133344267
2019-07-25,-0.0079072756633128,-0.0128995143222812,-0.01348948652691,-0.0111269041770141,-0.0033252763931833,-0.0143613277128334,-0.0193003346893182,-0.0037662476543778,-0.0295533877578118,-0.0068539185730378,-0.020655899045774
2019-07-26,0.0034778856911659,0.0103950789382927,-0.0155891167857576,0.0017643664182132,0.0962023015730269,-0.0109280403586743,-0.0047830444006735,0.0082027163097146,0.0097476348236844,-0.0017252160687702,-0.0036677225126366
2019-07-29,0.0093386257913914,-0.0158730425708771,-0.0157484247648729,0.0027251682701843,-0.0027143068769236,0.0178328298636936,-0.0190738451319072,-0.0021929535219826,-0.0014281435602752,-0.0033235115525247,0.0110442706705946
2019-07-30,-0.0042924915440044,0.01164872744865,-0.0072786129130474,-0.0072248722052173,-0.0111448361643794,-0.0154256347527897,0.0056139412350764,-0.0048215559760077,0.0036036253630495,-0.0021344159178326,-0.0188889999544565
2019-07-31,0.0204043911570313,-0.1009742626748586,-0.0167234813504935,-0.0319469923650084,-0.0079804797157952,-0.022243442097472,-0.0142611225485779,-0.0290700737557672,-0.038358663618128,-0.0220557895219444,-0.0111347399082345
2019-08-01,-0.0216391774720829,-0.0193760307981988,-0.0061388922742272,-0.0160348474366379,-0.0052700428079682,-0.0207718111941678,-0.007722758527097,0.0131354399842256,-0.0225225850368613,-0.0267906725842544,-0.0178274623780422
2019-08-02,-0.0211580529888509,-0.014065641919255,-0.0172907778378613,-0.0238662704009495,-0.012758075588373,-0.0165653693421936,-0.0192496172921319,-0.0084022094868679,-0.0226167651116605,-0.0007022444671581,-0.0052541450050086
2019-08-05,-0.0523478070861508,-0.0492527424128957,-0.0318718571074919,-0.0390261454463696,-0.0347482328491686,-0.0351274964846604,-0.0385673900130345,-0.0342582119534529,-0.0645200468086707,-0.0330286841671478,-0.0427373138224437
2019-08-06,0.0189301897592659,0.0310825597123125,0.0128602667575845,-0.004558557061376,0.0141415864002658,0.0065373786585125,0.0152972935967579,0.0187575761255347,0.0103454100106712,-0.0091572637029089,0.0348631029562025
2019-08-07,0.0103556604557182,0.0114345085490987,0.0031154615501278,0.0135492486008941,0.0041244749324673,-0.0048979731678667,0.0034686090299353,0.0043808634493742,0.0101083976648352,0.0180434523231562,0.0
2019-08-08,0.0220555874416343,0.1620417111458747,0.0220196565606753,0.0034439505930967,0.0257502904841944,0.0094157430300367,0.027059243030592,0.0266849515759766,0.0283970212623461,0.0268008518158402,0.0155114029330285
2019-08-09,-0.008240341787936,0.0079599195854576,-0.013808825620453,0.017528738994599,-0.0143345302371866,-0.0252276620866296,-0.0121476335894777,-0.0084959570999,-0.0257806883020045,0.0033678732185975,-0.0116942723279593
2019-08-12,-0.0025373725440178,-0.0514769930455131,-0.0125360496687702,-0.0003263430911534,-0.0121120040094695,-0.0082645206471159,-0.0132020420660363,-0.0139421286262634,-0.0177064501984108,-0.0237758248930073,-0.0108670684207949
2019-08-13,0.0423482699718735,-0.0098673972190234,0.0220850303975532,0.0292410288594453,0.0189272288869393,0.0271929735893576,0.0166154850878759,0.0206938340287325,0.0303732256760043,0.0340970266807674,0.0214842432244879
2019-08-14,-0.029764934877313,-0.0582373342786717,-0.0336450458535655,-0.0427915751651497,-0.0271405522844727,-0.0207089495429162,-0.046378288533075,-0.0301146559770794,-0.0383212287056967,-0.0180102774111092,-0.0336994899757694
2019-08-15,-0.0049815286839117,-0.0188491964000813,0.0074646856622555,-0.0107525419951713,0.0043546174425597,-0.0037062400888223,0.0160258132710442,-0.0022391534595778,-0.0086624851756497,0.0039504486469639,0.0106355054677447
2019-08-16,0.0235946510283238,0.0508931656555105,0.0092617856731711,0.0191332912860966,0.0084578020371983,0.0175057090659969,0.0060791476761734,0.0183271355059702,0.072527954401623,0.0297917089841091,0.0166423551112571
2019-08-19,0.0186441128732981,0.0096215277140567,0.0131375381593146,0.0182630047398255,0.0180037212052468,0.0156988615036053,0.0134457922262487,0.016748538039468,0.0703180777953589,0.021697577267181,0.005777214372046
2019-08-20,4.7614013490848706e-05,-0.0241423202011853,-0.0081161984197106,0.0057033993488491,-0.0140867002118301,-0.0133390047650153,-0.012676777326508,-0.0083083114408802,-0.0170392421669013,0.0160278404019709,0.0038297679548364
2019-08-21,0.010838350046993,0.0319010895667219,0.01230169876407,0.025430525354753,0.0068018146838602,0.0118026526014749,-0.0014144470378854,0.0111467718740945,0.020015457629289,0.0082818727024238,0.0152598009198721
2019-08-22,-0.0008463295327131,0.0063091120119038,-0.0103534907259392,0.0004173629609043,-5.028969835862984e-05,-0.0078474172138524,-0.0082265731012809,-0.0072773332025983,0.0014599472849743,0.0058669337790988,-0.0105682649919609
2019-08-23,-0.0462205839450413,-0.0739811514490438,-0.0304988069691266,-0.0538557879439669,-0.0318416942709017,-0.0389052096083573,-0.0235661401943689,-0.0318620044725681,-0.0527173073608384,-0.047051080123601,-0.0280085010770285
2019-08-26,0.0189992572057038,0.0250507700806872,0.0110023189674794,0.018704149814966,0.0152568040298046,0.0133448400960711,0.0146834475353296,0.0154433951187877,0.018529644631174,-0.0082969692651525,0.0095237107988914
2019-08-27,-0.0112836947720283,-0.0026420053464971,-0.0039799124707374,-0.0059518343489575,-0.000307256689713,0.0050486737889772,0.0052118696419529,0.0021408725648648,-0.0220608092431905,0.0145387809163533,0.0002419342839841
2019-08-28,0.0067104780110618,0.019205295001774,0.0013735967509673,0.0017780530524544,0.0025025004308369,0.0,0.0025370760025182,-0.0013261080339583,-0.0025983879200406,0.0051368947370449,0.007255434950556
2019-08-29,0.016931692555296,0.0217673834095994,0.0125548890439344,0.0264796381946652,0.0174568662406824,0.0235856483508258,0.0209617134069408,0.0188847105147369,0.0358519809303212,0.0282443769309439,0.0151259140854569
2019-08-30,-0.0012918459241163,0.0,-0.0056594356827603,-0.002576002874765,-0.0031065716592986,0.0115213700842016,0.0005389158038322,-0.0018818391754169,0.0030534650887157,0.0172664752714051,0.0082776965468858
2019-09-03,-0.0145636427675894,-0.0174881122755742,0.0076282349408054,-0.0303920011551833,-0.0176224729433501,-0.0090699212527072,-0.0176656418452484,-0.013202282394702,-0.0199389403290061,-0.0340747625695956,-0.0213460525115208
2019-09-04,0.0169663940777697,0.0016181600332187,0.0060229013132684,0.0327313066440289,0.0108759180066437,0.0412941991748767,0.0260429138518925,0.0116876158342442,0.0279591244190438,0.0262246637998171,0.0342758723225236
2019-09-05,0.0195516960400907,0.0177705726495209,0.0222701616357821,0.0282667160470866,0.0253073317569361,0.0241209325709343,0.0200921035655616,0.0175835413149338,0.0650626041788686,0.0246464216435047,0.0252610553317946
2019-09-06,-9.369654450264164e-05,-0.0298412867954799,-0.0039169905058654,0.0030580399546842,-0.0048425020763824,0.0163672733689208,-0.017862780481977,-0.0067834841703893,-0.0060645032729116,-0.0018990237700527,-0.0119805095686832
2019-09-09,0.0042670531781809,-0.0019633333439436,-0.0011780869502404,0.0023978366788088,-0.0008703683049984,0.0131581082288176,0.0067738048377452,-0.0113588170842372,0.0103553877638458,-0.0079910072777726,0.0032031322774812
2019-09-10,0.0118128813856774,-0.0088524740250384,-0.0058972990605263,0.0062542928940712,0.0003567093590348,0.0044582305444549,-0.0137212401078515,-0.0104710786635435,0.0148480054455895,0.0063933631495878,0.005701157409534
2019-09-11,0.0317951513350085,-0.0155474469226446,0.0013402724765312,0.0121246185408474,0.0118603604089293,0.0187185266245739,0.0124616744798398,0.0002939543740054,0.0062777158932401,0.0231783387238728,0.0027212192633838
2019-09-12,-0.0022361060816846,0.0151209291710321,0.0112781737765508,0.0086237807259048,0.0122704055510745,0.0041673510385347,-0.0054113278162402,0.0102849047196862,-0.0003254761037192,-0.0102629220428543,-0.0033921704630797
2019-09-13,-0.0194540151498658,0.0158888270152801,-0.0022835833039021,-0.0341339558600206,0.0040973423396797,-0.0088661188491732,-0.0014935558565034,-0.0014539116699593,-0.012644425668645,-0.008472332420687,0.0152032012823057
2019-09-16,0.0052572213053405,0.0045617265302122,-0.0171257573750244,-0.0057178310374453,-0.0067740320788551,-0.0064712925055662,-0.0051819052060095,-0.0072097602760887,-0.0095086279730731,-0.0047188521994802,-0.0031290986520962
2019-09-17,0.0036377041025059,0.0051897453067808,0.0081368280854092,0.0005890843794327,-0.0014209078058179,-0.0047892423480582,0.0099881997729145,0.0077753285006938,0.0047720256792032,0.0083291674094356,0.0118831260969105
2019-09-18,0.0093792893146196,-0.0183930202979686,-0.0027928049815375,-0.0037737858248336,0.0022522943724352,-0.0040422998009862,0.0003189687815334,0.0082247073427121,-0.0060197477970495,0.0026685036263143,-0.0019943587069944
2019-09-19,-0.0081248295763718,-0.0042734766745746,0.0022228367850443,0.010078408700481,0.0049486553140942,-0.0032857594650269,0.0106303465000394,0.0184087683492628,-0.0168907470189054,-0.0084916614156689,0.0040704516561618
2019-09-20,-0.0146181468255381,-0.0079234622387801,-0.015009572450643,-0.0129519855911029,-0.0071927448585703,-0.0164823661120265,-0.001104336149118,-0.0115544407297587,-0.0240193416085584,-0.022880959829607,-0.0229404256566345
2019-09-23,0.0045470878451676,0.019633949003907,-0.0049382529156017,0.0042217141245681,0.003943613624566,0.0035489388334239,-0.0163745355895206,-0.0021514756129972,0.0124504068324626,0.0104655693729005,0.0045591939398443
2019-09-24,-0.0047551021518934,-0.0365534906721687,-0.0244720961506279,-0.0110349984862293,-0.0132502256915132,-0.021218245013325,-0.0296541748407817,-0.0126490808171211,-0.0132126753600416,-0.0260228157209549,0.0011346255072244
2019-09-25,0.0153896679799283,0.000677522271461,0.0153421095400616,-0.0231658116929497,0.0226621488389155,0.0240867739726959,0.0083847265941865,0.0144122857718647,0.0330378811907199,0.0269839667927958,0.0201720215914498
2019-09-26,-0.0051578218514873,-0.002369722410403,-0.0161112413599636,0.004133832091727,-0.0029295079471292,-0.0019601058208272,-0.0147153541352941,0.0012918354814634,-0.0049936167811687,0.0011648119707252,0.0322149602995678
2019-09-27,-0.0048657971734662,-0.0254496103656213,-0.0082708491288754,-0.0100033139067134,-0.013153187885001,-0.0027494350575345,-0.0167120582749867,-0.0129714142886164,-0.0314647484298115,-0.0093079968969915,-0.020447333555552
2019-09-30,0.0235352087686475,0.0094011303697394,0.0060622171614574,0.0070401648531073,-0.0039235612709301,0.0147696758460422,0.0055334921550826,0.0094391277296879,0.0134489391082637,-0.0045679101199901,0.0213139464460989
2019-10-01,0.0027682964502349,-0.0079337545378482,-0.0001497829729106,-0.0044193056445239,-0.0123982315813981,-0.0149428825743498,-0.0127470481086038,-0.0140977889377136,-0.0004022688314575,-0.0106185730421285,0.0152752316539603
2019-10-02,-0.0250680145545315,-0.0156467579749024,-0.0129173759859112,-0.0173910331215938,-0.02328350844186,-0.0269895794194691,-0.0068825072683045,-0.0176550254877768,-0.0055168931643417,-0.0196107158370362,-0.0161049274509098
2019-10-03,0.0084949855177776,0.0130696166094428,0.0065315416415505,0.0161439227078059,0.0097714481481157,0.0129580505344601,0.0273769587480994,0.0121049832335018,0.0477922530931194,0.0235167593657845,0.0150764199652895
2019-10-04,0.0280316367897686,0.0115062733680131,0.0088319259998024,0.0255072534404328,0.0181011222068436,0.0177892584071612,0.0059649462424404,0.0135019424704276,0.003640188390483,0.0232405438891829,0.006153044562146
2019-10-07,0.0002201788727849,-0.002757667117369,-0.0040179914516045,-0.0190102052444128,-0.0022378721735343,-0.005891609953235,-0.0042670418761382,-0.0072402012896249,0.0129690388077541,-0.014840523004339,0.0111767253779022
2019-10-08,-0.0117149360891321,-0.0241963621000798,-0.0156696149002202,-0.0208271503568995,-0.0149967940957628,-0.0175819176464393,-0.0107413490843448,-0.0105747027264547,-0.0385175848112815,-0.0457165453662595,-0.0018768327393676
2019-10-09,0.0117203285174902,0.0081473448801234,0.009662859223618,0.0104319305737836,0.0103096015274115,0.0150813469892874,0.0118143456995181,0.0189429619247811,0.0196348366754961,0.0205902562363893,0.0171332541806961
2019-10-10,0.0134781067546092,-0.002810960164426,-0.0010046756673366,0.0047588730569256,0.005879889119678,0.0124803867392606,0.0010006947487681,0.0062212114643698,0.012838671391361,0.0083390770560725,0.0051357053124818
2019-10-11,0.0265983473706046,0.0482734629931678,0.0067780472695508,0.023538159325835,0.005159381446643,0.0191740704106218,0.0231072649923829,0.0041696246919489,0.0161724375587233,0.0230755328403577,0.0100138756158749
2019-10-14,-0.0014392920341614,0.0262185104754792,0.0026040696153613,0.0026699376998557,0.0016945146889049,-0.0086387922970873,-0.0049404341707518,-0.0009304111257777,0.0029032427000383,-0.0052149335045562,0.0099152882935706
2019-10-15,-0.0023317985629133,0.0062233417109647,0.0178239325798859,0.0307462627581895,0.0200941018772682,0.0195585577847725,0.030608798704941,0.0144750488599347,0.0527529334368108,0.0199213271200646,0.0096172579165174
2019-10-16,-0.0040372189851682,0.0029296925325374,0.0056863243136187,-0.0063380607769566,0.0006117475215989,-0.0037985148527117,0.0034940997529371,-0.0081939795131104,-0.0109997032675428,0.0052685599243038,-0.0051595976068615
2019-10-17,0.0038828506447849,0.0107108058885505,0.0056542587005352,0.0032933324215873,0.0078841748264617,-0.011249058813132,0.004431581267738,-0.0051277777573143,0.000411890931834,0.0094593072408977,-0.0075807203232793
2019-10-18,0.0048029313303064,-0.0054592189989078,-0.0167665875989345,-0.0093285221106552,-0.0066970623285039,-0.0096413672973977,-0.0238458124213212,-0.0163219266933517,-0.0195585403708472,-0.016335123935678,-0.0094468628122023
2019-10-21,0.0173426949035615,0.0342266544864049,0.0160169049918137,0.0099046036377929,-0.0001044691339143,0.0149923445724695,0.0210385942010229,0.0074229898617554,0.0289778063728809,0.0167351910290829,0.0146103952771714
2019-10-22,-0.0022868786739324,-0.0162347352554739,-0.0111611184651896,-0.0072865836386168,-0.0024751879976286,-0.0023019098778426,-0.0391021194105328,-0.0148812473912954,-0.0020405428274332,-0.0064574155029002,0.0127999284382025
2019-10-23,0.0134188135782804,-0.0047603813849798,-0.0020161792094772,-0.0248380632070706,0.0132371260528159,-0.0055756723472101,0.0208949506392457,0.0063800011756876,-0.0026582277240242,-0.015674642172281,-0.0092812555546091
2019-10-24,0.0016448288441364,0.0114795502549862,0.0105608865246107,0.0070987912040316,0.0011767774988935,0.0098606686502402,0.001235652588059,0.0196735586203908,0.0090727170710436,0.0226566649830382,0.0155472690657676
2019-10-25,0.0123165451611542,0.0312105861459259,-0.010922221117825,0.0266021883649221,0.0041219751267769,0.0809877095775779,0.0081017422182383,0.0056450853813678,0.0390124615470925,0.0149384696980885,0.0035327290000222
2019-10-28,0.0100169604643773,0.0299602436461556,0.0089420891459208,0.0059691012323515,0.0195206221035042,0.0053135872937242,0.0080367133501029,0.0245860323360072,0.0110005494181519,0.0359236678284464,0.003520629203231
2019-10-29,-0.0231279753151018,-0.0195903791723182,-0.0080862792905986,-0.0116275883367107,-0.0219708546440631,-0.0073994887330668,-0.0004753216398583,-0.0094318611196392,-0.0187150689582817,-0.016736704023471,0.0031181991337636
2019-10-30,-0.0001233063803418,0.0030276201185039,0.0098030695035775,0.0072183449464691,3.179102520434185e-05,0.0046147571894152,-0.0055992611545538,0.0124623797018936,0.0003944002720548,-0.0026941875274443,0.008548872471952
2019-10-31,0.0226095448037111,0.0241472747138085,-0.001870755268041,0.0089924244287007,-0.0015071273700798,-0.0012368367617477,0.0180611367124985,-0.0085747326249676,-0.0097540163805212,-0.0122787979540835,-0.0053941686642459
2019-11-01,0.0283808502048805,0.0282935182976173,0.0083189626778639,0.0127711433910351,0.0106847345169247,-0.0003536876825458,0.010279102095958,0.0024412875198869,0.0078104269127747,0.039035098658769,0.009102955253549
2019-11-04,0.0065671300630893,0.0401261550693599,0.0073795731160684,0.0283556009354533,0.0136451308245872,0.0194654763945749,0.0056812883718688,0.0057749411434615,0.0390443942223068,0.0180666386080086,0.0266797560896687
2019-11-05,-0.0014369168477528,-0.0038577951533899,-0.001634646766472,0.0296392795598128,0.0014191795386186,-0.0010415489649914,-0.0020542091661954,-0.0006227821074364,-0.004227904607629,0.0043481896392782,0.0011216585914377
2019-11-06,0.0004279113248226,-0.0060857873144384,-0.0032969200487783,-0.0028023220955315,-0.0003330869728683,0.006377383519039,-0.0142548190668146,-0.0027686881696562,-0.0094463336867887,-0.0097120865405478,0.0016809642186155
2019-11-07,0.0115410127386765,0.0097411208223863,-0.0042153980904356,-0.0045345549122517,0.0123392879955306,0.00781251583717,-0.0058993185114962,0.0013882436384413,0.0034195835477306,0.0632163638925182,0.0005592207565427
2019-11-08,0.0027368623956069,0.0002756928491458,-0.0012974492684962,0.005357318331671,0.001575994779017,0.0037898572150882,0.0022057476718992,0.0117842724373571,-0.0026876906089307,0.0450096346078532,-0.0156514329524904
2019-11-11,0.0079189914235868,0.0005511286100605,-0.0079680839183854,-0.0021060021311357,-0.0081892590093954,0.001372859230571,-0.0064452192625205,0.0010274633569626,0.0019248604040185,-0.0232903303004773,-0.0043535834947241
2019-11-12,-0.0009152233621204,0.011016185515098,0.0035842846481495,0.0088889769108759,-0.0008243011955804,-0.0025705264239191,0.0256315611808597,0.0065706089361607,0.0068692678390003,-0.0094728786495296,-0.0085552292958104
2019-11-13,0.0095815565909478,0.0220648704301826,-0.013998865975055,-0.0058950391001628,-0.0007937894426359,-0.005326468856471,-0.0065819196016053,0.0016317096752427,-0.0049617309509121,-0.0054961401005159,0.0139983163789216
2019-11-14,-0.0069193673533217,0.0221214820424042,0.0008499299602007,-0.0149837177830142,0.0100061554793855,-0.001381870778722,-0.0002071273623921,0.0050912249111472,0.0058491445444541,0.000110493167839,-0.0075642540727298
2019-11-15,0.0118791740879369,0.0054759558676811,-0.0086116580935627,0.0127520078294653,0.0186304046059635,0.0025944621899516,0.0100958484972231,0.0129004651284643,-0.0266930653470616,0.0036471415908749,0.0154343434608315
2019-11-18,0.0050422804126717,0.0342323560117538,0.0074964548003046,-0.005880065483558,-0.0102733688915633,0.0050034378209549,0.0117886562727458,0.002467160034012,0.0396198093882329,-0.0036338882857713,0.0024392869657372
2019-11-19,-0.0030330122696223,0.0353560634314884,0.0001483625140514,0.0213134554827567,-0.0054930759546789,0.001716774776804,0.00972649349587,0.0003325097455026,-0.02020914936807,-0.0278515565702568,0.0063648246209491
2019-11-20,-0.0116412962488199,-0.0075079042484215,-0.0041420429987242,-0.0189803498510188,-0.0081747126824788,-0.0077120980759257,-0.0090809876609887,-0.0017347520858507,0.0153375222860767,-0.0266029537959433,-0.0048361628345745
2019-11-21,-0.0044834437273245,-0.035627113245033,-0.0061986947861817,0.0114865664712047,-0.0013212112789372,0.0055268281887359,0.0021264904840505,-0.0009359523923843,-0.0047356285730238,-0.0059566299367133,-0.0097198122403268
2019-11-22,-0.00087777556584,-0.0093623210424856,0.0063469584412145,-0.0010466771896771,-0.0049764801996319,-0.0104776175789546,0.0044966263259544,0.0007360801013767,0.0033782782147853,-0.0025849770174648,-0.003586178435329
2019-11-25,0.0175335149589008,0.0163473656374033,0.016107946060534,0.0149243818397835,0.0092529199232651,0.0208298614895734,0.0048787120954993,0.010963305868987,0.0489353912130099,0.0047122241710582,0.0183746511117701
2019-11-26,-0.0078085770715201,-0.020105534522578,0.0130225810874768,-0.0104811559246165,0.005637069313128,0.0015304873851895,-0.0041041494406413,0.0052900833410729,-0.0190316233917806,-0.0077383562215921,-0.0024180414192488
2019-11-27,0.0134321938778962,0.0107719453927919,0.0120037267673571,0.0068611102024493,-0.0006626170667424,-0.0066217079330903,0.0152282776996153,0.0019072832751112,0.0064562007200887,0.0020086308569271,0.004847805031857
2019-11-29,-0.0022025374971402,-0.0065972677630009,-0.0097387207876764,-0.0070028059569589,-0.0061274386230187,-0.0078617469019509,-0.0017822349469855,-0.0061711671413636,-0.0068732353808768,-0.0147406636279534,-0.0148448946758557
2019-12-02,-0.0115623482257489,-0.0107280195982866,-0.0106619177555683,-0.0173616362536814,-0.0116786825392349,-0.0067182207040543,-0.00962096459345,-0.0120883786256942,-0.0345572550867332,-0.0131657897654328,-0.0020720430049168
2019-12-03,-0.0178302402446514,0.0043894135205755,-0.006533461163659,-0.0135172809690281,0.0045621967634836,-0.0275754542276515,-0.0044066385663851,-0.0016048095171882,-0.0075985118688176,-0.022680212783839,-0.0037749887533664
2019-12-04,0.0088263676411126,0.0203084079650874,-0.0052374174648974,0.0104397989531499,0.0186907658859032,-0.0008917612964336,-0.0005532775409694,0.0036166254085492,0.0084750806002713,0.0265134576182508,0.0075788310301116
2019-12-05,0.0146711278897382,-0.0017636608023743,-0.0114784322677339,0.0047462850065056,0.0060808720640788,0.0010709606168572,0.0032710434795866,0.0005335789258251,-0.0032468699849472,0.006213271384406,0.022940784020379
2019-12-06,0.0193162832984967,0.0002524517036879,0.006389039145533,0.0156173894280577,0.0093671026085673,0.0130170707692609,0.0084770924574915,0.0121391077525359,0.0164320731215918,0.0148927053438925,0.0099263761292007
2019-12-09,-0.0140002703084415,-0.0176634050989881,-0.001193192677663,-0.0052840457747551,0.0026880710729575,-0.0049287993383302,0.0014425454766304,-0.0025700621355748,0.0,0.0131231684365087,-0.0087369128108326
2019-12-10,0.0058447052183301,0.0131003934635314,-0.0058873556343246,0.0021630370722325,-7.45766571855766e-05,0.0010616049091634,-0.0023344296794208,-0.0015198532291293,0.0085307122165358,-0.0094203079663631,0.0011020755202857
2019-12-11,0.0085292056713777,0.0007607148843515,0.0054679351017412,0.0147908179056039,0.0010127600897369,0.0084819987169098,0.0069199187794188,0.0037718442431893,0.0157023231992206,0.0341178867374658,0.0253116289819588
2019-12-12,0.0025484252819405,0.0790473482490858,0.0066392034282192,0.0252723284631986,0.0031542340327201,0.0084106595137061,-0.0272419613597828,0.0101518697890055,0.0309653375074392,0.0236806785859324,0.0484796417109143
2019-12-13,0.0135931571459069,-0.0338107213324695,0.0003464655958449,-0.0377670731309065,-0.0012013660661661,0.0041703303057603,-0.0134182066625808,0.0084179842519387,-0.0003569948981795,-0.0136998646264275,-0.006142481623625
2019-12-16,0.0171175488377721,0.0291615286450843,0.00469641859414,0.0244437397468937,0.0102683285335116,-0.0015572761840163,0.0196280488389408,0.0064710778302365,0.0051790017167536,0.0068312415714151,0.0049785686694443
2019-12-17,0.0019657810247506,0.0099174025684849,0.0121239929122758,0.0020732800169129,-0.0042699402762385,-0.0069325555344196,0.0023746902556813,-0.0054007690884082,0.0139463013870224,-0.0012439134576618,0.0117868756221033
2019-12-18,-0.0023898184006648,-0.0109890394125027,-0.0037025141903436,0.0112416624752493,-0.0021995950546753,-0.0022687186268139,0.0207167175783233,-0.0020687864195646,0.0053438904677443,-0.0038494946402503,-0.002195166277692
2019-12-19,0.0010009621546471,0.0125296123771507,0.0046243445951394,-0.0102004106647269,0.0033507638908645,0.0138183817950621,0.0175802831563829,0.0086807675010929,0.02592485458655,0.0057969046756041,-0.0124380926045858
2019-12-20,-0.0020709042251442,0.0308195105858513,-0.0032249589345579,-0.0057659568545502,-0.0038481544216006,0.0170806166215937,0.0011646965736307,0.0109174228886343,0.0166057153839962,0.004068074864471,-0.0005174126831096
2019-12-23,0.0163183437891925,0.0296715178554611,0.003638450475683,0.0016613977386883,-0.0004366505950402,0.004750095111943,-0.000581670816808,0.0,-0.0022976939176505,-0.0045023070733138,0.0050058425210202
2019-12-24,0.0009508423848356,0.023757189898923,-0.0021137635040918,0.0030357565128729,-0.0045905361370307,0.0030389770602572,-0.0051411945147166,-0.0001903287612134,-0.0008374857296892,0.0036179571328549,-0.0079009695464087
2019-12-26,0.0198400557226374,0.0019338236101724,0.0444665154953189,-0.0078625900012669,0.0134183489381802,0.0069009478894468,0.0130168728271318,0.0081963387694479,0.0023884214313649,-0.0041676793664154,0.0084833920081439
2019-12-27,-0.000379701618721,-0.0096504557716416,0.0005511476895356,-0.0045601451544081,-0.0057467974135628,0.0043465087716367,0.001491892984839,0.0018279755893639,-0.0096990571208884,0.0045246300900352,0.0036051031150698
2019-12-30,0.0059353370875236,-0.0142918978573098,-0.0122526495804892,-0.0096990176887891,-0.0110213565116894,-0.0076563760112935,-0.0177317944160041,-0.0086185800799388,-0.0192087399459383,-0.0041666658436118,-0.0104342727532004
2019-12-31,0.0073065085663488,0.0074692475652182,0.0005143848474418,0.0081669670888833,-0.0002390917819606,0.0038576879245584,0.0041093426248017,0.0006978926259282,0.0128269180874125,-0.0022618952571707,0.004321323374
2020-01-02,0.0228163643202892,0.0706497562287034,0.0271506103548768,0.0201571118638157,0.0218682312200582,0.0165413001411909,0.0220705339995539,0.0185162903725299,0.0195920191971807,0.0052137752215755,0.0333906099563412
2020-01-03,-0.009722034884211,-0.010183299705468,-0.0121390346559209,-0.025435153242579,-0.0052313035611734,-0.0121630537557304,-0.005291144925117,-0.0124517479349124,-0.0160058887141949,-0.0188295704880937,-0.032977567512104
2020-01-06,0.0079682500124236,-0.0043209689519738,0.0148855739305064,-0.0014959809830241,0.0266541947005292,-0.0028286216503031,0.0188334130744123,0.0025847696606084,0.0041935986546721,-0.0058606553081215,-0.0115400065304415
2020-01-07,-0.0047028694819907,-0.002893147167065,0.0020916204156395,-0.0034424553679394,-0.0019316289212066,-0.0166862006255196,0.0021637727029582,-0.00911766672001,0.0121066077849609,0.0284359574560622,0.0162048277005
2020-01-08,0.0160862262542884,-0.0087046252631153,-0.0078086402612894,-0.012474448599625,0.0071178509681137,0.0006788152831334,0.010137950617487,0.0159281497109307,0.0018756453819619,-0.0029225380054641,0.0073732753315327
2020-01-09,0.0212406565246383,0.0238343998746883,0.0047991747864684,-0.0080326221201283,0.0104977875391552,0.0055960237994732,0.0143109960654763,0.0124933758073164,0.0109827658945469,0.0135275499282325,0.0081698967495387
2020-01-10,0.0022604783762663,-0.0163365944826563,-0.0094105968020311,-0.0229869414899154,0.0064587136557843,-0.0060707080732765,-0.0010992515522771,-0.0046272934492073,0.0053490637187199,0.0038928174411332,-0.0062466367716237
2020-01-13,0.0213646120718624,0.012040727695701,0.0043225782456992,0.0065503754320492,0.0077467141440732,0.0110281050783198,0.0176556889240664,0.0120241963477856,0.0313526403319261,0.0078660226436741,0.0203873717449649
2020-01-14,-0.0135033485017044,-0.0110769418569711,-0.0115582117180523,0.0232418806778011,-0.0065553285735852,-0.0026849698729209,-0.012843161727579,-0.0070428176242385,-0.018652478225,-0.0045069065182534,0.0043289202921321
2020-01-15,-0.0042853455474859,0.0070524820378474,-0.0039691265489252,-0.0163541069964353,0.0060183934009423,-0.0082449802256551,0.0095407129177207,0.006476016682958,-0.0069149491319742,-0.0098278484955193,-0.031995963740787
2020-01-16,0.012526286190974,0.0251287588027775,0.0085499110295934,0.0128981414082309,0.007615698931352,0.012215793445093,0.0028036006696876,0.0183235535722499,0.0136820682226996,0.0236423274548569,0.0061655673077478
2020-01-17,0.0110710357912855,0.0233072099004001,-0.0070396614423282,0.0056668663456993,0.0202457790085281,-0.0010059088172688,0.0016683594816442,0.0055968069537313,0.00140621125126,0.0448850584651969,-0.0028937898156887
2020-01-21,-0.0067767893697997,0.0023561541560126,0.0146295252069268,-0.0023314908763556,0.0018453315586428,0.0159397945435684,-0.0031512351977996,-0.0035910387706683,-0.0053756052359655,-0.0142841375158119,-0.0058040117531037
2020-01-22,0.0035696296739162,0.0074437036982237,-0.0023995494624705,0.0159055393289129,0.0010928495525326,0.0360032694144336,-0.0005416932623011,-0.0048047272959802,0.008752007621233,-0.016606656875107,0.0018885473980372
2020-01-23,0.0048157665447083,0.0054442694465373,-0.0015259112256779,0.0213436804765818,0.0005524120072888,0.0094053404751452,-0.0070488169642997,0.00615578313205,0.010995067008479,-0.0104337189843762,-0.014909874995334
2020-01-24,-0.0028819569546594,-0.0263005344117273,-0.0121724266388618,0.013608895630474,-0.0124738052266337,0.081333147199621,-0.008281776480838,-0.010076843163024,-0.009412028392706,-0.0255435262373469,0.0043492891475216
2020-01-27,-0.0294051963511672,-0.0216484644611881,-0.0178874637677122,-0.0462038881339995,-0.02348968675206,-0.0406018745545602,-0.0140864510073347,-0.0167230742294116,-0.0410412583426978,-0.0290012607372265,-0.0427854433040147
2020-01-28,0.0282893789232325,0.025781577365757,0.0136243659245136,0.0300294702176247,0.0131099351047359,0.0246612997431441,0.0135895358126501,0.0195957027122715,0.0323481843251454,0.0241235776826858,0.0331163564263998
2020-01-29,0.0209322079320981,-0.059766485864255,0.0025630978623367,-0.0025132378073102,0.0042743618686065,-0.0145595409739629,0.0249782727630407,0.0155927501606742,-0.0097995279957373,-0.0103197440339871,0.0017514654580985
2020-01-30,-0.0014491121577679,0.0267312250606428,0.0068244891898707,-0.0072753915714055,-0.0016818095358093,0.0021107299328417,-0.0613715959332001,0.02820739626276,0.0010993780309171,-0.0051000562729867,-0.0243046189865548
2020-01-31,-0.0443388732941625,-0.0364903407921433,0.0737913558648475,-0.0318528785357549,-0.0147635813745199,-0.0382127853151644,-0.0363670379053314,-0.0147583814946993,-0.0381597374242538,-0.0281388484263955,-0.0333335348802287
2020-02-03,-0.0027461647005504,0.0217021373992269,-0.0022501685803328,0.0002295520989346,0.0347713498817823,0.0076648236761796,0.0112921872785254,0.0243787278317137,0.0164956961724143,0.0137149835102523,0.0153874620667726
2020-02-04,0.0330136528661422,0.0297792647135342,0.0226873421407756,0.0208693798937402,-0.0250841598681045,0.0161438184832258,0.0276211773782646,0.03291649586066,0.028294251477777,0.0283300058679412,0.0502100170822366
2020-02-05,0.0081542991772542,0.0078867418327872,-0.0047812367371395,0.0185495325487565,0.0004425763092883,0.028719966846026,0.0013345455571518,-0.0012214642905687,0.0146886310259457,0.022265151382161,0.0069541565157063
2020-02-06,0.011697222120206,-0.0104333959906032,0.0050787328892443,0.0072781613997319,0.020691130728019,0.0011937291841546,0.0035218890992125,0.020733970040347,0.013917695246232,-0.0033000934642192,0.0017263666467113
2020-02-07,-0.013592802203064,0.008313054540735,0.0141691363906086,-0.0139509173666702,0.0021272455141314,-0.0159485345663834,0.0070193495986192,0.0014159158520383,-0.0104619253137748,-0.0352058805622588,-0.0313684035725941
2020-02-10,0.0047496535929836,0.0508746994286237,0.0262735795990962,-0.0032674588556443,0.019978188138487,0.0056042758244694,0.0034378433063093,0.0261570562071493,0.0452321395906571,0.0134978193206425,0.0145907800805653
2020-02-11,-0.0060336132077249,0.029468062858563,0.0079150259857261,0.0189688538835259,0.0009279932319719,0.0153638041241048,-0.0275507857516231,-0.0225756199659245,0.0187094548939588,0.0158017025411409,0.028761676882796
2020-02-12,0.023747966345563,0.0016728653134607,0.0042774695978846,0.0141803206735595,0.0056754794550415,0.0007418131944563,0.0172304261090165,0.0014637554807865,0.0173578251252186,0.0191110522948132,0.0165361050573566
2020-02-13,-0.0071210250987376,0.0118760326015401,-0.0046898170753761,-0.0022481770723571,-0.0034506436689942,-0.0002968242863379,0.0112924512173417,-0.0054138481077387,-0.0064578823550585,-0.0184257366115953,-0.0050310813193656
2020-02-14,0.0002461909650735,0.0143041007052118,-0.0069771660770503,-0.0191375793395942,0.003528364920847,-0.0025207245250039,0.0048795129433936,0.0089270300168491,0.0702048451786276,-0.0047762691637949,-0.0192145065994057
2020-02-18,-0.0183106225514497,0.0285662263085821,0.0097429906074468,-0.0220913346396767,0.000467707279063,-0.0167979536566041,0.0169016647126976,0.0101431480544706,0.0233960949318212,-0.0175219575070555,-0.0345418781585249
2020-02-19,0.014482838215815,0.0353313791139924,0.0067496500948263,0.0158970551058064,0.0035736503683208,0.0146661476200165,-0.0014233967334106,0.002999080514829,0.0611321595792961,0.0287400033276576,0.0259875869924621
2020-02-20,-0.0102590726353308,-0.0276740411865534,-0.0078886269143092,-0.0204315323740769,-0.0051677500915605,-0.0247357901223563,-0.0133799382030347,-0.0152711819965026,-0.0190658443712812,-0.0120363494227332,-0.0201247824982639
2020-02-21,-0.0226347036802452,-0.0696700130360467,-0.0265338233305618,-0.0153277991109906,-0.0221028878578128,-0.0169593852006707,-0.0205052354593207,-0.031612755095197,-0.0473919900674786,-0.0272712996435543,-0.0157577817062464
2020-02-24,-0.0475005189412025,-0.0780780770030454,-0.0413555502346399,-0.0423645859326092,-0.042872817820626,-0.0400993730691838,-0.045008880082341,-0.0431152738537569,-0.0706975898704388,-0.0426294397541406,-0.0264436419889713
2020-02-25,-0.033872372022257,-0.0315553597468507,-0.0181904989511381,-0.0305900860808547,-0.0236218399190284,-0.0328691768174121,-0.01967911031307,-0.0165017754967814,-0.0410934279092274,-0.037205671502813,-0.0048042038361819
2020-02-26,0.0158636854620515,-0.0016816904954936,0.0034723154160607,0.0113202988712945,0.0029935923252171,-0.0013392950418921,0.0021853659573565,0.0124944589815536,0.0213700566376215,-0.0069808445782209,0.0217229631550297
2020-02-27,-0.0653683470144974,-0.0732786530624933,-0.0481362654672725,-0.0417306547067414,-0.0543129102728424,-0.0640402952117584,-0.0377791657272791,-0.0704588220479409,-0.0556657049700527,-0.04669863202224,-0.0316189496706753
2020-02-28,-0.0005845898918358,0.0334015286699951,-0.00029184672249,-0.0048550507904521,0.0184799042098211,-0.005552578531263,0.0143348190738872,0.0242127883550165,0.0691608084784842,0.0310773175980683,0.0103208947730029
2020-03-02,0.0931003801479402,0.0435356104257991,0.0372661142532766,0.0453011287448461,0.0351467358501966,0.0479107067173196,0.020626583037034,0.0665390856943761,0.0235493149638896,0.0288631407652868,0.0397472798931739
2020-03-03,-0.0317592102988473,-0.0149599472854803,-0.0230098114023241,-0.0376180771343852,-0.0350570469385288,-0.0379856934174616,-0.0537061758062612,-0.0479193031995195,-0.0381289098514923,-0.0248260139907341,-0.0196498942801417
2020-03-04,0.0463846671738581,0.0718716708096591,0.0350132290156384,0.0408386505558417,0.0328021210309306,0.0484189444487885,0.0315779075927882,0.0367148362188032,0.0700289143264545,0.0495251430420831,0.0400874259514782
2020-03-05,-0.032437050305312,-0.0399121926888751,-0.0262167943142836,-0.0399718779544319,-0.0483785942278551,-0.0293116641333652,-0.0343659202218562,-0.0250949844785769,-0.0394360416740559,-0.0321515652367603,-0.0236510611044105
2020-03-06,-0.0132800956699825,0.0099771260891035,-0.0119229240142393,-0.0167492344572589,-0.014466787763459,-0.0208919407981844,-0.0220336505600537,-0.0282675161709394,-0.026528641824624,-0.021472878449385,-0.0118427038068799
2020-03-09,-0.0790920123714002,-0.1094875422539153,-0.0528538324516535,-0.0806457491006846,-0.061701992756957,-0.0882192327520371,-0.0640013207074651,-0.0677723682767612,-0.0774321571275007,-0.0623466301079868,-0.058834117455279
2020-03-10,0.0720213473561186,0.0487635911261696,0.050655066684587,0.0612788210978709,0.0488406340408635,0.0615534032017539,0.0512683931086397,0.0683840415231216,0.0637223026264821,0.0860409113535034,0.0517073497917071
2020-03-11,-0.034730438600801,0.0070515576750185,-0.0375088964297491,-0.0643971045767806,-0.0504011003263578,-0.0429787000303503,-0.0446152613996526,-0.045302016437597,-0.0559597014987769,-0.0541260147648891,-0.0416435768316235
2020-03-12,-0.0987546679888455,-0.1463895476962776,-0.0792208251474794,-0.1105418296335757,-0.0820464830142873,-0.1184670597547539,-0.0926339691009322,-0.0948385189745524,-0.122367822021402,-0.1018495704469858,-0.0679555884128173
2020-03-13,0.1198083886993903,0.125352561259826,0.0646483368737651,0.0705728439954067,0.0924115696747356,0.1952131596295097,0.1023498181396784,0.142168840594526,0.1134018136280679,0.1311551456597064,0.0727046475167791
2020-03-16,-0.1286470063506007,-0.1182232861278321,-0.053697516604298,-0.199128869177565,-0.1163414625648114,-0.1804152699822558,-0.1425298735786619,-0.1473901695993812,-0.1845208431854762,-0.1494526795122935,-0.1403406088249668
2020-03-17,0.0439700866347176,0.0818910374222696,0.0702661324787965,0.0635994265136186,0.0419943306707273,0.1226184491766846,0.0233547045185775,0.082336464218224,0.1062628695109586,0.0679280877952344,0.0810688906798362
2020-03-18,-0.0244798596434269,-0.0659026281241372,0.0122577410604109,-0.1585885568165329,-0.0240326676348452,-0.0493211302568536,-0.0164637346321477,-0.0420962047723951,-0.0665071667866573,-0.1113854770924869,-0.0859083236066773
2020-03-19,-0.0076621169933549,0.0178936805228007,0.0278306137668629,0.158336801357926,0.0187685690830692,-0.0350769027742124,0.0419843537882662,0.0164533852215402,0.0500444719115105,0.0622650979189864,-0.0014334984909427
2020-03-20,-0.0634856577972527,-0.0052737088418398,-0.0185227985416888,0.0053347016567155,-0.0390943712810369,-0.0023943226450933,-0.0222036118102848,-0.0375587409334187,-0.0339013468074619,-0.0629231278228463,0.0145816013012831
2020-03-23,-0.0212441392153297,0.051249652815364,0.0307352915043019,0.0065028921442054,-0.0131808866341923,0.0818240488246937,-0.010886066666605,-0.0099745510767841,0.0337298924588682,0.0265966147243648,0.0163938569114496
2020-03-24,0.1003255048456315,0.1099904394377406,0.019586561347294,0.0997055518111722,0.0719835574073215,0.056877758310105,0.0869680297901136,0.0908957206190588,0.1715642606019753,0.0468575079954007,0.0797613169909048
2020-03-25,-0.0055087832363756,-0.0344006947337701,-0.027967604900147,0.0225135590634257,-0.0251237299314758,-0.0217557949040388,-0.0296308559608966,-0.0095723473654197,-0.014286818660214,-0.0363579834354461,0.0026599987932311
2020-03-26,0.0526230740596249,0.0643064948061398,0.036933124503754,0.1177659462407367,0.0556453822075353,0.0834961664296825,0.0456437487072571,0.062551168657142,0.0473087525191453,0.0935320763597191,0.0177551208592192
2020-03-27,-0.0414021728924733,-0.0193683825041118,-0.0283253894366503,-0.0513220402325698,-0.04528267864399,-0.0570760490201335,-0.0401006430379856,-0.0410611657495509,-0.0175319405254192,-0.0346480346965359,-0.059354523459689
2020-03-30,0.0285378301162473,0.0274795776938656,0.033603546919714,0.0408339962121211,0.0324699250542674,0.0595760618954825,0.058422148070989,0.0703404821292621,0.0508842502259523,0.0366423678709697,0.0193990629331175
2020-03-31,-0.002040785347337,-0.0497283961087219,-0.0072456229508592,-0.0125361118210219,0.01364363062813,-0.0246891214372972,0.0051221312247151,-0.0157270195075434,-0.0074928355307207,-0.0199912067278617,-0.0006276033840332
2020-04-01,-0.0526169889513997,-0.0400175838421903,-0.0215517912673538,-0.0568109406988762,-0.0515081496499252,-0.0413893940810771,-0.0431654550233725,-0.0355082851443083,-0.0778831223246175,-0.0258684501515868,-0.0267836426387828
2020-04-02,0.0166866663228355,0.0190105779650817,0.0058342051060511,0.060054155452661,0.0135469788857873,0.0476097493968756,-0.0088346580454387,0.0207085707140832,0.0510141052175667,0.0321699509501434,0.0348312287735785
2020-04-03,-0.0143714816587638,-0.0427062588041777,-0.0063788821910731,-0.0118111712835472,-0.0217811022841213,-0.0040478979482827,-0.0253492542641426,-0.009210160932612,-0.0452498655528634,-0.0410174864899972,-0.0222314380264317
2020-04-06,0.0872376856128971,0.1157548787864048,0.0477292247764471,0.0776058311988312,0.0828132169654358,0.0794385134192399,0.07374494098346,0.0743675697486068,0.1004059046789731,0.0876895971370559,0.0618361343563287
2020-04-07,-0.0115825159828013,0.0008417700997898,0.0070134560031211,0.0032879236866627,-0.000532468831069,-0.0005135663111105,0.0198127153853886,-0.010769917865125,-0.03491070407485,0.0250883171432112,-0.0050030821607279
2020-04-08,0.0255947695840279,0.0258620585937803,0.0156094617840769,0.030915810124797,0.0206670243502371,0.0099315941904249,0.0322809836504591,0.0100307946013258,0.0305756560369354,0.0082499213830318,0.0110620574051738
2020-04-09,0.0072163646724836,-0.0084033580594098,-0.0001174844583299,-0.0260439200300601,-0.0003561981213592,-0.0311969529694443,0.0052216245407088,6.0701280728991946e-05,-0.0149839967228088,-0.023865081574394,-0.0385918504386855
2020-04-13,0.0196273254163754,0.0529143758180052,0.061735066142633,0.0221002695441872,0.0031825710958994,0.0273013491198343,-0.002283210241001,0.0022403638431811,0.0262408107243703,0.0240289234711885,0.0086903155201576
2020-04-14,0.0505029215033392,0.0783274791133337,0.0527694498612836,0.0296627331573546,0.0452903952682408,0.0333900645474876,0.0193374095810738,0.0494835495299901,0.0522511046353992,0.0579809996830511,0.0385641313311828
2020-04-15,-0.0091272847911733,0.0010923242846834,0.0106686957187687,-0.0380749092621759,-0.0062675701050154,-0.0295086542463686,-0.0067350669117633,-0.0104776878303957,-0.0109525810748333,-0.0201162276917401,-0.0191586847169626
2020-04-16,0.007945818875827,0.0356428264165731,0.0435545423937087,0.003301624735744,0.0001033369135179,0.0326141757851274,-0.0040685282710097,0.0300208596961137,0.0493518606902758,0.0113175896175752,0.055175217479348
2020-04-17,-0.0135687934601409,-0.0061457819864705,-0.0137821361303546,0.0293857719038561,0.0171541128246639,-0.0070736201018178,0.0169644619363669,0.0088116766783545,-0.0080760608024834,-0.008848106653273,0.0246183947376941
2020-04-20,-0.0207564770831089,0.0065371511759175,0.0078357576069079,-0.0285844479707209,-0.0139561752820315,-0.0195492911635207,-0.0055790510130749,-0.0198207458068835,-0.0180281446574869,-0.0244194823982695,-0.0204880345812115
2020-04-21,-0.0309102738025116,-0.071090099437913,-0.0273603309593145,-0.0411568955029166,-0.0388454888776182,-0.0476512890888259,-0.041741618747521,-0.0413573981196228,-0.0611043625770549,-0.0332391858406168,-0.0231984845398675
2020-04-22,0.0288036168268195,0.0566893443651037,0.015192527091639,0.0497478201990129,0.0381549769647222,0.066359034402011,0.0672132889264649,0.0339649088684246,0.061741682001293,0.0395326417344086,0.0307574196808613
2020-04-23,-0.0038757132301571,-0.0003575937718379,0.0152148234840825,-0.0040005663715625,0.0101396629689116,-0.0176371108975397,0.0156353468990297,-0.0121024010581592,-0.0074786327646021,-0.0116498698365579,-0.005854550201959
2020-04-24,0.0288694761275349,0.0050089225698366,0.0044885111868742,0.0227088208626096,0.0042717958958904,0.003726196397614,0.0266838652354572,0.0182595159295546,0.0196473902498814,0.0302127251233217,0.0017098473787415
2020-04-27,0.0007068916862285,0.0055180023425962,-0.0141978617107606,0.0137456537226769,-0.0044964020648741,0.00354366912451,-0.0135212469629482,-0.0028649186837405,0.0258639483121732,-0.0007887658143654,0.0147921526365812
2020-04-28,-0.0162091117587396,-0.0173482621316182,-0.0260606110425591,-0.0138573564484035,-0.0301133638777277,-0.0121068614979762,-0.0244799965092785,-0.0243606315964731,-0.0192541068750469,-0.0090815746450214,-0.0140159835247085
2020-04-29,0.0328451289333164,-0.033327301928659,0.0253361647496579,0.0426473227676871,0.0889101245355845,0.0519148784683931,0.061669581617531,0.0448738293069042,0.0243687004608439,0.0488776144069387,0.0326004434609714
2020-04-30,0.0210961333101711,-0.0236675449380368,0.0426895742399642,-0.0159408608490659,0.0033677189126188,-0.0294498813881186,0.05417370859412,0.0100319902150771,-0.020706254553536,-0.0037989347821248,-0.0247797796414164
2020-05-01,-0.0160996057717542,-0.0479098749909346,-0.0759740923764893,-0.0438849533614599,-0.0218162434513912,-0.041847189172567,-0.0119192455376451,-0.025891297656389,-0.0325031819876829,-0.0385153603096217,-0.0382082092436066
2020-05-04,0.014149162219077,0.0537289544464127,0.0131012364875979,0.0098578788122734,0.0042358351961244,0.0090481690662902,0.0147821546990436,0.0244597640989145,0.0300940945349492,0.0005289314457452,0.0205483790072986
2020-05-05,0.0150084646508468,-0.0070396258925908,0.0007815221854263,0.0099516515546711,0.0197446378162997,0.013105699076366,0.0088181193671141,0.0107360434040537,0.0084109342539717,0.0257664301721993,-0.0084374606802259
2020-05-06,0.0103173440975228,-0.0005747993885081,0.0144361390905318,-0.0026050313849168,-0.0026614686466859,0.0130091914254382,0.0067611475606825,0.0098473579975093,0.0137877436614468,0.0159730732992426,0.0081221120583929
2020-05-07,0.0103448467813855,-0.0040260560791216,0.0069536948597912,0.0135136531963997,0.0177268948546218,-0.0001689858046139,0.0133829431763794,0.0058070112341277,0.0237749343339634,-0.0005071595326189,0.0038366084430057
2020-05-08,0.0238019128311754,0.0238690634371294,0.0050683893892957,0.0271894390300615,0.010998461374938,0.0084501397134797,0.005159736280631,0.0058820616455459,0.0250270985059111,0.0219459729621975,0.0110835196270524
2020-05-11,0.0157353480373256,0.0479414009700189,0.0123507439429992,0.0013452270809397,0.0139054696566207,0.0077092992009721,0.003908688822904,0.0111544020229459,0.0323839222667239,-0.000993148517341,-0.0096391046797285
2020-05-12,-0.0114283035222583,-0.0355221258936291,-0.0216064205236229,-0.0252360027642593,-0.0202407848855945,-0.0289374111131227,-0.014448085124832,-0.0226515179993147,-0.0326077344013283,-0.0255962679740463,-0.0248091761753949
2020-05-13,-0.0120738091978157,-0.029389844971862,0.0046543205752391,-0.0197429448416407,-0.0195247437378782,-0.0111319556125958,-0.0237981522483584,-0.0151225024885999,-0.002883835611799,-0.005355454922406,-0.0035225059292798
2020-05-14,0.00614302848766,0.0446530855256877,0.0088389261238963,0.0131104576834568,0.0063263480002582,0.0232074169700757,0.0083374741401087,0.0043392349466591,0.0321981338806096,0.0239738462669452,0.0231736771221835
2020-05-15,-0.0059121303710455,-0.0056869852896562,0.0087615478890035,-0.0232184923933982,0.0119392123705102,-0.0135410941580143,0.0196799248778698,0.01456843131056,0.0573123399070425,-0.0513331649804872,-0.0441458742556835
2020-05-18,0.0235612625266394,0.0071955605933331,0.0068388412038093,0.0503821457120798,0.0088269406232552,0.0281401061512587,0.0109539947244228,0.0095541459927952,0.0305629275280479,0.0550347154436066,0.0415662320005532
2020-05-19,-0.0057783974817604,0.0161201880501096,0.0095084265900111,-0.0057762016562373,-0.0077821949483872,0.0061751151152238,0.0173084415441551,-0.0069219458521055,0.0063137147245644,-0.0231424684334549,-0.0204356646121761
2020-05-20,0.0194479889759902,0.0165855083594614,0.0198462751735322,0.0247472287684173,0.0252910582873282,0.0466079147508342,0.0603560646752145,0.0138704919217316,0.0186820450153542,0.0325270361293277,0.0202717386326638
2020-05-21,-0.0074551867096305,-0.0308564972974435,-0.0204969304541705,-0.0139228730013172,-0.0017102704662002,-0.0177496823462648,0.0061746173907208,-0.0120110318336476,-0.0217112934738464,-0.0326179916626386,-0.0210262589530286
2020-05-22,0.0064383280780455,0.0095150343741559,-0.0040298211002152,0.0067321627894756,0.0046134471748595,0.0045175031065558,0.0152124462774831,0.000435861469584,0.0286027663055112,0.008974114555555,-0.0187193295969977
2020-05-26,-0.0067732751532062,-0.0358890630406228,-0.0061636144559753,0.0194108396086751,0.0057526277532855,0.0012850775057,-0.0115362893382203,-0.0105715171348296,-0.0341777454052364,-0.0086405556065984,0.0204818757160405
2020-05-27,0.0043565795595996,-0.0084601797304093,-0.0047360423470356,0.0197504691832508,-0.0007669883702655,0.019570203598102,-0.0131782499071126,0.0013217735056139,-0.0220814310082538,0.0162781064943575,0.0181029937898506
2020-05-28,0.0004402125176166,-0.0189609398592092,-0.0038541516055345,-0.0154735716282404,-0.0014360386002669,-0.0292637644377983,-0.0160600757369534,-0.0022551151553694,-0.0044865152421915,-0.0148821177110951,-0.028217824291854
2020-05-29,-0.0009741365508897,0.0398144084222378,0.0171879509011556,0.028713898440668,0.0107738998647159,0.0199351456171967,-0.0016410543100372,0.010198639051133,0.0457757906781322,0.0354627065322457,0.0009943799610141
2020-06-01,0.0122981722156132,-0.0031598173114509,0.0117386161812624,-0.0043945535526447,0.0009416479827064,-0.0170031203145896,0.0302989661970187,-0.0022920283655556,-0.0078025598117685,-0.0142185045611121,0.0139082466426783
2020-06-02,0.0046293261427043,-0.0016781680178149,0.0005543957444538,0.0278283885903969,0.0051851282386143,0.0042031447076451,0.0034927457108575,0.01137651095039,0.0021576525835786,0.0614572859879469,0.0192043290738108
2020-06-03,0.0055051482636632,-0.015128900998134,0.0024227334056401,0.0384823705228194,-0.0021216362092579,-0.0030585668010622,-0.0110002891734926,0.0024337982447613,-0.0063172306205219,0.0015478836867452,0.0201885255849412
2020-06-04,-0.0086125770880906,-0.0018964247105861,-0.007182048118134,-0.0020676888070825,-0.01733542135447,0.0167930894833356,-0.0168144885860042,-0.0131636121156979,0.0001140882752843,0.0229463647228411,0.0229928333073405
2020-06-05,0.0284811947597563,0.0089302184394328,0.0091034931130187,0.0265143518625585,0.018185580028148,0.021756293952744,0.0197976604025316,0.0233981872567825,0.017509733785457,0.0291723918398869,0.0169489649564991
2020-06-08,0.0059125191860971,-0.0024481592684286,0.016536458949464,0.0013875715341697,0.0055694718157803,-0.0104133016879847,0.0027299775876077,0.0061966081111517,-0.0128921526712905,0.0318465480826799,0.0067029222374261
2020-06-09,0.0315780050155836,0.0645648119715092,0.0304271392023058,-0.0069287946430567,0.0027898178554293,-0.0098947382711945,0.0314174633397463,0.0076450972633161,0.0273705117059279,-0.0177302890240379,0.0187154363846762
2020-06-10,0.0257277969876383,0.0186203094241086,0.0179132925581209,-0.00088804218429,0.0086911451184965,0.013166123559601,-0.008128321144621,0.0370915647603251,0.0354577636846595,0.0140389504463829,0.0166046248603712
2020-06-11,-0.0480106218450555,-0.0802576062999885,-0.0338023004521874,-0.0675787232682261,-0.0428757405698012,-0.0652887702050301,-0.0519579059732727,-0.0536985442085725,-0.0609066093548187,-0.0768048355061707,-0.0436142389249367
2020-06-12,0.0086335444603211,0.0126821530517433,-0.0050587433779371,0.0221277234361418,0.0078609079123666,-0.0061977271727026,0.0184910333361154,0.0078918660924864,0.0154893937569171,0.0145205735100886,0.017441839014586
2020-06-15,0.0123671632288391,0.0220560804705753,0.0108683094107977,0.0127893601929374,0.0055345227671872,0.0129782885455833,0.0171494408310248,0.0063919252849609,0.0270081163837947,0.0134910355039565,0.0003573360139326
2020-06-16,0.0265021231573572,-0.0040234312266874,0.0165547312399128,0.0218026833165492,0.018110403256782,0.0049918274383327,0.0135484546492348,0.0245052589026946,-0.0114730801500785,0.0362311120030831,-0.0039273285624492
2020-06-17,-0.0013915950663174,0.0016525918858039,0.0098306630195605,0.0087539362868169,0.004196288401894,0.0014899398242849,-0.0005092242152135,0.0034610537730723,0.0184705972734209,0.0046916418807887,0.0143367102195242
2020-06-18,0.0003981142728579,-0.0093491902596896,0.0049224846466295,0.0168134926119363,-0.0126811542395549,-0.0067779480795212,0.0017407847967936,0.010708481932818,-0.0019488713714849,-0.0002221488126318,-0.0005339098932314
2020-06-19,-0.0057148070281239,0.0035158886656196,0.0079239359185847,-0.0402270723920056,-0.0066102343308652,-0.0076564740603607,0.0120793236053289,-0.0059595793355229,0.0046916568612365,-0.0123445777068015,-0.0149598560941356
2020-06-22,0.0261641065361732,0.0097731658449322,0.0145082872310484,0.0355715846682331,0.0182642785282227,0.0078832148432281,0.0018007417811893,0.0277734706064629,0.0286680285731706,0.0036035925674116,0.0124751328305248
2020-06-23,0.0213446953626526,-0.0140612977842919,0.0186416977176082,-0.0071443625217098,0.0091819857961219,-0.0028291112679555,0.0126243848539011,0.0066807625920102,-0.0080563147460464,0.0024679747436555,0.0135714403014022
2020-06-24,-0.0176519377172975,-0.0296351590864368,-0.0108558678948279,-0.0139092830984244,-0.0213664942742478,-0.0138516772585909,-0.0339332657813894,-0.0201573641212183,-0.0226983769976385,-0.0023499943467937,-0.0031711682918682
2020-06-25,0.0132755401797306,-0.0087802842113325,0.0073800663877852,0.0061243800337533,0.0058629505509657,-0.0098157414827669,0.0070932341691223,0.012636542584558,0.0275568497386304,-0.002019606749148,0.0081300016528225
2020-06-26,-0.0307260416859969,-0.0352397808646324,-0.0224027631536963,-0.0046623078795061,-0.054513976445328,-0.017262058131676,-0.0831634286352634,-0.0200159628763175,-0.0353004397554941,-0.0105663023241322,-0.0124474140027904
2020-06-29,0.0230466550239556,0.0035928205720157,-0.0046381480680635,0.0077094920197033,0.0254161339505483,0.0133917105859218,0.021103204617374,0.0107471425862593,0.0049153381274511,0.0112471181797901,0.001065199783665
2020-06-30,0.008347660419848,0.0463405307800859,0.0292644860241904,0.0188198160122208,0.0149443309467434,0.0267716331888143,0.0291424718829842,0.0255491101119826,0.0323639158159974,0.0247166188819343,0.0067386400176219
2020-07-01,-0.0018911261056889,-0.0005702105863685,0.0434533861955745,-0.0091252351567199,0.0168891630636922,-0.0170482195707744,0.0461532741300128,0.0058475771438997,0.0033957557788404,-0.0156779992746741,0.0008808236307493
2020-07-02,0.0,-0.0045645049469178,0.0040296094827012,0.0087615754601211,0.019369084426325,0.0054412755898396,-0.0173858646602522,0.0076206517769377,0.0086307660112365,0.0232788999793611,0.031679010230748
2020-07-06,0.0267500979872907,0.0202522233511801,0.0576895522986906,0.0105240416454357,0.0202187146692935,0.00693391410738,0.0293889922601355,0.0215263513061705,0.0236155634292682,0.0114293598306611,0.055612560821403
2020-07-07,-0.0031030081802367,-0.0088015207354507,-0.0186193717294734,-0.0177859816441278,-0.0064883017186997,-0.0206583543276397,0.00241398425038,-0.0116278450944536,0.0033027943032586,-0.0083943110924108,-0.0189076320264711
2020-07-08,0.0232902068568572,0.009446438638148,0.0269955841812556,0.0205991148930573,0.0091818735854678,0.0051447723105806,0.0112927428477953,0.0219928601702577,0.0348728691766948,0.0150855973786734,0.0309667634012005
2020-07-09,0.0043003648056247,0.0716825377967742,0.0329491913823651,0.0060392075190247,0.0100159435715032,-0.0032418095227177,0.0037770151857172,0.007000860440107,0.0286800693339608,-0.0029935691852639,0.0349896170018173
2020-07-10,0.0017491696479972,-0.024100546522353,0.0054577488085445,-0.0064073661170667,0.0133999168887457,0.0190003458843497,0.0023313100761277,-0.0030328331828138,-0.0028304989793704,-0.0079355224678843,-0.0143563146944112
2020-07-13,-0.00461294551488,-0.0409806884709242,-0.0300000190734863,-0.0254508082314216,-0.0174007220360962,-0.015958187822695,-0.0247683666219018,-0.0308886303588772,-0.0407474704286326,-0.0127555384773192,0.0191072903983908
2020-07-14,0.0165482573196007,0.0210860433830519,-0.0064432990957692,0.0121101574029436,0.0057067066341978,0.0068282257877179,0.0030542792661494,0.0061813390307108,0.0323063986093907,0.0114967467986306,0.029045760439285
2020-07-15,0.0068771347072731,0.011330389584315,-0.0243612212612527,-0.0041258321148679,-0.0026168882306795,0.0008475764190047,0.0022942387497848,-0.0014880191546521,-0.0144311928086116,0.0018401663028799,-0.0134409637242545
2020-07-16,-0.0123047815731093,-0.0075894828782889,-0.0029811962413781,-0.0077763228383365,-0.0012921500565543,0.0018634949701004,0.0027052598641212,-0.0198038853489502,-0.0090443191005178,-0.01458662838598,0.0080229582990893
2020-07-17,-0.0020203541031271,0.0021850464417876,-0.0126437527619329,0.004400415594806,0.0012738153608544,0.0145418132393879,0.0045656871653121,-0.005099842089577,0.006586258495089,0.0112937710671212,-0.0028533156022957
2020-07-20,0.021074128198127,0.0439679892567481,0.0792951995732853,0.0141344903886047,0.0309788516248401,0.0191667082109381,0.0140065168932559,0.0429809331657649,0.0303139716630203,0.0101918615645881,0.0073795039287092
2020-07-21,-0.0138017112950227,-0.0080055532857981,-0.018314900474015,-0.0087977203423904,-0.0050644530077906,-0.0073588199575826,-0.0149539956829576,-0.0134687789139855,-0.0173388926901195,-0.0092304119372864,0.01375398146277
2020-07-22,0.0028091827723475,0.0840351037811815,-0.0122296300625397,-0.0017177783455095,0.0057393780125578,0.0057660434395481,-0.0077767343771608,0.014371228903943,0.010673921348093,0.0031415429441326,0.0106181349253187
2020-07-23,-0.0455164661026755,-0.0359281629359105,-0.0365687992017944,-0.0131613563839499,-0.030737754680187,-0.0106469954915551,-0.0303080912615667,-0.0434946374111664,-0.0296012605003884,-0.0316413494284261,-0.0169269188144919
2020-07-24,-0.0024772781211893,0.1650159792078827,0.0074868742889953,-0.0125294253560421,-0.005630463516911,-0.1624173271145526,-0.0081254327691958,-0.0061221834638248,0.0063921583780004,-0.0086986514331537,0.0969270687765047
2020-07-27,0.0237002005971758,-0.0061959696789838,0.015387648743417,0.0225318710946029,0.0140697173631989,-0.0201619867980556,0.0120930548173245,0.0126674628079044,0.0222668760259607,0.0428619746832295,0.1265224603386381
2020-07-28,-0.0164274568094122,-0.0197187267838313,-0.0179627805026953,-0.0170460961786336,-0.0168559647765692,-0.006657292111881,-0.0144753816033097,-0.0089770001207012,-0.0197667149310228,-0.0134842349074285,-0.0760358640454228
2020-07-29,0.0191683624091545,0.1254251686286882,0.0110654742657794,0.0048802190723644,0.0132077998735975,-0.0237612414725931,0.0137754552411981,0.0100978527829673,0.0244724848249573,0.0172771584291862,0.0747529407936837
2020-07-30,0.0121001543354064,0.0277303287147201,0.0060490302527969,0.0105229228387135,0.0097537724826637,-0.0016641580556682,0.0051867362151551,-0.0007840648629195,0.0141895548300008,0.1522089621862665,-0.0331440474295339
2020-07-31,0.1046885841666471,-0.0098465047712986,0.0369608215671373,0.0148989994864827,-0.0327750630099273,-0.005417930568096,0.081748404600312,0.005444052104393,7.068680435140529e-05,-0.0147402261592717,-0.0130112383492935
2020-08-03,0.0251977718741864,0.0030995462072016,-0.0166809658956397,0.0141437849298204,-0.003487879275723,0.0119423295302234,-0.0067411038435535,0.0562407554275847,0.0372594102594823,0.0376859444942392,0.0007608531221325
2020-08-04,0.0066781174834142,0.0948886689883916,0.0086571192564588,0.0222892702066308,-0.00637990570423,0.0171841960220453,-0.0084537372653776,-0.0150086308282504,0.0197541242718648,0.0124096513312332,0.0157058895490156
2020-08-05,0.0036244425936218,0.0031749369727147,0.021090645909052,0.0035019062488126,0.0039297129404844,-0.0042744474879227,-0.0028419784513411,-0.0016407887141492,0.0052551374517271,0.0039659217583194,0.017957427341757
2020-08-06,0.0348893408316117,0.0164107556669115,0.0062308600392182,-0.0011531894201054,0.0174837402162535,-0.0004114786806544,0.064868372544725,0.0160138827004192,0.0043191660289931,-0.0029624783490178,-0.0135982192783591
2020-08-07,-0.0227356075023051,-0.0214508203204979,-0.0178418536518895,-0.0098128027455719,-0.0043721160651242,-0.0111180856754786,0.0119119861890015,-0.0178877999461719,-0.0119976874857113,-0.0253016781306417,-0.0060853289470595
2020-08-10,0.0145348569938112,-0.0307601727435222,-0.006093187166982,0.004387533844415,-0.0010344767749952,0.024776136467818,-0.0202652435890987,-0.0199076880603403,-0.0030806625513692,-0.0174597242966332,-0.0019992356079907
2020-08-11,-0.029740104773986,-0.0651751063908148,-0.0214379930924046,-0.0101724473089409,-0.0108764919600359,-0.0209263893781115,-0.0261216358875769,-0.023385211583416,-0.0282128601059282,0.0232233263939694,-0.0241641220888422
2020-08-12,0.0332344662643968,0.0745317841004324,0.0264780496058392,0.0296578356288941,0.0180340919446897,0.020751233569169,0.0146801243779959,0.0285669953321028,0.054400720563644,0.0639528093810002,0.0186040562534266
2020-08-13,0.0176974757040944,-0.0093209571089684,-0.0003858318082136,-0.0126483194539452,0.0062432140364729,-0.0128074520357801,0.0054252383527262,-0.0023422178897448,0.000240326402235,-0.0205544644352531,-0.0137296982451701
2020-08-14,-0.0008913303315304,-0.0065981587279568,-0.0041125580829559,-0.0048570403849294,-0.0079255097437715,0.0067956051019861,-0.0002296480452431,0.0009582141418253,0.0105740790175297,0.0029096359220694,0.0014048895261078
2020-08-17,-0.0026106553638114,0.0137760771850707,0.0109243122343301,0.0076263146077553,0.0077163278888734,0.0008182552645188,-0.0003059930126689,0.0066059923684638,0.0668455439876254,-0.0137153311546096,0.0227010820510289
2020-08-18,0.0083328487909661,-0.0092209964052425,0.0408746695593578,-0.0050862057509951,0.0260777468053983,-0.0057224958271568,0.0045180465711049,0.0057543078082751,-0.0061805165067813,-0.00133718898599,-0.0097268656250595
2020-08-19,0.0012546804865802,-0.0069802510244465,-0.015701145907449,0.0017346857807349,-0.0071797129499261,-0.0065777230903422,0.000953054028749,-0.0060669239296706,-0.0099709927377252,-0.008836740307582,-0.0109559486088255
2020-08-20,0.0221898159810114,0.0207177257497392,0.0113142706422657,-0.0011546735081838,0.0204841182743282,0.0173805307275169,0.0244486972903588,0.0232712995484922,0.0002059252223391,-0.0034224323320596,-0.0220270521127218
2020-08-21,0.0515322192393099,0.0125649505582583,-0.0038364352508537,0.0036189373100896,-0.0004314116903197,0.0022373018081411,-0.0074347011181779,-0.0072700395074417,0.0446833518985203,0.0211457600452056,0.0199196631173628
2020-08-24,0.0119601774767807,-0.0087101270588715,0.0069230176050809,0.012060051873417,0.0060803549336032,-0.0028408833630994,0.0164040760456694,0.0031454073294614,0.0028974511152264,0.025752520832273,0.0071483268987062
2020-08-25,-0.0082036442867168,0.0393596120726624,0.0118005496459872,0.0064068447403167,0.0130586532467369,0.0059015635121282,0.0347468993893127,0.0130094185246691,0.0023388293214323,0.0003447512185665,0.0144488384598975
2020-08-26,0.0135988589071014,-0.0038216773235217,0.0284955613728457,0.0105019636141976,0.023837809199805,0.0024274322023689,0.0822233978002817,0.0216195454315262,0.0018036196687765,0.000776316515525,0.0213639874434661
2020-08-27,-0.0119544625855045,-0.0258078781439656,-0.0121591515849882,-0.0015602691683936,-0.0094942800102371,-0.0030271570037682,-0.0351746451086182,0.0245536106229771,-0.011332307103537,-0.0001723313530108,-0.0140673722868522
2020-08-28,-0.0016195666584255,0.0208830541320999,0.000529390222886,0.0167481939603622,0.0066991756306906,0.0208502240436299,0.0015004057829817,0.0102832542715241,0.0411378977981407,0.0187897366284361,-0.0019850970281166
2020-08-31,0.033912000198965,0.0616013612515953,0.0144512191511667,0.0067570694479124,-0.0060385159854524,0.0103113020018381,-0.0015664464571403,-0.0147656643990499,0.0172463639210243,0.0076142202433329,-0.0147937541194832
2020-09-01,0.0398326706775165,0.0149746819524496,0.0139554758329998,0.0356905433075069,0.0156792816445405,-0.0031403531120354,0.007639962743249,0.0077151877351719,0.0336936399198528,0.0244332524746948,0.0290224937467327
2020-09-02,-0.0207184520695786,-0.0212627367973941,0.0092394711421224,0.0430273229827709,0.0376477797218934,0.0287457855082826,0.0238964795428167,0.019272171895893,0.0380216822164927,0.0149969113224359,0.0076023691132487
2020-09-03,-0.0800607088847146,-0.0851252516211829,-0.0462841091596809,-0.0611182198818118,-0.0511706398388149,-0.035597860968831,-0.0376199055244669,-0.0619469655343922,-0.0927752232017079,-0.0547980315088821,-0.0120482001596287
2020-09-04,0.0006618600066947,-0.0064211142890497,-0.0217873587995646,0.0308442641143134,-0.0296407970906805,-0.0061521988731583,-0.0288197472367556,-0.0140357531909517,-0.030194540699909,-0.003950764995539,-0.0279624443103672
2020-09-08,-0.0672951812911513,-0.0404828631672172,-0.0439443595298213,-0.0341918419184787,-0.036434119237485,-0.0233624462858006,-0.0409222485762359,-0.0540956351810967,-0.0562094382391042,-0.0534622680969404,-0.0201491413436982
2020-09-09,0.0398869074813008,0.0409200803253346,0.0377066241814576,0.027072320088036,0.0155093052600285,0.0145161768282917,0.0094409295084145,0.0425835060265673,0.0673216996056951,0.0387173237592355,0.0269009787466811
2020-09-10,-0.0326460825216734,-0.0357709702622216,-0.0286054510021445,-0.0081939655110285,-0.0136891347632369,-0.0133009578670085,-0.0205685314323854,-0.0280183664007708,-0.0317146466565494,-0.0138571817242597,-0.0062972472033654
2020-09-11,-0.0131288593595859,-0.0334262712944187,-0.0185473174294996,0.0073376568995344,-0.0067428231422101,0.0065359879982562,-0.0055206455162767,-0.0065249131775311,-0.0119601187433185,0.0087156802807446,-0.0010140936342553
2020-09-14,0.0300001529567592,0.0204349654548514,-0.004251985314208,0.0069500963771624,-0.00457194778536,0.0026379384801868,-0.0017252613329653,0.0067638095227653,0.0581816846264235,0.0003526389463326,0.0213141746746881
2020-09-15,0.0015602213846788,0.0132220636600977,0.0171320044076346,0.0130037518847627,0.0174241160484753,0.0119409548462752,0.0235581882836102,0.0164062357170111,0.0092252101787162,0.0274989423425489,0.0664598944362002
2020-09-16,-0.0295136215563871,-0.0287596178169221,-0.0247233443179839,0.000354419255703,-0.0150020635203477,0.0073998965289596,-0.0326703174259268,-0.0178656539379823,-0.0366793741825216,-0.01732735959603,-0.0316833215468127
2020-09-17,-0.015963557761871,-0.0014349152765033,-0.0225366679892503,-0.0030516150643272,-0.0165664774395675,-0.000992597248034,-0.0330143594839601,-0.0104363578097878,-0.0040752142606507,0.0027934881184541,-0.0095882528016545
2020-09-18,-0.0317203984800679,-0.0211626738340781,-0.0178879087810678,-0.016916213363519,-0.0241755797375843,-0.0085453415902487,-0.0089868625275757,-0.0124193802690183,-0.0220040771517844,-0.036472851175836,-0.0205104356663349
2020-09-21,0.0303260655543937,0.0401708544504377,0.0018816131825081,-0.0131561547503724,-0.0144373742367531,-0.0034073685206857,-0.0173444972070117,0.0107289720043526,0.0269089877065948,0.0111121930591953,0.0044869551814776
2020-09-22,0.0157155850674348,-0.0030793621458312,0.0569233598477991,0.0278571113144827,0.0207530613226256,0.004625997259998,0.0265968977691677,0.024094045186138,0.0096265580589529,0.016976490489347,-0.0013649042830417
2020-09-23,-0.0419460938667353,-0.0382238572452837,-0.0412688916514207,-0.0276554273345033,-0.0345452652284012,-0.0226227791281012,-0.0224926791248766,-0.0329282524933364,-0.0406718132764606,-0.0285540607094951,-0.0318090363572185
2020-09-24,0.0102690142667707,0.014585792706103,0.0066436817881205,0.0026450576530054,0.0095572862996329,0.0069643580846512,0.0020480212599465,0.0129617505632788,0.0184967684590493,0.0146512797353983,0.0059034020533768
2020-09-25,0.0375159288718911,0.0295436279713205,0.0249487430734429,0.0121412696858367,0.0113856241560041,0.0158665258868024,0.0211999778625064,0.0227866956558326,0.0425778457788079,0.0205901020498697,0.006379050626792
2020-09-28,0.0238689425401961,0.0181912098738403,0.025498115680328,0.0294283680661735,0.0136198276706285,0.0298357530123889,0.0078487112801355,0.0077950269246118,0.0125253538315106,0.0346725679037052,0.0112828450081687
2020-09-29,-0.0075676753870018,0.028812194129494,-0.0091901268055588,-0.0082766337388012,0.0050457161565014,-0.0046665660615869,0.0193519652146545,-0.0104085828672119,0.0146337339030468,-0.0092006427364652,0.0092767299220652
2020-09-30,0.0150758815306555,0.0026904883176581,0.0012241460404771,0.0001644741099162,-0.0002863903907156,0.0115256568356507,0.0004201354372845,0.0148121950508668,0.02304224101015,0.0025558946472694,0.0069557355396636
2020-10-01,0.0084619689776208,0.035004303224287,0.0230347523173155,0.0117482016690317,0.0152156857146517,0.0088838357235314,0.0180602333473516,0.0101268836855354,0.0062082183679632,0.0156354887644738,0.019119609952289
2020-10-02,-0.0322802450124608,-0.036059362910498,-0.0298827380233387,-0.0319318249198647,-0.0217085419861299,-0.0235451386374564,-0.0250909515414985,-0.0295111328265734,-0.0405632700271173,-0.0338855546139009,-0.0220287011139498
2020-10-05,0.0307910665349948,0.0531784634698446,0.0237440429687501,0.0259787449416415,0.0187070952666479,0.0133306347376918,0.0181196207819518,0.0203206583361945,0.0444218992804892,0.0437343345999658,0.0462869551729485
2020-10-06,-0.028669478936777,-0.0193847723664132,-0.0310202888657681,-0.005790756889583,-0.0214522087336711,-0.0061907088960717,-0.0226335509203469,-0.0212470558352192,0.0068901344934559,-0.0081313558953649,-0.0167967007303136
2020-10-07,0.016967143351587,0.0261600260020737,0.0308810371069987,0.0075826979979356,0.0055959558303524,0.0253067143295193,-0.0020878082840731,0.0190373437774782,0.0165615791727646,0.029195331873622,0.0457171657854156
2020-10-08,-0.000955796217445,-0.0020763675176667,-0.0016084400175445,0.0179694625357207,0.0166467880583267,0.0132900963447051,0.0218504810051407,0.0035743203970448,-0.0089694200182924,-0.0056085495843869,0.0101241289866382
2020-10-09,0.0173957703506235,-0.0394174497503713,0.0301202491412073,0.0090262690694167,0.0182146778185778,-0.0103055393886918,0.0026157960873138,0.0248359690172847,-0.0054916509802021,0.0206801087642742,0.011161758954121
2020-10-12,0.0635207866471425,0.014320125911637,0.0475499074022058,0.0152114414248585,0.0358434760253427,0.0200682441487369,0.0427302831441269,0.0259026074990422,0.0336597363801911,0.0145752893495672,0.0239919115952342
2020-10-13,-0.0265277292510628,0.0117451400286692,0.0002033364732005,-0.0024581445311887,0.0015852078991163,-0.0009279348137428,0.0014144345719442,0.006594475145778,0.0015639526927175,0.0060777226389439,-0.0139701184935373
2020-10-14,0.0007433292767649,-0.0125469009162788,-0.0232080805474116,-0.0031192329520051,-0.0023165663060162,-0.0052015140578111,-0.015644288252048,-0.0089741195893414,-0.01073827233789,0.0189863110081645,-0.0116018006978976
2020-10-15,-0.0039605487096783,-0.0128251020400952,-0.007450142689235,-0.0009727182505585,-0.0050977306124312,0.0056023947491279,-0.0187623512824965,-0.0054334617457015,-0.008886034893778,-0.0100090744515668,-0.0050788204530028
2020-10-16,-0.0140008569880659,0.0004811850938164,-0.0197504809833339,-0.0033689137032683,0.0078626241485841,0.005756431083765,-0.0029618892436774,0.0,-0.0113457205934741,0.0034996262518858,-0.01644938603423
2020-10-19,-0.0255417540676534,-0.0140675507358875,-0.0200139574577284,-0.0076063860730711,-0.0240797247537969,0.0077549676030748,-0.0170345281047218,-0.0247654837744686,-0.0227164055725296,-0.0047275282991073,0.0099192060009423
2020-10-20,0.0131920062671497,-0.0053658834317835,0.0030555543397112,0.003246888398618,0.0138108641066561,-0.021070022108474,0.023565272621205,0.0020071129948073,0.0109462210666311,-0.000934481185382,0.0079945112225554
2020-10-21,-0.0054463950091888,-0.028935761169636,-0.0099688867749156,-0.0131036454464175,0.0225069213611177,0.0013101932157129,0.0417476900015403,0.0006987670699503,-0.0088491151445739,0.0019484950138597,-0.0070246694607313
2020-10-22,-0.009583234882886,0.0027777932977308,-0.0026812857408547,0.0035477355886488,0.0130329177863877,0.0074765226558703,-0.0021886254375126,0.000419146031251,-0.0121074339798841,-0.0013223705233701,0.0065038697166783
2020-10-23,-0.0061339093165834,0.0319818808119858,0.0088149718670293,-0.0017408533176989,0.0163818277644867,-0.1057513841505916,0.023982482672056,0.0062354012902265,0.017157991197674,0.0038948291760836,0.0011337114581675
2020-10-26,8.688972689507857e-05,0.003294342062921,0.0008238907949942,-0.0259713814529619,-0.0298169249738062,-0.030705321888957,-0.0269672684952787,-0.0284415922165671,-0.0330383767391175,-0.0207948771191512,-0.0178912965998124
2020-10-27,0.0134724067462919,-0.0407394620789973,0.024723687101579,-0.0094754695474675,0.0092093460563149,-0.0231164903866273,0.0223016754171117,0.0150894707412065,0.0194425601227243,-0.002297642653481,-0.0002306307278354
2020-10-28,-0.0463122465924775,-0.0314401092024835,-0.0375950699837286,-0.0344548698033793,-0.0550885318930162,-0.0304557210713023,-0.0551378650196019,-0.0495662560118782,-0.0574579275338101,-0.0343896484884581,-0.0329836586355768
2020-10-29,0.0370503986052879,0.0212041241470233,0.0152492358496374,0.0224645516528738,0.0305003545309545,-0.0031637174049313,0.0491651112135567,0.0100649048582452,0.0314406259319155,0.0399736173292073,0.012402923729941
2020-10-30,-0.0560179217880901,-0.0349909746859964,-0.0544564552314909,-0.0151544461494103,0.0380440555990193,0.0038539525802721,-0.0630989073428583,-0.0109903062524807,-0.0376229001049467,-0.0243593678880493,-0.01201524762729
2020-11-02,-0.0008269075052521,-0.0078364186493651,-0.0104309480406591,0.0046337945432533,0.0050801945334193,0.0040649216402555,-0.0066511535040919,-0.0006916315970588,0.0037301317247133,0.0049446803314256,0.0219386821907141
2020-11-03,0.0153537613778527,0.0251674024045156,0.014621516534147,0.0071455962046973,0.013137670389256,0.0087718652526929,0.0150751527585746,0.0202639117681415,0.0348746840752638,0.0119383783619015,0.0231010442330201
2020-11-04,0.0408364778383991,0.0622877582791083,0.0632296629402453,0.0307273195099484,0.0608813649957602,0.0189523955467472,0.0832265492464867,0.0482487634933506,0.0595067373576814,0.0280592721299195,0.0200706518502638
2020-11-05,0.0354936001277568,0.0202827480863911,0.0249417336989234,0.0445383014442579,0.0095369037188046,0.0068324013674474,0.0254017078100443,0.0318871106173392,0.0265147030765635,0.1274714196965609,0.0109558687470279
2020-11-06,-0.0011359356333949,0.034698762089373,-0.0031999360619097,-0.000656659695002,-0.0015716605639157,-0.0063485494618475,-0.0043096218544275,0.0019256559536204,0.0283897230090481,-0.002750824142755,0.010837138480245
2020-11-09,-0.0199680378675722,-0.0321378038554384,-0.0506225544773759,-0.0133464045988276,0.000960479998699,0.0046266810043453,-0.0498960281026547,-0.0238244695927258,-0.063950778721971,-0.0165505907481672,-0.0260363675717534
2020-11-10,-0.0030089696511258,-0.0617180547798219,-0.0345829458053642,-0.0330459860292631,-0.0134551289425109,-0.0035088118667762,-0.0227428169065987,-0.0337926149563853,-0.0631475160433394,-0.0175304816540367,-0.0153882913468945
2020-11-11,0.0303528006498794,0.0421849083939482,0.0337295933275643,0.0352216712724264,0.0054727905849054,0.0200263934300026,0.0148661972252368,0.0262546318661791,0.0507439299034266,0.0541007761888177,0.0367330459015811
2020-11-12,-0.002343458975648,0.0068897338460145,-0.0086409353539677,-0.0152160929386198,-0.0025242181237223,-0.0302047159363251,-0.0050635465806904,-0.0051259197665375,0.0028881102716677,-0.0255945370904289,-0.0116638717578138
2020-11-13,0.0004195165550444,-0.0050097269191228,0.0059576524814246,0.0089138955107894,0.0168923043432549,0.011345820391498,0.0067980174061179,0.0049665223150816,-0.0118715839914299,0.0024322835571402,0.0378533947693096
2020-11-16,0.0087205749498862,0.0282451558779084,0.0007190451875813,0.0195719657962749,0.0009987434323179,0.0160579876417041,0.0072575339532647,0.0033256513724198,0.0164136068924887,0.033342330957873,0.0649002745277194
2020-11-17,-0.0075646500961329,-0.0044189983488325,0.0014692212571774,-0.0005515415648632,-0.0069728678741962,-0.01428899261926,-0.0141957042867384,-0.0127515856263226,-0.0068811774939039,-0.0022133909866626,-0.035861753192263
2020-11-18,-0.0113912812188546,-0.0098368484743316,-0.0096312082290381,5.247096587779332e-05,-0.0119320635049275,-0.0103226012139482,-0.0110180768801461,-0.013183718655137,0.0004841097323946,-0.0113624264232914,0.0127468421196903
2020-11-19,0.0051681403600936,0.0363460136506448,0.0037224948852547,0.0097474905332031,0.0103009144377288,0.0124278271852993,0.0035666299237513,0.0063482889717763,0.0008563997626502,0.0032642447282944,-0.0033012645710386
2020-11-20,-0.0109575213301875,-0.0105214112256987,-0.0056528140071752,-0.0026022115397159,-0.012618093133532,-0.0050417865765158,-0.0118707797638036,-0.0095564924332304,-0.026227071705618,-0.0101675607680811,-0.0132491420048463
2020-11-23,-0.0297424996257777,0.0079158574406517,-0.0003259120565208,0.0095742735111914,-0.0050797163985235,0.0147610721055888,-0.004708784648883,-0.0013308969918455,0.0039921831746443,-0.0151336414181122,0.0293715377033993
2020-11-24,0.0115942414452119,-0.002813244293023,0.0063484924952752,0.0135142856763188,0.0210354878902521,0.020625219870423,0.0316281075739734,0.0178478340157504,-0.0138698295022995,0.0146708489708431,-0.0151839606696847
2020-11-25,0.0074671653768085,0.0192782343426787,0.0214908910501339,-0.003569632025579,0.0001303953246081,0.000850847638671,-0.0048025986456983,4.672886051926284e-05,0.021377256402449,-0.0126769505730758,0.0087957255129125
2020-11-27,0.0048262762970161,0.0055357324645566,0.0032244443407518,0.0105416635187585,0.0129753031187018,0.0085019606042402,0.0080553834677479,0.0063590014322807,0.0020020400626317,-0.0017353291605637,0.0128216972970769
2020-11-30,0.0210995322795599,0.0627365646007305,-0.0085437262248471,0.0167868731072897,-0.018253849432646,0.0189670333266578,-0.0030236713465982,-0.0053895992287199,0.010576207554908,0.0232218917873792,-0.0174195554136962
2020-12-01,0.0308275103049844,-0.0003238334503076,0.0164265926136637,0.0074456884457847,0.0233470108486189,0.0250259748137036,0.034588453680509,0.0099967187866105,-0.0008580695804482,0.0277910896989539,0.0395793754273676
2020-12-02,0.0029336157254895,0.0119831657482922,-0.0051396201395093,-0.0020762827621498,0.0164925650548064,0.0068603848047947,0.0033851557624606,-0.0038852148423403,0.0115383010549745,-0.004183152514218,-0.0130872501846723
2020-12-03,-0.001137584351612,-0.015254964132322,-0.0052441921643481,-0.0097340700838609,-0.0017150443379089,0.0218437326725717,-0.0197203794227187,-0.0052468187211477,-0.0106716787943769,-0.0004666331630441,-0.0004019008533765
2020-12-04,-0.0056124676467619,0.0187412349982509,-0.0075783279834464,0.0297147910441761,0.0010538147265519,0.0196116190385238,-0.0076279923891403,0.0005601982074998,0.0121118126388364,0.0514308492912067,0.0425123931465318
2020-12-07,0.0122700288033905,0.0003190002020929,-0.0014482094330078,0.0223717924561888,-0.0036901629706689,-0.0344296302500779,0.0210224561728387,-0.0003264877965613,0.0035773290466238,0.0025376777931545,0.0256437023338398
2020-12-08,0.0050908433473579,-0.0122249551356399,0.0061083476499241,0.0059873240155097,-0.0031370457157734,0.0097608240445052,-0.0076337998983739,0.0080265916736641,-0.0188693528583675,0.0049362002049291,-0.0070496678610223
2020-12-09,-0.0209037470593058,-0.0332543736416403,-0.0230038504154699,-0.0169811859289809,-0.0184780554511537,-0.0122311608656129,-0.0193365806604673,-0.0194900273199648,-0.0314045677899432,-0.0175063813288242,-0.011548501086609
2020-12-10,0.0119888539236439,0.0203718333936628,-0.0008730964486967,-0.0148482173644759,-0.0057429662401159,0.0037943405560336,-0.002878494975416,-0.0060433832561379,0.0032094392068591,-0.0017304742032073,-0.001819731807603
2020-12-11,-0.0067347855921596,-0.0001091221452198,0.0048138524969394,-0.0102915249234771,0.0040449070499959,-0.0105450046272924,-0.0128824072731937,0.0130155527500752,0.0031605385950583,-0.0736436521811891,-0.0019187629622313
2020-12-14,-0.0051467004119079,0.0341516334021463,0.0130117015614648,0.0147356851616811,-0.0127000002773929,0.0148804612001118,0.0023394707289001,0.0044077108632554,0.0227076579301517,0.0139308917762219,-0.0045178739174964
2020-12-15,0.050090284712976,0.0246887950772616,0.0025815971159888,0.01520167573824,0.005033505928323,0.0039626698375159,0.0049601226020081,-0.0003266572236191,0.0038885840296627,0.0141503169248238,0.0147737907011626
2020-12-16,-0.0005474425464445,-0.0027801098108026,0.0239612243786195,0.0163612009291851,-0.002208913123888,0.0088811485058442,0.0004355437158307,0.024050646479055,-0.0088322675917513,0.0093015352386458,0.0010469380124122
2020-12-17,0.006963583477624,-0.0001032745109762,-0.0015057469987226,0.0028241561621895,-0.0094924309993388,-0.00919422940661,-0.004316833799723,0.0006382519876415,0.007457130275962,-0.0014023717191948,-0.008190266558937
2020-12-18,-0.0158507521402666,-0.0095001879774475,-0.0106393944089142,0.0285443135303351,-0.0082102142975274,-0.062981123741271,0.0069951932558565,-0.0037826140962193,-0.0051905722490308,-0.0141110090599332,0.0036573655772806
2020-12-21,0.012395220807174,-0.0280441499516482,0.001414904557329,-0.0130705788572424,0.0048312778180819,-0.0231775646757501,-0.0130607349602528,0.0182991901474893,0.0045393345095787,-0.004205339068224,0.0052742487263379
2020-12-22,0.0284645007249231,-0.0007508279770861,0.0001060345358481,0.009839626892556,-0.0082670269391936,-0.0040981689171932,-0.0208953857418434,0.0060649904386234,-0.0040503113505132,-0.003133886836382,-0.0084899717471861
2020-12-23,-0.0069759670161688,-0.0172821011921707,-0.0066271220719273,-0.0176404188466264,0.0046562889101029,0.0086634582965965,0.0038189247221684,-0.0130391153532143,-0.0202585739644778,0.0042370761813534,-0.0017316011771557
2020-12-24,0.0077124108774764,0.0028399180575557,-0.0039494158223627,0.0141024016130271,0.0034312313806692,0.0107364905216664,-0.0026479229544129,0.00782725393847,-0.0011914252669201,0.0124523050345726,0.0212990259206027
2020-12-28,0.0357655304862702,-0.0022873226234283,0.0350711327167212,0.0009734402673158,0.022950490111232,0.0,0.0359009880331573,0.0099214337902175,-0.0072148588361982,-0.0070568567101291,0.0016986654621466
2020-12-29,-0.0133147447253524,-0.0106986434919638,0.0115836251310301,-0.0065760403118473,-0.0091321096189652,0.0492885037776764,-0.0007941319511528,-0.0036006849527133,0.0033526174326172,0.0050760387079207,-0.0055581142777956
2020-12-30,-0.0085266118095248,0.0184285821930003,-0.010882060864285,0.0134953633984558,-0.0122370456599323,-0.0129582355092151,-0.0177397079734563,-0.0110192827671299,0.0156452407485034,0.0098326668263826,0.0316407262031879
2020-12-31,-0.0077027050810468,-0.0062845576476433,-0.0088013706231954,0.0069453823155822,0.0094398840840044,0.0219489158148249,0.0047449619708415,0.0033381100392861,-0.0069032782223015,0.015938845602506,0.0012855437450456
2021-01-04,-0.0247193486355593,0.0064333657526449,-0.0215847406203044,-0.0288455286257123,-0.0151256848368412,-0.0030107777152138,-0.0154489049467572,-0.0212660114940297,0.0044806481800703,-0.0252071612700345,0.0243944294629769
2021-01-05,0.0123638110365307,0.005092021405948,0.0100043583817541,0.0067729727050478,0.0080641653615143,0.018924840691606,0.0075482556223938,0.0009644803550001,0.0222102449859404,0.0264646826216741,0.0095795570567509
2021-01-06,-0.0336616598342324,-0.0263015511512805,-0.0248966141477093,-0.0061668900665912,-0.0098676290855803,0.0096817506241972,-0.0282688700999056,-0.0259291998825276,-0.0589530729914486,-0.0081348001952324,0.0251838641356882
2021-01-07,0.0341231873317335,0.0534706269583422,0.0075771277744003,0.0421428099874165,0.0298687977122669,0.0213308540442411,0.0206219863192913,0.028457021154977,0.057830293808978,0.0298299232269325,0.0503416529603903
2021-01-08,0.0086316122379532,-0.0060950169055704,0.0064955143746732,0.0050743533453134,0.0132386253527378,-0.010346906325703,-0.004353646075584,0.0060927544375726,-0.005039848901292,0.006037362620946,-0.0225643793086153
2021-01-11,-0.0232489834443684,0.0282300498758147,-0.0215194622800055,0.000269371352104,-0.0231055524729592,-0.0021295290583986,-0.0401014936092614,-0.0096984437654349,0.0259665706830778,-0.0033834843424861,0.0329430663741709
2021-01-12,-0.0013954343271856,-0.0194344410246626,0.002125797051401,0.0081434053821249,-0.0107385706246641,0.0329839885529947,-0.0223876061637469,-0.0117707677443485,-0.0100392126244318,-0.0106337710451949,0.0032624555317124
2021-01-13,0.0162264192543877,-0.0375419652699338,0.0144384068741727,0.0040501598391471,0.0056519547716107,0.0696843927022055,0.0021905023517352,0.0065601950023599,0.0034854039577654,0.0192297108583667,-0.0306502752803451
2021-01-14,-0.0151268685480391,-0.0107866406290784,-0.0121355451731773,0.0019059251972859,-0.0093461145071829,0.0403863729907896,-0.0238435696968845,-0.0153462327021418,-0.0244980532228406,0.0217889374994839,0.0605551318577204
2021-01-15,-0.0137306089204869,-0.0284172464482643,-0.0074246001256428,-0.0137591020258764,-0.0019063585786891,-0.0281857493627214,0.0232861676603068,-0.0017368333472003,-0.0258136904474245,-0.023375711155689,-0.0096482768363383
2021-01-19,0.0054269387404533,0.0140573390391045,0.0053185182942283,0.0300996233055708,0.0329064419834468,0.0071206181339971,0.0387490529135023,0.0178227038622267,0.0128894733996334,0.0425231839279149,0.0484710536549202
2021-01-20,0.0328562694014151,-0.0078255670444261,0.0457004846223967,0.0056832170644733,0.0535733838165513,0.0117261101307961,0.0244353174527447,0.0364996173701577,0.0261411873032608,0.0050680429859941,-0.0050267203333455
2021-01-21,0.0366583542628846,0.0313239299075704,0.0133634215506248,0.010695277197871,0.0021700906210659,0.0645986424383548,0.0201506576178571,0.0028083832752245,0.0375398972947658,0.0009114694275365,0.0269446181712111
2021-01-22,0.0160736024723682,0.0137660018904695,-0.0044633130451272,-0.0038559717497569,0.0044635530123677,-0.0928595672281555,0.005973772346274,0.004356109970983,-0.0111770265076264,-0.0141429400738644,-0.0374183267169468
2021-01-25,0.027684051156158,0.0144411717283039,0.0005376354551673,-0.000494542126363,0.0009087576139645,-0.0215319866799309,0.0127868712491368,0.0158441090679541,-0.004320836664632,0.0121906299504788,0.010686184159323
2021-01-26,0.0016791765097081,0.006161710910213,0.0097541370821099,-0.0019794215492275,0.0072164351461743,-0.0041484389770594,0.014531858360183,0.0121989572241063,-0.0159670194166237,-0.0112529486882726,-0.0296506324711375
2021-01-27,-0.0076836893281982,-0.0619787013338108,-0.0281258122831292,-0.0413261046941054,-0.0466519941793863,-0.0293426318632656,-0.0351355704440369,0.0024535109615633,-0.038518074209476,-0.0546294579698696,-0.0387682658491473
2021-01-28,-0.0349854816651283,-0.0148581691719547,0.0015591193708615,0.0158308521880152,0.0188350733196365,0.0462774256565841,-0.0262365183556284,0.0258907726889427,0.0103153097991297,0.0122339008860481,0.0335962163651692
2021-01-29,-0.0374205162950178,-0.0214807738291533,-0.0097046545146951,-0.0027449137822778,-0.0139433775473566,-0.0099876284445382,-0.0251698399251524,-0.0291716500165133,-0.0046931484663836,0.0046933040948788,-0.0342526110642484
2021-02-01,0.0165200810922028,0.0235871588843694,0.0426299029247456,0.0360485632849054,0.0359589746059372,0.0212574266291833,0.0142453083362086,0.0331520750271687,0.0190342110564367,0.033913550416156,0.0422976027930463
2021-02-02,0.0063364234519016,0.0136892185502026,0.011104214562255,0.0217250980796313,0.0137607290077002,0.0231082003663953,0.0193503862623056,-0.0005840678242275,0.0241560044065431,0.0198042983901254,0.0140533638551925
2021-02-03,-0.0077779658085643,-0.0109160613779033,-0.0199615659093009,-0.0245133930683724,0.0728250364276295,-0.0055171584909523,-0.0016099437867052,0.0145714325071639,-0.0019364846577558,-0.0150503230874237,-0.0073187850717021
2021-02-04,0.0257576779879094,-0.0005689276607697,0.0055758451473297,0.0116940410630561,-0.0025501269533854,0.0254307375989306,-0.0006001462820516,-0.0040740884068132,0.0098850621023729,-0.0882932061729856,0.005098033534532
2021-02-05,-0.0030980629598018,0.0006831191995666,0.0063494151774878,-0.0098163726777973,0.0171404782495865,-0.0103759710149992,0.0060414226110441,0.0007851029465497,-0.0053607983900946,-0.0143948937541487,-0.0028871723883242
2021-02-08,0.0010969533312568,0.0406143302941031,-0.0087137807739665,0.0143559329993239,-0.0020633946425095,0.0168444344671283,-0.0056692358743767,0.0011147731328093,0.0623760904026968,0.0105595792445742,0.03732976563437
2021-02-09,-0.0065737070712006,-0.0061221990939145,-0.0053988525624483,0.0040829928067591,-0.0043798397033137,-0.0064234817378054,0.010766009813,0.0053615175637291,-0.0121549165143941,-0.0086172022361834,0.000980848718491
2021-02-10,-0.0045582923278228,0.0158397838962127,-0.0055734054403838,-0.0096497524130871,0.0053435255407741,0.0013612311631958,0.0089811302663405,-0.0038971727010783,0.0351251660173268,-0.0041744479584628,0.007612157654671
2021-02-11,-0.0019205788905723,0.003356851035305,-0.0074392739100781,0.0177427259090698,0.0010880508626172,0.0305809002909873,-0.0054436622028741,0.0068777332131875,0.0329512753845633,0.0004120008500969,0.0409156244577773
2021-02-12,0.0017759948655093,0.0119792028608662,0.004775969497859,0.0165766040723049,0.0030065652560702,0.0189580741042716,0.0004065451262815,0.0020447734057158,-0.0189825423047058,0.0166251721789183,-0.0079046115844422
2021-02-16,-0.0161037492939108,-0.0246347194336233,-0.0026726192693009,0.0057781245268013,0.0074795991405434,0.0106779954755877,0.012828370093622,-0.0052653825267812,0.0246634169841162,-0.0055410943404163,0.0144140927832268
2021-02-17,-0.0176440608269632,-0.0166192505825693,0.0121415891695946,-0.0135956992214125,0.0037523796778462,-0.0099248014492521,-0.001459997745732,0.0043595077550213,-0.0276738705131822,-0.016376542989631,-0.0269901919629157
2021-02-18,-0.0086364529208575,-0.0144541140367961,0.0059208142742981,0.0016165613384404,-0.0060465010899167,-0.003880315844866,-0.0152795933416702,-0.0016788778516406,-0.005165732362707,-0.0058033345897221,-0.0120351987204458
2021-02-19,0.0012333293999808,0.0106047207567561,-0.0235350557457474,0.0138641622840234,-0.0080729809931083,0.0227235424196687,-0.0290655921617036,-0.0115673544104117,0.0065751518762888,0.0071573443951447,0.0150784613203531
2021-02-22,-0.0297989133073558,-0.0469970863855595,-0.0212806096041119,-0.0277572908290241,-0.0165403870218847,-0.0365021725613525,-0.0047025756982279,-0.0268082113477448,-0.0382376030606074,-0.0378088759738312,-0.0226107878926618
2021-02-23,-0.0011113038990316,-0.0073796985187249,0.0043260595267096,-0.0093625304674512,0.0028526619215167,0.0067533804035835,0.0212422578635909,-0.0052876704563253,-0.0148894062305379,-0.0167790313248319,-0.0334655645653187
2021-02-24,-0.0040520339739277,0.0259618200743114,-0.0109469686765182,0.0190295377001048,0.0114992452502442,0.0338679273120543,-0.0058301445602825,0.0054872244824533,0.0252439087153164,0.029025900030035,0.0247867263452659
2021-02-25,-0.0347826038051505,-0.051989925759517,-0.0324003868195451,-0.0493263184478649,-0.0325654405267609,-0.0441525562778309,-0.036396751348378,-0.0237049334972493,-0.0821778688018507,-0.0394758931427489,-0.0476187990580748
2021-02-26,0.0022317085969045,0.0253579715326011,0.0117003879732098,0.0278021461384063,0.0029565543492469,0.0062914010066268,0.0115042831229756,0.0148040335837071,0.0305841349933921,0.0048701333527503,-0.0004762985507725
2021-03-01,0.0538510940614,0.0222458549981741,0.0172037983947173,0.0419476387044379,0.0236164195106289,0.0345507753305278,0.0282974063158356,0.0196229099117259,0.0092783665477813,0.024230766791577,0.0253295808517735
2021-03-02,-0.0208936734271683,-0.0261604601481368,-0.0164042621050254,-0.0185262512872745,-0.0025030215481224,-0.0260814127161744,-0.0223093516994118,-0.0129568624713802,-0.0314628131797092,-0.0175642399986954,-0.0242390893588972
2021-03-03,-0.0244566185381157,-0.0388683792918292,-0.0289317047982299,-0.0363154853569858,-0.0257061902907019,-0.0218811095810833,-0.0138609851997962,-0.026980550042714,-0.0448669432631454,-0.0346796508677977,-0.0246825397192249
2021-03-04,-0.0158118559206797,-0.0384615457194719,-0.0091281579853889,-0.0420464423811665,0.0111961820788117,-0.0262103111320861,0.0087312196889517,-0.0036474501426284,-0.033932937955591,-0.0293182636509201,-0.0594027490992934
2021-03-05,0.0107383689893356,0.0099034938014972,0.0076874819166454,0.0147659715549284,0.0310432464500236,0.0413167078335003,0.0257721079185455,0.021479196876156,0.0073767184361368,0.0152584601475287,0.0450729811812555
2021-03-08,-0.0416734969121483,-0.0580743473452047,-0.0161674637483857,-0.0641800212795261,-0.0427118930062285,-0.0146527732126708,-0.0339412396652567,-0.0181778395939613,-0.0696745273526607,-0.0504817563101783,-0.0568706558276275
2021-03-09,0.040649669840248,0.0617901534801892,0.0375683736605689,0.053056447613756,0.0163684626907891,0.0471178901377491,0.0408522879023214,0.0281015266253643,0.0803329808238295,0.0479709273387261,0.0215042118053239
2021-03-10,-0.0091666365866691,-0.0128613542840998,-0.0017010173123747,-0.0135485135411376,-0.00204356914758,-0.0067017855990783,-0.0031610078095214,-0.005817329606074,-0.0041532815880473,-0.0096043100211367,-0.02191098869509
2021-03-11,0.0165026960438197,0.0478587058117347,0.0182984297766055,0.0367925184231092,0.0316030485556126,0.0170280659082258,0.0338997672610825,0.020264922519974,0.0421269348247481,0.0302651862067495,0.0592990826213808
2021-03-12,-0.0076253804950927,-0.0022159337404534,-0.0077402727850476,-0.0055542739633316,-0.0240604896048599,-0.0064759014793258,-0.0200087100833702,-0.0058196418663356,-0.0105820144751984,-0.0133597616208264,-0.018908760404393
2021-03-15,0.0244566736909686,0.0178901529135813,-0.0025279442445658,0.0434423440273863,0.0021658941319055,0.0141493263875085,0.0199328432678023,-0.0039871697731911,0.0260772162250035,0.0127710870985116,0.0065936383005629
2021-03-16,0.0127430009331606,0.0030303030303029,0.0033034103914528,0.0157405546156699,0.0143346994307382,0.0155196698380737,0.0202007888413942,0.0123503067006034,0.0075807838284343,0.0152689098601186,0.0022671641366607
2021-03-17,-0.0064507427991969,-0.0014501842487254,0.0141888485972383,0.0113133585535152,-0.0008014008974951,0.0154369089251249,0.0169365398741656,-0.0028186663343268,0.0037618739609295,0.0020205330325215,-0.0011941775166839
2021-03-18,-0.0339048634853537,-0.0545805961121387,-0.0343587837075043,-0.0401991376804539,-0.0292379824231634,-0.0311645657836889,-0.0189781715938863,-0.0266621290257139,-0.0463786924960289,-0.0311381415621507,-0.0358705315125048
2021-03-19,-0.0044802563986418,0.0120327032637341,0.0155119098563432,0.0302031047745841,0.0027803097835485,0.0004706241301253,0.0412386588720519,-0.0016035578500415,0.0096876298661527,0.009788159463149,-0.0075984159596487
2021-03-22,0.0283356888959971,0.0156843603776366,0.011678211724083,0.0017281781188496,0.0018403045830839,0.0293287002182034,0.0118235175439127,0.0244845251403089,0.0265064826777667,0.0234313760708286,0.0312418299318615
2021-03-23,-0.0068886619605917,-0.0239104075388676,0.0085602880759967,-0.0236072587603387,0.0052396202538647,-0.0327593454841146,-0.0099138437771183,0.0067374882221815,-0.0087591223940275,-0.0117085503493435,-0.0195426748675465
2021-03-24,-0.0199935527556983,-0.024240800753556,-0.0160733044384959,-0.0146317144591485,-0.0043109951932404,-0.0226842105993422,-0.0292121775259519,-0.0089232646229173,-0.0327258403879978,-0.0402957153501803,-0.0516146324271304
2021-03-25,0.0041633629280477,-0.0033996093726229,-0.0132196342896707,0.0096880745923377,-3.436478659979425e-05,-0.0003223411704107,-0.0120508944664542,-0.0132506322825445,-0.0085222771979608,0.0007863166712047,0.0136749785624776
2021-03-26,0.0051416877423078,0.0156127318597183,0.0018941122432061,0.0440544871180204,-0.0038031923107435,0.0459529588565317,0.0153546987944894,0.0178185903311398,0.0242515587536558,0.0448617333827532,0.0553189898998391
2021-03-29,0.0014847389195662,-0.0034879764847899,0.0077653073345858,-0.0195418111576075,0.0104013517418524,-0.0057038040877973,0.0275598641872496,-0.0052433531127159,0.0084896352922436,-0.0129334043017101,-0.0186169762633606
2021-03-30,-0.0122741219053195,-0.0147783173278248,-0.0066455975024983,-0.0348272154847812,0.0003322457011858,-0.011317829497691,-0.0096965888334342,-0.0144108448497468,-0.0059081794411894,-0.0088368216462451,0.0059446684538304
2021-03-31,0.0187654387446991,0.0328947368421053,0.0126960056430687,0.0164414674220878,0.0078426944431455,0.0036066882075693,0.0226736177635724,0.0169074854402087,0.0370192572662082,0.0190605970989474,0.0278958757779597
2021-04-01,0.0069587202290506,0.0329935839221735,0.021628454431104,0.0265066689752291,0.0326106837112101,0.00859369726504,0.0140223314279819,0.0279084235503535,0.0347235716705127,0.0392190380027646,0.0551236260790628
2021-04-05,0.0235770875913812,0.0041929212312257,0.0207940459346984,0.0263260959712989,0.0418727860697489,0.0308290549674981,0.0343199877985094,0.0277285644836611,0.012724609187749,0.0184337367704614,-0.0024040007034998
2021-04-06,0.0024622904228501,0.0001228310965613,-0.0009018902147276,-0.009437219453029,-0.0043712913755828,-0.0147282442617213,-0.0085783447399951,-0.0048582188454761,-0.0090080834816921,-0.0161761579752252,-0.0165461192731777
2021-04-07,0.0133902947888138,0.0093319558454425,0.017237336556412,-0.0029140637866447,0.0134752124698172,0.0105248349292934,0.0223010269057479,0.0082304003991056,0.0203441881054546,0.0099232867119072,-0.0208265479961832
2021-04-08,0.0192336971586397,0.0139902867223098,0.006071242952548,0.006259663426968,0.0050913788335047,0.0120753683491603,-0.0002236859775023,0.013405421805503,0.0122671496978115,0.0065262681131774,0.0295272396314743
2021-04-09,0.0202518089987651,-0.0070785404762041,0.0220956224252266,-0.0008035257166008,0.0089937994965927,0.0180462871912665,-0.0017888073425506,0.0102666729122964,0.0057973705017522,0.0016391209683161,-0.005104334715634
2021-04-12,-0.0132330917757743,-0.0505074939255695,0.0021321218730274,-0.0029274220962828,-0.0114723283207577,-0.041752103086169,-0.0029442954190125,0.0002345657274114,0.0561803996857159,-0.022266718187319,-0.0154723650873633
2021-04-13,0.0243064516629618,0.0204886812526809,0.0060987476052245,0.0026672599141355,0.0043704631701224,-0.0029046633186851,-0.0057135630408203,0.0100815996638554,0.0309356533507019,-0.001018293301043,0.0030604750808398
2021-04-14,-0.0178527810123502,-0.0204514196248686,-0.0197059182559742,-0.0157951020351384,-0.0055536136636639,-0.015792637000925,-0.0224044186268882,-0.0112191543386552,-0.0256703552455357,-0.0185727316485193,-0.0035456593696786
2021-04-15,0.0187078080869169,0.0567791077173338,0.0138284097145704,0.005656944204216,0.0193316809567185,0.012930143652218,0.0165111242202564,0.0152979968710169,0.0563100924267074,0.0229313993906343,-0.0206060208627705
2021-04-16,-0.0025279035569208,-0.0103602046526897,0.0060223423545793,-0.0025209314876544,-0.0010939254385697,-0.0041526147023137,-0.0053276819138088,0.0047784652314095,-0.0139274057930898,0.002684311141756,0.0041404941278215
2021-04-19,0.0050685033242749,-0.0126597796251984,-0.0080690098152619,-0.0350677662137177,0.0030708476581484,-0.0172972293003986,-0.0128680830374537,-0.0076703301622504,-0.0346112543400533,-0.021416445025184,-0.0289466701968957
2021-04-20,-0.0128299072960541,-0.022685291005291,-0.0110675672764914,-0.0102593049244481,-0.0046947688061697,-0.0146156387967917,0.0013566119849559,-0.0018553199523472,-0.0124007746337567,-0.0136785708891922,-0.0038993365374447
2021-04-21,0.0029296255500257,0.0295194154961508,0.0081956696334768,0.0055325264143557,-0.0002895373397181,0.0159489431533224,-0.0038988753779591,0.0089832681274266,0.0124741818786802,0.0209146919945311,0.0213136522850554
2021-04-22,-0.0116853278063204,-0.0312462079731239,-0.0157583958923329,-0.0101784005527761,-0.0113372281273028,-0.0177394478798574,-0.0164197831141117,-0.0130862996922638,-0.0332182715992213,-0.0236435759269704,-0.017717498462057
2021-04-23,0.0180386665153162,0.0467999581570253,0.0096221897467707,0.0242140975137947,0.021047590257184,-0.0532203568205028,0.0155471935627984,0.0154763257750254,0.0279457198946104,0.0185004058338951,0.0287897344387502
2021-04-26,0.0029778799225788,0.0320203172725486,0.0203897803642072,0.012271370378404,0.0043479057767787,-0.008102549695572,0.0063428205654874,0.0015314260188488,0.0139367755080721,0.0260653529512091,0.0242750032400627
2021-04-27,-0.0024498172376103,-0.0023416996728855,0.0024729175512423,-0.0116563413960695,-0.008203665527661,-0.0134447043110107,0.0017488612508838,0.0016059945456377,-0.0062183984044528,-0.0068364493116358,-0.0020572366060152
2021-04-28,-0.0060269165981803,-0.0139655258090842,0.0120177867315698,-0.0153320668495148,0.0297078280088525,-0.0060375951866515,0.0116281496683663,-0.0282858004292418,-0.006826415030072,-0.0104341081093114,-0.0132760931555458
2021-04-29,-0.0007487114809111,-0.001309128604519,0.0037039347600635,0.0154401406009734,0.0142939558250141,0.0114544754824756,0.0729733711498705,-0.008053069361655,0.003142022810566,0.044738767773953,-0.0046800198115135
2021-04-30,-0.0151330973860555,-0.0272911549944482,-0.0011206361718005,-0.0216388807030866,-0.0164078790431212,-0.0128690183954154,-0.0134443926501174,-0.0013068613305639,-0.0205712667195507,-0.0271936104103316,-0.019815444755534
2021-05-03,0.0082152679784734,-0.0376133250614572,-0.0233401707193126,-0.0132836849136223,-0.0044274005155366,-0.0046932557313674,-0.0076904954736746,-0.0012686559870201,-0.0115093713096851,-0.0098705034488999,-0.0068524971046461
2021-05-04,-0.0353855978962358,0.0007638135743193,-0.0220345413338018,-0.0124405130831174,-0.0154711808530363,-0.0062870107461729,-0.0130819068693478,-0.0161600328720157,-0.03272281512973,-0.0240850920048139,-0.0050028375817939
2021-05-05,0.0019555459160869,-0.0099223861244209,-0.0124794329994942,-0.0015972272741543,0.0034420173142608,-0.0008787225095152,-0.0104915622898108,-0.0053270837372332,0.0074730141341323,0.0039517075986401,0.0001733096524709
2021-05-06,0.0128022381230721,0.0007708795732008,0.0109554017694475,0.0107022978633499,0.0097547316433559,0.0121764473788663,0.0158721789990781,0.0132268021588912,0.0044611692462406,0.0100261194503912,0.0140407500220192
2021-05-07,0.0053278176076929,0.0118115056638141,-0.0044640578502762,0.0089170237148146,0.0062378184064746,0.0083931464098159,-0.0029372122231701,0.0109318724137101,0.0199167462246336,0.0136028278411988,-0.0014529079093152
2021-05-10,-0.0258048134585431,-0.0357822583705526,-0.0307205263737596,-0.0364135052898013,-0.0255874516157541,-0.029477850284617,-0.0410869153032767,-0.0209142344243321,-0.0368951328820804,-0.0646352607616719,-0.0386888399293546
2021-05-11,-0.007410230341862,0.0110541385826996,0.0104748169178767,0.0091032704327602,-0.0094644254800433,-0.0166162399461849,0.0018301241490843,-0.0038434548234672,0.0028389299325148,-0.0044207607967349,0.0048082089384802
2021-05-12,-0.0249385426951731,-0.0285045215308201,-0.0223237967654249,-0.040198128779491,-0.0307524564025735,-0.0257993968633806,-0.012984131809979,-0.02936275315488,-0.0382873630623902,-0.029212273204363,-0.0411166026514718
2021-05-13,0.0179195682819406,-0.0207663861794293,0.0030235440044839,0.0194612652372891,0.0130849112371007,0.0072732666635362,0.0089573165481369,0.0168620334082916,-0.0067778446194217,0.0199805344802022,0.0049902353138084
2021-05-14,0.0198447414279181,0.0205226443447279,0.0194308511844918,0.0255921797386398,0.0221349498809051,0.0248103044698928,0.0349867413933919,0.0210671739455174,0.0422790807209052,0.0239162571438558,0.034114971362839
2021-05-17,-0.0092584195925552,0.0008044669652007,0.0147351540352203,-0.0038040808610642,0.0046262483462975,-0.0003611234456252,-0.0015193563388564,-0.0119683423704516,-0.0054413806723113,-0.0026891100524926,-0.0236527582538881
2021-05-18,-0.0112457336161352,-0.0028131156085757,-0.011653058569779,-0.0140928301826757,-0.0115558161095163,-0.0088558813905872,-0.0174349822444407,-0.008565331185931,-0.0105715612442006,-0.0068566328365897,0.0094718483356794
2021-05-19,-0.0012814211718035,0.0240462232243516,-0.000148514828115,0.0183980478897698,0.0039912880507722,0.0094818453522729,0.0117111233096811,0.0024741180884397,0.0035675527668537,0.013575014346685,0.014074199599072
2021-05-20,0.0210120681766188,0.0240062196126573,0.0049137097942373,0.0300642769305867,0.0156065160194669,0.01065757999736,0.0160082113007389,0.013820214270682,0.038871111930401,0.0151540831768279,0.0078293173854697
2021-05-21,-0.0147672786029187,-0.0114014785739697,-0.0137328535487415,-0.0082638394151168,-0.0055572242715121,0.0023235084276913,-0.0074699872187448,-0.0053147373846194,0.0259536291930597,-0.0088959539771696,-0.0126237043635564
2021-05-24,0.0133144963016291,0.0034988243989564,0.0130842152610177,0.0176183829565843,0.0291657495933022,0.0156918873154425,0.0265631439028728,0.022882055909396,0.0413728111541575,0.0110298004534903,0.0159141587123539
2021-05-25,-0.0015738050909456,0.0054235299032059,0.0043328512262037,0.0007620242868957,0.0007751618238274,-0.0015801835960812,0.0097340991633165,0.003748301927305,0.0022898839209142,0.0063200472274582,0.0057203607435227
2021-05-26,-0.0003939482207966,0.0061648564574408,0.0018747562447005,0.0020673403169531,0.0073807316388869,0.0008791551607705,-0.0003966262280564,-0.0009136437722092,0.0033391166548661,-0.0049346374347878,0.0150507790168037
2021-05-27,-0.0123766862364247,0.0010212131068991,-0.0107345581140256,0.0156137950988686,-0.0074064785923999,0.0142306236335685,0.0155345427019695,-0.008668438428216,-0.0135031709514998,0.0041324414850034,-0.0019829934605019
2021-05-28,-0.0053480281767678,0.021168116562986,-0.002179428942,0.0099429440104463,-0.0024675177021963,-0.0105663598636459,-0.0120813550373272,0.0014841320624261,0.0488441166294177,0.0067345097868387,0.0137343352940857
2021-06-01,-0.0026484172313608,0.0091158305550385,-0.0013714148069622,-0.0085112308773809,0.0103230316908673,-0.0040265298207977,0.0012169779985871,-0.0091317222870107,0.0012311393141426,-0.004459618617429,0.0097989401756053
2021-06-02,0.0062759804253136,0.0143547048280539,0.004765962837133,0.0115736620476996,-0.0044473286533426,0.0103708797046537,6.074223081165009e-05,-0.0004040696567093,0.031587466590609,0.0042024210291473,0.003712656177095
2021-06-03,-0.0121540308436606,-0.0206173284889424,-0.0145269411420329,-0.0188506545902666,-0.0097065602806962,-0.0215728066905601,-0.0094484875028582,-0.0064295564182813,0.0114136157875301,-0.0152444788784655,-0.0179065491730122
2021-06-04,0.0190221847949496,0.0161933616283644,0.0060276578219269,0.0219450134164507,0.0195903606688363,0.0200924092056984,0.0132190078329375,0.0206748435042749,0.0358577880482078,0.019426603924697,0.023026693438487
2021-06-07,7.950872552364707e-05,-0.0028193595461043,-0.0025606925929613,-0.0236210862053186,0.0036473401027503,-0.0048805493733374,0.0188587792083902,0.0120418620957793,0.0023185296905925,-0.0075927972838661,-0.0107939748165326
2021-06-08,0.0066719908433106,-0.0056545678316022,0.0206691535520853,-0.0005391110522402,-0.0016068235372174,-0.0015764393077073,-0.0086159630440011,-0.0048855241640233,-0.0091947122102395,0.0066003596824149,-0.0194552444608607
2021-06-09,0.003077143866548,-0.0114970986796025,0.0052203493022893,0.0008631339211084,0.0039609821131667,0.0,-0.0102793004629966,0.0040385770700934,-0.0054287825811023,-0.009761259900391,0.0104382264603968
2021-06-10,-0.0080232828856459,0.020009986148584,0.0208768459454491,0.0102168942924334,0.0112918285859378,0.0066666759301032,0.0066917684040161,0.0143931976014277,0.0038450758128509,0.010008179096991,0.0094765882017922
2021-06-11,0.0098325807340327,-0.0030652281447213,-0.0008418265339896,0.0043313134032041,-0.0020246334829622,0.0081909975960752,-0.0036093251106023,0.002527064456981,0.0229702381984189,0.0029800522108478,8.475446022981892e-05
2021-06-14,0.0245781433339102,0.0029517341086022,0.0110671272164322,0.0108988847884006,0.0076990357814545,0.0058772542126639,0.016633474800721,0.0077550082300608,0.0108548629545801,0.0199821801092152,0.023171125361832
2021-06-15,-0.0064378554361915,-0.0132434309091225,-0.0002186996793457,-0.0106971114759685,-0.0083791431607417,-0.0034369913338073,-5.9364227390612534e-05,-0.0058870886708354,-0.0127782090582478,-0.0125990702433532,-0.0127283226674226
2021-06-16,0.0039339104492199,-0.004473724430104,0.0094941835711142,-0.0106002313370527,-0.0053287322888232,-0.0132781753915012,-0.0168374250653388,-0.0037932619430611,0.0012225710079365,-0.0046467069368776,-0.0119715095310335
2021-06-17,0.0126006743840121,0.0555485821287982,0.0216646437778049,0.0116371850374705,0.0080398687093841,-0.0006990802606936,0.0164009796404931,0.0136761057352716,0.0475571084276829,0.0029641200232992,0.0131923313880493
2021-06-18,-0.0100915817706077,0.0010643799655125,-0.0006706583139327,-0.0162788587456381,-0.0134093381806896,-0.026407793942864,-0.0203561808380898,-0.0056340746617205,-0.0009912478369609,-0.0173626069479456,-0.0279551596693503
2021-06-21,0.0141040036678645,-0.0243355599628489,-0.009446804682075,0.0102414748073036,0.0141660717998008,0.0035924229348678,0.0079779343299446,0.0123348622697454,-0.0113476848925848,0.0072184070302447,-0.0142497737069956
2021-06-22,0.0126982303122638,0.0119869903991007,0.0149046610618754,-0.0003444229416474,0.0042525166354296,0.0,0.0202835196137025,0.0109660562109903,0.0249360288118034,0.0083604150384564,0.0016645532697558
2021-06-23,-0.0020899512496458,0.0028714747369191,-0.0004621896804161,0.0047582772631271,-0.0016636829956028,-0.0109181316581946,0.0046013575093302,-0.0009040151502159,0.0090275122157414,0.003257526035447,0.0150441244965939
2021-06-24,-0.0021688416495267,0.0272011308470294,-0.0156229463919513,0.0072859175086861,0.0030543179947459,0.0146578811863054,0.0076045143230438,0.0053530428146535,0.0077789847836011,0.0177096028524912,0.010254131903425
2021-06-25,-0.00224858275162,-0.0055748633687064,-0.0138065616139523,-0.016721368290277,6.93262536823891e-05,-0.002853451288774,-0.0052744443487462,-0.0062620339644089,-0.009085625319586,-0.0019578596932504,-0.0060558440906269
2021-06-28,0.0125457624008042,0.0170520793931059,0.0124740891362422,0.022933808837406,0.0002244784204659,0.0280809892496078,0.0418022054774378,0.0139612490108176,0.0501284640775221,0.0150382678915426,0.0264310000986369
2021-06-29,0.0115004202319857,0.0280201511335012,0.0012340341405479,0.0092004492228148,-0.0021502403545852,-0.0127001417073634,-0.0105440941094993,0.0099731568682486,0.0020892585270178,0.0207558016985678,0.0051835051250324
2021-06-30,0.0046211021997557,0.0492627773400495,-0.0023143032508132,-0.0006498748429782,-0.0014967477460076,-0.0107489735826538,-0.0118788202134595,-0.0018423311533545,-0.0012111736882062,0.0021735193760157,-0.0005823993024395
2021-07-01,0.0022633817693911,-0.0066006892852937,-0.002090002090002,-0.0150993243381367,0.0029077571841922,-0.0023155705767126,0.0192114211653804,0.002583883687284,0.0104738547396225,-0.0149024209361765,-0.0144805066693
2021-07-02,0.0195966285335962,0.0148965751368237,0.0227237492306089,-0.0031297655455162,0.0229735984111563,0.0133902555889855,0.0008746569241098,0.0222753503786861,0.0136056197618581,0.0126419047143653,0.0041377823436257
2021-07-06,0.0147183976170937,-0.0024286772434087,0.0469271074220547,0.01091475928918,0.0074446801547438,-0.0118040541840656,-0.0054130525454136,3.634176065991923e-05,0.0103237631406711,-0.0097487219683189,0.0095870324274034
2021-07-07,0.0179552699611531,-0.0416005107906627,0.0056695640767094,-0.0079023970256622,0.0022506165116491,-0.0023176349763185,-0.0064911723177695,0.0081754562153695,-0.0157861151752172,-0.0086408342450901,-0.0149936820161585
2021-07-08,-0.0091997521375325,-0.0088359072638424,0.0094222275938824,0.0020444836008286,-0.011306760518046,-0.010185825122751,-0.0138093930971638,-0.0089667769273651,-0.0230220676046197,-0.0120027632556689,-0.0032136068503502
2021-07-09,0.0130547741269457,0.0129262724506671,-0.0032347042025718,0.0205739336198744,0.0037947352439333,0.0108323517166826,0.0138002368378622,0.001874524763537,0.0074110609768105,0.0227062340253794,0.0228217886703754
2021-07-12,-0.00420365191654,-0.000990142637781,-0.0002123481429751,0.0115998860050259,0.0116078217570634,0.0132165782925859,0.0078190801565432,-0.0022304026357954,0.0230545511614563,0.007353283681585,0.0171698473626205
2021-07-13,0.007889509206159,-0.0060565514497278,-0.0110769478237284,-0.0035819978211738,0.0028824390284389,0.002467767977198,-0.0030297224234991,0.01319768216179,-0.0127972552160187,-0.009054435259311,0.0103561969921706
2021-07-14,0.0241001854331261,-0.0134057063575779,0.0011747744165069,-0.0049999788231717,0.0070322215312883,-0.0061543060241332,-0.012667185675904,0.0054449277002226,-0.0201727324616151,0.018203499822734,0.0039549723360534
2021-07-15,-0.0044920249491463,-0.0238068801115013,-0.0137111431749443,-0.0088249017083321,-0.0096072114942217,-0.0125616191898297,-0.0091190888343185,-0.0052386552149003,-0.0441120602068524,-0.0159302090094034,-0.0551491667061088
2021-07-16,-0.0140757585971534,-0.0119636594026955,-0.0158542316666773,-0.0194202080033543,-0.0002755242911094,-0.0150512799809805,-0.009579997173057,-0.0009962979807126,-0.042456993719718,-0.0123711371061682,-0.0152301560715475
2021-07-19,-0.0269142552082448,0.0080335597428051,-0.0067270300923025,-0.0051274396721198,-0.0188390838803736,-0.0060034044519043,-0.0123402385863002,-0.0133214827727599,0.0340705989252654,-0.0065852192526477,-0.0033695534767325
2021-07-20,0.0259736082010617,0.0061214918929093,0.0066486136498793,0.0062708496767727,0.0130962100392733,0.0109810389859079,0.0139781919247905,0.0083390835564693,-0.0089327650903985,0.0054761253539492,0.0091028546263476
2021-07-21,-0.0051313775841882,0.0264034328509061,0.0033611108525173,0.0222579581860653,0.0106133816998903,0.017921731990373,0.0133759835626234,0.0074464122436057,0.0428753951802567,0.0187746163163173,0.0126286956893091
2021-07-22,0.0096282559350115,0.0201319242661668,0.014735635895966,-0.0056158215932755,0.0068404544895857,-0.0048017241756369,0.0143254904291374,0.0168443246038454,0.0094796985099534,0.0018990343180589,-0.0111138292166644
2021-07-23,0.0119891289756903,0.0103059143826509,0.0051153849347924,0.0143179967171016,0.0357688204079862,-0.0528948085500207,0.0529630445741478,0.0123370034697927,-0.0018371771280719,0.0171300130131313,0.0019730799131367
2021-07-26,0.0028944236497594,-0.0035811375538828,0.0118086361981619,-0.0018833303272206,0.0076684517696601,0.0247168062579163,0.007220120220279,-0.0021405216712346,-0.0134984394839396,-0.0095251665992387,-0.0097610594679498
2021-07-27,-0.014900095513029,-0.0086038000234481,-0.0198468767862931,-0.0142668380101884,-0.0159289715365261,-0.0208065075695473,-0.012484416465857,-0.0086834222840181,-0.0044574715087738,-0.01790973437228,-0.0182447336977301
2021-07-28,-0.0121957431101313,0.0757992048600157,0.0010837371680696,0.0048172548125022,0.0317969500327643,-0.0020683613533182,0.0148716976985676,-0.0011168890995344,0.0153580400947259,0.010714925188396,0.0134755967940394
2021-07-29,0.0045521854082171,0.0512610704321738,-0.0083739406899878,0.013524828802518,-0.0023255856017175,0.0118712863937826,-0.0400771299688754,0.000978232118163,0.008153058239827,0.0600253128888259,0.0093854166995561
2021-07-30,0.0015102684076848,0.0314716424400958,-0.0756489071327776,0.0026644451434714,-0.0077404102625928,0.0003723746018631,-0.0056374219893106,-0.0055495638694906,-0.0082902349364976,-0.0078812489400591,0.0042186503716994
2021-08-02,-0.0023309310986245,0.0229776321302757,0.0011690369463182,-0.0014831322152727,0.0009498621683532,-0.0007447823719215,-0.0122087336945684,-0.0003160683678822,0.0128725013914585,-0.0062751785519267,0.0018861382185417
2021-08-03,0.0126443147281172,0.0361778551462879,0.0104337488414427,0.0043534614316946,0.0057506932387856,0.0070791530083584,-0.0020174081745012,0.00807532603881,0.0032909616017697,-0.0061132082340707,0.0132638927113843
2021-08-04,-0.0027823570797009,0.0551705687559205,-0.0034222398904129,0.0020745636274568,-0.0037194645740566,-0.0029596988838149,0.0218654155080446,-0.0021247208720616,0.023164253775824,0.0018251880762163,0.0027870203484703
2021-08-05,0.0007485091279693,-0.0540540401650344,0.0063403629993816,-0.0002663844672298,0.0083328067475842,0.0063116745755622,0.0112839317901327,0.0105057958963803,0.0179049364835097,-0.0093780517916355,0.0040423471134793
2021-08-06,-0.0047669669524039,-0.0199376759607655,-0.0091973346938524,-0.0045934825821265,-0.0037651665243555,0.0005565727110139,0.0014876463326756,-0.0002071379519031,-0.013131815421282,-0.0037456946138353,-0.0084717277660606
2021-08-09,-0.000342159085809,-0.0229770117634441,-0.0009177334401756,-0.0015447478744634,0.008652659002994,0.002410857530817,-0.0052267803662452,-0.0039040987171886,-0.0034861675023741,0.0043748876263549,8.452184907259408e-05
2021-08-10,-0.003354135716254,-0.0102249345175559,-0.0063408166098054,-0.0049930670548379,-0.0007740040709377,-0.0020350324733192,-0.0013272973130671,-0.0065547474157433,-0.0176892527552708,-0.0071466388296752,-0.0157333554049424
2021-08-11,0.0017857832348739,0.0112696929978453,-0.0086036434938633,0.0026751003563849,-0.0038596357068876,0.0037078135432784,-0.0032400821403364,0.0017804906391034,-0.0118879213096342,0.0055529445966386,-0.0031798679797727
2021-08-12,0.0207733378728069,-0.0109583980482127,0.0034598101929383,0.0014680416723806,0.0067141801918702,-0.0110823493448432,0.0074731747197334,0.0099667601422479,0.0104573362013791,0.0032042130459917,-0.0025001121238243
2021-08-13,0.0014105884227284,0.0380281976690872,-0.0028848279463596,0.0039234665284633,0.003888782916807,-0.0009337626480707,0.0014613952401989,0.0104895246539302,0.0142176876693762,0.0101257370222453,-0.0017286795299207
2021-08-16,0.0135479831516642,-0.0277702361834117,0.001523947205777,0.0040727540088589,0.0042255907845749,-0.0003739780353331,0.0093068116935459,0.005975751787866,-0.0117894303833369,-0.0034310793304643,-0.0075325131943376
2021-08-17,-0.0061543097373691,0.0007442705541653,-0.0172870261504718,-0.0193590725238658,-0.0119153067497935,-0.0145876565708782,-0.0221246790440574,-0.0051594865436846,-0.0246618343160396,-0.0251128537842088,-0.0307074485745014
2021-08-18,-0.0255009454056198,-0.038304157778947,-0.0125664873901643,-0.020305477541899,-0.0088719463423316,-0.0094894409581486,-0.0083693195425216,-0.0061193857272219,-0.0214820249046079,-0.0154424836411982,-0.0059398878327536
2021-08-19,0.0023232271069195,0.0025134812519289,-0.0042078187123096,0.0097234121587745,0.0017051295754224,0.0047901368984653,-0.0009284661401897,0.0207753224228341,0.0398111294730214,-0.0110419633079231,0.000633520311787
2021-08-20,0.010156713556471,0.009161085878439,0.0038271547143353,0.0034632814857125,0.0128942679102646,-0.008199785936644,0.0119677307180474,0.0255755572876603,0.0514193959114654,0.0105255766496132,-0.0217155259525457
2021-08-23,0.0102568155628934,0.0393692790933086,0.0206003550012798,0.0153209053222216,0.0190062410791749,0.0234569630515544,0.0110750945897277,0.0009530294557795,0.0548615037860109,0.0144274106857975,0.0262673236558805
2021-08-24,-0.0006010330633899,-0.0102969123081139,0.0122203187690665,-0.0021142114709218,0.0087117556793014,0.0108962375795744,0.0059446159565792,-0.006663606930251,-0.0075144497598989,0.0022200373675937,0.0103639624718723
2021-08-25,-0.0084212976323613,0.0060381004799394,-0.001996514154784,0.004112594326973,0.0057870835510187,0.0,0.0078794834031681,-0.002015810011947,0.0192724488282272,-0.0040845189802172,0.0438853470955431
2021-08-26,-0.0055271473351592,-0.009510677559253,0.0050982572629307,0.0048198583043181,-0.0044941165438345,-0.0126370208076822,-0.0108852396494334,-0.0096684193560496,-0.006527793663576,-0.0103562352828171,0.0091430007567956
2021-08-27,0.0071845823450154,0.0385010255622064,0.0101417567246577,0.0209991785952092,0.0181241882816698,0.0143044953432944,0.0226411925009084,0.0021063104391549,0.0257386293152259,0.017347761928653,0.0033024294142682
2021-08-30,0.0304171537101283,-0.000718149281498,0.0214769988669896,0.0059481661255178,0.0040729335335025,0.0009276980384769,0.0215495062180228,0.0129122325334583,0.0022975072586752,0.0075250437271425,0.0042197297873256
2021-08-31,-0.0084246191634614,-0.0053898533575812,0.014385200022726,-0.0033672337647155,0.0007398219681691,0.0022247649081899,-0.0033625438982627,-0.0056326382779054,-0.0131814801030312,0.0051391359019805,0.0001681437828506
2021-09-01,0.0044785409972203,-0.00659323833892,0.0023654092095504,-0.0081455523574376,0.0035800560543362,-0.0072143014580063,0.0070375285129919,-0.0001656508183559,0.0025019154369489,0.0030135003708284,0.0121838996402412
2021-09-02,0.0074750190172585,-0.0071824795969701,-0.0045644788893179,-0.0025549798268742,-0.0132803521961565,0.0011180171770899,-0.0177201141179503,-0.0022530774816064,-0.0020052419236695,-0.0090817112292078,0.0027392476936329
2021-09-03,0.0042304549050113,0.0065934179562696,0.0043110862647286,0.0117501153698102,0.0031581106095681,-0.0040945356037056,0.002611580632849,-3.3126347992573635e-05,0.0199587187536938,-0.0033765096313229,0.0263268261400371
2021-09-07,0.0154890997702099,-0.0070050641911669,0.0089820243691383,-0.0021899801933389,0.0037635023755488,0.002616248807568,0.0157337912750847,-0.0031878067443692,-0.0079234075346549,-0.0060845085131137,0.0058886104929407
2021-09-08,-0.0100836183782433,-0.0273019085228967,0.0046191744307297,-0.0044503151067409,-0.0040854953399185,-0.0014911423473543,-0.0120624373680362,9.991116662910748e-05,-0.0142531193405862,-0.0085565511963598,-0.0225340732629368
2021-09-09,-0.0067046747575816,-0.0001883455157887,-0.0117260043360845,-0.0018002692872485,-0.0010438190951975,-0.0031732162120391,0.0011389815751685,-0.0098594136085247,-0.007251935894516,-0.0065954230399338,0.0064812554178128
2021-09-10,-0.033102078475966,-0.0089496426187529,-0.0043080014312122,0.0094429844673298,-0.0185662538617396,0.0082395216119914,0.0018254071384533,-0.0051810661645237,0.0135726404912828,0.0077693609238078,0.0023638426308114
2021-09-13,0.0038936243748455,-0.0038022234609113,-0.003453289760797,0.0016259862176231,0.0103390180532019,0.0213595649069828,-0.0057568471190789,0.0043283496891011,-0.014502872598529,0.0051164069416123,0.0052857570211688
2021-09-14,-0.009562177912291,0.0088740484550986,-0.0020739809620994,0.0058322592632467,0.0014891734163358,-0.0085467974043957,5.318012664390359e-05,0.0094280127775576,0.0040628053133133,-0.0158288930089384,-0.0042872213897238
2021-09-15,0.0061436934548626,-0.0012295931020981,0.0074753913326539,0.0156812745417176,0.0132241896520945,0.0110050279962794,-0.0069316731342569,0.016778284204538,0.0044507788562224,-0.0205468657951406,-0.0129174448899825
2021-09-16,-0.0016105567014457,0.0058712382153487,0.0035819053548502,-0.0046886682583363,-0.0056742073147932,-0.0052611959896191,-0.0023001169347435,0.0013124251293257,-0.0044310572005236,0.0011574549696731,-0.0017603331733976
2021-09-17,-0.0183479825699518,-0.0220297866728802,-0.0073733198661622,-0.0026610556716496,-0.019566820844236,-0.0103958525965572,-0.022355637139822,-0.0175282919061895,-0.01537655065498,-0.0346820429066473,-0.0251676872254884
2021-09-20,-0.0213610552056773,-0.0224296713829907,-0.0308417443843135,-0.0220945721537666,-0.0147762813313054,-0.0235900568142569,-0.0247311370939395,-0.0185748057375131,-0.0359361455596087,-0.0062874937149034,-0.0259023069574959
2021-09-21,0.0034281610225117,0.0125061211708592,-0.0036057473697842,-0.0004683098234304,0.002260053929425,-0.0020763666078098,0.0050042266099337,0.0016987429130266,0.0062997813042422,-0.0076076129966701,0.0022667375691318
2021-09-22,0.0168723297254789,0.0151721217975482,0.010892348194075,0.0195521929646853,0.0089941581128289,0.011916027391337,-0.0399183597404285,0.0128224189829984,0.0327119922170124,0.0095635114154453,0.0079159964848314
2021-09-23,0.0067194166804966,0.0169573128859512,0.0106359407960527,0.0074114456608338,0.0066472133873831,0.0099066313350533,0.0080123755930106,0.0032822798888998,0.024657080057499,0.0067664326994967,0.0027615181067865
2021-09-24,0.0006127154461619,-0.0032972064916624,0.0027868730462519,0.0012292279540897,0.0070741838753973,0.0035165933595899,0.0202335567123683,-0.000701142835334,-0.0178365760289823,-0.0002240087815973,-0.0047336730321621
2021-09-27,-0.0105499816754972,0.0223062433107592,-0.0057568350779313,-0.0001385152400075,-0.0080368454491825,0.0081149109770524,0.0017566629277634,-0.0173042053335458,-0.01906611121412,-0.0029879985855135,0.0044103641958557
2021-09-28,-0.0238014925911856,-0.0613905953607978,-0.0263784679831095,-0.0273941961807112,-0.0371583650598559,-0.012074535456654,-0.0365688795870178,-0.0362036541808883,-0.0443675911389244,-0.0268202773182804,-0.0365905904387832
2021-09-29,0.0064833010650193,-0.0115248050397293,-0.0044753517892663,-0.0031364756846588,-0.0108703506914766,-0.0094443800190453,-0.0030528636035762,0.0016932955705,-0.0087927763676174,-0.0047729681859002,-0.0025021104460521
2021-09-30,-0.0093117822340973,0.0254110920830299,-0.0048710792439015,-0.0092956387472252,-0.0050427044478446,-0.00392614994568,-0.0006476363086053,-0.0073240952575092,0.0096993476132751,-0.0023203790841339,0.0002686162637643
2021-10-01,0.0081272746977352,-0.0043732222639815,-0.0005418778291703,0.0049904138217735,0.0214473222180751,0.010886012581921,0.0106659634203147,0.0254683158378965,0.0012551855753675,-0.0020934007656481,-0.0008061479664891
2021-10-04,-0.024605746679488,-0.0205954189673382,-0.028471678341373,-0.023391542257395,-0.0211178926095488,-0.0072410135758046,-0.0489197949038731,-0.0207194782090494,-0.0486936687799177,-0.0157719142185983,-0.022768078383207
2021-10-05,0.0141586351198303,0.0146502020565455,0.0097875380383842,0.0198968269370385,0.0176830380040571,0.0089768943051735,0.020629568057606,0.0199569972149202,0.036438290931712,0.0067098621513848,0.0022016133850129
2021-10-06,0.0063070197591399,0.0179746770939805,0.0127320167286728,0.0069218090201177,0.0113365309672335,0.0005561073468349,0.0020424036624704,0.0150642285852162,0.0121756956385448,0.004155757637642,0.0007321837115767
2021-10-07,0.0090844576549307,0.0271130603545182,0.012391203105561,0.0105159476847724,0.0120670232115003,0.003705219455149,-0.0132478273976063,0.0059363526017544,0.0181160086054594,-0.0017178836352842,0.0136271698331176
2021-10-08,-0.0027217485627012,-0.0130577682432839,-0.0041818052612956,-0.0021662122682853,0.0040259874155985,-0.0068291071303806,0.0025208608875864,0.0,-0.0115781126953473,-0.0100907236836641,-0.0071279653233558
2021-10-11,-0.0006298940687342,-0.003616954713958,-0.0128686033509184,-0.001034896602192,-0.0062347221901211,-0.0068761414792778,-0.0139370857859933,-0.0021025507727076,-0.0065283882903199,-0.0127222661870072,0.0019993822645658
2021-10-12,-0.0091030260205023,0.0034390581706347,0.0003172745113595,-0.0143395752114895,-0.0177449004024922,-0.0237649443471941,-0.0051621212460575,-0.004588213070385,-0.0011599433392753,-0.015927792603688,-0.0096138190902113
2021-10-13,-0.0042400273501738,0.0392231788906334,0.0113786012039827,-0.0005564582144983,0.0083035113579077,0.00172508496619,0.0023783361279765,0.0117110683723622,0.012965230454047,0.0169987599586685,0.0071429399805074
2021-10-14,0.020225611172483,0.0259251933558011,0.0047437592275512,0.0259582177360331,0.0259409305706812,0.0313815484619808,0.0122942954435023,0.0217340954216451,0.0385405300947729,0.028950917013613,0.0234587127090004
2021-10-15,0.0075125350131992,0.0011608615527494,0.0330802393900442,0.0113545691703773,0.0015373893526549,0.0103896592872856,-0.011475315755381,0.0048222880317838,0.0053343039365771,0.011969367862171,0.0204335758648175
2021-10-18,0.011806179920955,0.0384409334018245,0.011064772529006,0.0002185305667978,0.0099738277756853,0.0001837345771515,0.0325778993900487,0.010124854395878,0.01646679441844,-0.0006143351514805,0.0041787735543756
2021-10-19,0.0150803321443129,-0.0008588720592545,-0.0007514424560826,0.0139663163515744,0.0032150567712843,0.013585269079509,0.0138665425646953,0.0030589744844982,0.0030599123527565,0.0182908471143865,0.0140456515939186
2021-10-20,0.0033609084026489,0.0005157530959287,-0.0084461957518086,-0.0019596040984546,-0.0102490453246444,0.002898018002339,0.0023235833898662,-0.0026604385300298,-0.0083894106575141,-0.0025660157959553,-0.0117133121947072
2021-10-21,0.0014738420499995,0.0252599231619869,0.005841756945129,0.0093446994264636,0.0008254102199805,0.0113781593136783,0.0032276953991305,0.0108976128170268,0.0266481261928295,0.0067341868928347,0.0060559075477018
2021-10-22,-0.0052847343095804,0.0041062419865145,-0.0289548333172083,0.0024506151134404,-0.0304434260082334,-0.116785829818246,-0.0505148938949542,-0.0051487425264914,0.0014983937899162,-0.0107478055819263,-0.01771454356361
2021-10-25,-0.0003363961168776,0.0211984720580586,-0.0045509898050581,0.0129217466404547,-0.0008686310455244,-0.001011040810159,0.0125689833500031,-0.0033316017841069,0.0193609078679393,0.0023552017434347,-0.0051649149481539
2021-10-26,0.0045748667568086,0.0046583825758497,0.0167752616039356,0.022602219316465,0.0135432620664974,-0.0228697640207626,-0.0391858102572658,0.0064255443885408,0.0669516328874682,7.596060295989027e-05,0.004751825054684
2021-10-27,-0.003147715584476,-0.005287574426627,0.0048636382454707,-0.0201546267563893,0.0495948981339682,-0.008077728882067,-0.0113675807011454,0.0421143253677886,-0.0107617923968384,-0.0056087118724625,-0.003765836108957
2021-10-28,0.0249917197847153,-0.0091592666696781,0.0159411527591706,0.0123492634822881,-0.0025202128923325,0.0039675439219315,0.0150536445922502,0.0036514830395319,0.0200399880459554,0.0189786345977813,0.0198679480076997
2021-10-29,-0.0181556303334339,-0.0076758028810346,-0.0215112450537781,0.0039655610647388,0.0150637019571822,0.0191344609116241,0.0209830672143518,0.022414058417389,0.0250993951036124,-0.0048618471185908,-0.0199121747080794
2021-11-01,-0.0056073478367473,0.041586957168721,-0.0161070997800245,-0.0068089155744462,-0.0307270921147677,0.0112244181237539,0.0198102998958953,-0.0067851100412523,0.0101692596437177,0.0133042120301178,0.0036941472328431
2021-11-02,0.0071158823596628,0.0191646876319553,-0.0016154097805501,0.0170818470630975,0.0134880718934977,0.0062564997737355,-0.0057578850980631,0.0114159303607768,0.0222249177244806,0.0031153734793805,-8.776941806498684e-05
2021-11-03,0.009798910757931,0.0227219430250458,0.0215078111275321,0.009868292593526,0.0080143362881475,0.0106296926669173,0.0107900031668299,0.0026115039458236,0.007461703790812,0.0240329635673051,-0.0008762578234604
2021-11-04,-0.0034987781954403,0.0533976962068938,0.0274823241084092,0.0115237251317688,0.0113881293700899,0.005355438262707,0.0127556213818456,0.0073054915021013,0.1204227430032809,0.1273109744421994,0.0331549707463143
2021-11-05,0.0035824404042092,-0.0084363902698864,0.0120764292837436,0.0187742013969558,0.0039423243744454,0.0121248974808074,0.0157214063025008,-0.0011294920937906,-0.001644309395185,0.044327812418845,8.503477943389015e-05
2021-11-08,-0.0055528497898006,0.1013642929105609,-0.0085279488572829,5.372379061086008e-05,0.0012022489248544,0.0123724512256135,-0.0073579637461058,0.0027670345742676,0.0353589373463247,0.0172973640309872,0.0264006351516035
2021-11-09,0.0024596704228208,-0.0082578946651754,0.0250072380165997,-0.0020576666789513,-0.0007545293699189,-0.00678965118553,-0.0095978892418768,-0.0030858808265078,-0.0047719367305907,0.0053663882848933,0.0071953577757719
2021-11-10,-0.0191632741772515,-0.0607709049357552,-0.0263349942271211,-0.0161883676680871,-0.0203133955760634,-0.0085937435984935,-0.02304904439135,-0.0153299158757927,-0.0390776518494415,-0.0416217246317398,-0.0293972919379731
2021-11-11,-0.000338392387373,0.0438979023664378,-0.0027425987825921,0.0120813575197114,-0.0008704088411772,-0.004531059012184,0.000305092328918,0.0049275901776766,0.0316030857972391,0.0289112176634267,-8.467024661085176e-05
2021-11-12,0.0143371923475497,0.0128758643486182,0.0151620292251619,0.0140798961008503,0.0199737277783254,-0.004353967727079,0.0401233585994733,0.0129050567900237,0.0,0.0031624542473986,0.0042307397668175
2021-11-15,6.674445896237557e-05,-0.0094664541366031,0.005823804463116,0.0045276772995546,-0.0015200918056806,0.0001988251006224,0.0195665409641236,-0.0019303626653338,-0.0120102526500992,0.021644077062235,-0.0048026064720034
2021-11-16,0.0066666195397684,0.0406853111583522,-0.0014044861618779,0.00530256244394,-0.0038800107780956,0.0057632287224234,-0.0132353761049612,0.0102357073694774,0.0059281758930904,0.0789273744670979,-0.0003386318826372
2021-11-17,0.016490032009965,-0.0072810799119163,0.0023441312596286,0.0015296942057383,0.0011562917554857,-0.0075084538168326,-0.0063855710827607,0.0006788993547097,-0.0311889917929533,0.0095153316008735,0.0082992915293294
2021-11-18,0.0285359611160118,0.0243161624396641,0.041437007340815,0.0090758548344422,0.012100957354221,-0.0109496023183636,-0.0061037573768627,0.0063398321950047,0.0824988746688428,0.0151465875978122,0.036368323103548
2021-11-19,0.0169760023468719,0.0025158004057526,-0.0052731142758275,-0.0105948371447319,-0.0060866666166974,-0.0032207145711048,0.0195164650507424,0.0053915573982024,0.0413575167628261,-0.0070846052376825,0.0070510067496978
2021-11-22,0.0029274526703717,-0.018595967579615,-0.0282873005220635,-0.0271487086387963,-0.0176226526313266,0.0062603282583806,-0.012424053750482,-0.0095594284280684,-0.0311959282282665,-0.0194595301874115,0.0039433311840295
2021-11-23,0.0024223999656018,-0.0170469842032719,0.0020909577736383,0.0033257958835377,-0.0035543579635968,-0.014649913327578,-0.0110261292990868,-0.0063266794300407,-0.0065714632799968,-0.0025357974157317,-0.027174459749454
2021-11-24,0.0032836972402161,0.0525613992733144,0.0001033153398133,0.0065030303982498,0.0023185737172941,0.0134418179224407,0.0112973508339291,0.000681051026028,0.0292319748838818,-0.0012708425254597,-0.0053561293407251
2021-11-26,-0.0316786689272071,-0.0189480699324406,-0.0211847016698449,-0.0217278465097136,-0.0269435836735149,-0.0196945231641075,-0.0232803536169489,-0.0243554906432548,-0.0358388290747966,-0.0275029819920051,-0.0299890425726436
2021-11-29,0.0218733032754119,0.0458627105192501,0.0162674326887524,0.0324738316534891,0.0235435535126946,0.0250103120877904,0.0147395136576335,0.0210809313419921,0.0594544783722994,0.0455218464691722,0.0187035368365753
2021-11-30,0.0315780275028436,-0.0218640507989211,-0.0153022740224906,-0.0188892207121076,-0.0249638821283506,-0.0159999348495992,-0.0401444106915156,-0.0179425800251915,-0.0209729625718428,-0.0173069966431885,-0.0178571293147709
2021-12-01,-0.0032064222779842,-0.0584706370672292,-0.0180634873037836,0.0019505601559608,-0.0059620531563731,-0.0121952177832707,-0.0427171095376468,-0.001542590097895,-0.0378612004003862,-0.0236267703529792,0.0297054709602024
2021-12-02,-0.0061296858689778,0.0105290863054339,-0.0018468889124809,-0.0041637847154558,0.0135730378648926,0.0185186235227259,-0.0006762394471888,-0.0017875606085041,0.0219818047402031,0.0079712501442645,0.0088701253849809
2021-12-03,-0.0117244216251628,-0.0442659841595372,-0.013839076006382,0.0102632390265451,-0.0067464317905743,-0.0050505516321126,-0.0114372603529744,-0.0196668137461036,-0.044605581909888,-0.0029374171257536,-0.0194741988606405
2021-12-06,0.0215028608559519,-0.0343725931328136,0.0110862193887031,0.0122912875000129,0.0081232521524554,0.0353300529307323,0.0359471961591957,0.0098451225994091,-0.0213729883161204,-0.0060051705852629,-0.0015922603398376
2021-12-07,0.0354462471009868,0.0416367657599174,0.0279865042633626,0.044992817362532,0.0287417351350649,0.0309863035864506,0.0155410880183983,0.0267635472038223,0.0795684677885828,0.047135814713791,0.0266913073167587
2021-12-08,0.0227831360740031,0.0026924361285129,-3.689871657430732e-05,-0.0031165533553596,0.006226481717114,-0.0155983766947571,0.0240077702042509,0.0001491310145222,-0.0185338290162641,-0.0059330296266653,-0.0042510596555466
2021-12-09,-0.002970131157636,-0.0491600049545887,-0.0112796436041466,-0.008733364381783,-0.0036979043270817,-0.0245409261290091,-0.0022386705683673,-0.0055825193928705,-0.0419783929805559,-0.0020258325605388,-0.0188833068432036
2021-12-10,0.0280131947657225,0.0032584860851119,-0.0112475646046146,0.0827193272946424,0.0024585455847467,0.0021789772812916,-0.0002122463138988,0.0283398611975909,-0.0095768586359212,0.0088885989538012,-0.003096309512037
2021-12-13,-0.0206742578291629,-0.0342836513560057,-0.01535607649986,-0.015862498320967,-0.0146956569375806,-0.0116622595962319,0.014374625621927,-0.00916677910304,-0.0674547906291651,-0.0030459002954662,-0.0227483534841648
2021-12-14,-0.0080234347292587,0.0134529372997211,-0.0028071293797337,-0.0108580859496923,-0.0131629893445682,-0.0060000064163273,-0.0022423442050767,-0.0325869988987959,0.0062498935367454,-0.0073093729906438,-0.0011164830290129
2021-12-15,0.0285093874729576,0.0803834321966285,0.0249775731459256,0.0405750940708864,0.017608496244299,0.0195171153373165,0.0237310659819884,0.0192179105288072,0.074884280429027,0.0401140385984888,0.0353424605030325
2021-12-16,-0.0392639435776001,-0.053651881299328,-0.0256411746331252,-0.0299753255178542,-0.0136298987044788,0.0031578689324076,-0.0197856709849229,-0.0291347134171011,-0.068025888546232,-0.0588016878685336,-0.0278055386091541
2021-12-17,-0.0065017105643472,-0.0064194993765622,0.0067892037050256,0.0230069521900846,-0.018830728265211,-0.0041315596570948,-0.0033143972442259,-0.003385859776231,-0.0206431073215368,-0.0075777707287666,-0.0021446085534374
2021-12-20,-0.0081220105666318,-0.0141560577004877,-0.0172835563893775,0.0158593767220731,-0.0008326138876305,-0.0201503539221017,-0.0249858396252207,-0.0120136347505527,-0.0029495907130961,-0.000735285876223,-0.0118637159641764
2021-12-21,0.019086944439979,0.0622238347448462,0.0199786496219207,0.0082848665666652,0.0131737583470652,0.0235890624221291,0.0268860875341605,0.0230692230844407,0.048919470179553,0.0164713634432707,0.0217503587332146
2021-12-22,0.0153187085887509,-0.0025649574848353,0.0036381058820253,0.0138645785293542,0.0205090580296816,0.0039392567819418,-0.0112210800144563,0.0180572506594001,0.0111779251130155,0.0100234555499467,0.0328680518533215
2021-12-23,0.0036439190436319,0.015707495344309,0.0001841364158221,0.0146524398562488,0.0034255226233703,0.0066705809176712,0.0144954245084616,0.0044715990558523,0.0081633929281841,0.0074981924620318,-0.0051113348877671
2021-12-27,0.0229746086177471,0.0562474425553156,-0.008178022851368,0.0142598972420828,0.0067383319321976,0.0122782482836856,0.0326334611972354,0.02318588462378,0.0440283337179483,0.0196453863167764,0.0167384775832335
2021-12-28,-0.0057669776798109,-0.0078388618105903,0.0058437190295212,-0.0078308449362342,-0.0082451756823539,-0.003465509105484,0.0001153234271278,-0.0035041362839465,-0.0201325370561447,-0.008104017525883,-0.0052162071857657
2021-12-29,0.0005018363994204,-0.03192947818825,-0.0085549217086347,0.0053963649885082,-0.0002181556700127,0.0013524685650387,-0.0094736421299503,0.0020512365409313,-0.0105863115193334,0.0074667591784574,-0.0053252135590587
2021-12-30,-0.0065780614855894,-0.020976667513691,-0.0032890070546229,-0.0111953267624878,-0.0030991158990877,-0.0017365508765047,0.0041406430283734,-0.0076911592252818,-0.0138328012559637,-0.0186358315522926,-0.0081540939814256
2021-12-31,-0.0035353919846831,-0.0086117812784164,-0.0114294002163896,0.0004962058587287,-0.009223439610879,-0.0046385664714262,-0.0232604542624427,-0.0088411489618077,-0.005915084654441,0.0007661066196904,-0.0009134966546381
2022-01-03,0.0250040658731158,0.0440584563279442,0.0221183208988862,-0.0031410991564776,0.0009630167372882,0.0332038940093675,0.0065109686622712,-0.0046682963312619,0.0241405833666739,0.0182644879463635,0.0705676073284871
2022-01-04,-0.0126916937088386,-0.0387380665030896,-0.0169155870059795,0.0114575761414152,-0.0040829678939656,-0.0013155358139725,-0.0059372746300457,-0.0171470667699278,-0.0275886980350421,0.0054775267725664,0.0357144083409222
2022-01-05,-0.0265995641640564,-0.0572635672158541,-0.018893091563845,-0.041614463547948,-0.0458763580232378,0.013737164679489,-0.0367276997566432,-0.0383880023332596,-0.0575622561477071,-0.0038989314870132,-0.0475262585757181
2022-01-06,-0.016693609624796,0.0005876006951239,-0.0067109819613231,-0.0092846215345123,-0.0001996603763597,0.002598989509214,0.0255728511257395,-0.0079019014762259,0.020794071650972,-0.0029490837994169,0.0110972031722134
2022-01-07,0.0009884621992308,-0.0310503990325234,-0.0042877782943362,-0.028067675339808,-0.005303113816074,-0.010553604258726,-0.0020152234809106,0.000509711817942,-0.0330399557732767,-0.0297929183150102,-0.0386861895506375
2022-01-10,0.0001162014743367,0.0,-0.0065701761706103,0.0032464827437457,0.0120604926735399,0.033121129507035,-0.0112118352454335,0.0007323185830445,0.0056153220005632,-0.004046601071988,0.0122267046789845
2022-01-11,0.0167839549389894,0.0402272542317707,0.0240021256439246,0.0014326314431376,0.0076910377808556,0.0126790259723619,0.0192031251508812,0.0022593224587577,0.0152189358093239,0.0318343012874309,0.0332773577846445
2022-01-12,0.0025701413822687,0.0011652732135625,-0.0009373300985386,-8.02728693756194e-05,0.0121265002471739,-0.0030406701494881,-0.003319467189044,0.0104449676869695,0.0065427768275594,0.0055020037177611,0.0236896667728014
2022-01-13,-0.0190281401810343,-0.0344074757077016,-0.0241696550274378,-0.0398873409209006,-0.0201053845227536,-0.0143523652359066,-0.020344549947966,-0.0423225642405996,-0.0508590024303831,-0.0135716421997852,0.0526355623348042
2022-01-14,0.0051105501849182,0.0311887842272362,0.0057314870035656,-0.0013732813338842,0.0064471681017266,0.0138333023396211,0.0166011637715575,0.0177168290170013,0.0138099509516649,0.0261025847791771,0.0105613967826749
2022-01-18,-0.0188941518804953,-0.0361631504270409,-0.0198627388461901,-0.0311551772552599,-0.0249675107008975,-0.0168761247605377,-0.0414280731304633,-0.0243393021106257,-0.0385642804924121,-0.0520960956363937,-0.0485569500210707
2022-01-19,-0.0210245399561767,-0.0277418980255289,-0.0164771018060134,-0.0239187382281343,-0.006481664263683,-0.0208181219690719,0.0045262140774837,0.0022468389302368,-0.0322743510563433,-0.0357260624433831,-0.0210716662459555
2022-01-20,-0.0103471404020922,-0.0497388685608881,-0.0296323096341567,-0.0288135276962809,-0.013388581652255,-0.0294664635771688,-0.0094809977764911,-0.0057034585092073,-0.0365819935595711,-0.0346151456829485,-0.0204562908063901
2022-01-21,-0.0127651947115893,-0.0252687000285295,-0.0595018089614747,-0.0264550970155089,-0.0221741350806277,0.0,-0.042298253184016,-0.0184681824008542,-0.0321321991486492,-0.0094291789344198,-0.0296113637734251
2022-01-24,-0.0048642065276303,-0.0191902939664017,0.0133269834831153,0.0156590390232678,0.0034713886616883,-0.0019217585430327,0.0182733477502718,0.0011484887575177,-8.560667290524737e-05,0.0311648735976177,0.0114832566092746
2022-01-25,-0.011384806538176,-0.046340011863437,-0.0315337455435732,-0.0137376667088803,-0.0295788029830739,-0.0180978082395066,-0.0277283857407006,-0.0265882401881125,-0.0448400678108688,-0.0271654483713992,-0.0276278196351551
2022-01-26,-0.0005633085849712,-0.0037793411259386,-0.0079543306705535,0.0430226731311504,0.018103851589335,0.013529369495848,-0.0183905040122015,0.0284932090461895,0.0200679825134011,0.0093684331367138,0.0048989413643538
2022-01-27,-0.002943217894796,-0.0732544546781502,0.0055086457224957,-0.0265829493573981,-0.0017641096630137,-0.0704197121181066,3.382305780474937e-05,0.0105492312373587,-0.0363604685650233,-0.0347305833612135,-0.0544362262656448
2022-01-28,0.0697776477615472,0.0257309885858751,0.0310840567382737,0.03280416274773,0.0336884662856249,-0.0066598558427921,0.0239952908204403,0.0280814763763483,0.0408311712742692,0.0348017339818627,0.0105688458375607
2022-01-31,0.026125934698987,0.0856138570802111,0.0388636103021893,0.0460273451804065,0.0146417951895396,0.0228367553437081,0.0382819510935013,0.0088237948347718,0.0720665608004995,0.0536536418427975,0.0426832053648174
2022-02-01,-0.0009728290384114,0.0221444094467997,0.0108307628022343,0.0116746279102399,0.0172979601146754,0.0026631073196865,0.0183233581849662,-0.0071387736032798,0.0062078326744952,0.0077947064332148,0.0034251849398181
2022-02-02,0.0070442502944592,0.0512074278082093,-0.0038427158906232,0.0180693842409358,0.0752377610895469,0.0114401039962095,0.0125390477323608,0.0152221056299071,0.0245149276625795,0.0624965394735146,0.0089393878687351
2022-02-03,-0.0167197829259766,-0.0218312174856573,-0.0781276325178123,-0.0374194061078677,-0.0331756727256851,-0.0248435827342123,-0.263900885679785,-0.0389523686008285,-0.0512638879351158,-0.0483528977991046,-0.0347161657462141
2022-02-04,-0.001679295806874,0.0293137624033255,0.1353590173571186,0.0160280919132731,0.0014188215996342,0.0019827397537788,-0.0028178238857807,0.0155684263193196,0.0154920377520959,0.0020660422781975,0.0098464325816571
2022-02-07,-0.0042344811050971,0.0005663405800031,0.0018777353189827,-0.0042869557726183,-0.0285569739416646,0.00354102175244,-0.0513728820628363,-0.0163103436268498,0.0168181540628351,-0.0244052771677092,0.0106595964959803
2022-02-08,0.0184667926152426,0.0368723023054009,0.022021627828944,0.0214251649125458,0.0014223196199425,0.0130760025332059,-0.0210306590101535,0.0119953345116099,0.015367155714014,0.0199897314928285,0.0114462139229929
2022-02-09,0.0082936651381368,0.0360290924893507,-0.0013877341505965,0.018526530909992,0.0157320049686753,0.0225362791284244,0.0536832832752289,0.0218347645888681,0.0636052289973665,0.0300127876648637,0.01463093384959
2022-02-10,-0.0235989597445672,-0.0532932565688595,-0.0135617062747338,-0.0326824607592435,-0.020990167775525,-0.0210379566016084,-0.0169395858998746,-0.0283731981889098,-0.0329901642319494,-0.0537100143084895,-0.0064530626210145
2022-02-11,-0.0202183799291767,-0.1001033368365339,-0.0359111067436319,-0.0303368438946756,-0.0312904475296138,-0.025173831065503,-0.0373570125987706,-0.0242737513189529,-0.0726068572312421,-0.0541735481896019,-0.0296686869228144
2022-02-14,0.0014232720870135,0.0096306444155467,0.0122216832700543,0.0089987332296139,0.009260329651054,-0.0010496649736447,-0.0084262168425572,-0.0001358595786252,0.013278277237035,0.0029760936356151,-0.0102474393583532
2022-02-15,0.023152659526054,0.0630087056021069,0.0086583522019072,0.041809124637657,0.0079872630625976,0.0180746153325468,0.0151584839863014,0.0185424229883353,0.0918119091999345,0.0476592621881817,0.0396594962668297
2022-02-16,-0.0013890881769956,-0.031118784401993,0.0101590395387689,-0.0092238397030341,0.0082683654329662,-0.0043354134295513,-0.0201812244984304,-0.0011671832755493,0.0006038920888404,-0.002311970955968,-0.0073883044776469
2022-02-17,-0.0212692005405231,-0.0452034971914698,-0.0218089011061767,-0.0304920035796851,-0.0377454971364834,-0.0136842619308195,-0.0407774745882046,-0.0292820397225991,-0.0755914743721352,-0.0336037450878268,-0.0310680293541678
2022-02-18,-0.0093556969529917,0.0129927832053651,-0.0132619577544081,0.0017100019935294,-0.0161160782948098,-0.0531847807386184,-0.007462337370799,-0.0096313510617207,-0.0352958250319654,0.0050357360362958,-0.0037573472396781
2022-02-22,-0.0178124739353716,0.0159887522230339,-0.0157534947882649,-0.0043621261264722,-0.0045207447773056,-0.007770812728425,-0.0197904593135072,-0.0007288201703063,-0.0106590772641839,-0.0104390434872156,-0.0201156557712155
2022-02-23,-0.0258642234890003,-0.0509295228010042,-0.0357562466328766,-0.0212480770849701,-0.0171437920603896,-0.0008950298669064,-0.0179633081100973,-0.0258935216636763,-0.0428815128113029,-0.0257398574095477,-0.0086392271545546
2022-02-24,0.0166803216764206,0.0624088770116739,0.0450952242781925,0.0262032344043612,0.0399960111247175,0.0463606370159399,0.046107468240172,0.0510936860526944,0.0607941379773393,0.0393515889566007,-0.0346852177953639
2022-02-25,0.0129655099024625,0.038161366306066,0.0160579301284211,0.0138104716418971,0.0133279163672377,0.0211901531704195,0.0138726792474801,0.0092330447480337,0.0172226949747331,0.0175617022446494,-0.0058095372156252
2022-02-28,0.0016378513038475,0.0188336265098083,-0.0014662630028149,-0.000969490184596,0.004443857595177,-0.0002097007336958,0.0026131377592304,0.0049780262293119,0.009438170210638,0.0062012082718014,-0.0379393970987038
2022-03-01,-0.0116279607154771,-0.0771038980800945,-0.0157655502511202,-0.0294837087858358,-0.0073710417971457,-0.0184485497320898,-0.0357294538496831,-0.0128517284737006,-0.0372361298827408,-0.0482583679255793,0.0097185116114044
2022-03-02,0.0205881884228287,0.0390933574335423,0.0060241839623909,0.0274678336506404,0.0038042951237888,0.0437844609409321,0.0227037572240138,0.0177656608136596,0.0318240126418827,0.0382796286244049,0.0144377979025118
2022-03-03,-0.0019810173155517,-0.0532634045263956,-0.0273195561265813,-0.012257190859003,-0.0049937206934732,-0.0192345455883395,-0.0246985387253989,-0.0142242640382559,-0.020891932106684,-0.0230428994438033,-0.0074811085701793
2022-03-04,-0.0184084933767404,-0.0318806892999005,-0.0152637929917393,0.0300553445936833,-0.0148843456594937,0.002920972442467,-0.0143369569401076,-0.0204788559242621,-0.0328077218642375,-0.01868740795492,-0.0342862145708942
2022-03-07,-0.023717483856103,-0.0503644177606048,-0.0562204542423362,-0.0424337239644821,-0.0419084411253776,-0.0081133444709778,-0.0629311375277739,-0.0377765798722042,-0.0690616638958812,-0.0749417616760599,-0.0549209609086838
2022-03-08,-0.0116759107926042,0.0250607276108203,-0.0104654467302833,0.009199548262359,0.0057446945011163,-0.0037751911630887,0.0150422001102346,-0.010971300365857,0.0075869948532576,0.0043970866139715,0.0071508632034491
2022-03-09,0.0349973049853469,0.0523074418299325,0.0240011999309837,0.0365828397099012,0.0496872987119927,0.0027369593755446,0.0431448338865343,0.0458583838651607,0.0697223349218654,0.0421201931151318,0.0494999118385115
2022-03-10,-0.0271864014185323,-0.0413327675925038,0.0541251556099731,-0.0155608013433554,-0.0074237757083404,-0.0203652830680246,-0.0165742611874363,-0.0100868744445143,-0.0154689814163655,-0.0152759699685813,-0.0094331097822485
2022-03-11,-0.0239086284841206,-0.0203832255082351,-0.0088068467626539,-0.0168102122056703,-0.0193233847098611,-0.0177882612959855,-0.0389325545724759,-0.019328379196691,-0.0246270597008921,-0.0153189104779751,-0.0245285145843145
2022-03-14,-0.0265623137969794,-0.0195608485724312,-0.0252294881438727,-0.0173920737741071,-0.0301802088888772,-0.0312023547858039,-0.0052235043267854,-0.0129607944556432,-0.0348417061886743,-0.0725351992846796,-0.0208068246093992
2022-03-15,0.0296772419126949,0.0692420716973563,0.0388677303383067,0.0439590246235281,0.0257798599722329,0.0092341838560738,0.0289341020484192,0.0387424749194413,0.077027690067823,0.0206667079364812,0.028096660217495
2022-03-16,0.0290153906589218,0.0552455942044238,0.0389335637237051,0.0242257164472949,0.0315988412559467,0.0406159432336745,0.0604072945008062,0.0252133568027097,0.0662951767669814,0.0432702092491663,0.0402559173158121
2022-03-17,0.006454088418806,-0.0318973755531512,0.0270077489898168,-0.007329694032702,0.0041903154204785,0.0109371014247645,0.0206747356826451,0.0028194810916024,0.0110222473087731,0.01581936177211,0.0075691928284145
2022-03-18,0.0209188919170384,0.0158474044621403,0.0255121513583698,0.0128428794146906,0.0170838768591572,0.006576384935734,0.0416185995013074,0.0176477879756404,0.0681176234493865,0.0075900817475067,0.0021600801303012
2022-03-21,0.0085377580466781,0.0216816420264658,0.0014945523217748,-0.0082796736644801,-0.0001761981900749,-0.0012645825944056,-0.0230957158614905,-0.0042275168504768,0.0106225276813727,0.0103902456453812,0.0018739200158364
2022-03-22,0.0208007313516351,-0.0098343634200802,0.021038300442377,0.0167141634744594,0.0276742080875092,0.0211014265756817,0.0243981219706861,0.0163794158869166,-0.0078549954320118,0.012983016462875,0.0011224624440075
2022-03-23,0.0082335728446061,-0.0074925999259259,-0.0089818164925469,-0.0195636558544698,-0.0113857830331363,-0.0024798665842237,-0.0147240686953793,-0.0150300029424007,-0.0335547063657918,-0.0300744021297223,-0.0157884549726022
2022-03-24,0.0226778583932871,0.0580231804476401,0.0014779010051912,0.0451300260010969,0.0238401448907228,0.0694013634527814,0.028623695533583,0.0153930211155541,0.0981510264534046,0.0365669842431202,0.0243947574515595
2022-03-25,0.0037339278272503,-0.0071351582100842,0.0068682940146764,0.0038951414086765,0.0007135399143316,0.0040682551473743,0.010247311611061,-0.0013815844277447,-0.0162700824592314,-0.0030921934647796,-0.0110265147184077
2022-03-28,0.0050367355372011,0.0047630960436673,0.0255926789001088,0.0063763944737218,-0.0015351996954142,-0.0061740155019027,0.0079793377761125,0.023116680183401,0.0190308619183134,0.0030385824380902,-0.0037479467620502
2022-03-29,0.0191344403963289,0.0248669789278581,0.0019202776425126,0.0135729749072603,0.007422749212377,0.0143660182668774,0.0280424549033233,0.0151593056176608,0.0154859196874106,0.0165351318911686,0.0274616379313648
2022-03-30,-0.0066495927764043,-0.03254079385696,-0.0178011843303869,-0.0161815668546709,-0.0039788678984549,-0.0156937728021999,-0.0087443407656883,-0.004914299316775,-0.0337100341862057,-0.0517786070026249,-0.0230661567727568
2022-03-31,-0.017775929497956,-0.0828720414498435,-0.0198645673585716,-0.002234338166302,-0.0202271231965037,-0.0363600214771876,-0.0240949210015314,-0.0176830197418121,-0.0145904194096909,0.0005891031681706,-0.0231425785232265
2022-04-01,-0.0017178162969392,-0.0105175958935519,0.0034509732261245,-0.0042878184112677,0.0077873993082144,-0.0292574930196931,0.0111980558702167,0.0036004926580666,-0.0210361252856411,-0.0381495497983892,-0.014099389670855
2022-04-04,0.0236930506799597,0.0216285819861954,0.0292644845615308,0.0125523428342047,0.0201287431624406,0.0226563107178334,0.0402045519225013,0.0179367565922516,0.0242586000717774,0.0463977843966851,0.0194572475372774
2022-04-05,-0.0189417950351362,-0.033565539902707,-0.0254920891933075,-0.0326535977894325,-0.0166503191927235,-0.0217479230455555,-0.008764823511133,-0.0129853857445505,-0.0522294661782525,-0.0542875294535681,-0.0218533775349625
2022-04-06,-0.0184508137984779,-0.0294888741329168,-0.0323001201319852,-0.0197354088117145,-0.0287570566073744,-0.0122584434281304,-0.0368357792347349,-0.0366058404345189,-0.0587713664939772,-0.0424860726515797,-0.0128779260396508
2022-04-07,0.0018040671586092,0.0004823290502649,-0.0061194323502751,0.0017440650278737,-0.0048299495631491,0.0004209012954692,-0.0015672605962435,0.0062438381097638,-0.0081535001607291,-0.0004309413745624,-0.0065232472191556
2022-04-08,-0.0119089235548308,-0.0262244619040767,-0.0210667405504437,-0.0266147489330643,-0.0191407115491758,-0.0113542324495263,-0.0027809654958725,-0.0146000499522773,-0.0449850527634727,-0.0181726887127328,-0.0122363678305
2022-04-11,-0.0255157748239166,-0.0359405668655242,-0.0216139471563135,-0.0108858409837633,-0.0334914483423318,-0.0095705842306732,-0.0264019933090621,-0.0394317098525734,-0.0519917123633334,-0.0097297846871219,-0.0173228894559583
2022-04-12,0.0115234426383539,-0.0233131786836745,-0.0022133635624076,0.0076817140710536,-0.0086087192362549,-0.0015029623618676,-0.0107181516095947,-0.0112176506224089,-0.0188439537472693,0.0053929619067238,-0.0013323545469794
2022-04-13,0.0163423572245189,0.0277602463933459,0.0315244570689565,0.0127676359202164,0.0170655465833189,0.0109675898717087,0.0039694483254641,0.019711864799182,0.0325055536796461,0.0324049704256173,0.0416666596962793
2022-04-14,-0.0299880821599805,-0.0478821404487727,-0.0246526842748859,-0.0315421879643531,-0.0243584797878182,-0.0285046082201039,-0.0223732281497736,-0.0270840291293815,-0.042561751852106,-0.025551618697693,-0.0309359386137703
2022-04-18,-0.0013310452959603,0.0089189969141367,0.0071091646678709,0.0220442238799007,0.0074687134873332,0.0212395643384466,0.0028073250051601,0.0024656373843432,0.0246965859060535,0.0176029284080601,0.0041682213702323
2022-04-19,0.0141151294760351,0.0323783250110716,0.0348888306086196,0.0189598414675959,0.0182688075740911,0.0276586994537786,0.0310288497199402,0.0170396642268488,0.0190514562039669,0.0124171862976469,0.0068847516033307
2022-04-20,-0.0010154483039129,-0.0300217028056068,-0.0260410449190751,0.0001672208228471,-0.0151450926680982,0.0037554143338687,-0.0777229862620035,0.0037152877678352,-0.0322551599837273,-0.0050334860266904,-0.0044242097965793
2022-04-21,-0.0048436249770907,-0.0443522475838423,-0.0370264276739368,-0.0083482593083152,-0.0251912764332643,-0.0126793684344136,-0.0616205560073762,-0.0193811737701262,-0.0604690184896559,-0.0301411686981674,-0.013635201077645
2022-04-22,-0.0278210196292895,-0.019031709666252,-0.0266089375697043,-0.0097515059928515,-0.0414936708283454,-0.0202103941379623,-0.021056003956372,-0.0241443325954331,-0.0330971639604198,-0.0242450063600234,-0.0202744391344954
2022-04-25,0.0067370153700285,0.0289312805697306,0.0119431863563703,0.0015845137922676,0.0287413636701499,0.0111731353586013,0.0156429013177876,0.024413377728828,0.0198309234371316,0.0282357502527259,0.0058528574813998
2022-04-26,-0.0373280118377842,-0.0609769393585553,-0.0457507730510871,-0.047305630464231,-0.0359457174395985,-0.0327242668281168,-0.0323012471503991,-0.0374036933953045,-0.0559747044261973,-0.0224077476884683,-0.0360555797997358
2022-04-27,-0.0014668795987727,-0.0029356504139188,-0.0087810473174488,-0.0009464663220246,-0.0367088445101766,-0.0065904609681934,-0.0331582217607199,0.0481089975769626,-0.019852795126001,0.0119851623430882,-0.0270560881293897
2022-04-28,0.0451554288031024,0.055705988971118,0.046534185364343,0.034671565331233,0.0369922426338873,0.0358248967013952,0.1759357433249093,0.0226323160887622,0.0742327298189167,0.0968910612836022,0.0549524475066036
2022-04-29,-0.0366045669794016,-0.0459616552279651,-0.1404943777492341,-0.0424052068677229,-0.0372334163094951,-0.0693850578333724,-0.025567474443925,-0.0418118129130146,-0.0624304100944543,-0.0573587521303899,-0.0240497312410092
2022-05-02,0.0019662367203203,0.050514497946656,0.0017580913238786,0.0396111316288456,0.0216764789494159,0.0314290265376342,0.053175110450498,0.0250431477565837,0.0531622924787897,0.0399455511598214,0.0089314265076276
2022-05-03,0.0096226927587514,0.0143588709718509,-0.0019799044812061,0.0083629307695585,0.0064417508434391,0.0022243644718333,0.0042627661005683,-0.0094561583355918,0.003532471049096,-0.0069525509379433,-0.0013864087952681
2022-05-04,0.0410081797617982,0.0909689582506427,0.0134804685329348,0.0386978355305667,0.0419912365556327,0.0328450834060911,0.0536716779564414,0.0291009964696007,0.0373428997225302,0.0332040390634935,0.0252055363077221
2022-05-05,-0.0557159736803792,-0.0558237328965961,-0.0756103649042452,-0.0392106268301999,-0.0470753917622233,-0.0341095061989893,-0.0677229468875871,-0.0435547256612983,-0.0732758883972599,-0.0497150119512203,-0.0400039703055785
2022-05-06,0.0047269203393274,0.0156598865270845,-0.0140412400350301,0.0001894069900367,-0.006514834768023,-0.0067264124035861,-0.0216535434524327,-0.0094467401677261,-0.0089685075539486,-0.0074840056462119,-0.0056432319469689
2022-05-09,-0.0331890510232977,-0.0941891763422501,-0.0521335482572792,-0.0296155942879169,-0.0279533858575837,-0.0277651871621674,-0.0371006946187069,-0.0369455933331626,-0.0923694540781322,-0.0402612535554918,-0.047255219331886
2022-05-10,0.0161119090802639,0.0274432923787861,0.0006434445934941,0.032811082108751,0.0167450695862945,0.0218249134231638,0.0073389161400192,0.0185958226214528,0.0380530728032997,0.0140081773038696,0.0174112801561203
2022-05-11,-0.0518413034345756,-0.0091288758857573,-0.0320322570901069,-0.0245617889310848,-0.0069276781122437,-0.0268120295105971,-0.0450794490120118,-0.0332097917421683,-0.0548452919027772,-0.0329656110800382,-0.0111461001037557
2022-05-12,-0.0268940228251345,-0.0097816268000711,0.0147904048845735,0.0078645761731559,-0.0066767785862046,0.0002333692937637,0.0132456282940824,-0.0199576470502768,-0.027360252361726,-0.0040059247311385,-0.0015940616054979
2022-05-13,0.0319162710707394,0.0925798921894489,0.057275560350849,0.0291652831574273,0.0284152497364078,0.01774034194238,0.0385899485650698,0.0225965541440944,0.0946523574577271,0.0239810630929444,0.037290404707917
2022-05-16,-0.0106722190380489,-0.0092515228911108,-0.019853161739722,-0.009469021387193,-0.0138343553544633,-0.0119263716651071,0.0071495247070862,0.001455075187845,-0.0249632750179901,-0.0075593359534239,-0.0060464443627659
2022-05-17,0.0254225254067652,0.0873302583137858,0.0411332735799965,0.0437296919465086,0.0177200933431751,0.0306406462652024,0.0128973950361717,0.0203441686337153,0.0528847271312953,0.0431632663638468,0.0321864690946323
2022-05-18,-0.0564192614051564,-0.0604079473764621,-0.0715619664082722,-0.0617939794477276,-0.0392664890762334,-0.0461712049657148,-0.0512286849790776,-0.0455297627619468,-0.0681630298305501,-0.0661464216468856,-0.0298970221058187
2022-05-19,-0.0246412677378389,0.0040506792126415,0.0019278532990965,-0.0426941498081986,-0.013543448862227,-0.0080283125395906,-0.0049419445312183,-0.0036996934532631,0.010980960378834,0.000919966090993,-0.0035348124513843
2022-05-20,0.0017474376330406,-0.0327919543704271,0.0025345295167618,-0.0055290954983014,-0.0133715437837796,-0.0085693297239767,0.0117623385209852,-0.0022910708042458,-0.0251106109518511,0.0078884774805545,0.0063186100575727
2022-05-23,0.040119035307667,0.0167914405863551,-0.0003160506951841,-0.0309834647748367,0.0236897393834838,0.0084033196715334,0.0138988422557924,0.0320319415313308,0.012219799580132,0.0039510474736317,0.0079313583451103
2022-05-24,-0.0192159743381333,-0.0411275485985692,-0.0321411043253758,-0.0041037088273115,-0.0494940064522811,-0.0078572337048751,-0.0761860016402827,-0.0039516017387264,-0.0440289493151778,-0.0271721013675259,-0.0303824849236639
2022-05-25,0.0011402715734241,0.0163448640183507,0.0256964754175554,0.0141738928281014,-0.0015572185631601,0.0127191071472132,0.0140665033235034,0.0111703408946672,0.0508234251514911,0.0210067555962671,0.0190487406852675
2022-05-26,0.0231991015704369,0.0658391621549758,0.0402949922948654,0.0357956956681577,0.0187846180332798,0.0303315129479926,0.0424305460512732,0.0128747821528016,0.0516053430951251,0.027509112803012,0.0065256754878255
2022-05-27,0.040756690249154,0.0355443254301821,0.0366320836037818,0.0592380210972414,0.0419695244970601,0.0246091470870737,0.0182643645387077,0.0276046874763269,0.05377852008396,0.0364875603218686,0.0304396182920732
2022-05-31,-0.0053461231254431,-0.0039116127275847,0.0439701037907482,-0.0054005408130579,0.0128699847515958,-0.0029181255779433,-0.0076358318148284,-0.0050141684728814,-0.0073892328669356,0.0247566091604498,0.0163164871078351
2022-06-01,-0.0008734509566691,-0.0062831276832271,0.0122660429928727,-0.0112216362541562,0.0011426902210018,-0.0069787762925834,-0.0258211439708122,0.002023253347855,-0.0188518577494475,-0.0171966625840113,-0.0057713431853456
2022-06-02,0.0168114802355359,0.072811648175322,0.0314503430073862,0.0054391089908403,0.0327546501735414,0.0165494995761859,0.0541772025176638,0.007928674624186,0.0694320657697975,0.0441369384149255,0.0167810021755157
2022-06-03,-0.0385559475899756,-0.0210884369035914,-0.0251850680245271,-0.0232685756035745,-0.0261982510999048,-0.0323370561185164,-0.0406315421692019,-0.016606962815497,-0.0445076508451377,-0.0340631700834903,-0.0266762309446579
2022-06-06,0.0052278747534959,-0.0061147836991349,0.019942807289224,-0.0037103218767897,0.0199012078602014,-0.0011525335390246,0.018188389990783,-0.0047036526332598,0.003525117701266,-0.0055234384773984,-0.007038561327417
2022-06-07,0.017585755350884,-0.0035021556198595,-0.0143441053160904,0.0209539275211874,0.0028162074953868,0.0043840828897794,0.0072071286090269,0.013954080461547,0.0074527754064006,0.0103248732179106,0.0078401123382374
2022-06-08,-0.0050432558426497,-0.0321048375057793,-0.0147967454863757,-0.0133160221706689,0.0003799293053079,-0.0528373827588144,0.0050601782903834,-0.007670168324673,-0.0144804829896929,-0.0206497051005227,-0.0039426290754173
2022-06-09,-0.0359557406363791,-0.0304219669057985,-0.0415084895744305,-0.0161666742432432,-0.0201247330559664,-0.0295899755226713,-0.0642799024232763,-0.0207831297255018,-0.0321749806222956,-0.0161917080999484,-0.0280307105456345
2022-06-10,-0.0386286845862474,-0.0402834335424928,-0.0559621172157432,-0.0268778653350558,-0.0319935858892779,-0.0207447929498758,-0.0458151545571731,-0.0445636801956182,-0.0595080993201017,-0.025674649373135,-0.0238852834630269
2022-06-13,-0.0382847409106584,-0.082577534868755,-0.0545371935587453,-0.0436933965729154,-0.0429015153218957,-0.035987662105422,-0.0644188510291843,-0.0424126749295878,-0.0781782131147559,-0.0340843378519915,-0.03529532000997
2022-06-14,0.0066726332186011,0.0,-0.0131185553619402,0.004926176251581,0.0030359126142462,0.0042361731680939,-0.0032266270129086,0.0092051383885496,0.012078837091126,0.0124358130157382,0.0191698112057119
2022-06-15,0.0201113995481889,0.0265548367020982,0.0523898029347702,0.0125729173414077,0.0285713235351361,0.0189824200508819,0.0343248525194617,0.0297352072374161,0.0436349901221915,0.005911420896846,0.0222503486724274
2022-06-16,-0.0396513081513345,-0.0811870073038848,-0.0372433786108536,-0.0560651475278811,-0.0339910263555867,-0.0338940177997453,-0.0500737188824225,-0.0269701592744249,-0.0560297658383878,-0.0779211941168688,-0.0467274849420451
2022-06-17,0.011533107735999,-0.0058501321033566,0.0246960975125789,0.0029569163315934,0.0104685130988269,-0.0099088594046962,0.0178405108574608,0.0109400400674204,0.0178834837609005,0.001407024312598,0.0056789861970765
2022-06-21,0.0327607507867582,0.0272159032611101,0.023159471438541,0.0186430723083455,0.0410709172829377,0.0205571035645004,-0.0408574521773619,0.0245913103353527,0.0431991936787319,0.0281014287868131,0.022941257827441
2022-06-22,-0.0038273179165518,-0.0004773948572655,0.0024843268523027,-0.0152250886853124,-0.0005063981471468,-0.009276392840923,-0.0076409901834936,-0.0024040474178398,-0.0124351244117879,-0.0179273144256008,-0.0234616831702094
2022-06-23,0.021573691980318,-0.0157611903859608,0.0320330939965238,0.0009676164790461,0.0067675629204368,0.0008026169125077,0.0186075802103695,0.0226365758290414,-0.0082520442688946,-0.0169450301087914,-0.0093040567463434
2022-06-24,0.0245175150573226,0.0564115189695921,0.0357523706490605,0.0251921614344341,0.0510769924971152,0.0320769807699636,0.0718740818289092,0.03414961180069,0.0555316270940413,0.0417186965357596,0.0213978993217713
2022-06-27,0.0,-0.0105649764538385,-0.0278206928493914,-0.0066392168086274,-0.0181520353260095,0.0005179619947222,-0.0039375405283884,-0.0104966436135541,-0.0150064704987978,0.0166266587462022,-0.0006981886067961
2022-06-28,-0.0297898275419371,-0.0624420224482704,-0.0514043422723439,-0.0143560416995087,-0.0330301869946977,-0.0220036660021286,-0.0519793340239412,-0.0317490615824348,-0.05258155514486,0.0347539327276442,-0.0177033593125001
2022-06-29,0.0130238823789781,-0.0345382638980974,0.0141526687287818,-0.0161301030553165,-0.0027319422695457,-0.0129698265812302,0.0202887886793796,0.0147380322935584,-0.0275309517905321,-0.0104103722708976,-0.008181074919647
2022-06-30,-0.0180277452166837,-0.0194896356545808,-0.024880638358708,-0.0093797533444022,-0.024516277338825,0.003218107679701,-0.0164084254162821,-0.0131792867691483,-0.0246428093139418,-0.0191199041916168,-0.0227136748346804
2022-07-01,0.0161644059360444,-0.0366157055977626,0.0315412720365126,-0.016405765758468,-0.002069477953466,-0.0286021242764054,-0.00756614174933,0.0107073890046403,-0.0419554509489797,-0.0329575544654052,-0.05810399069968
2022-07-05,0.0189304567301207,0.0207682749738662,0.0359620530230395,-0.0032228131029587,0.0416185052064606,0.0096313255794151,0.0509905619445125,0.0125973308172013,0.0303656792581059,0.0186189572021076,-0.0115584276924651
2022-07-06,0.0096070706563609,0.0019947012229555,0.0073127914630368,0.0132481391475824,0.0115573209677806,0.0081767801388032,0.0093942637405119,0.0127830067923306,0.0110932894293114,0.0097749867061398,-0.0072264542895713
2022-07-07,0.0239996753183517,0.0524220923374449,0.0174932210965534,0.0330076950790698,0.0367539915011887,0.0310893587361968,0.0142545583933062,0.0082264207603595,0.0481163165108229,0.0577679320135124,0.0673639415362115
2022-07-08,0.0047147462185921,0.0006304592741395,-0.0067910332940134,0.0003011449133296,0.0048029012725447,-0.0039329050935782,-0.0076079029163568,-0.0027568606076866,-0.0012612031316485,0.0119792169204682,0.0106633669169124
2022-07-11,-0.0147583169213372,-0.0302457665032171,-0.0328025003072162,-0.0317431668918255,-0.0308076405882467,-0.0207948933673388,-0.0468164153585884,-0.0117683912126398,-0.0433135693551587,-0.0277184648246155,-0.029444290711269
2022-07-12,0.0068340966312023,-0.0076672691525571,-0.0226398101055649,-0.0030859182343224,-0.0143157217979948,0.000268688346884,0.0023943979396847,-0.0409816539873283,-0.0046198260526616,0.0053690130277632,-0.0001265696169787
2022-07-13,-0.0025366750675215,0.0151911475044905,0.0108038847462685,0.000747919342608,-0.0233905629781112,0.0,0.0013473050931127,-0.0037450657925345,0.0054368740191093,0.020233181612,0.0276862779424984
2022-07-14,0.0204825708265923,0.013931912768617,0.0020832946047117,0.006040741098618,-0.0088546420328048,0.0134372301797889,-0.0332742203429895,0.0053813875761625,0.0137167321026232,0.0461513780703592,0.0292782372058439
2022-07-15,0.0114498767680002,0.0319338700376297,0.0263943403311404,0.0202624951704035,0.0127755295745803,0.0241315650140849,0.0420753946094665,0.0103904689693119,0.0253708206977796,0.0174066615957029,0.0234252065594764
2022-07-18,-0.0206431642261645,0.0039452557319223,0.0018493974357443,-0.0068761895349943,-0.0245801264678816,0.0023305403342663,0.0153610710255669,-0.0096213406591613,0.0215072856328539,-0.0185634379955013,-0.0239400927222106
2022-07-19,0.0267220095142326,0.0546481263854219,0.0391174126641908,0.0365332757357332,0.0438411882343521,0.0390079314013815,0.0511273974991191,0.0207669796105163,0.0553382771713335,0.0400876601285549,0.0307490448944243
2022-07-20,0.0135101163928683,0.0413367858091835,0.0385753962770543,0.0054418753244678,0.000790738832191,0.0084533809898967,0.0415860762085067,0.0105577332798043,0.0479635986319917,0.0294497512025575,0.0047588914296663
2022-07-21,0.0150939163014376,0.0185619593766095,0.0151502863990393,0.0115483529389803,0.0038630424841472,0.0012328498622118,0.0004368547866469,0.0097987502178822,0.0136465000850767,0.0273547641707594,0.0142099915879576
2022-07-22,-0.0081107242744142,-0.0328246567568011,-0.0177324812097917,-0.0099677140269921,-0.0563232234399507,-0.0347205254746166,-0.0758857600930386,-0.0169162178690497,-0.0404985205113737,-0.01385852640882,-0.016744532175257
2022-07-25,-0.0073983470307054,-0.0063563855651852,-0.0104557980594839,0.001151257499355,-0.0036144540519684,-0.0010203323642793,-0.0154781972257044,-0.0058760129061097,-0.0170333677162103,-0.0029277269564758,-0.000231713663902
2022-07-26,-0.0088262691797063,-0.0261594801413939,-0.0522536062650466,-0.0039369816722097,-0.0231607109854228,-0.0051073896280018,-0.0450045148195433,-0.0267743952654218,-0.0288416456611284,-0.0214032802716584,-0.0217845354515762
2022-07-27,0.0342346657995438,0.0536070345433925,0.0536538959419938,0.032675233757297,0.0765568901574702,0.0313141311305749,0.0655357382014336,0.0668518840944221,0.0760297106699345,0.0230046607234077,0.0380241352316701
2022-07-28,0.003571648543277,0.0205967321354567,0.01082911089836,0.011027292711214,0.0102600948118816,-0.0116973004616992,-0.0522467409947219,0.0285405604184283,0.0109050578381828,-0.045430881878536,0.0111835901474566
2022-07-29,0.0327931989717813,0.0305443777428409,0.1036146409505072,0.0035044558219838,0.0183855106061472,-0.0856206146029521,-0.010079674226215,0.0156651143428323,0.0099532062483733,-0.0094910797413823,-0.0014672604026713
2022-08-01,-0.0061534195185261,0.024452180890705,0.0032604850044939,0.0016619520705503,-0.0125516183544065,0.0179012997002099,0.0052167150238202,-0.0097239955681083,0.0153058487615787,0.0163379859779573,-0.0245252161240687
2022-08-02,-0.0092873259360549,0.0259351329602146,-0.0090848344270921,-0.0096201603319632,0.0023507988470028,-0.0257035259960933,0.0016258378598865,-0.0114746077166529,0.004609409186745,-0.0027132649373161,-0.0030123447141372
2022-08-03,0.0382476390550232,-0.012085855237907,0.0399522992251182,0.0292351049317642,0.0256231516786586,0.0141628059695919,0.0537486359341154,0.0278363026908887,0.0198097254943045,0.014487033903253,0.0053455706244711
2022-08-04,-0.0019263182114062,0.0593333422520536,0.0218606863414483,0.0110840083918049,0.0009316543793522,-0.0136911089577572,0.0104857356823859,0.0041776696238158,0.0170434988361349,0.0124026210996019,0.0220783219050824
2022-08-05,-0.0013890745083584,-0.0153979987212631,-0.0124149833873247,-0.002460306008971,-0.0060918691724917,-0.007571509733698,-0.0202848414114134,-0.0026089743034949,-0.0117616693797611,-0.0052977732144569,0.0152680575199837
2022-08-08,-0.0029028847963556,-0.0218942226294813,-0.0098721545420527,-0.0107175028956211,-0.0014472049168819,-0.0002826664406845,0.0187899503858068,-0.0091547953735081,-0.0629838168349344,-0.0159775242794951,-0.0203852231043547
2022-08-09,0.0003031994179023,-0.0452683001210318,-0.0113334896316634,-0.0233350746363197,-0.0057119563378319,-0.0243073479037048,-0.0101026798211157,0.0070631164704626,-0.0397348156274792,-0.0358568476840035,-0.0310440882070227
2022-08-10,0.0261944592435738,0.0367385608393897,0.0352608325167747,0.0330518959540087,0.0263225239314859,0.0246233566880778,0.0582092867237824,0.0243004649779283,0.0591711788348174,0.0314365345497313,0.0406054243199618
2022-08-11,-0.0044311072519546,-0.0093892001668065,-0.0143668303082384,-0.0090477875541459,-0.0071845702650549,0.0062200240997452,-0.0047661888261707,-0.0074006630806037,-0.0085648409862472,0.0057146291314118,0.0095863352159704
2022-08-12,0.0214252902887108,0.027619231640992,0.0206911524085484,0.0234676235699444,0.0238976714928322,0.0146106461965307,0.01695849252453,0.0170371449872892,0.0427488675063332,0.0234053086063668,0.014968594254505
2022-08-15,0.0063334040162961,0.0017851859754738,-0.0025775713556979,0.0013077989913388,0.0032873724942004,0.0063694776717413,0.0021607478482832,0.005344268488493,0.0172643175886157,0.005552206598562,0.0078143250758517
2022-08-16,-0.0009236461759963,-0.0080190592105506,0.0111747882760318,-0.013077709571294,-0.0031127080200611,-0.0041277205807229,-0.0078500312135999,-0.0025898820112429,-0.0080388716610226,-0.01380398388808,-0.0176913148837303
2022-08-17,0.008784500923423,-0.0192614806782153,-0.0185107936066959,-0.0236745110307109,-0.0176663429347806,-0.0113292591134284,-0.0257423952446259,-0.0026360683743406,-0.0288153348254535,-0.0099978898469035,-0.0083381946061864
2022-08-18,-0.0022916131566957,0.0220820786859459,0.0014074379989574,0.0368741461679675,0.005185953655735,0.0117387795461325,-0.0010867436188334,-0.0039475196367971,0.0238892355692599,0.0191880973179292,0.0007850405108897
2022-08-19,-0.0151017993984319,-0.044703359060384,-0.0286015968863921,-0.0179426439025505,-0.024631657528479,-0.0226521434690024,-0.0383602184691889,-0.0138541902756139,-0.0492198206693204,-0.0249706218604568,-0.023188164659619
2022-08-22,-0.0230295114478024,-0.0324127223477577,-0.0362439026382593,-0.0358842398157445,-0.0253392790294373,-0.0435273011162644,-0.0292331271295297,-0.0293551303785872,-0.0456607818593308,-0.0405822254011785,-0.0224771022214999
2022-08-23,-0.0020289804841066,-0.0037699104688381,0.0030025063265215,0.0019479000737641,-0.0033261910153585,0.0032506835546761,-0.0118982011975918,-0.0047162786753169,0.0086295139830898,-0.0062851121904273,0.009267942055364
2022-08-24,0.0017938948700344,0.002594934573548,0.0013471631578225,0.0020008212314497,-0.0014931570559895,-0.002651193556734,0.0133448921293055,-0.0023515334615781,0.0023865488622056,0.0041927350594579,-0.0054632026864217
2022-08-25,0.0149226946630374,0.0479887499961948,0.0260089360849482,0.0363388777660547,0.0260357931429391,0.0304194476817092,0.0338109162142248,0.0110954995081546,0.0401229802067359,0.0349585549762283,0.0234922281030021
2022-08-26,-0.0376993368923629,-0.0617410987976755,-0.0475670078479172,-0.0532058066426026,-0.0540935282052479,-0.0438519426445928,-0.0414738427329363,-0.0385869473399672,-0.0922792594750868,-0.0538119461222486,-0.0323170140069342
2022-08-29,-0.0136901259267977,-0.0295021104672397,-0.0073423075630377,-0.0128247745728634,-0.0083378119986773,-0.0125901486529209,-0.0161331979576536,-0.0106680490390754,-0.0282288257077797,-0.0093943012770525,-0.0223037343896534
2022-08-30,-0.0153054689855318,-0.0175160522068211,-0.008167020675137,-0.0151505555973278,-0.0043868486215241,-0.0206435318175178,-0.0126278460720635,-0.0085212090912633,-0.0210744402679881,-0.0194775906613682,-0.0007240600283831
2022-08-31,-0.0106349253814772,-0.0238095196307281,-0.0152256595162253,-0.0143763443001033,-0.0066090549496981,-0.0105392728636249,0.0367139419158111,-0.0057039119252652,-0.0241791029660249,-0.0103996138815739,0.0067641286421298
2022-09-01,0.004706664408042,-0.0299281351870774,0.008282741023605,-0.0142251258835467,0.0140454411918051,-0.0050126224658035,0.0149147144055323,-0.0040922413714924,-0.0766530002755385,-0.0177669209306792,-0.0205157601261736
2022-09-02,-0.013610857304986,-0.025385690766459,-0.0024252664632598,0.0166866968393089,-0.0172224978205071,-0.0170024587518544,-0.0304790798625158,-0.0166667118953565,-0.0208077459568289,-0.0110836053735805,-0.009064179479334
2022-09-06,-0.0082151949312289,-0.0189431291566961,-0.0109795427999692,-0.0040383510881808,-0.0096430602675932,-0.0275465048094075,-0.0111027198953891,-0.0109739218415086,-0.0133364532007291,-0.0140877832184005,-0.0107539845393809
2022-09-07,0.0092537051550845,0.011305886380174,0.0267226635546529,0.013910180935087,0.0247168175244725,0.00955201449528,0.0116685345815155,0.0191113952432802,0.0187950890990213,0.0152364706752776,-0.0009997012445307
2022-09-08,-0.0096177283796022,0.0398190948956369,0.0026259778181887,0.0134619643913742,-0.0097761956965285,0.0032626942765918,0.0104124168905594,0.0016662315258062,0.0201252835912641,0.0019440994699699,0.0036271885404854
2022-09-09,0.0188397338742312,0.032254146029452,0.0265752330426696,0.0204519759385155,0.0209449323223225,0.0230893837000476,0.0437491050303628,0.0229768234520317,0.0283775201762903,0.0248350336634746,0.0160769351942218
2022-09-12,0.0385080127292658,-0.0094791993858627,0.0238612784110068,0.0127487565092798,0.0018977029847684,0.0031786897346985,-0.0011230920935516,0.0082810124092864,0.0082019208016936,0.0071941278858209,0.0076046444098822
2022-09-13,-0.0586795230655586,-0.0899102157990123,-0.0705752837581286,-0.0480287328840253,-0.0589932546366176,-0.0719264081349556,-0.0936907154939884,-0.0549783997970365,-0.0947260494562227,-0.0606766760501397,-0.0406574650587341
2022-09-14,0.0095553424519254,0.0054523974503579,0.013641407988461,0.0140973013253158,0.0065184532567785,-0.0037555862214728,-0.0108404924222604,0.000912827640032,-0.0002284954975042,0.0208116604517138,0.0107854833813128
2022-09-15,-0.0189298041427194,-0.0102000428309989,-0.0176585314552421,-0.0207734345064681,-0.0199046941902578,-0.0116517793010827,-0.0126756367820078,-0.0271191543947141,-0.0151581983747651,-0.019995218478311,-0.0155532958593787
2022-09-16,-0.0109600238079707,-0.0019567116972765,-0.0217770036948309,0.0047186934619614,-0.001068840296692,0.0138694950768911,-0.0217989473703694,-0.0026082312619772,0.0208056761634252,-0.0002401153294842,-0.001154200409677
2022-09-19,0.0250827931777062,0.0033981767033937,0.0091476151054725,-0.0013135274068188,0.0026263582263426,0.0068400532334755,0.0118258791591625,-0.0008988037914788,0.0139417031209077,0.0136055223372142,0.00436523614288
2022-09-20,0.0156654097278439,-0.019799357946223,-0.0198139030013032,-0.0174953383622369,-0.0187250398355082,-0.0163043718814529,-0.0130390238778643,-0.0084655912719617,-0.0153938997270378,-0.0148440694127865,-0.0010226199661627
2022-09-21,-0.0202678306670092,-0.0102325135291216,-0.0298715234712363,-0.0139480005821045,-0.0183905391834289,-0.0169198297924185,-0.0271750246457616,-0.0144360520260852,0.0064511789909553,-0.0012021995730845,-0.012924012418936
2022-09-22,-0.0063750338299572,-0.0668636295982388,-0.0103762725445741,-0.0093956655097925,0.0086624540006405,-0.014049955962299,0.0049256323653867,0.0084953460561001,-0.0527863701735643,-0.0075429360799539,-0.0195748379232097
2022-09-23,-0.0151237343765028,-0.0221582865543502,-0.0300912015408894,-0.0186973389518061,-0.0139803810997378,-0.0195938590786504,-0.0168744972123855,-0.0126980699110982,-0.0035826598835905,-0.020132497846644,-0.023270958359903
2022-09-26,0.0022600592923607,-0.0244260749717125,0.0120408047220976,-0.0136979749802328,-0.005772843965481,-0.0199855968849876,-0.0287727841266294,-0.0019754658102837,-0.0230105194346623,-0.0119648081111625,-0.0116419819876256
2022-09-27,0.0065664092405997,0.0131220976944499,-0.0064263817104963,0.0053864758483337,-0.0068248666867629,-0.0029662017275848,-0.0144460306260224,-0.0043797579341532,0.0151292514584315,0.0050108048415307,0.0002736298658054
2022-09-28,-0.0126515480745627,0.0177162791997278,0.0314657666190894,0.0026035129077439,0.0261538618118541,0.0089252278722498,0.053645787563894,0.0197115173526196,0.0260209938866493,-0.0117166401323468,-0.0123235539808049
2022-09-29,-0.0491192745800281,-0.0617320243274559,-0.0272010764033973,-0.0339727834617693,-0.0262868094948456,-0.0276447043252057,-0.0367204946064367,-0.0148089574849336,-0.0405148107859747,-0.0343901914001222,-0.0395121245699894
2022-09-30,-0.0300391074720328,-0.0121608791194151,-0.0156794686751555,-0.0135961190282882,-0.0181687765765418,-0.0231234659178518,-0.0053518776102973,-0.0193684746999709,-0.0066286785802003,-0.0161961656301747,-0.0103926704373281
2022-10-03,0.0307527559550597,0.0434027773596756,0.0254867013576809,0.0287605844531242,0.0312597412248152,0.0465656505386729,0.0215952375501067,0.0336625226499143,0.0307275184937563,0.0375285358980335,0.010064491579077
2022-10-04,0.0256227893790992,0.0270760989109273,0.0449602969275095,0.0505276432159944,0.0304134926725185,0.0270673247885713,0.0120481994547116,0.0338124086090958,0.0523498349678814,0.0439344750005696,0.0514075960065869
2022-10-05,0.0020533405101399,0.0005891150902566,-0.0011561598305591,0.0102948226290511,-0.0020658519054524,-0.0021661133174716,-0.0092672427732795,0.0012858390000098,0.0031899000037713,0.020593259235075,0.022936662585268
2022-10-06,-0.0066257914958967,-0.0013247566095214,-0.0053740712102915,-0.010932525298086,-9.86678325801682e-05,-0.0166426049206361,0.0006475404693428,-0.0096710761586534,-0.0059810573703793,0.003122623112034,-0.0017455471553188
2022-10-07,-0.0367184491771328,-0.1386882838472164,-0.0477140926646066,-0.0396663727308254,-0.027016340732356,-0.0537159427661305,-0.0404113622226829,-0.0508529589799452,-0.0802741369292623,-0.0348816503408795,-0.0618693640307266
2022-10-10,0.0023555958759668,-0.0107802407293357,-0.007768849586377,-0.0494700126160373,-0.0083096867898678,-0.0202176885425121,0.0025479160328567,-0.0213029680596261,-0.0336204592433034,-0.0521875180649864,-0.0331184266980317
2022-10-11,-0.010255109251805,-0.003113653362737,-0.0128441902700016,-0.01585559447081,-0.0069487530738164,-0.0063492422109574,-0.0392406598320189,-0.016750204657975,-0.007197777896882,-0.0398779575273661,-0.0591636034064962
2022-10-12,-0.0046050143961869,0.0038174111040851,0.006149206372302,-0.0004410010424171,0.0039103426505031,0.0115815154661056,-0.0080908383890729,0.0015084071124753,-0.0074227974665891,-0.01263288290337,0.0104019288907062
2022-10-13,0.0336130737140842,0.0188418354596067,-0.0032772607757425,0.0171864978413063,0.0153749667653952,0.0430318841873544,0.0218822648489682,0.0376078882755384,0.0399999767496548,0.0388437997659203,0.039151475741247
2022-10-14,-0.0322403236293683,-0.0508992207312426,-0.0500310789521999,-0.0248191602377954,-0.0252370829935303,-0.0193036115888746,-0.0270932611474306,-0.0242486967295907,-0.0612876555595431,-0.0257840679405596,-0.0405284758153231
2022-10-17,0.0291229199477407,0.0361101270531531,0.0644527529588525,0.0193632299499424,0.0353148511627026,0.0196835756886486,0.0574314030562588,0.0392457282326037,0.0588760090312574,0.014915861442212,0.0151752776574141
2022-10-18,0.0094093354242483,-0.000690146931663,0.0225854615884226,-0.0012404701822766,0.0080023188926809,-0.0208175489254361,-0.0092510974298325,0.0040837573873526,0.0066452745718241,-0.0034053272690737,-0.0181846746076885
2022-10-19,0.0007653870065698,-0.0119129600918899,-0.0110862917562806,0.001080964811392,-0.0113127969737067,0.0050252124661041,0.0032379455113558,-0.0084696972410472,0.0070193007830032,0.0147467917996158,-0.0007848809344165
2022-10-20,-0.0032670037479057,0.0094356267664972,0.0015642678860967,-0.0114861975028418,0.0034126130096538,0.0030769403958261,-0.0127598078116207,-0.0013954965338031,0.0118661567817024,-0.0077091081380988,-0.0012567959302303
2022-10-21,0.0270589668681957,0.0181755102776606,0.0353145309746136,0.0451545167586666,0.0116033893260452,0.034125554805749,-0.0115561722713599,0.0252807178759661,0.02230612120719,0.0335771498099615,0.0026739252880865
2022-10-24,0.0148026673060981,-0.0020401042588805,0.0041904123472913,0.0150978133848913,0.0137446379892556,0.007786530403995,-0.0022306616257357,0.0211877873043981,0.0106690227508228,0.0055298121014517,-0.0385879944485147
2022-10-25,0.0193377755120998,0.0471891042889478,0.0065097544757426,0.0077764025947246,0.0191182793278485,0.0084621712988934,0.0600524994499198,0.0137917469143846,0.0525439135490881,0.0239730547453242,-0.0024474825156566
2022-10-26,-0.0196272972562742,-0.0283065177145427,-0.0409618148798879,0.0024125022137166,-0.0914050695670625,-0.0072967214414457,-0.0559232279099011,-0.0771561620125412,-0.0275243905143789,-0.0088947690523092,-0.0049069088353368
2022-10-27,-0.030465303029405,-0.0189184844596589,-0.0406363862080393,-0.0125330722924953,-0.0285472367827059,-0.0345459903705532,-0.245570854190756,-0.0197564669769375,0.0217121769075505,-0.0288714925421217,0.0018080609078467
2022-10-28,0.0755524420896593,0.0581911251912068,-0.0680424971580574,0.0384277959809362,0.0441334135554796,0.1065853717538969,0.0128649565050882,0.0402204501596137,0.0499391829637214,0.0393199980846072,0.0173913745099785
2022-10-31,-0.0154103411657368,-0.0314464925177242,-0.0093801487897883,-0.0058785803257498,-0.018485691791429,-0.0220158805469506,-0.0608870514229754,-0.015855931069332,-0.0243601833119221,-0.0130022232409831,-0.0074182147608146
2022-11-01,-0.0175427083352321,-0.006660031913632,-0.0551542502071941,-0.0047222012836367,-0.0427469448939371,-0.0045725727572227,0.0218977349103317,-0.0170594952060082,0.0034081418017919,-0.002804606179343,0.0004873895645454
2022-11-02,-0.0373049186276167,-0.0172644784098429,-0.0482487666574257,-0.0253685565449175,-0.0386867342143388,-0.0310953711665792,-0.048949449938797,-0.0353684070851335,-0.0239236804612182,-0.0411659492083048,-0.0172135159907261
2022-11-03,-0.042405105714826,0.0252430413657487,-0.0306122406724402,-0.0261169227004542,-0.0407037429785486,-0.0010941163809364,-0.0180032759633513,-0.0265788465255348,0.0152808204364178,-0.0766223388572393,-0.0039654768526544
2022-11-04,-0.0019475234293766,0.0346031940648363,0.0188129926961151,0.0476899909578365,0.03775626407413,0.0434783977063457,0.0211451809848957,0.0333255152255207,0.0547650696509716,0.0270505407122125,0.0364963508530769
2022-11-07,0.0039023112491787,0.014311034314181,-0.0049461921414891,0.0213194437825834,0.0220604005796436,0.0074466360655387,0.0653154766895589,0.0292697275641502,0.0102429796895644,0.0318680589388757,0.0044813449660774
2022-11-08,0.0041752938179022,0.0122066680519234,-0.0060752836604374,0.014498639204336,0.0046333788963413,0.002463910935214,-0.002584871703263,0.0043885035417243,0.0210475448593039,0.022254236628471,0.0360102280961003
2022-11-09,-0.0331900048677592,-0.0615505152559814,-0.0426761927542121,-0.026218102899755,-0.0177726779353148,-0.0337077356278961,0.0518296580759218,-0.0190503308850015,-0.0565674956045136,-0.0187486301469542,-0.0003075029987742
2022-11-10,0.0889744816185418,0.1426903089624762,0.1217784761794427,0.0790252335687771,0.0758131009341676,0.0813952167873022,0.1024934379423108,0.0822681840119186,0.1432925787384913,0.0928188614714626,0.0898459060125653
2022-11-11,0.0192686731080304,0.0569592734971307,0.0430508514990384,0.0227410445189535,0.0262932124072006,0.0225134613849522,0.01027964126934,0.0169972623420806,0.0366349199112083,0.0062147873156954,0.0422082374563026
2022-11-14,-0.0094855008261792,0.01602868576331,-0.0228197542500815,-0.0093996897973971,-0.0073643597954689,-0.0026288714475817,0.0106176102981472,-0.0225000127096456,-0.0019597980544728,-0.0051880662079589,-0.0139510387987604
2022-11-15,0.0118694470606539,0.0386237456063278,0.0045690383531042,0.021822976158746,0.0286312732968954,0.0118614612814034,0.0250394611777879,0.0017386535368764,0.0227673513839405,0.0432117984668245,0.1052197119794604
2022-11-16,-0.0083312090617035,-0.0480555933789604,-0.0183949833223626,-0.0241982396793475,0.0041649729052879,-0.0384239086048419,-0.0328835646932396,0.0018235728477085,-0.0453616917701684,-0.0419774422740594,-0.0125530642789315
2022-11-17,0.0129715972337345,0.0165062534801898,-0.0233731899533007,0.0007427598444238,-0.0049570977585592,0.0121909698231614,-0.0157202478764708,-0.0002068425698722,-0.0146448036266743,0.0176427791301254,0.0255509175600354
2022-11-18,0.0037816470181624,-0.0044655185959519,-0.0074854938945135,0.0059553813623935,-0.0094550051417263,-0.0006690416874515,0.0053836595666001,-0.0019033712530294,-0.017095086446377,0.0080579084111005,0.0096954158417956
2022-11-21,-0.0216802784539436,-0.0150876799640609,-0.0178457649890373,0.0044260267306752,-0.0187829078680755,-0.0311348424904854,-0.0195448723060291,0.0034409890438327,-0.0059705578982307,-0.0294711842378126,-0.0284429993473543
2022-11-22,0.0146612173516647,0.0385040153295448,0.0080034379309636,0.0243700055357158,0.0151676496000974,0.0304075207470333,0.0143819935945177,0.0123114660790002,0.0470716187432609,0.0287022102078864,0.0326536128871526
2022-11-23,0.0059263804554976,0.0152824123040387,0.0099785443736895,0.0067729368509281,0.0145284666635912,-0.0050301224958503,0.0071787411393871,0.0104069633681842,0.0299914843875874,0.0121310226980213,-0.0069056691127561
2022-11-25,-0.0195936789485917,-0.0164921742286048,-0.0076489282090406,-0.0069897499884411,-0.0101564420842246,-0.0111223089314406,-0.0073946843222006,-0.000363683651136,-0.0150734660358539,-0.0135837786198746,-0.0069536889880204
2022-11-28,-0.0262642202898902,-0.0259515166899352,0.0057808935334819,-0.0145306500300095,-0.0144674287503049,-0.0207906515080552,-0.0236067530253226,-0.0231525520203047,-0.0272281530861328,-0.0316727546689202,-0.0267813033713563
2022-11-29,-0.0211482421578538,0.0027325719575197,-0.0162852456518945,-0.0015703511283815,-0.0089538370435294,0.005917016363621,0.0062512931193221,-0.0059147827466881,-0.011878429187942,-0.0097038155549179,0.0013885178609864
2022-11-30,0.0485937486615524,0.0577735100017942,0.0445791260355856,0.0568479572077629,0.0609309475713175,0.0404844763365273,0.0789328457236624,0.0616234297562501,0.0823794514850917,0.0753208206462758,0.0460102994436251
2022-12-01,0.0018915650713675,-0.0019321641348862,-0.0107727460706918,-0.0005080473634176,0.0,-0.0079814279109023,0.0198136957874996,-0.0017635555302416,0.0125271150041734,0.0025299141522556,-0.0036151877915662
2022-12-02,-0.0033712308463127,-0.0322663899288058,-0.0143455784982413,-0.0180663700428218,-0.0054461092337216,-0.0140797271662465,0.0253237596732716,0.0012957678898817,-0.0151153238771929,-0.0090686072278836,-0.0142719822518267
2022-12-05,-0.0079833320554492,-0.0181381775068405,-0.0331455987275531,-0.0187869378177726,-0.0095578938919606,-0.0081604745818979,-0.0085836599875879,-0.0189006065618121,-0.0157618506914477,-0.0187808136521139,0.0014721372164043
2022-12-06,-0.0253699667874689,-0.045504020355,-0.0303263605257266,-0.0090833226588697,-0.0251306839020462,-0.0195407062673202,-0.0678754405407043,-0.020303791114584,-0.0375074546707736,-0.0285482401744642,-0.0252387545863815
2022-12-07,-0.0137847651262268,-0.0018499681176631,0.0023795930251859,-0.0139211238289136,-0.0210353398246154,-0.0094405599725679,-0.001664996908325,-0.0030596653265059,0.0083191034947927,-0.0131073843468811,-0.0040220998640417
2022-12-08,0.0121327315129486,0.0047049021090153,0.021365582288144,0.0242624908172905,-0.0129555502853717,0.0038829134006208,0.0122883157030708,0.012399192282287,0.0650745213596786,0.0299467364498624,0.0196870722067885
2022-12-09,-0.003435001673702,-0.0266780878422941,-0.0139457903432214,0.025683185923875,-0.0093906028465438,-0.007032358782165,0.0049422518328263,-0.008003254900469,-0.0097851292903078,-0.0221766849184931,-0.0013611666401424
2022-12-12,0.0163900010840221,0.030325148594674,0.0163879983598811,0.0218644858083854,0.0051706728926657,0.0159347969187353,-0.0102673934162497,0.0288893848742997,0.031410180385857,0.018143618737739,-0.0032224148668306
2022-12-13,0.0067825176883344,0.0138673182726107,0.0214245692615033,0.0258880292073786,0.0248634117865571,0.0013943263795119,0.0474238210658002,0.0174645725377797,0.0306243637505183,0.0188105251872863,0.0009946482650891
2022-12-14,-0.0155357716649854,-0.0379623330464369,-0.0098388588359056,0.0059540299608398,-0.0058560122422831,-0.0163593526318823,0.0119850807104231,0.0011678017789351,-0.0220230522181531,-0.014414358769428,-0.006086329750897
2022-12-15,-0.0468543669014327,-0.0348179532170798,-0.0341778207057329,-0.0286191903522927,-0.044283020095368,-0.0392780790284721,-0.0447404760350884,-0.0319183779622301,-0.0408511900665683,-0.0416562921333518,-0.024620035556777
2022-12-16,-0.0145789499089951,-0.0168344376632699,-0.0066703941011537,-0.0037454920758432,-0.0066036042595486,-0.0084714089401856,0.028239367280985,-0.0173486445935137,-0.0224750967521029,-0.0180899190496998,-0.0168792667247656
2022-12-19,-0.0159096554160473,-0.0125364207049228,-0.0334623539834105,-0.0030471974022312,-0.0201639209717817,-0.0048291448365779,-0.0414469005427619,-0.017328040321807,-0.0191296787189223,-0.0167640543813418,-0.002621311157798
2022-12-20,-0.0005284559844301,0.0071219498366394,0.0031795134041781,-0.010207138319025,0.0065580666098052,-0.0130645950478343,0.0227987947841146,0.0056145438385017,-0.0103976426073927,-0.0045289517896185,-0.0063074072821663
2022-12-21,0.0238094986986101,0.0404303940051375,0.0185467091956814,0.0316349382452563,0.0062908386033508,0.014750294886948,0.0228029510914367,0.0108765868853419,0.0258625008042228,0.0222122473328088,0.0201004311278825
2022-12-22,-0.0237726870715869,-0.0564420756146493,-0.0343436192558292,-0.0145037719837665,-0.020317240156961,-0.0320536024583619,-0.0220441029732404,-0.025528720667613,-0.0704198779123956,-0.0341215286180865,-0.0241119338785671
2022-12-23,-0.0027983177030321,0.0103350458253497,0.0174245025482759,-0.0011934000617627,0.0167502791318749,0.0046207077351898,0.0078551051322632,0.0022672053278995,-0.00867054775299,0.0014455743414045,-0.0051806502728283
2022-12-27,-0.0138781797364572,-0.0193737794534908,-0.0259237429263654,0.0020093977922244,-0.0206209945564891,-0.0057493377010731,-0.0098271354635243,-0.0074142933260079,-0.0713534917477822,-0.0124503592553542,-0.0076110021215236
2022-12-28,-0.0306852167115894,-0.0110637072526456,-0.0146917293744273,-0.0156266894833518,-0.015676618060178,-0.0154200707675271,-0.0107802355331203,-0.010254985213699,-0.0060193357826507,-0.022748195306385,-0.0169539315504537
2022-12-29,0.0283241703227683,0.0359597252832672,0.0288438110383035,0.0237111374774461,0.0282490544062485,0.0262333018509548,0.0401314903036909,0.0276297051178704,0.0403960632279349,0.0268300540925474,0.0402409850603395
2022-12-30,0.0024690619651837,-0.0007714139462083,-0.0021382787422574,0.0023664606526101,-0.0024871537352878,0.0083935885996742,0.0006650901519404,-0.0049374691416299,0.0007533236655814,0.0009104495392304,-0.0198684983039627
2023-01-03,-0.0374046961953888,-0.0115794355237207,0.0216666630336217,-0.0101050058231692,0.0100871985510326,0.0113507554672116,0.0365631853065357,-0.0010007907990713,-0.0204598498132024,-0.0249226687260927,-0.0061752217558938
2023-01-04,0.0103141459547133,0.0099969861387407,-0.0079235645256799,0.0122135282689768,-0.0116695322027765,0.0355406457998823,0.0210838388262313,-0.0437430823183043,0.0303178296264181,0.0403917736218704,0.0309333577632107
2023-01-05,-0.010604657816743,-0.0360346690239992,-0.0237255891184796,-0.009317238271721,-0.0213442802287857,-0.0043352522674197,-0.0033759844005155,-0.0296378505120055,-0.0328158613308373,-0.0190981243528151,-0.0077305734901317
2023-01-06,0.0367942913658618,0.0261510862431237,0.035611152390083,0.060195836911445,0.0132249477078414,0.0424529503711743,0.0242632866687244,0.0117854845291169,0.0416404768036338,0.0542962784764822,0.030899300429549
2023-01-09,0.0040887104669231,0.0512820329306906,0.0148698739785004,-0.0196114323049853,0.007785723200141,0.0201877915848147,-0.004230102232596,0.0097362743121423,0.0517530844653046,-0.0063292744871903,0.0286921593761042
2023-01-10,0.0044566402247843,0.012046478490814,0.0287317092341348,-0.0033974280428052,0.0045444193195369,0.0044353665600369,0.0271879459471915,0.0076171404759062,0.0179805937383379,0.0200681723485323,0.0119534208979883
2023-01-11,0.0211120284828507,0.0148419465325777,0.0580838258793434,0.0055830960508238,0.035059987985438,0.0139267454573013,-0.0007519857720544,0.0302380277571092,0.0057827520306841,0.0126593251275213,0.0062755740493076
2023-01-12,-0.0005991643753284,0.0251955626220194,0.0018929468094222,0.0065729749526957,-0.0042613590994586,0.0147403625154023,0.02874555316946,0.0116216150696168,0.0318733675978677,0.0270292204918267,0.0638298623180606
2023-01-13,0.0101188053780716,0.0028248155313777,0.0299150436017472,-0.0050520897564541,0.0108635508736245,-0.0059426419661064,0.0019749900586805,0.0030187313134795,0.0234993285840037,-0.0111027326907222,-0.0022986434078526
2023-01-17,0.0087565460686773,0.0083098075759242,-0.0210966126873284,0.0004145251318721,-0.0090099884963947,-0.0169379458112652,-0.0118264706998433,0.0046816133729112,0.0475176609415584,0.0003325575025414,0.0252300106524638
2023-01-18,-0.0053697649524643,-0.0148065038806647,-0.0061426751539738,-0.0085457018033447,-0.0018621479643777,-0.0266891366551343,-0.0172873275610065,-0.0188890497418223,-0.0183596148229068,0.0146326539844363,0.0053939739589887
2023-01-19,0.0004433987251857,-0.0399829823285349,-0.0186465409215199,-0.0192759910015625,0.0211807490499038,-0.0135369589435392,0.0235303570520202,-0.01645402150276,-0.0352190744064162,-0.0365453449871218,-0.0119592158054613
2023-01-20,0.0192207870203069,0.0348545361432852,0.0381084509307689,0.0134227068315,0.0534121543057104,0.0281492322449465,0.0236502952418269,0.0357436243643507,0.0640622967779909,0.0452457180565128,0.029751088361555
2023-01-23,0.0235009261944523,0.0921935081005833,0.0027763150957984,0.0190090595883238,0.0180576425357907,0.0359342754569622,0.027983037600662,0.0098242989620958,0.0759009285751899,0.0661514234338875,0.05086227052904
2023-01-24,0.0100628104389106,-0.0239122156049184,-0.0123051373005508,0.0058458520001742,-0.0209440647254363,-0.0115626200110445,-0.0009073409821329,-0.0022259817901095,0.0037513733514311,-0.0025185957437733,-0.0114991972509933
2023-01-25,-0.0047008616270265,0.0028113349725127,0.0089285777935668,0.0011110237102451,-0.0253837525653972,-0.0073529387459604,-0.0114574044509002,-0.0059082625811955,0.0030107749826779,0.0035959118505108,-0.0227366657315666
2023-01-26,0.0148032765171137,0.0033373379759484,0.0209919830121536,0.0220254919409956,0.0241544746323203,0.01313130573136,0.0409896081321254,0.0307136771552747,0.0247889875820874,0.0212701416455445,0.0112539425841422
2023-01-27,0.0136844382686114,0.0031931592878635,0.0304373776044284,-0.0126798827066598,0.018970665979247,-0.0641409524595856,0.0301424429918999,0.0006450609552925,0.0284314724693561,-0.0041803754097744,-0.0016049493071412
2023-01-30,-0.0200780305301567,-0.0391247283546036,-0.0165296835614527,-0.0161424557342486,-0.0244540504386949,-0.0074572150496032,-0.030842198151191,-0.0219614110231666,-0.0590719744380908,-0.0132683194082328,-0.0018222503399749
2023-01-31,0.009020747230759,0.0372671454985096,0.0256588177360086,0.0061226406713155,0.0195995608939114,0.011091065259873,0.0129879894560949,0.0210126219995221,0.0195700080591354,0.0120033841160971,-0.0042949436217095
2023-02-01,0.0079006616781323,0.1262807407994732,0.0195869710681486,0.0303241898943196,0.0160866728580888,0.0286625617059972,0.0278577800222796,0.0199346229699215,0.0719661242524469,0.039411678214831,0.0216758445867963
2023-02-02,0.0370628432063073,0.0433600921007821,0.0737993535294492,0.0050105962256621,0.072786997451526,0.0385276630820075,0.2328239897090773,0.0468841365109273,0.0365752571661444,-0.0188503410583863,0.0201604605320162
2023-02-03,0.0243998338839694,-0.0251387304051293,-0.0843149762083984,-0.0134539276092456,-0.0274735615708137,0.0043060152324256,-0.0118663259497855,-0.0236202913879441,-0.028052988587543,-0.0061097828462992,-0.0205896697477818
2023-02-06,-0.0179288455527341,-0.0279939149173147,-0.011703250716856,0.0061576817717339,-0.0179422508166532,-0.0422300024718569,-0.0025196127211545,-0.0061159339894689,-0.0005209571458678,-0.0154791458564949,-0.0298964956487998
2023-02-07,0.0192445259371389,0.0266491795984813,-0.0006850625818668,0.0218691759178748,0.0460640255619622,0.0125478570190837,0.0298828368440733,0.0420220043355881,0.051401188006652,0.0278341973153621,0.0296198477030269
2023-02-08,-0.0176526173267284,-0.014200921530646,-0.0201742977796528,-0.0207339322029795,-0.0768300409821012,-0.0278829769700882,-0.0427407943691555,-0.0031018890972812,0.0014429785792124,-0.0326429806152807,-0.0028555360253776
2023-02-09,-0.0069115601550756,-0.0174755380123828,-0.0180910058248766,-0.0038223503138712,-0.0438765399222471,-0.0180594959904731,-0.0300387326373212,-0.0116598238210401,0.005944688105516,-0.012408121729427,0.0255622075192734
2023-02-10,0.0024561821401585,-0.0207907192233329,-0.0064128386310795,-0.0102768014868614,-0.0046311780785938,0.0025243869265496,-0.0211893900923775,-0.0019724669606141,-0.0479920975672802,-0.0117981332016706,-0.0136520061675294
2023-02-13,0.0188067674225149,0.0202502924460663,0.0197725672892896,0.0132658311792421,0.0004231377445131,0.0269783754180168,0.030318802334146,0.0312429507991822,0.0245942618417214,0.0143421967435048,0.0077591265584007
2023-02-14,-0.0042247852592836,0.0339227690123407,0.0016073541414836,0.0019795962509587,0.0007398119744166,0.003152381415221,0.0002786357117903,0.0031326616831577,0.0542960460406074,0.0114642512938554,0.0192490072882549
2023-02-15,0.0139033647541144,-0.0089586581780809,0.0146439995843241,0.0089324363192844,0.0238699985456813,0.0073324647260493,-0.0129263466176098,-0.0079929770611845,-0.0090115108616904,0.0055162976071716,-0.0530830174214453
2023-02-16,-0.0104295858451662,-0.0598731915455417,-0.0297548638519662,-0.0117658738996385,-0.0147515078202876,-0.0225303521812854,-0.0266424674959639,-0.0266226899064218,-0.0334737172136706,-0.0218683525780113,-0.020914189236605
2023-02-17,-0.0075465636623921,-0.0197302921444485,-0.0096791091479119,-0.0082426681776804,-0.0121453909562996,-0.0209220214228361,0.002551584165356,-0.0156016185608965,-0.0279065973284389,-0.0187459333082764,-0.0079277090524687
2023-02-21,-0.0266798244501382,-0.0220382593239948,-0.0269546831218795,-0.0235900597526773,-0.0271328719221018,-0.0561390696612409,-0.0046275255978995,-0.0208864842145174,-0.034271555148433,-0.0314752944634918,-0.0273029583550764
2023-02-22,0.0028960071944583,-0.0020840958670185,0.0127933924830543,-0.009234136991274,-0.0015253327934063,-0.0226401005023544,-0.0055789184694677,-0.0045911493303683,0.0047931395734399,0.002020995334887,-0.0092424098009553
2023-02-23,0.0032905717022684,0.0409868080489763,0.0003131723458624,0.0132425933574484,-0.0082924880796376,0.0054966841585226,0.00537646584522,0.0129617852591414,0.1402138477169914,0.0181526039118522,0.0374294600980253
2023-02-24,-0.0180052156925847,-0.0208150929418103,-0.0242120611794317,-0.0103631190509861,-0.0193640071099957,-0.0183522718384815,-0.0095906658992298,-0.02178439378294,-0.015973634289044,-0.0147384668990682,-0.0218695185147939
2023-02-27,0.0082476513286329,0.0087079054560774,0.0027807715104863,0.0133275517035347,0.0083026350164236,-0.009546410443646,-0.0049886585704419,0.0037717247251416,0.0092330895944396,-0.0073991871166599,-0.00919301872841
2023-02-28,-0.0034480113499307,-0.0024120200597779,0.0050128115400447,0.0150996171947273,0.0021140329831257,0.0012048518990428,0.0318508146295433,-0.0029581873185201,-0.0121272587898981,0.0008913192537214,-0.0026344572759974
2023-03-01,-0.0142460571864821,-0.0036905180551005,-0.0218614572280675,-0.0012117822206951,0.0033311749028257,0.0160447848648526,-0.0086885989368293,-0.012629074307309,-0.0223121251605492,0.0073300682505565,0.0155046118207715
2023-03-02,0.0041292019085028,0.027462019424405,-0.0004339906295109,0.0085586430594815,0.0181496215792491,0.0343466323835026,0.0064006865802488,0.0196532095476786,0.0271387887273826,0.0008086796031623,0.0068988783746746
2023-03-03,0.0350899472246668,0.0134260836509403,0.0300662580597026,0.0569781542334533,0.0179346153360555,0.0076337455020862,0.0614220467148556,0.0166460210273255,0.0247062249741285,-0.0014542227072711,0.0085365088286557
2023-03-06,0.0185395338273055,-0.0044160082897605,-0.0121180348512988,0.0002528078830059,0.0158036567446213,-0.0155303771930571,-0.001889338821069,0.0061890144885752,-0.014064377692008,-0.0096277501283401,-0.0023388210274259
2023-03-07,-0.0144966942183689,0.0117052354038484,-0.0021333007812501,-0.0122764343300243,-0.0133500783436509,-0.0176991183712519,-0.0021093291383512,-0.0105890091492215,-0.0111252683392802,-0.0263051922318936,-0.0081489529697514
2023-03-08,0.0083773954196397,0.0397028633783675,0.0039550518986388,0.0113733713850598,0.0041551199996918,0.0176261872332308,0.0024932711101859,-0.0017704882526842,0.0383459219826178,0.0168638809914816,0.0222847790271094
2023-03-09,-0.0149145033918047,-0.0156964264281789,-0.0177810711403688,-0.0154052089631916,-0.0204775081715457,0.0177060838077787,-0.017732658995942,-0.0054395910415601,-0.030809305894757,-0.0328383365725432,-0.0214689916760868
2023-03-10,-0.0138788178699018,-0.0161847034405364,-0.0164769283801236,-0.0123529491857742,-0.0183059842471396,0.0295006682624945,-0.0119983694642913,-0.0147828052340618,-0.020097348184875,-0.0173177635519787,-0.0183390473833361
2023-03-13,0.0132661754743166,-0.0079835012378501,0.0187368773872338,0.0026673531978682,0.0052963588636218,-0.00991915932533,0.0077431512168451,0.0214408650918589,4.347600556742215e-05,-0.0065977567627005,0.0056160263528657
2023-03-14,0.014088848145181,0.0663333089904705,0.0265065123894086,0.0259381253117538,0.0313906214235824,0.0393321972651554,0.07252631544048,0.027055914617732,0.0477662492403458,0.018526449615223,0.0176659283858804
2023-03-15,0.0026218047642099,0.0255003251544243,0.0139123074729714,-0.0101508691208354,0.0227731593782252,0.0142805584464611,0.0192249876330512,0.0178302294590353,0.006857159449485,-0.0090946616254706,-0.029006889566101
2023-03-16,0.018693889494632,0.0771632264205728,0.0399168824230955,0.0167081466097251,0.0438039946323318,0.0623019751753171,0.036308260226022,0.0405365930704066,0.0541933928311828,0.0434668815170433,0.0353503224761313
2023-03-17,-0.0054541494175913,0.0128364170119705,-0.0108956813005782,-0.008688117662866,0.0129585451083462,-0.0122596972110231,-0.0454788968610249,0.0116941853465601,0.0072042033052555,0.0018255820101873,0.0019036596060864
2023-03-20,0.0154839414566176,-0.0105273795773638,-0.0125315604043743,0.0201911405498447,-0.0039362309243364,-0.0218047196742072,0.0112468238194671,-0.0257664567508029,0.0068027024098764,0.0090283853653883,0.0063709721700275
2023-03-21,0.0119441663404817,-0.0090899419028016,0.0296796802072609,-0.0036925807146057,0.0365539641204364,-0.0240056438454466,0.0219908112861835,0.0056935527349055,0.0115444412414225,0.0162535546477742,0.0273212892277086
2023-03-22,-0.0091034470157905,0.0172000575485233,-0.0189842326858393,-0.0091559760810504,-0.0147729978802501,-0.0115951930626733,-0.0116244996994431,-0.0054422336915275,0.0102675136605192,-0.0147820552540435,0.0012971357311792
2023-03-23,0.0069694117374745,0.0276695726335078,0.0001013387693993,0.0131712970143142,0.0215728706601132,0.0319944162658005,0.0223712587607263,0.0197215759959257,0.0273160797286264,0.0178732667232632,0.0212696633460705
2023-03-24,0.0083055271416936,-0.0232349607042048,-0.0058758163958481,-0.0047870773069483,-0.0015151070354392,0.0113673869590731,0.008468732374687,0.0104806770568459,-0.015152099157871,0.0049133955551565,-0.0190294060314842
2023-03-27,-0.0122930747852865,-0.0136804122474726,-0.0009171134251455,-0.0146658648059304,-0.0282625361276736,-0.0061306907137487,-0.0153874911111169,-0.0149340315159807,-0.0092610289324013,-0.0092977236645963,-0.0229551472050608
2023-03-28,-0.0039805729341383,-0.0212193669268867,-0.0081599657720028,-0.0034138385723229,-0.0139567016936233,0.003769762792247,-0.0106488217879612,-0.004161001787291,-0.0045607214262164,-0.0182848268733365,0.0016545696038612
2023-03-29,0.0197908350074118,0.0161801905541378,0.0309543624265336,0.0012806032923189,0.0035634409129403,0.0761351014366973,0.0232707964222,0.0191840134318628,0.0217343266494864,0.0309047449417658,0.0214735235432153
2023-03-30,0.0098898848356159,0.0186283794749348,0.0174563591022443,0.013189279587634,-0.0049315444724782,0.0180837510540536,0.0121256383102292,0.0126196262903146,0.0147862634238884,0.018466977301399,-0.0031263237526064
2023-03-31,0.0156443113714221,0.0013282068498217,0.0126470677992875,0.0122920040433209,0.0281495380831238,0.0180740885631314,0.01972668327199,0.0149624599474156,0.0143887169146308,0.0014127734547357,0.0059478027782975
2023-04-03,0.0077017153244449,-0.0147944551171549,-0.008519675143944,0.0014495706636152,0.0060734246772014,0.0067342897030022,0.0053318393550565,-0.0037113423063657,0.0067680540317196,-0.0222606435891296,-0.0019350412565884
2023-04-04,-0.0032498634090402,-0.0071457625254497,0.0150375278885241,-0.0125451937390004,0.0034494407456813,0.00638473491152,0.0077439029539383,-0.0001742399597486,-0.0183085308673199,-0.0195605585527565,-0.0072167420994833
2023-04-05,-0.0112900161209841,-0.0345259736430568,-0.0274170135429647,-0.0085120359050147,-0.0023871430854903,-0.0081568485942247,-0.0150894682911245,-0.0098893513978339,-0.0208356454844419,0.0060507374066935,-0.0213735929613717
2023-04-06,0.0054956465778781,-0.0009723027254151,0.0094955400490772,-0.0101268572405133,0.0378097919813102,-0.0006094136854623,0.0218461263920797,0.0255330154588602,0.0058033850060934,-0.0003252074625088,0.0004434038134673
2023-04-10,-0.0159723690490706,0.0325511203254591,0.001077803380197,0.0076287108264156,-0.0182622295935047,-0.0088387896351508,-0.0062471280895032,-0.0075789845834092,0.0200466904574339,0.0104877991920568,-0.013519457418826
2023-04-11,-0.0075908857017349,-0.0151864738862247,-0.0220221203907575,-0.0092764404303811,-0.0102405574873407,-0.0052277139809785,-0.0041909810980479,-0.0226682400343634,-0.0148663857553266,-0.0057927599571031,0.0024712713031245
2023-04-12,-0.0043533204597782,-0.0180793041615618,-0.0209166971195984,-0.007835095895688,-0.0067394199037271,-0.0102007826207877,0.0007014365570265,0.0023334949305633,-0.0248077138331859,-0.0267056158548388,-0.0265576250489729
2023-04-13,0.0341037093417229,-0.0025994312618254,0.0467136830142995,0.0122264505090894,0.0266628273022622,0.0034354053769189,0.0296729503542165,0.0223992531157919,-0.0012078919353182,0.0071506190496695,0.0020721255007949
2023-04-14,-0.0021140326608228,-0.0036920007754494,0.0010742246944575,-0.0075292239845728,0.0134041843699381,-0.0074696742344257,0.0051736353830038,-0.0127656877559143,0.0111477733922351,-0.0080080370374916,0.0017231852936776
2023-04-17,0.00012096408847,-0.0204904332797598,0.0022436418178333,0.0126222486602913,-0.0266372742086975,0.0078393948942363,-0.0118741505842091,0.0092962100696514,0.0091186874089956,-0.0064912973457188,0.0090596722534903
2023-04-18,0.0075045812769114,-0.0010014906479857,-0.0042826048390145,0.0079061024652999,-0.0138719631261793,-0.0096453000830624,-0.0044321312511207,-0.0014889981265558,0.0246277953745757,-0.0085441607408347,0.0017047763193707
2023-04-19,0.0069683948728578,0.0017821749196356,0.0195503415477722,0.0034476589028737,-0.0030621846002863,-0.0213634798069503,-0.0100508510033416,0.0002776602353058,0.0095420808594923,0.0015207463190423,-0.0103245334207751
2023-04-20,-0.0058463811860849,0.0018901285782826,-0.0046980391066803,-0.0023324592085529,0.0106546137319487,-0.0093098138081152,-0.0121928865631208,-0.0081125113976425,-0.0296087003592936,0.0008437446632787,0.0236155790430672
2023-04-21,-0.0097809590184895,-0.0186438829630058,0.030343912917452,-0.0001895062215356,0.001139730690405,-0.0181464750195388,-0.0008448917717891,-0.0012231442209547,0.0005534686417896,-0.0074175642760431,-0.0439016177472116
2023-04-24,0.0018786502797807,-0.009725213246451,-0.0070119671505202,0.0025911828157156,0.0053126881881135,-0.0211221482687727,-0.0004696849159699,-0.0139629100260824,-0.0028393046090092,-0.0034816909107874,-0.0085512794176184
2023-04-25,-0.0094355610401916,-0.0430512350828434,-0.0342717203749659,-0.0197309389548212,-0.0200057433867572,-0.0262980347746725,-0.0246252372564479,-0.0225362081752072,-0.02962057095046,-0.0281209137962109,-0.0277645681607913
2023-04-26,-6.106111168091566e-05,0.0255369846266795,0.0234961847448555,-0.009372671845187,-0.0013480493099092,0.0058864738044031,0.0089134731358413,0.0724349114134164,0.0272473361437206,0.000964564814085,-0.000486025341933
2023-04-27,0.028395150771076,0.0174540372048825,0.0461039834551593,0.0036027807476157,0.037411969056039,0.0278829769700885,0.139255116428496,0.0320277286315402,0.0100163545761049,-0.0021023079302191,0.0172644711814569
2023-04-28,0.0075409201080693,0.0220722810074152,-0.0397924126636832,0.0130820647761871,-0.0023236793868689,0.0401875844693924,0.0073775825406734,0.0079715372370086,0.0192097122070111,0.0252809149913215,0.0075296680186269
2023-05-01,-0.0005303179380566,0.003580616370032,-0.0322427121373291,0.0182761138981013,-0.0013042912112486,-0.0244688453956262,0.0119007646967466,-0.005532580662413,0.0418392716036115,-0.0082192997641167,-0.0037959670321801
2023-05-02,-0.0061912990838604,0.00245290684262,0.0154825492837937,-0.0401441114063306,-0.017537283096361,-0.0174917296561601,-0.0162019084102702,-0.0004908516639319,-0.0242131396553338,0.0023309196434284,-0.0121458031980843
2023-05-03,-0.0064672938020834,-0.0922033208527272,0.000193035539816,0.0014042755009351,0.0008545545272984,0.0295600177709067,-0.0092375966397099,-0.0033070251115008,-0.0144629356145593,-0.0282490586168319,-0.0031340829356287
2023-05-04,-0.0099135707981654,0.0611369480011259,0.0033767339022539,-0.0049574653615072,-0.0068303801695448,0.0234233785053263,-0.0148082354914295,0.0033179978135902,-0.0086324841315841,-0.0553931570692913,0.0095525440550798
2023-05-05,0.0469270232505809,0.0372935654633053,0.0159615736741285,0.0327126771943999,0.0084057052428361,-0.0080025771919385,-0.0031690232439599,0.0171570467662245,0.0405630558169285,0.0206418551516645,0.0177266657757706
2023-05-08,-0.0004034730071742,0.0578807300712631,0.0016089169321718,-0.0016823476842221,0.0208392051090058,-0.0070989205950464,0.0021051506393341,-0.0064380250461388,0.0164224456976105,-0.0043207940636285,0.006708377606742
2023-05-09,-0.0099710727631265,0.00021040238714,0.007464810562779,-0.0167709286066854,-0.0038971185819566,-0.0217745783578181,0.000428518245219,-0.0053459210845812,-0.0198962684935342,-0.0234512192344075,-0.0056115502708253
2023-05-10,0.0104208900842752,0.0206185475995255,0.033483395262233,0.012546291429313,0.0409873997150891,-0.0043188758702248,-0.0012425660042351,0.0172964384435942,0.0109903106222875,0.0065237493083423,-0.0018808849732094
2023-05-11,0.0010946308503951,0.000824591154636,0.018059695250735,0.0022353901940233,0.0431320384637701,-0.0370370610885681,0.011626864345156,-0.0070444957374818,-0.0106285473488079,-0.0225437819703152,-0.0173147506172232
2023-05-12,-0.0054174560274377,-0.0189494991432054,-0.0171153339607961,0.0055443576119829,0.0080637104127818,0.0031184797048966,-0.0083971784739415,-0.0036759813354036,-0.0083280733159032,-0.0042282685648852,0.0
2023-05-15,-0.0028973083178027,0.022464826177392,0.0085252566098295,0.0137050005918388,-0.0085098769875441,0.0293609864589061,0.0215986765820843,0.0015858264887016,0.0216303218708242,0.0256708088211119,0.0267289952258487
2023-05-16,0.0,0.0418891351862109,0.0197842143706235,0.0025633624863208,0.0257488817026947,-0.0194631081123267,-0.0001674602734144,0.0073676065373853,0.008980050157306,-0.0234287990848595,0.0025685793174667
2023-05-17,0.0036031411391539,0.0223689058728366,0.0185185048136162,0.0249906908407959,0.0111286617348984,-0.0119780815793709,0.0153672627366303,0.0094518596818027,0.0330331444990057,0.0098273973560203,0.0582204877055825
2023-05-18,0.0136660893502487,0.0402891595679593,0.0229437361547957,0.0310734939128352,0.0164683025328626,0.0280567982473585,0.0179801150247405,0.0143947813457532,0.049705123390938,0.0205132753888788,0.0194764668426894
2023-05-19,0.0006283173766623,-0.0195497137439587,-0.0160812653520172,0.0064169409489651,-0.0005699665397513,0.0084232632228609,-0.0049018172520891,-0.000565075975512,-0.0130690523906505,-0.0102840327535219,-0.0007556742277128
2023-05-22,-0.0054808000345952,0.0206010235443461,-0.0106666482904904,-0.0056868960509411,0.0186542559787719,0.0116939362614634,0.0109103434839323,0.0089212824391242,-0.002814584326733,-0.0054789355352073,-0.0092892711743413
2023-05-23,-0.0151548859175073,0.0011111365424263,-0.0001739350672932,0.0119845703177574,-0.0199120987522483,-0.0254293555383041,-0.0063628424172483,-0.0184321179320124,-0.0156531725095001,-0.0163374802720565,-0.0139553466816511
2023-05-24,0.0016322572599631,0.0013872909052354,0.015305697616549,-0.0101529170959594,-0.0135443886967657,-0.0172823010180259,0.0100105681443369,-0.0044725305170882,-0.0048879886985594,-0.0052143972299268,-0.0034278552990579
2023-05-25,0.0066921890786302,0.1115729399242415,-0.0149892933618843,0.072506236285925,0.0213400950555415,-0.0551724846070308,0.0139640351796335,0.0384581042185849,0.2436965134469044,0.0097069655744896,0.1200488008003217
2023-05-26,0.0141047402582605,0.0555047809710789,0.0444347879161004,0.1151617550539092,0.0091511379631152,0.0583942399095813,0.037001959547319,0.0213855154345736,0.0254345271132028,0.0608536503189913,0.0223873416241513
2023-05-30,0.0106595810750271,-0.0138550118329789,0.0129048625749839,-0.0115537523246705,-0.0075435534681559,0.0341379433922073,0.0018316439288896,-0.0050467811658753,0.0299131477875791,0.0512007591472416,-0.0119173395052821
2023-05-31,-0.0002821409159605,-0.0563582481662381,-0.0088772135339912,0.0057508608601199,-0.006468700641216,0.0483494038117602,0.0083806331232014,-0.0085141073725841,-0.0567675700805232,-0.0155381246119112,-0.0332419564547232
2023-06-01,0.0160226439250632,0.0106590148548268,0.0181621726551319,-0.0222905908999346,0.0069178214994576,-0.0098600735331714,0.0298047881879512,0.0127591370443935,0.0511709189344873,0.0213384372653806,0.002535620919738
2023-06-02,0.004775393910126,-0.0134761914614642,0.0120550899845379,0.0279131602184603,0.007678585862354,0.0057822231227782,0.0,0.0084793159035607,-0.0111390429084569,-0.0018130496145911,0.0010119735954126
2023-06-05,-0.0075711016694456,0.0005939224033744,0.0084507287867829,-0.0119458476546817,0.010748329851975,-0.046311040851103,-0.0044750680021017,0.0016099102513604,-0.0039667121608494,-0.0249955003678645,-0.0089953801930108
2023-06-06,-0.0020603535974798,0.0534215469808772,0.010454888481149,-0.0153309678366134,0.0103167127902443,0.0368385496119769,-0.000994938044452,-0.0067275201244733,-0.0131984841159682,0.0322006916181776,0.0180520666558869
2023-06-07,-0.0077562302019589,-0.0515173577472315,-0.0424926722018995,0.0033290351134516,-0.0377817728118401,0.01033593079482,-0.0277368306294601,-0.0308677924439852,-0.0304012701759155,-0.0101409968514981,0.0047085085355398
2023-06-08,0.015465068718522,0.0273275156637948,0.0249112971990499,0.0145971100859125,-0.0029387675236393,0.0172634221769707,0.0037179175881048,0.0058136665457233,0.0276186101484987,0.010158110932567,-0.0034899022092613
2023-06-09,0.0021596645007813,0.0319702190799022,-0.0065995951293699,0.0005222374944604,0.0007368100978566,-0.0150848412608706,0.0013983545938487,0.0047038066226676,0.0067515722771649,0.0237213974198016,0.0286173196472225
2023-06-12,0.0156388815233763,0.0341819111035053,0.0254395153681026,0.063060958100624,0.0115357822344586,0.0552009658347927,0.0230229286666028,0.0154840091893886,0.0183646410254263,0.0254387594263383,0.0414393743566796
2023-06-13,-0.0026115122194111,-0.0360709309857232,0.0007111003199982,-0.0049570767847082,0.0015365613502775,0.0254006330089819,0.0009964133205515,0.0073528133979841,0.0390050749935819,0.0187491547553035,-0.0024285781115402
2023-06-14,0.003491245869641,0.0224845666040696,-0.0018948798849265,0.0411927335736646,-0.0012921181599815,0.0492483010267075,0.0074820416603327,0.0091237436936992,0.0481450863361194,-0.0082779137119802,0.0057118155301105
2023-06-15,0.0111986665805017,-0.0242676817941546,0.0054580165432698,-0.0031030929783842,0.0114821364626129,0.0067452741946247,0.0310222651394542,0.0318967014851447,-0.0080005483634644,0.0017017619455679,-0.016660200821119
2023-06-16,-0.0058596890805376,-0.0334835488107165,-0.0127448881976491,-0.017341705899967,-0.0124710087910662,0.0153543190290996,-0.0029451829501332,-0.0165759516347286,0.0009141198170936,-0.0075236928952884,-0.0057993832898087
2023-06-20,0.0004864415799461,-0.0095769612620165,0.002310948445805,-9.200252083252368e-05,-0.0034808765073466,-0.0376682787291233,0.0118506660000081,-0.0125024620018526,0.0261408036281727,-0.0233125686817683,-0.0056422806807554
2023-06-21,-0.0056753725977697,-0.0573446538074835,-0.0075528459012719,-0.0182644551225561,-0.0207148155801949,-0.0599999199267062,-0.009460883260965,-0.0132818902946862,-0.0174168547125873,-0.0338842156530366,-0.0225044077916863
2023-06-22,0.0165253296204785,-0.0125769659658637,0.0426178962380356,-0.0061698657407178,0.0215677055655187,-0.0057750255345998,0.0115040865269107,0.0184372266211014,-0.0004645604170223,0.0055287122850724,0.0146596208181228
2023-06-23,-0.0017113428668241,-0.0062330156371578,-0.0063003619199696,-0.0240732718840874,-0.0065772805636757,0.0088655307436413,0.0135145172960988,-0.0138059113947792,-0.0189657670668433,-0.0255155880113537,-0.0118297865458877
2023-06-26,-0.0075527703966576,-0.0227252063580921,-0.0154643158716771,-0.0006324229733984,-0.0326958105818429,0.0103030852048362,-0.0355349388762875,-0.0191629371645064,-0.037361681605804,0.0282113273597999,-0.0176626122178038
2023-06-27,0.0150589627620207,0.0267881796687956,0.0145291040455743,0.0325816475509339,-8.43738575727615e-05,0.0227954787313222,0.0308111848488847,0.0181679750083978,0.030616221790686,0.0270942051552844,0.019678425859207
2023-06-28,0.0063276457761223,-0.0019929452116994,-0.0010837544324669,-0.0005422057114506,0.0156341438457729,-0.0155425261784512,-0.0061312690758361,0.0038258719993649,-0.0181249503143777,-0.0187828044326527,-0.0113636894090349
2023-06-29,0.0017967760298298,0.0097122602578547,-0.0088344065372515,0.0172534512769935,-0.0089865601645973,-0.019660418645552,-0.0131795347208528,-0.0023821145659275,-0.0071746407387228,0.004423991099284,-0.0027743631064083
2023-06-30,0.0231022432259664,0.0240022100828309,0.0192337690001895,0.0056343799902329,0.0050377485595223,0.0161045320275701,0.0193584968118212,0.0163855451279337,0.0362550458791099,0.0083007620233128,0.0027820816109889
2023-07-03,-0.0077844616318519,0.016767588195155,-0.0010739443770555,0.010387078519114,0.0016708751298462,0.0053827348804897,-0.0033452511858906,-0.0074880356014658,0.0026236952932412,0.0088205252349786,0.0220966945220435
2023-07-05,-0.0058714203913708,-0.016145767151695,0.001228718020346,-0.0166357292758903,0.01542949287303,-0.0330159128581631,0.0291938330591019,0.0004734064633955,-0.0022632623039459,-0.0246480742974152,-0.020940371088771
2023-07-06,0.0025088391496546,-0.004124559928879,-0.0154932059887292,-0.0160813202323634,-0.0134702259142061,-0.0166103871582385,-0.0080853135732503,0.0092267352420172,-0.0050570694185736,-0.0163065966830608,-0.015645118228784
2023-07-07,-0.0058913977984204,-0.0027318045366389,0.0110626220177096,-0.0014739121644457,-0.0052450981993282,-0.0037534705768621,-0.0049998804435953,-0.011867466258869,0.0095004473892381,0.0062488984719824,0.0082487516465228
2023-07-10,-0.0108559471876347,0.0036229006692858,-0.0204191828540968,0.0365868694497486,-0.0253599156843468,0.027943587191866,0.0122876857103264,-0.0159836531555307,-0.0075994302807557,0.010177662827385,-0.0045895025094014
2023-07-11,-0.0028098327672906,-0.0198978878305716,0.0129788528398206,0.0049217440624709,0.005925268477787,0.0171043157940791,0.0142469747532689,0.0019287785464063,0.0053340709232132,-0.0021345860856435,0.0149344666852084
2023-07-12,0.0089855187054541,0.0292849635749867,0.0156856988011222,0.0089563685469196,0.0152808838242135,0.0204205274120372,0.0370444801438607,0.0142268455131169,0.0353026248587557,0.0154873515114883,0.0260715215108995
2023-07-13,0.004057388146291,0.0116948535213539,0.0267584091616193,0.0004608096602316,0.0471707101355827,-0.0032373328940674,0.0131571110870494,0.0161920448346448,0.0472644573020271,0.0374115637743672,0.0160730408482927
2023-07-14,0.0007876077210544,0.0001725696409324,0.0028294089008842,-0.0019994699537575,0.007065887192996,-0.0212578216794981,-0.0144859764932867,0.007529312702547,-0.0110490741607222,-0.0045485495242463,-0.0040730674125267
2023-07-17,0.0173054647099408,0.0205278351155873,-0.0083159725133316,0.0244999420100258,-0.006139363891539,0.03680252010161,0.0056657649758595,0.0014194687804451,0.0218170017669854,0.0068538345542141,-0.0033288548263522
2023-07-18,-0.0013404132482647,-0.0032961408946444,-0.005465676406731,-0.0076014843310634,-0.0071398786376146,0.0037823715077502,0.0046037574281063,0.0397996896760624,0.0222336017922164,-0.0043759686808479,-0.0156505061836491
2023-07-19,0.0070716502501455,-0.0127194097864694,0.0190468926027325,-0.0022801593358036,-0.0139788038674329,-0.0011593865405556,0.0126904809121872,-0.0122673415415633,-0.0087798439617572,0.0126972794176056,-0.0008724833816629
2023-07-20,-0.0100973637575332,-0.0530791058058689,-0.0398935717504083,-0.0144558764068913,-0.0231910115249354,-0.0316309711746213,-0.042688864515447,-0.0231216273077446,-0.0330736043214857,-0.0297378539592315,-0.0504561920541617
2023-07-21,-0.0061617739813086,0.0063491786688634,0.0003077353344622,0.0094671420076635,0.0068791943060368,0.0194787076918914,-0.0273035599489903,-0.0089369996656949,-0.0266037420473046,0.0331344147019316,-0.0062334256361954
2023-07-24,0.0042201915548167,-0.0030644105204369,-0.0092307457557091,0.0053971669166799,0.0125812155483662,-0.0114637391586011,-0.0090058412906132,0.0038979470014497,0.0068386347234561,-0.0049711116744431,0.0102828773273813
2023-07-25,0.0045135504356519,0.0216074439604041,0.0025621259567989,0.0181901250003393,0.0055954310899875,0.0139754392462787,0.009807644155082,0.0170091499489661,0.02391714271411,0.007816284080979,0.0210687300570477
2023-07-26,0.0045450056314573,-0.0257522447974281,-0.0075893359348782,-0.0271244180324766,0.0577693566389232,0.0076247539393952,0.0139234542165544,-0.0376375849178598,-0.0049694436880793,-0.008395260496265,-0.0090709444388724
2023-07-27,-0.0065808548395402,0.0091743316361874,0.000780383209354,0.0004926140608021,0.0010054278584683,0.0055295240628492,0.0440096771884028,-0.0208721539387685,0.0098566547580469,0.0147555964106722,-0.0006035652451232
2023-07-28,0.0135078731990094,0.0167416798910651,0.0308772453322978,0.007005798777105,0.0245754259294641,0.0659914266912704,0.0441756705727309,0.0231313157019152,0.018518487713395,0.0288439973411724,0.0151987256642487
2023-07-31,0.0031660522908567,0.0127478970704435,0.0111185680906549,-0.0012667309993641,0.0010556375652868,-0.0287809968037084,-0.0211380623371983,-0.0072406136925867,-0.0004493020384365,0.0207754212341564,-0.0169540384878107
2023-08-01,-0.0042759624653276,0.02797200092273,-0.0148862233947109,0.0237577136775006,-0.0088154852446572,0.0008386672731506,0.0129001073118404,0.0012505237194451,-0.0047508373666418,-0.0006810467900935,-0.0075643889796278
2023-08-02,-0.0154899947921234,-0.070153062134737,-0.0264256637787476,-0.0301084687031859,-0.0240972845148697,-0.039385418765338,-0.0260294696367013,-0.0262831586353025,-0.0481217093373859,-0.0212749346544961,-0.0274392170596022
2023-08-03,-0.0073217791664902,0.0347508285759796,0.0054597684391703,-0.0082036071338361,0.0005452664639313,0.013957592533736,-0.0035634197713383,-0.0025646829311379,0.0055570177723152,-0.0817669049653226,-0.0075232333438837
2023-08-04,-0.0480198940912793,0.0235969786384373,0.0826933780100627,-0.0037628628954573,-0.0026469339068406,0.0113685936405352,-0.0078544975444138,0.0034284971591893,0.0037064461700828,0.0235889324453983,0.0124235313870619
2023-08-07,-0.0172537807359991,0.0085477280813166,0.0189868435725484,0.0174785584591739,0.0266958864930197,0.002561089105239,0.0187620740986511,0.007108501966923,0.0164953153960492,-0.0177778644353702,0.0019758737588124
2023-08-08,0.0053117994100804,-0.0306480119551786,-0.0160314917713907,-0.0154951081168804,-0.0009883860544692,-0.0059607557160238,-0.012383080931911,-0.012299075100034,-0.0165796718630426,-0.0140773899539806,-0.0193045903040601
2023-08-09,-0.0089544731957318,-0.0243751837357996,-0.0149349457012173,-0.0367203350205793,-0.0132420214824278,-0.0211308380701513,-0.0237653026581191,-0.0117159684792692,-0.0472418075132299,-0.0092639167852026,-0.005397308506745
2023-08-10,-0.0012345776475253,-0.0021725161683491,0.0051504637188406,-0.0092040423078501,0.0002312600182516,0.0116686458926384,0.0017364272528079,0.0021724638537787,-0.0039006646174847,-0.0082354428113854,0.008725349569183
2023-08-11,0.0003376245614876,-0.0241313941858104,-0.0010825194798443,-0.0155887859153308,-0.0010024091034405,0.006055400568466,-0.0134099158189544,-0.0059456147206138,-0.0361661711436364,-0.0086498652309451,-0.0296414002458611
2023-08-14,0.0093931625230372,0.0409965945395607,0.0156058348743521,0.0293337307781513,0.0136616427838078,0.0226425812189088,0.0150840522029831,0.0094389440097635,0.0709337088062291,-0.0051477796647521,0.0117404014885962
2023-08-15,-0.0112003136727836,-0.0056260480793555,-0.0206303550129629,-0.0135580673806406,-0.0118020826377736,-0.025504495546847,-0.0138475603134912,-0.0067277360190919,0.0042741120772986,-0.0205226971032774,-0.0149350843840289
2023-08-16,-0.0049592632259995,-0.0373596415780974,-0.0188856750149434,-0.0113112219795913,-0.0083219292081222,-0.0356629978772555,-0.0253683895613612,-0.0024282244286815,-0.0103324091780696,-0.0136999477026923,0.0010907869648533
2023-08-17,-0.0145550928923661,-0.0256553777158764,-0.0080699751060444,-0.0070710894489117,0.0094793471732901,-0.0283328193619089,-0.0312618589330563,-0.0109863256599309,-0.0032652988125038,-0.0006354156385753,-0.0015253685982954
2023-08-18,0.0028163003485883,0.0096705714594615,-0.0056724476121156,-0.0015232824760931,-0.018934728079651,0.0052179970900547,-0.0064541402073062,-0.0012622942145813,-0.001038094528433,0.0001816732853965,-0.0058925776695104
2023-08-21,0.0077365896738301,0.0262684149134733,0.0109592511762508,0.0475878464421786,0.0071395076130889,0.0119083513836468,0.023477769398535,0.0170627555250817,0.0847131666588489,0.005268010426521,0.0160262521021619
2023-08-22,0.0079050186214499,-0.0236554937138921,-0.0031926989840012,-0.0108075394815031,0.0055307509898856,-0.0075436442248995,-0.0079339212292469,0.0018016482235214,-0.0276577118471855,-0.010932418939987,-0.0034572125649895
2023-08-23,0.0219488867983694,0.035680451565405,0.0094599945807145,0.0242933017075628,0.0254883110239496,0.0331406977310493,0.0230874767945106,0.0140795397433435,0.0317072695659617,0.0155293147043908,0.0214657196642258
2023-08-24,-0.0261705593970602,-0.0697249130232992,-0.0271547212112811,-0.0252343425112377,-0.0195662659564452,-0.0409065139252126,-0.0254551756787508,-0.0214986305623179,0.0009973641033678,-0.023927316328612,-0.0179366028632514
2023-08-25,0.0126431259501358,0.0044204021095501,0.0107706174786748,-0.0030896799237626,0.0007703119087518,0.0202517370532646,-0.0043591901458984,0.0094072305385888,-0.0242775525666513,0.0166804027006914,0.0061599920830754
2023-08-28,0.0088462272136118,0.0035207883652963,-0.0009004586682715,0.0108708500406202,0.0087003831537439,0.0111277319499363,0.0166725900495139,0.0022291974398034,0.0177538939825296,0.0123278648884892,0.0096671781787887
2023-08-29,0.0218101393574785,0.0322580405311863,0.0132943088521491,0.0335043483787504,0.0271735358536577,0.0205235096188953,0.0266311461799564,0.0145505755913151,0.0416142161961727,0.0188036389743742,0.0114892720016797
2023-08-30,0.0191725111809952,0.0063255115231084,0.0011860029483812,0.0026407748449934,0.0097346633150743,0.0064121266888734,-0.0096985025348593,0.0011570732638785,0.0098393834053176,0.00256688910567,-0.0031551762171847
2023-08-31,0.0011722385222801,-0.008162070992381,0.0217663953742159,0.0343052359542606,0.0021341627382591,0.0176658695508107,0.0026773555215038,-0.0031327673481497,0.0018472316130246,0.0111238198032939,-0.0127663970879228
2023-09-01,0.0084632846123031,0.0352818358349453,0.0007970481467276,-0.0545784470300882,-0.0037452756131477,0.0418325936887982,0.0016559895137642,0.002745906598556,-0.0171410731982613,0.0075088770144955,-0.0040611305047275
2023-09-05,0.0012667221832014,0.0121516844964701,-0.0061540028582058,-0.0004012279584837,0.0008109792367314,0.0027315816349231,0.0127198995533595,0.0148785107443816,0.0008038461211552,0.0100529024803601,0.015130355622714
2023-09-06,-0.0357933803954146,-0.0135403503929296,-0.0139142099705795,0.0001148119243954,-0.0096487365389196,0.0073547776630626,-0.003264768414585,-0.0020085965470194,-0.0305496914039934,-0.0160447009639108,-0.0247356491980864
2023-09-07,-0.02924935165974,-0.0246156887944244,0.018395430569861,-0.0174715902532245,0.0059497213703341,0.0324501760269972,-0.0016713492271719,-0.0089220335485954,-0.0174239627609589,-0.0722008267985053,-0.0239541354595062
2023-09-08,0.0034918088729782,-0.0046908717251007,0.0027565441218631,0.0006064076305081,0.0082802759318523,-0.0044526538302401,-0.0026113691048403,0.0132155761692507,-0.0144680258082582,-0.0024436717570753,-0.0045530724507896
2023-09-11,0.0066225452452217,-0.0072579571085478,0.0352312126636804,0.0018544956693593,0.0039595990043017,0.0152592017395589,0.0324612965871737,0.0109791898554045,-0.0086454467202252,0.0390050054993018,-0.0004463506141662
2023-09-12,-0.0170605628636159,-9.496901119865342e-05,-0.0130678567170977,-0.0170172223853782,-0.0115395756724377,0.0069964726673934,-0.0191831656558482,-0.0182577567829278,-0.0068174831890788,0.0086146667901703,0.0098214394135536
2023-09-13,-0.0118547396629713,0.0227898735307019,0.0256320221304848,0.009958367394419,0.0101226154197324,-0.0038599345006822,0.0112708950442441,0.0129307188557099,0.0137063557464058,0.0126763399226776,0.0081787196699265
2023-09-14,0.0087825410785771,-0.0100269412332618,-0.0008975138235036,0.0219361721295379,0.0101675852668652,-0.0010333978680984,0.0218319117121148,0.0078558984309122,0.0021104817516386,0.0124291919333801,0.007945037270467
2023-09-15,-0.0041541182253789,-0.0482040656667435,-0.0299198576183763,-0.0228993338037927,-0.0050688850335655,-0.0204291663494763,-0.0366033909730606,-0.0250370253903348,-0.0368793903338202,-0.0078921578635018,-0.0242702634769175
2023-09-18,0.0169133692183032,0.0086708532991965,-0.0029204620264398,-0.0019726113567113,0.0058953067423834,0.0029038565561823,0.007458774821957,-0.0035128575087517,0.0015032938901293,-0.0034470383922793,-0.0047058725631756
2023-09-19,0.0061806849107599,-0.0074240706832047,-0.0167880476957625,-0.0009412440196722,-0.0012302577964471,-0.0434325455731213,0.0083294677324237,-0.0012459154439349,-0.0101440711106912,-0.018004376878552,-0.0074299449122452
2023-09-20,-0.0199920048877602,-0.0124988117786858,-0.0170021907553671,-0.0166114835244749,-0.0311503092082847,-0.0454044754287934,-0.0177008111346872,-0.0239769731104028,-0.0294347589828021,-0.0135478217757739,-0.0099808093755197
2023-09-21,-0.0088894065354362,-0.0421566262898269,-0.0440534536983306,-0.0267405388884517,-0.0246746295296974,-0.0011530399143219,-0.0131478296140797,-0.0038656675906009,-0.0289306886972871,-0.0115363049334419,-0.022110049443196
2023-09-22,0.0049444217422129,0.0009363889014577,-0.0016238050792075,0.0256321388775855,-0.0014565176007572,-0.0135642224478305,0.0113275801172914,-0.0078864328744442,0.0144575361992158,-0.0025934934773519,0.0032800945061146
2023-09-25,0.0073803628807218,0.0122661158275361,0.0166512487343428,0.00580161196519,0.0066025733475878,0.0032182004834164,0.0058513300623008,0.0016718366565151,0.0147080005027435,0.0255385994495329,0.0070061105808949
2023-09-26,-0.0233984043003685,-0.01458203131029,-0.0402986268252687,-0.0212259159359389,-0.0193729962869005,-0.0134149224356835,-0.0062160298894542,-0.0170057967962109,-0.0073658447937753,-0.0064294621601047,-0.0226112120954213
2023-09-27,-0.0088974565639761,0.0219883350404594,0.0,0.0007596540004097,0.0153222587649035,0.0230564859773312,-0.0040806403839982,0.0020824891729895,0.0132901419431936,-0.0048302826053436,0.0136432130093298
2023-09-28,0.0015256455279508,0.0478230086264983,0.0,0.0185967223127878,0.0135590807290233,0.0164691053130494,0.0208905043903755,0.0027175115605622,0.0146228932382905,0.0174923654888443,0.0113529758099648
2023-09-29,0.0030464620738805,0.0005838610095998,0.0090490503196649,-0.0017067151722816,-0.0109590837848746,0.0105173683537438,-0.0123372304494148,0.0067272652798826,0.0095151046738588,-0.0003600898353803,0.0056707354483049
2023-10-02,0.0148352942406995,0.0043765507642268,0.0184078344613476,0.0052613840623128,0.0252942101105595,-0.0025316613131385,0.0220180288612998,0.0191605901437725,0.0294948633330218,0.0003602195467775,0.0086306115181074
2023-10-03,-0.0077697203032188,-0.0308898510284391,-0.0366136663629288,-0.0240972559697065,-0.012968634956513,0.0064861491331948,-0.0191642723230316,-0.0261340265778085,-0.0282480886325529,-0.0081908473227074,-0.0255561665074185
2023-10-04,0.0073086912893687,0.0398680834409364,0.0182809393600167,0.011020739989308,0.0212186892592278,0.0067247235224809,0.0154183912197545,0.0177733358968221,0.0120414942505746,-0.0030855291213807,0.0147522475124384
2023-10-05,0.0071979686280185,-0.0111463057184243,-0.0081889835868295,6.073266282702328e-05,-0.0012569343837932,-0.001113354587892,-0.0025852318792456,0.0012541601349889,0.014690797916758,-0.0004552708491204,0.0041536912244486
2023-10-06,0.0147504213769371,0.0420755421977931,0.0158780566412892,0.0259754126781697,0.0185829624076216,0.0083587099956221,0.0349090992022478,0.0247367858171838,0.0240333025071699,0.0098361430327789,0.0259680013101746
2023-10-09,0.0084512449552027,-0.0025176860168291,0.0023444468936362,0.0125639200315117,0.0061055407902883,-0.0035919253056153,0.0092891356457576,0.0078226733962569,-0.0106857341915799,0.0082973364563319,-0.0033597690616679
2023-10-10,-0.0033520472413983,0.0190707758460091,0.0095119388192248,0.0029561623867635,-0.0026008287974434,0.0102607037032773,0.0109308522611888,-0.0043355654060172,0.0115961099695751,0.0045616424852874,0.0182044465783961
2023-10-11,0.0079039131180518,-0.0064214710936517,0.0181495688991268,0.0188137900694758,0.0180356400213423,0.012352532165291,0.0185806737941942,0.0122719173858556,0.0220099055785978,-0.0105956430442655,0.015340264932145
2023-10-12,0.0050612713658151,0.0044317548495365,0.0037927633547389,0.0354921076211194,-0.011241542544813,-0.0010847805136191,-0.0111644713954224,-0.0037904531709614,0.0029696593496029,0.0030597051390781,0.0045652085234286
2023-10-13,-0.0102927397507428,-0.0340105206958282,-0.0191945024542862,-0.0247570582425348,-0.0115852295629711,-0.0236155713084174,-0.0292141778127323,-0.0103575232118344,-0.0316115523887253,-0.025121117920393,-0.021207546821407
2023-10-16,-0.000727039579938,0.0130364715417548,0.021265196921155,0.0219548672650582,0.0126675681515031,0.0164025866144041,0.020528135253292,0.0149819506063653,0.0139461751616425,0.0170255725741508,0.0084015330682027
2023-10-17,-0.0087847229780366,-0.0123990203473216,-0.008147882355257,-0.0201314066896242,0.0044570866328101,-0.0136761617380424,0.0088743928915213,-0.0017437438152594,-0.0467947016522036,0.0152926515361648,-0.0024116440034434
2023-10-18,-0.0073948063374145,-0.0282480619930032,-0.0254050072783041,0.0029737981605879,-0.0125964171629983,-0.0116472184251683,-0.0216974957198791,-0.0058724998035131,-0.0396468820468399,-0.0108733440909114,-0.0153848731794168
2023-10-19,-0.0021609503264997,0.0022511829407421,0.0021071490157111,-0.0216452903511897,-0.0015223200375946,0.0008416471472145,-0.0131242237230243,0.0036655502914442,-0.0022512827833726,0.0027030132678267,0.0369421142977619
2023-10-20,-0.0147043594590587,-0.0057617574071621,-0.0251557311610393,-0.0163625906130349,-0.0156079415358074,-0.0210260939116381,-0.0132988579445716,-0.0140348215444199,-0.0169592140151437,-0.0238137123060137,-0.0172208076276368
2023-10-23,0.000694282036026,-0.0176799476036461,0.0111048926258856,0.0100627938949531,0.0066371781821217,-0.0306413606110701,0.017365957644837,0.0081120889178871,0.0383694622641517,0.0002762452039937,-0.0021905255357684
2023-10-24,0.0025432802023559,0.0165983001425562,0.0158027815943504,0.0219084848909403,0.0169228280942954,0.021861094767694,-0.0046495559663767,0.0036741546766412,0.0160093041550162,0.0067182814627568,0.0058171680774987
2023-10-25,-0.0134916258674424,-0.055178525734105,-0.0557716109606912,-0.035727637834568,-0.0950939209618642,-0.0508816603875134,-0.0416572975133668,0.0306781884095002,-0.043148646244381,-0.0421429412554434,-0.0436490467556585
2023-10-26,-0.0246056280258312,-0.024880277434846,-0.0149929953371382,-0.026929393357415,-0.0265105125275936,-0.0094426008879078,-0.0373250668270186,-0.0375143674959851,-0.0347782316552638,0.0080168432823273,-0.0021680350195938
2023-10-27,0.0079693034784544,0.0294651669710983,0.0683281608245998,0.0140430082744467,-0.0008995914973881,0.0928658176826833,0.0290617160402739,0.0058557318436263,0.0043147221576411,0.0079530083758669,-0.0166949692478211
2023-10-30,0.012305310230317,-0.0025925541761776,0.0389072250916899,0.0034471199581631,0.0187442811912299,0.0042205134808923,0.019984578450525,0.022740196133449,0.0163211684115953,0.012868678638084,0.0008137860520911
2023-10-31,0.0028189131804656,0.024121435719099,0.002863308000901,0.0001426619829716,-0.0030531851515531,0.0226955751208377,-0.0045927270203339,0.0023716808870997,-0.0092564203153795,0.0107576399176039,0.0029051040651351
2023-11-01,0.0187385723049351,0.0968528011728664,0.0293786442985737,0.0137513816074441,0.0191006279069105,0.0216438265624849,0.0351182070059796,0.0235428405932782,0.0378863630959858,0.0174328875480409,0.0172633283709549
2023-11-02,0.0206932560680515,-0.0019437160560269,0.007810272439553,0.021525457925329,0.0082245658023358,0.0109949029314539,-0.0031426743997392,0.0065015172933511,0.0279030615847963,0.0583461527424575,0.0305237615953155
2023-11-03,-0.0051813426456892,0.0409904302502976,0.0038386235328597,0.0130611286783948,0.0126284363066337,0.0116710905894772,0.0119984909873298,0.0128615295861171,0.0344549923715884,0.0184048452279115,0.0144785329430547
2023-11-06,0.0146053955552587,-0.0044543429844098,0.0082251034592091,-0.0020959926364855,0.0089079900559421,-0.0017098340269173,0.0038146195406325,0.0105726142030047,0.0165758701330933,0.0034302609652654,0.0088243924386008
2023-11-07,0.0144507044946693,0.0152125006554111,0.0212537648772914,0.0192885907129456,0.0055278154870257,0.0216073544276602,0.0095628358088157,0.0112193976670234,0.004459085376024,0.006587389428458,-0.0020518216358823
2023-11-08,0.0058849225975305,0.001234018452308,-0.0044145809906355,0.014824855850867,0.0066426309648941,-0.0219242066462019,0.003011167163238,0.0074058735524482,0.0134696348214062,-0.0054672800028401,-0.004436799461435
2023-11-09,-0.0026247071419382,-0.0008803457817152,-0.0104166364616106,0.0002743887221838,-0.0121359155324035,-0.003164501472506,0.002407818977103,-0.0069107859339285,0.0080730694089223,0.0003332836796343,-0.0041303204336857
2023-11-10,0.0232201565664553,0.0449378673902436,0.0210525698903516,0.0506267325570513,0.018043594179725,0.0280422949806029,0.025643458857925,0.0248964999497647,0.0294994902049425,0.0342213308700782,0.0635232160658418
2023-11-13,-0.008583651584091,-0.0151783074285175,-0.0067567653747501,-0.0110599967418485,-0.0037710939038352,-0.01621213162736,0.0012776386296851,-0.0080882086890962,0.0058962826677497,-0.0028983617912794,-0.0104680864934344
2023-11-14,0.0142857023675744,0.0264577131061549,0.0225121452858483,0.0274888376286586,0.0115829958434319,0.0308659302896316,0.021628888148903,0.0097904057942466,0.0213081518095898,0.0283407151067374,0.0258246378938511
2023-11-15,0.0030409369616095,-0.0156823264638867,-0.0178326889512659,0.0025079234866587,0.0074839349108712,0.0304491777527253,-0.0107044739537606,0.0004061032086857,-0.0154664163987402,0.0122486792333005,-0.0011122320766006
2023-11-16,0.0090421794254356,0.0155084900936837,-0.0025837648398919,-0.0162496499204501,0.0171595047208408,0.0674709711406316,0.0044483155906995,0.0175833282108179,0.0121094048914869,-0.0017063027220733,-0.0026314977170014
2023-11-17,-0.0001054042729282,0.00659268049283,0.0164530617839397,0.0189463565278265,-0.0118308584310343,0.0106113401056096,0.0025433777750289,-0.016800936951366,-0.0036781866006183,0.0059828930359051,0.0105540036075606
2023-11-20,0.0092783418850921,0.0075443211075587,0.0065436854591447,0.0183892993340761,0.0069470264080011,0.021228120162527,0.0147145346134944,0.0205218041178576,0.0225362946957545,0.0003088114170251,0.0038161597680694
2023-11-21,-0.0042309205326358,-0.0195013177075028,-0.0152604592610289,-0.0145724757392946,0.005284276291386,-0.0245865405651825,-0.0087947647573225,-0.0115779830880565,-0.0092245597808072,-0.0192261757398798,-0.0155060896936325
2023-11-22,0.0035144241243618,0.0281134472236201,0.0195275395175082,-0.0093763040377429,0.011097416421175,0.0006873198653245,0.0133835856322941,0.0128126451760426,-0.0245876234802177,0.0037788633664559,0.0024387253790174
2023-11-24,-0.0070042324053856,-0.0016325571312481,0.0002044767086364,0.0070680215357732,-0.0129973487177174,0.0066407088545292,-0.0095464078254028,-0.0011118399410567,-0.0192953405358321,0.0019608565418678,-0.0083121477122131
2023-11-27,-0.0009475835199999,0.0027798542561678,0.0067465598835698,-0.0292480372565201,-0.0020483564750305,0.0027299703681609,-0.010436559722749,0.0031265362595709,0.0097538712379372,0.0035224956615962,-0.0063376873251989
2023-11-28,0.0032140032248071,-0.0052180952440785,-0.0047383535401517,-0.004093890094892,0.0057912464747869,0.0034027339037532,0.0128173412850183,0.0108027125834972,-0.0087267947852089,-0.012558589638455,0.0079209662184096
2023-11-29,-0.005409579685691,0.0150807008087432,-0.0048288883967405,-0.0058327241412049,-0.0161079490948081,0.0160524991880361,-0.0200299722370744,-0.0100600683909438,0.006670668615488,0.0168535968741354,0.0091855182457265
2023-11-30,0.0030627004862266,-0.0217197807440732,-0.0015719722171586,-0.016049883511805,-0.0182233449602441,-0.0053404460140804,-0.0152018763103229,0.0001583916260403,-0.0284587133483654,0.0089125282384956,-0.0158777682000694
2023-12-01,0.0067914065664171,0.0018982809556564,0.0064344066326904,0.0046127619946489,-0.0050556691265327,-0.0214765645107279,-0.0071221200799505,-0.0116122901940305,-0.0001068405019039,0.0048042803191181,0.0127427047010832
2023-12-04,-0.0094646638682697,-0.023230906244363,-0.0148949361326841,-0.006483972365883,-0.0196419468612916,-0.0317787313307189,-0.0147773493074641,-0.0143388790051295,-0.0268364836690843,0.0021593986748518,-0.0156265282516302
2023-12-05,0.0210632642626968,-0.0016024495394728,0.0140845663939594,-0.0117427122019257,0.013305495232132,-0.0101534649045857,-0.0054057929617624,0.0091564835221391,0.0232938114565575,0.0061562931400371,-0.0032986960609485
2023-12-06,-0.0056870739905479,-0.013177881354856,-0.0160675417476632,-0.0103820270800782,-0.0074050488179088,-0.0155056609988744,-0.0026390252208093,-0.0099859016878141,-0.0228279900038862,-0.0060421560521845,0.0119971547603632
2023-12-07,0.0101393305192798,0.0988700175700738,0.016329923474831,0.0206054426912891,0.0531455922589405,0.0213230882644284,0.0287917848375887,0.0058297062159038,0.0240204512186426,0.0229299934295135,0.0147164194578417
2023-12-08,0.0074124006331037,0.0042845140817815,0.0036764247561378,0.0238979018543208,-0.0141679748646222,0.0130485656510517,0.0188616449185157,0.0088420842976388,0.0195296311687689,0.0002256280054753,0.0106757615500707
2023-12-11,-0.0129273435428429,0.0425845917711664,-0.0103785022269737,0.0899503395467469,-0.0125935343282594,0.0430913003773352,-0.0224494655250089,-0.0078293814660894,-0.018502941352528,0.0235393656436972,0.0059791064313539
2023-12-12,0.0079199838851735,0.0238077290458722,0.0108985971933825,0.0418171858762221,-0.005776755323686,-0.0112258840730882,0.0274841167758674,0.0082951534936988,0.0220902571408947,0.0042614476852773,0.006438827499452
2023-12-13,0.016691642950678,0.0042148232576277,0.0092215937737352,0.0162363751351259,0.0003773085916416,0.0120345003053392,0.0015557983211991,-2.6699978067923347e-05,0.0090438685613116,0.0155107833544743,0.0051181851528383
2023-12-14,0.0007576254361525,-0.001374936233081,-0.0095404340492033,0.0154172038332613,-0.0047521791217224,0.0136863779015412,-0.004690098722333,-0.0225443386947823,0.0054482036080953,0.0194524258003048,0.0177978652341019
2023-12-15,-0.0027257135999916,0.0083332891049592,0.0172975382134754,0.0210125687696201,0.0050021338768695,0.0216910173590771,0.0052524350994787,0.0131171063623152,0.0111685406688082,0.0115194882912752,-0.0087965306758492
2023-12-18,-0.0085033571674547,-0.0017966224287869,0.0273388415692672,0.015277642303582,0.0241327195150899,-0.0101819432245218,0.028962353082709,0.0051789604699508,0.0242790077441426,-0.010340421952482,0.0038034970300804
2023-12-19,0.0053602859532757,0.0089992804530398,-0.0018174467759756,-0.0019005187908197,0.0062593224252318,0.0212300139714896,0.0166557752890736,0.0016368428168558,-0.0094455028882876,0.0111544239341165,0.0091323555533486
2023-12-20,-0.0107139845994495,-0.0333927426299991,-0.0108589520895433,-0.0256233917072656,0.0123672552522584,-0.019288585871005,-0.0030824663558361,-0.007072855829278,-0.0300983129013039,-0.0194793102330483,-0.0368730178798689
2023-12-21,-0.0007700343251247,0.0327748018114559,0.0113068713904316,0.0152288914002454,0.0150354801432528,0.0288463252422981,0.0137711131208013,0.0078788402163598,0.0182702655957625,0.0142410849864067,0.0250899548133047
2023-12-22,-0.00554747434303,-0.0022156925915205,-0.0027300973670256,-0.004710359301874,0.007620139914753,0.0195411078122555,-0.0019767250763432,0.0027840390955546,-0.0032660181015535,0.0073714721565998,0.0058508451634025
2023-12-26,-0.0028408136195963,0.0272922449284749,-6.514474615582078e-05,0.0088326434511034,0.0002119243261615,0.052083425615574,0.0040747732820967,0.0002137344125747,0.0091951086680803,0.0137292831457116,0.012602965384785
2023-12-27,0.0005178233371092,0.0185482434571067,-0.0004563413242133,-0.0050535080163592,-0.0081259944417797,0.0051484622819411,0.0084547035215161,-0.0015747840989726,0.0028003994639629,0.0017873540654957,0.0019147799813679
2023-12-28,0.0022262701796893,0.0184157393560366,0.0002609139551152,-0.0033388389382501,-0.0009976018974383,-0.0072892472179815,0.0013693396337912,0.0032346192307852,0.0021249060070884,0.0009609155879712,0.0004777613656372
2023-12-29,-0.0054240913920174,-0.0090749589578973,-0.0093884626128839,-0.005488082487509,-0.0038505600465529,-0.0027783186350572,-0.0121678907289832,0.0020250763363862,0.0,-0.0084330335101918,-0.0066857654918334
2024-01-02,-0.0357866785608327,-0.0599009674492286,-0.013228970207501,-0.0276550162500018,-0.010881109149099,-0.0487563051754541,-0.02166915039211,-0.0137484017709962,-0.0273415258943584,-0.0304224658618169,-0.0237499641783464
2024-01-03,-0.0074875753819402,-0.0235242781336534,-0.0097378211592079,-0.024691854256817,0.0054279734600737,-0.0156902440063918,-0.0052555867921451,-0.000728056926719,-0.0124355379013803,-0.0187546802785349,-0.0133950970409899
2024-01-04,-0.0127000944534851,0.0050989295393992,-0.0262678915903487,-0.009040511506609,-0.0182119271305851,-0.0038257732210337,0.0076928818833068,-0.0071774819758808,0.0090184724982766,-0.0103926228667023,-0.0103822393689028
2024-01-05,-0.0040130250844154,0.0188957240498204,0.00463442024626,0.0002574306645832,-0.0048391545128499,0.000426745934408,0.0139145773712279,-0.0005164318298173,0.0228966080386325,0.0041125245407593,0.0048421597904797
2024-01-08,0.024175080960427,0.0548419017485066,0.0265767038306345,0.0243689970812908,0.0229131115124936,0.0332693460002091,0.0190652719153361,0.018871614857657,0.0642811545611357,0.0168214714943977,0.0264028890852872
2024-01-09,-0.0022634919674824,0.0210699273866155,0.0152246071143409,0.0071080217231862,0.0151973016359701,-0.008255948444685,-0.0034295332620648,0.0029356442456178,0.0169750515050173,0.0061858329374846,-0.0034233926575767
2024-01-10,0.0056711927341981,-0.0048238057564055,0.0155909406519072,-0.0017735821201888,0.0094360382021525,-0.0120707488089675,0.0364827851480114,0.0185740923273964,0.0227700799507419,-0.0041462224374861,-0.0106977575922551
2024-01-11,-0.0032224066730878,-0.00350066673741,0.009432101662268,0.0179626897583147,-0.0014057052385335,0.0035812480587593,-0.0021594782715107,0.00485953109284,0.0086843554414575,-0.0020099147673858,0.004166695596635
2024-01-12,0.0017781529671769,-0.0098635770282762,-0.0036086969005325,0.0070001485521846,0.0040118994779332,-0.0109153296946467,0.013038658367382,0.0099835183207654,-0.0020429622242067,0.0084152524074794,0.0001976425685423
2024-01-16,-0.0123170926175144,0.0831059507196076,-0.0094424492380276,0.0065723831024218,-0.001121647285716,-0.0012732813798431,-0.018772329238305,0.0046334380122834,0.0305612114473761,0.0065623289930103,0.0042473104289837
2024-01-17,-0.0051735242169543,0.0090083950251773,-0.0094672036665724,-0.010126058755333,-0.0071584228212665,-0.0212494246705065,0.0024764017395579,-0.0020496667143925,-0.0058351489191041,-0.0127550111646622,0.0125896573471651
2024-01-18,0.0325706178475642,0.0156084162363729,0.0117987819320899,0.0364602659360515,0.0142078987943725,0.0147634282798339,0.0210660496717014,0.0112971973927693,0.0188035640765511,0.0428507732139429,0.0979116031915448
2024-01-19,0.0155331205604141,0.0710641033301531,0.0119869468266489,0.0588245063857857,0.0202119338088841,0.030166782141257,0.0194612636684645,0.0121870144683458,0.0417462284888985,0.0459082806301396,0.0103511672970375
2024-01-22,0.0121631388329981,-0.0347242334851388,-0.0036049798622092,0.0076783830900639,-0.0026642431432708,0.001453824921199,-0.0043553188784359,-0.0054181490941758,0.0027398865189216,0.0059884176234097,-0.0102451183628854
2024-01-23,0.0066533997310935,0.0014270751790717,0.0080114065314873,0.0047602837657225,0.0071921968331698,0.0138946254820608,0.0089581226797559,0.0060276473205467,0.0036712046702203,0.0041210356410044,0.0097319743183799
2024-01-24,-0.0034841779898435,0.0586034629170741,0.005447960655367,0.0224739216324454,0.0112893425956646,0.0040907442276305,0.0142784003004801,0.0091752393675201,0.0248691807091272,0.005667691975856,0.0209409477331721
2024-01-25,-0.001696617197059,0.0114420810014161,0.005609771850602,-0.0190371441521485,0.021318181150377,0.0093706555174917,0.0063475111814161,0.0057381798053486,0.0041557361936399,0.0006477897726171,0.0003433810998398
2024-01-26,-0.0090126571664869,-0.0170798081283237,0.0086845966224247,-0.0204226636825402,0.0021072060449593,-0.1190716151233635,0.002441681226559,-0.0023216331833372,-0.0095103910700213,-0.0242762868300749,0.0060054873541772
2024-01-29,-0.0035857534545116,0.0032722247168106,0.0134489659082277,0.0106981852641627,0.0086732268746805,0.0043527074632176,0.017455690056465,0.0143340296482439,0.0234963915498622,-0.0071656809579819,-0.0023878949479125
2024-01-30,-0.0192459376294374,-0.0324467424678016,-0.0140146011647056,-0.0078915844970365,-0.0133541284929599,-0.0209854741113517,-0.0023938692649184,-0.0027578457753603,0.0049465246278557,-0.0244585693955896,-0.0078644229678797
2024-01-31,-0.0193575565292991,-0.0253980889177877,-0.0238993902626277,-0.0233081549227133,-0.0750033825252043,0.0037280708667621,-0.0247962381143703,-0.0269463193360618,-0.0198646801135271,0.017331037356203,-0.0267104586579601
2024-02-01,0.0133405670926154,0.0166378033604459,0.0262886721087716,0.0169576335125003,0.0075660565305735,0.0064994208499058,0.0118931138918656,0.0155942557670325,0.0243794280592406,-0.0498283689275151,0.0038067068407596
2024-02-02,-0.0054050499552521,0.0421164248856822,0.0786664921856183,0.0202748168751858,0.008642728006323,-0.0175277240491443,0.2031762716718557,0.0184258476205121,0.0497090126147827,0.004110262176568,0.0208130350587048
2024-02-05,0.0098465013919539,-0.0193065848467155,-0.008730574595861,0.0153224795537754,0.0091303423719006,0.0039906538697618,-0.0328006097150346,-0.0135449941551326,0.0479443258450109,0.0165149909265742,0.0262635009391323
2024-02-06,0.0086318184181768,-0.0364460253712952,-0.006811130754143,-0.0164507682322974,0.0029234318275657,0.0022277309159195,-0.0102086594449615,-0.000394421499446,-0.0159956035791059,0.0004859841590505,0.0049668268080884
2024-02-07,0.0005811012516196,0.018227290145302,0.008158468416245,0.0281439183134599,0.0099928189559064,0.0009358453103707,0.0327013611176816,0.0211101826392954,0.0274980747845223,0.0124220186544155,0.0469090679618251
2024-02-08,-0.0057547299892085,-0.0093014877453019,-0.0040462232237464,0.0140805221268323,0.0025424099691309,-0.0065450625602094,0.0008730843233091,0.0001449261453962,-0.0065336927599453,0.0156967106746828,0.0700110946952659
2024-02-09,0.0040940344233564,0.0184823708958723,0.027143197772921,0.006809109241308,0.0211776225006123,0.0190588590387212,-0.0040212571891367,0.0155514030573711,0.0357836439676892,0.0190307506253923,-0.0046362787459396
2024-02-12,-0.0090018193449346,-0.0033046850623192,-0.0120951599155234,-0.0143677535990198,-0.0098660574108701,0.016624228134455,0.0016876272578378,-0.0125786757763386,0.0015942696040709,0.0139076115572389,-0.0199081516693176
2024-02-13,-0.0112744733450668,-0.002152349299601,-0.0214691715612431,-0.0105532870537962,-0.0162000861379437,-0.0197591797983812,-0.018724683144512,-0.0215286054437355,-0.001660836620824,-0.0199874596034423,-0.0223057193920452
2024-02-14,-0.0048096874094283,0.041739558950351,0.0138756899096279,0.008444789610472,0.0055120229410394,0.0238646070694499,0.0286011558298013,0.0096652693676122,0.0245674646363371,0.0259934256423848,0.0134848360329535
2024-02-15,-0.0015749673505321,-0.010856197395281,-0.0069013493114223,0.0022579575769334,-0.0217212389347879,-0.0031681124997874,0.0227140109397887,-0.0071552507580211,-0.0168065985524216,0.0132517801834,-0.0018566529598014
2024-02-16,-0.0084302721673805,-0.0163498499630054,-0.0017079419299743,-0.0154853109159938,-0.0157596916424647,-0.0122587619399462,-0.0221267456807274,-0.0061492575398198,-0.000619483122447,-0.021092156399245,-0.0181352616374738
2024-02-20,-0.0041139810067692,-0.0470466032409327,-0.0143353946936931,-0.0151990009369668,0.0042698252797437,0.0232130400957182,-0.0033170476599304,-0.0031430002619614,-0.0435319978014482,-0.0047811244670411,-0.0107348358068859
2024-02-21,0.0041861854776739,-0.008449569283871,0.0090375538082816,0.0007338090938784,0.0101333009471222,-0.023584934247721,-0.0068329254124086,-0.0015144121867485,-0.0285090043013296,0.0003290316198016,7.974807889299385e-05
2024-02-22,0.0112438690611518,0.1069450851678972,0.0355300173395745,0.0630983146232024,0.0108032127950585,-0.0112720965865561,0.0386727960235635,0.0235465121430338,0.1640089306898497,0.0180252758090588,0.0297591580479001
2024-02-23,-0.0100340741111918,-0.0293632262177979,0.002348514479374,-0.0065370375507585,-0.0009023375250583,0.0002326324704706,-0.0043198041744392,-0.0031821514686032,0.0035524446567769,0.0010338561240172,0.0035639413891999
2024-02-26,-0.0074513953513287,-0.0028892462796329,-0.0014858549486425,0.0098429982464895,-0.0443872028712789,0.0,-0.0047312740924531,-0.0068235010188963,0.0034890190143883,0.0136852468667021,0.0085693202042158
2024-02-27,0.0081144533143127,0.0113062073477128,-0.0068105217793391,-0.0098538410122361,0.0095222672897867,-0.0060479340962215,0.0110226437813787,-0.000147349533165,-0.0049437213609417,0.0080877530277585,-0.015691867127408
2024-02-28,-0.0066255534151888,-0.0082022849093662,-0.0021896371944472,-0.0052537399640283,-0.0180010479637267,-0.0173179577144622,-0.0062210970498205,0.0005890287352641,-0.0131890996338704,-0.0104761684184933,-0.0094097759886115
2024-02-29,-0.0036929936750099,0.0905744086397903,0.0207899674785829,0.008585123065335,0.0152515631391338,0.025244008216422,0.0126235513601045,0.014519758313594,0.0186576018265984,0.0124477892571739,0.0101271250738808
2024-03-01,-0.0060303443307956,0.0525113004438386,0.0082598255218362,0.0758792936348997,-0.0095333949944287,0.0178861714369211,0.0248299381987802,0.0044965781628976,0.040031809217262,0.0335888631326588,0.0406464911274437
2024-03-04,-0.025381363231605,0.0134228248563745,-0.0035910637709842,0.0022082182509535,-0.0276360583329425,0.0408489621775416,-0.0081823238707517,-0.0013957489763811,0.0359507454384602,0.0212767308221046,0.0325616872850829
2024-03-05,-0.0284409058852289,-0.0011199636095416,-0.0194842137526215,-0.0424383205632393,-0.0050994578883998,-0.0537162435391255,-0.0159979500165435,-0.0295720003596559,0.0085765275058802,-0.0306796266923482,-0.023795781352911
2024-03-06,-0.0058781181115803,0.0268122647544519,-0.0035033346396604,0.005399247221683,-0.0095724557447722,0.0312788712671363,0.0119742190744402,-0.001390886943224,0.0318273016942012,0.0398884668393475,0.048899983709677
2024-03-07,-0.0007097926069036,0.0035607462498863,0.0190767847511654,0.0422295186174486,0.0226787970880151,0.0368457446693353,0.0324538295342959,0.0175334481253515,0.0447463059819377,0.046637733023813,0.0538954306265304
2024-03-08,0.0102368925372737,-0.0188759835414711,-0.0083135457516847,-0.0698573861631515,0.0076648596256447,-0.0465872784003146,-0.0121828905652573,-0.0071369850201095,-0.0554770146283277,-0.0293081531014616,-0.018967767792079
2024-03-11,0.0118314751618657,-0.043396499476769,-0.0193327588916489,-0.0119199573976584,0.0166899089540106,0.0195454997003134,-0.0441942211167878,-0.004184808949764,-0.0200392482155283,0.0032246008401948,-0.0502150725268056
2024-03-12,0.0027785307007008,0.0220272953809761,0.0199464558145114,-0.0009589189682032,0.0060290229004529,0.0084707672778141,0.0334169167105105,0.0265994410083665,0.0715717880082367,0.0114541083978332,0.0386992401543335
2024-03-13,-0.012122578266467,-0.0393075628162654,0.0066708374081581,-0.0263259248984392,0.0093139199931751,-0.0444297141552352,-0.0083642468455245,-0.000433511239581,-0.0111519310031059,-0.022128619702957,-0.015650825056699
2024-03-14,0.0109273613490985,-0.0396837414342133,0.0124037294499819,0.0034978807042178,0.0236783800979487,-0.0111033886600635,-0.0075469208825671,0.0243796458446237,-0.0323914057203367,-0.0047267199723824,-0.0177290105539335
2024-03-15,-0.0021965248465241,0.021383513590323,-0.0242237864674388,-0.0212077207163264,-0.0134171206790429,-0.0025731755532544,-0.0157168109175023,-0.0206952149383891,-0.0012167011920928,-0.0074206813205414,-0.0189085957624739
2024-03-18,0.0063724288623217,-0.0021459419415286,0.0003439832543492,0.0014082600584377,0.04604072477085,0.0016416832980397,0.0266061435095945,0.0021613993146356,0.0070357758473096,-0.0016746643049752,0.0015686168248678
2024-03-19,0.0135849843949373,-0.0484133019828504,0.0081384582973209,0.0006224433612875,-0.0044015942457471,-0.0154530621888533,-0.0014890527482994,0.0098005453805922,0.0106607717756346,-0.0168943092441214,-0.012953664266719
2024-03-20,0.0147092760660767,-0.0093154142788186,0.0127913591703936,0.0350758210683541,0.0116303927341148,0.0035673043271657,0.0187006641819129,0.0090648396105299,0.0108950021714691,0.021755182894364,0.0139393197501396
2024-03-21,-0.0408575255179096,-0.0058421135966061,0.0,0.0564262561658044,-0.0076644200613988,0.0052132413553733,0.0044310765389976,0.0097357764188241,0.0117624132738474,0.0189656238745066,0.0197441797039701
2024-03-22,0.00531033690836,0.005428706405105,0.0040415450203241,0.004057795576275,0.0214769485484458,0.0035360980308578,0.0035843595193196,-0.0014672103280752,0.0312135602118153,-0.0043896967713603,0.0078162199284459
2024-03-25,-0.0083005056165514,-0.0056776456906511,0.0046962130016794,-0.0013964848019105,-0.004642716069514,-0.0173831364272523,-0.0128733687538739,-0.0137146626861063,0.007561807194278,-0.0151675031146731,-0.0022056956657132
2024-03-26,-0.0066724081557022,-0.0042546590429956,-0.007845994154095,-0.0148640598516128,0.0039979008380757,0.0038250016148675,-0.014174348851992,-0.0028614004704687,-0.0256941740341039,-0.0026863444016947,-0.0099122741564419
2024-03-27,0.0212125814566901,0.0096699908243091,0.0085810361924263,-0.0095831372147754,0.001327531310481,0.0423910202809985,-0.0040937038856543,-0.0005216874336085,-0.0249671925967759,0.0123301543219087,-0.0154854120126173
2024-03-28,-0.0105591798720087,0.0050114659704103,0.0030584610251771,0.0050655144752431,0.0003977007998987,0.0091385812382127,-0.0167658806999076,-0.0016847704369772,0.0011744478382333,0.0010052184143807,-0.0046822077138223
2024-04-01,-0.0084557814351554,0.0157902972906414,0.0032708522115514,0.0187488076117368,0.0302129391585366,0.0079239985877055,0.0118827464071109,0.0091509993701461,7.747247446077132e-05,0.0142941473237496,0.0399854701700981
2024-04-02,-0.0069988116011562,-0.0253081677884244,-0.0015472110151306,-0.008516564490187,-0.005981202105858,-0.0130278601959971,0.0122518922105618,-0.007372207360647,-0.0100816236432068,-0.0039600422552927,-0.0089759884918171
2024-04-03,0.0047974958104217,0.0115837009489054,0.0095190724304785,0.018263054181119,0.0023291361302875,-0.0821574540233355,0.0188391134313923,-0.0023490205270382,-0.0054553496536408,0.0167798867110382,0.0126942095878392
2024-04-04,-0.004892397923018,-0.0826464683758503,-0.0132120147674222,-0.0335314427163334,-0.0283375339250873,-0.0148772938412476,0.0082488709634878,-0.0061125183588903,-0.0343848562305857,-0.023863145916089,-0.0164787477356296
2024-04-05,0.0045019128957062,0.0276789259314298,0.0281667073567708,0.0166451082990359,0.0130874419284432,-0.0256733397927307,0.0321380106456792,0.018282678948351,0.0244808052472731,0.0104265289887288,0.0121724347123786
2024-04-08,-0.0066636309611095,-0.0030513101634083,0.0006483768975988,-0.0024859434053506,0.015409718576365,-0.0188581193599098,-0.0153412586695502,-0.0021854469563798,-0.0099424228546051,0.0121844208984942,0.0101159311954455
2024-04-09,0.00724261186679,0.0051795462885575,0.0025919095048931,-0.0015118314533427,0.0113012716662848,0.0092154552614938,-0.0045256242378053,0.0039803255545936,-0.0204171888572666,0.0112316532262504,0.0182787839535649
2024-04-10,-0.0111393648001989,-0.0213139677694488,0.0015080453603608,-0.0087776508197352,-0.0029374750093577,-0.0294809533669252,0.0056684232731798,-0.0070845868294751,0.0197414268655049,-0.0268270857166602,0.0056394314632615
2024-04-11,0.0432709219496272,0.0201029114671615,0.0166711812551332,0.0454412989445298,0.0209428401670721,0.0115592184712911,0.0064059000809144,0.0110333114319651,0.0410964238457296,0.0249913343013059,0.0067023080407129
2024-04-12,0.00862669943595,-0.0423460482152675,-0.0154456393642368,-0.0277695214640567,-0.010538961846775,-0.0515546812933054,-0.0215229248358183,-0.0140910095748597,-0.0268164326415356,-0.0219268054421125,-0.0317934443419457
2024-04-15,-0.0218636248236203,-0.018128316249433,-0.013485250630092,-0.0248347779103954,-0.018195601398248,0.0173718757742187,-0.0227974434413895,-0.0195780882757532,-0.0247771094584189,-0.0084651151458204,-0.0166993217552571
2024-04-16,-0.0191672264653186,0.0195858236414518,-0.0016337425168609,0.0140154346906451,-0.0029703810321614,-0.0013771490286922,-0.0009395520455141,0.0022724102650768,0.0164416452563096,-0.0074186628530568,-0.0024261481226803
2024-04-17,-0.0081474495187664,-0.0577511443391211,-0.0111281282097808,-0.0349344581683902,0.0069299816566927,-0.015995491969832,-0.011185386624973,-0.0066090181938962,-0.0386660921706344,-0.0252698060533502,-0.0055080198445128
2024-04-18,-0.0057141809683111,0.0068822070457719,-0.0113636229725582,-0.0184309039884603,0.0034734038694905,-0.0179372003534721,0.0154399491765879,-0.0183809989353083,0.0075682048191643,-0.0175267964651321,-0.0486225114572422
2024-04-19,-0.0122126720206954,-0.054423538443086,-0.0256109603092693,-0.0431139888481607,-0.0123069355525354,-0.0239725213679914,-0.0413111815932895,-0.0127389980091772,-0.1000460973786161,-0.0236002902070512,-0.034550680687075
2024-04-22,0.0050908387113151,0.0136388434828456,0.014888568814227,0.0163939076991277,0.0142124390567055,0.0061402449944341,0.0013718616110969,0.0046101667755897,0.043543351607465,0.0161771113928061,0.0160532214201105
2024-04-23,0.0063916436693702,0.0244214538328724,0.0130338972763108,0.0201967590348126,0.0126696075313963,-0.0037779814487187,0.0298300227131309,0.0164854926304733,0.0365326690669141,0.0073044913393167,0.0283620903107075
2024-04-24,0.0127023768118081,-0.0034806512407298,-0.0164308625295578,0.0061078962156844,0.0054973855581397,0.0064177013236705,-0.0052409334341255,0.0036557179617964,-0.0333157856617988,0.0141306559472762,-0.0034473954062511
2024-04-25,0.0051471281530146,0.0133121717447339,-0.0165354676340676,0.029916695305417,-0.01966952772521,0.0176811551132365,-0.1056128463257459,-0.0244951843176038,0.0370871091689752,-0.0020166827049209,0.0271490616800738
2024-04-26,-0.0034726983607642,0.0236732539001658,0.0342603616685368,0.0383569886119776,0.1022436217006412,-0.0919965286545188,0.0043273056641934,0.0182439463025543,0.061755811952239,0.0144517943005768,0.0125933892820344
2024-04-29,0.0248080545118911,0.0177890925052974,0.0074602585074419,-0.0040548325687321,-0.0337309160561468,-0.0163112095797827,-0.0240702105508368,-0.0100167566192,0.0002508457888317,0.021369257519866,0.0014459936055528
2024-04-30,-0.018270939837493,-0.0113607496885139,-0.0329354912286841,-0.0286489142295363,-0.0202826100020676,-0.0283800877547645,-0.0056630262529373,-0.0321195019718947,-0.0154404140570633,-0.0197990244387397,-0.0083752639394525
2024-05-01,-0.0060470588150213,-0.0890895326136133,0.0228571428571429,-0.044152299147364,0.0066345610757294,-0.0032818815370239,0.020968445231537,0.0144095622724977,-0.0388998645314833,-0.0104914834614153,-0.0174749222622062
2024-05-02,0.0220318377718089,0.0131004320626419,0.0319553140821404,-0.0034516357263058,0.0168436800544866,0.0046097755391762,0.0056694643915495,0.0073428317047139,0.0334294000050927,0.0974346973229374,0.0095595711385527
2024-05-03,0.0598163831689881,0.0303776842512304,0.0080662921357597,0.0319237684430884,0.0037212036308442,0.0127827280495167,0.0232748547286723,0.0221698069856162,0.0346318105160703,-0.0025543360252037,0.0391251306474478
2024-05-06,-0.0091066832191327,0.0343957003044259,0.0133719464292869,0.0251936183102805,0.0051421295575257,0.0063362679630554,0.0303566215924269,0.0169182413898201,0.0377411179099778,0.0123026747778851,0.0089715518187645
2024-05-07,0.0037970034779666,-0.0086661067793963,0.0003179520909593,-0.0054950180325239,0.0187388297003852,-0.0093638947654037,0.0054973885721851,-0.0101561999500224,-0.0172127778577271,-0.009348617092294,-0.0120422138784305
2024-05-08,0.001864264744503,-0.0052450793046031,-0.0040262477694043,0.0170821679611594,-0.01091982224126,-0.0221642453237383,0.0093114338194693,0.0029315339552127,-0.0015679794982463,0.0022204533891359,0.017645549810809
2024-05-09,0.0100142053772818,-0.0080067423944439,0.0079787234042554,-0.0148638345314358,0.0034244992026426,0.0029999693528126,0.0059669563126845,0.0043358033912495,-0.0184158800385013,-5.531776660205878e-05,-0.0056405295225707
2024-05-10,-0.0068901942038344,-0.0030841998988487,-0.0106596531528283,0.0207789639985365,-0.007707929478931,-0.0079760118103789,0.0016407234434874,0.0058691649439082,0.0127441941920674,0.0085298185873918,0.0453114234090024
2024-05-13,0.0176453916056198,-0.00895208416761,-0.0048537893325043,0.0035339647895609,0.0029054800363874,0.0221104977022568,-0.0171986024949917,-0.00245951328832,0.0057967464497157,0.0116983739121161,-0.019094185050523
2024-05-14,0.0061733378436852,0.0172689037305793,0.0026799591594115,0.0317900694536847,0.0070945744974437,0.0176991233954111,0.0082047660237776,0.006864670807219,0.0105863860586841,0.0258399959461383,0.0378388730043677
2024-05-15,0.0122180892171228,0.0425045335020872,-0.0057732495256861,0.0406804873092643,0.0127395582200005,0.0070853907127765,0.020536329330872,0.0174839911457567,0.0358378439670703,0.0298460697846085,0.0238894202390891
2024-05-16,0.0006323518398505,0.0184755870362121,-0.0126888571463499,-0.016739206444286,0.0096804210705807,0.0243043735055528,-0.0172572281511221,-0.004939999461931,-0.0028638270832807,-0.0068855553290982,-0.0215323652487914
2024-05-17,0.0001581095540452,0.0113762523617251,0.0058268912322501,-0.0119252050714511,0.0107933692108317,-0.0062441092178575,-0.0027892437163781,-0.0018527699564732,-0.0199239566735227,0.0030527366247954,-0.0036128924449368
2024-05-20,0.0061619773916403,0.0113090569498788,-0.006280474722663,0.0134310145210563,0.004884790170299,0.0084825373041081,-0.0065055833481233,0.0122082292966587,0.0248813598104298,0.0201173582407423,0.0123286025996816
2024-05-21,0.0068573425642444,-0.0100402702492696,-0.0021248741632043,-0.0104878256654585,0.0052566244781877,-0.0112149586358929,-0.0089795209541596,0.0086988347257033,0.0063936865969209,0.0156251548036931,0.0007815114049047
2024-05-22,-0.0075384296109457,0.0052228871081305,-0.0001091401274257,-0.0049742734361446,-0.008265373613953,-0.010081880125445,0.0067795110549679,0.0034495846981181,-0.0045708886691098,0.0103558581072322,0.0161383853419323
2024-05-23,-0.0210580029247338,-0.0307516400754863,-0.011358061353112,0.0007540090702526,-0.0160448536462951,-0.0426480343770581,-0.0042755336617406,-0.0081761121510501,0.0931965039824278,-0.005765463859665,0.0060198904861634
2024-05-24,0.016588150747274,0.0369632126491115,-0.0016570176564539,0.0104431254322758,0.0082973864726334,0.021276584883159,0.0267079510062893,0.0074003564288187,0.0257227999032172,0.0426248826684354,0.0185245548394288
2024-05-28,5.269132048502101e-05,0.031558066727209,0.0077454710732194,0.0032744850624222,0.0080574890108164,0.0110677555202878,0.003554817137007,0.0003721028557006,0.0698042300140493,0.0129302645170341,-0.003687573522386
2024-05-29,0.0015789566972197,-0.0377017726105226,-0.0007136405620595,-0.0154200032762545,-0.002834520023311,-0.0299420921180577,-0.0115852465969381,-0.0026724657181752,0.0081122936280071,-0.0226205723949444,-0.0318048436907513
2024-05-30,0.0052550533586055,0.0097493073531673,-0.0148335176621612,-0.0191201790884216,-0.0215462991129584,0.0019914354261454,-0.0154102275758232,-0.033786102191073,-0.0376660375553464,-0.0125838251778231,-0.0089411253198695
2024-05-31,0.005018581742626,0.0008995136220952,-0.0160607002296476,-0.0260470559201834,0.002265856233621,0.0218615530553492,-0.000471145743956,0.0011093008972717,-0.0078461316757403,-0.0036621688898377,-0.0125525146349743
2024-06-03,0.0092588741541759,-0.0200718452201041,0.0107684984708347,-0.0050053366583482,0.0038843094394016,-0.0181523785382939,0.022834947745105,-0.0038784000076297,0.0489541949423715,0.0091154869359926,0.025887321600762
2024-06-04,0.0016492634542049,-0.0217670283837728,0.0056072671331974,0.0067479918513837,0.0035801856120747,-0.0085836526393393,-0.0010470988579588,0.0061665916200055,0.0124957707638155,-0.0074790061768021,-0.0160052720442354
2024-06-05,0.0078209243311921,0.0386273671079115,0.0108174555649658,0.0618188165915025,0.0093215920944316,0.0249750033924309,0.0378834148955067,0.0190833951833138,0.0515558784642229,0.0368449095661713,0.0685381356258689
2024-06-06,-0.0070967067804331,0.003670943112916,0.0205207482665097,-0.0083646596243666,0.0075252794888924,-0.0116959115382648,-0.0026259716365024,0.0012027475866995,-0.0117771817734397,-0.0116090972067236,-0.0052172913138757
2024-06-07,0.0123921309166157,0.0065355339121511,-0.0037837672877956,0.0038323108170859,-0.0128444301135626,0.0105193577155817,-0.001620227669429,-0.0015782034374977,-0.0009091822741064,-0.013464578636934,0.0143147697155603
2024-06-10,-0.019147705538288,-0.0448561327117469,0.0149755532345858,0.0240500906573153,0.0043038217362045,0.0055302459815846,0.019555309241279,0.0094844805015734,0.0074613717926437,0.0132127770218819,0.0229332766197321
2024-06-11,0.0726490901476051,-0.0086066462239111,0.0009087895389929,0.0142732542459758,0.0091995490535929,0.0003235304035058,0.0096896993996746,0.0112416975454134,-0.0071439249278639,-0.0039646496833143,-0.0145693947884023
2024-06-12,0.0285783574370157,0.0080523321919638,-0.0018159287809063,0.0235997116163921,0.0066244030632904,-0.0051746260133516,0.0026994928680521,0.0193676852823521,0.0354808775779769,0.0329463776589491,0.0438716572323489
2024-06-13,0.005491178240186,-0.0021218895720407,-0.0163732546877157,0.1226873621975059,-0.0147928180878555,-0.0097529303407581,-0.0093151584531566,0.0011788340314589,0.0352235838058381,0.0112353120370882,0.0027490143056865
2024-06-14,-0.0081684224669517,-0.0016884867040498,-0.0009247574783879,0.0333830589982679,0.0093058112233681,-0.0003282470479663,0.0011120781031601,0.0022421205851814,0.0175141963623908,-0.0113860174263765,-0.0023135227431684
2024-06-17,0.0196715071492823,-0.0077053871371557,0.0021779042170786,0.0540795551415089,0.0025453038353231,0.0174055165124216,0.0048991294989024,0.0131051985044314,-0.0068245040383861,0.0319974013728843,0.027418883288061
2024-06-18,-0.0109845438568452,-0.0238004366094584,-0.0067912638084333,-0.0144079286516702,-0.0121304646612689,-0.0112976064023569,-0.0140931962432441,-0.0045273961966975,0.0351199472992742,0.0219151959446106,0.0138229652944485
2024-06-20,-0.0215129555778417,0.0462393692731437,0.0179968742894782,-0.0377026849944495,0.0069107501357328,-0.0003264252419143,0.0044245707532812,-0.0014340398824411,-0.0354034285660238,-0.0511690432126277,-0.0239857397541631
2024-06-21,-0.0104443894434819,-0.0033996974651244,0.0160128728092652,-0.0437747311346791,0.0188882274969128,0.015349378088191,-0.0137930853052504,0.0091541441707962,-0.0321915124993754,-0.0136446763534513,-0.0080966736062062
2024-06-24,0.0031326461585343,-0.0060782469361045,-0.0185635417434159,-0.0369970947403046,-0.0022822911301105,-0.0167256227618272,0.0083471424650776,-0.0046911048078924,-0.0668404396437827,-0.0550040110255991,-0.0353530117541479
2024-06-25,0.0044683149902391,0.0,0.0041493182264449,-0.0071724387754067,0.0268384361334619,0.0055609996777059,0.0234310603665905,0.0073267392403804,0.0675641004264466,0.0066221461959072,0.0285442288808632
2024-06-26,0.0199931482155131,-0.0169111183392648,0.0390147279990185,0.0070915064028767,-0.0008150003486298,-0.0065061423588606,0.0049353244071086,0.0026832690380342,0.0024585771549976,-0.0239400711562817,-0.0030707267724439
2024-06-27,0.003986070673148,0.0122509078127541,0.0218997235669515,-0.0033543129415545,0.0083205363332425,0.0016371873637719,0.0125506078202444,0.0015260564789338,-0.0190664377469462,-0.0110475433391594,-0.0025570355592918
2024-06-28,-0.0162541600310377,0.0171819494086036,-0.0232499669527878,0.0118929357960875,-0.0175826356274578,0.0124223240029583,-0.0295248622179004,-0.0130286563093837,-0.0036293263159218,0.0206507032278604,0.0127016833014697
2024-07-01,0.029104511282477,-0.0278651383106965,0.0204398289689116,0.0219677565456299,0.0046116983406137,-0.004197560980749,0.0009122607948222,0.0218817198087704,0.0061518092989782,0.004267518449968,-0.0085149650182289
2024-07-02,0.0162398880242564,0.0419810705478764,0.0141987986566385,0.0101657763358935,0.0122956588045799,0.0074578398280362,0.0095507284683791,0.0055831187369119,-0.0131134107628663,0.0006498591548851,0.0195554836322278
2024-07-03,0.0058110304446281,-0.0024953056308284,-0.0120500183105467,0.0432826928972851,0.0031311093881514,0.005149643740681,0.0009027466269446,0.0032441414430044,0.0457323549825041,0.0182354395787296,0.0386453680844935
2024-07-05,0.0216204559834114,0.04881025197019,0.0121969922909868,-0.0149836289763617,0.0257237529438005,0.0252962114655277,0.0587299744371228,0.0147362307532079,-0.0190987498848611,0.0095186032584018,0.0082196504441001
2024-07-08,0.0065389107309266,0.039499760244382,-0.0035500335693359,0.0249807432832944,-0.0082371286852112,0.0615240645253452,-0.0196142304250246,-0.0028231840186496,0.0188348787328382,0.0104011389847444,0.014348759362817
2024-07-09,0.0037748145952298,-0.008898071051356,0.0002509059834532,-0.0071885951163533,-0.0002645351668366,0.0176522581382563,0.0012846570063211,-0.0143702281480034,0.0248051065617518,-0.0037038868491068,-0.0113059019082009
2024-07-10,0.0188034982289242,0.038735179977023,0.0022574343157877,0.0065655536775652,0.0116414074717863,0.0080947544743559,0.0088490193907253,0.0146015497942531,0.0268686706009118,0.0081111811948784,0.0353891582062029
2024-07-11,-0.0232207661406754,-0.0109806707911402,-0.0237248630745311,-0.0222043209961662,-0.0293439395713868,-0.039288741806428,-0.041126526705879,-0.0247720171070341,-0.0556668275773259,-0.0428639059854184,-0.0342841870911426
2024-07-12,0.0130507863472772,-0.0018137948039269,-0.0028710461411535,-0.0030951397689568,-0.0026944262881004,0.0295522804360572,-0.0269749084583398,-0.002529173999294,0.0144428042591346,0.0129095829098713,0.0154471429120328
2024-07-15,0.0167434661929786,-0.0098012156451444,-0.009100746683475,0.0079556750682936,0.0078888116479998,-0.0008699568160381,-0.0054323446001016,0.0009038667411001,-0.0061903245437638,0.0284048723488792,-0.0113691342727336
2024-07-16,0.0017918170234294,-0.0126786340214736,0.0015566783408966,-0.011900576363005,-0.0139923438010013,-0.0034821887903777,-0.0128384475654924,-0.0097805261594394,-0.0161941933960951,0.0070131568990676,0.0044270959788068
2024-07-17,-0.0252959552638725,-0.1020558156267357,-0.0263703838152175,-0.0791121673202404,-0.0157677403894639,0.0034943568004579,-0.0567590912113198,-0.0133476250384286,-0.0662393812933891,-0.0860522093203816,-0.0797678217387166
2024-07-18,-0.0205349605186833,-0.0229567118576196,-0.0222422861634045,0.0291064666497835,-0.0183958109216759,0.0118979054062935,0.030000569379186,-0.0071022566796097,0.0262735197035062,-0.0007307802557184,0.0039135084355041
2024-07-19,0.0005799396176884,-0.0268986475347167,-0.0033741230867346,-0.0197484236592764,-0.0001687294585289,-0.0542013180173812,0.0019754842826247,-0.0074029621962888,-0.0260962968659582,-0.0274207377843269,-0.0354917419241948
2024-07-22,-0.0015603021725567,0.0283018421580063,-0.0031671589340361,0.0235779095799542,0.0225711789129912,0.0118253835316937,0.0222530298719039,0.0133377497427142,0.0475706206498021,0.0470435374974953,0.0215960775884236
2024-07-23,0.0046882902186489,-0.0119971461844313,0.0211448948004515,0.0168262232432627,0.0006604701349581,-0.0125861033800807,0.0026466480231439,0.004312169118199,-0.007689916089336,-0.0083089170002528,0.0027753197910636
2024-07-24,-0.0287542296284539,-0.0608441241375812,-0.0299340256500884,-0.0758991642894897,-0.0503877954536423,-0.0379363307168646,-0.0561091585278089,-0.035854755135239,-0.068031612219194,-0.0635118047840084,-0.0590034827193144
2024-07-25,-0.0048044939041969,-0.0436285510997975,-0.0054194310546689,-0.0137439567449597,-0.0309910840835071,-0.0189274535814479,-0.0170399648017597,-0.0244813640379466,-0.0172429286174368,-0.0313691135326947,0.0030035197405353
2024-07-26,0.002160910789537,0.0120734389858068,0.0147344665362931,0.015878286229886,-0.0016738817852338,0.008038599299099,0.0271057701466164,0.0164196896113655,0.0069469942597628,0.0265693618425384,0.0103570176364096
2024-07-29,0.0012846923369973,-0.0017144473444269,0.0038355997163954,-0.0092987947966792,0.0151496399044652,-0.0165869090579581,2.1486451144747676e-05,0.0034331082462963,-0.0130021491562942,-0.0078310423406532,-0.011918184120922
2024-07-30,0.0025659471239309,-0.0093738644622093,-0.0081331346025947,-0.0446014679521296,0.0044830940119962,-0.0227052089511901,-0.0054111080456593,-0.0089283183891394,-0.0704363342828333,-0.065495002961218,-0.0341852242301711
2024-07-31,0.014990764080806,0.043628959690962,0.0290021948101644,0.1195653243623597,0.0073403531177211,0.0202456231103342,0.0251299867460337,-0.0108058941719638,0.1281210665993599,0.0839224681646721,0.0728612381288793
2024-08-01,-0.0167506604623079,-0.0826412153549807,-0.0155631001701412,-0.0850135964994048,-0.0045470230826123,-0.0549772650923945,0.0482489014242779,-0.0029640789796074,-0.0667406709121046,-0.0936723858182482,-0.0459589131725628
2024-08-02,0.006869351344199,-0.0003017450442032,-0.0878470841762542,-0.0217658791595752,-0.0240102282852547,-0.2605851455985698,-0.0192871278629697,-0.0206660073425384,-0.0177639323335482,-0.0285972700983339,-0.052598348588316
2024-08-05,-0.0481668902618392,0.0175094892393867,-0.0409767115790675,-0.0120984800410962,-0.0444618880122332,-0.0637802743112887,-0.0254230531256132,-0.0326568023300057,-0.063577872754169,-0.0085369560004556,-0.0127452120405843
2024-08-06,-0.0097482898665223,-0.0344163654974374,0.0056513996967764,0.0129504961527473,-0.0060282143979273,-0.0139233957909584,0.0385932084170423,0.0112868009826903,0.0378298758563648,0.0048747661674053,0.0502872427451062
2024-08-07,0.0124982237987592,-0.0115992824688248,0.0051874985158653,-0.0531545865330785,0.0041066103222902,-0.0362852146844066,-0.0104635644503325,-0.0029528464859617,-0.0512230781351314,-0.0163808569992134,-0.0022524099983087
2024-08-08,0.0166333571047643,0.0594544902785254,0.0186152159474355,0.0694944466768903,0.0194410276709344,0.0789889425002177,0.0423587336990765,0.0106920832037231,0.0612676997617858,0.0565591720615168,0.0613390997898308
2024-08-09,0.0137358199281627,-0.0150381671186545,0.0068757501125773,0.017291103419029,0.0101215496441524,-0.0380673838632719,0.0159722199636727,0.0082694039733879,-0.0020956957811798,-0.0028494979765082,0.0156182373961075
2024-08-12,0.0071299745718171,0.0186191995267013,-0.0008386209871871,0.0024281569049573,-0.008431481537121,-0.0177574069192536,-0.0035150153769325,0.0019454588945817,0.0407636687017642,-0.0096667696438452,0.0030516367661825
2024-08-13,0.0171930966651863,0.0318783393591621,0.0205635048742591,0.0507333716611342,0.0115226555664553,0.0573346419425953,0.0244014686950457,0.0176989683648409,0.0653090550917856,0.0403952446140192,0.0280977718476798
2024-08-14,0.0020336631007804,-0.00269258747017,-0.0007636117446156,0.0097978527557971,-0.0230874046847688,-0.0268685518079979,-0.0033676630938503,0.0068837435444126,0.0167039699672009,-0.0136897255773604,-0.0137519112838137
2024-08-15,0.0135306536922683,0.0469627041588032,0.044032862819634,0.0535224656654322,0.0057991620781427,0.0386546413059516,0.0200661171240601,0.0118237544282318,0.0404811473812829,0.0370325586904543,0.0234747714418239
2024-08-16,0.0059184041708302,0.0081433017323011,-0.0029843954627291,-0.0024678072793307,0.0102914950234542,0.0086998695277693,-0.0184432407705823,-0.0060802392115627,0.0139995996457698,-0.0066920899151254,0.0033340415389047
2024-08-19,-0.0007077176899458,0.0452342577486424,0.0065514722585799,0.0120082251453239,0.0227662018264185,0.0311451649445237,0.0035268238693615,0.0073123689121139,0.0435061895413781,0.012080405323291,0.0052137341130689
2024-08-20,0.0027446202458272,0.0072127455306034,0.0037033085938096,-0.0104943653659473,0.0030599917147506,-0.0246282841715415,-0.0048179724988181,0.0077573455494563,-0.021153770726436,-0.0123377778489893,-0.0194358334306373
2024-08-21,-0.0004856356079798,0.0090153690353889,0.0068760939957759,-0.0010244267750908,-0.0079555332862883,0.0200095321997981,0.016004486533407,-0.0015536118932711,0.0098230596774313,0.012259619594523,-0.0034874254279638
2024-08-22,-0.0082596809162985,-0.0387174494954476,-0.0220975832216521,-0.0207505374089026,-0.0123605259653973,-0.061186337005076,-0.0060355590508838,-0.0202527674188883,-0.0370427417667649,-0.0299621542760059,-0.0291646773434652
2024-08-23,0.010288143960685,0.0216216140097613,0.0051665722937199,0.0247630660948217,0.0111111517652511,0.0218905734182599,-0.0073881841678503,0.0029840317930187,0.0454985811206478,0.0266272758685395,0.0290793878809678
2024-08-26,0.0014987979350766,-0.0321976408048662,-0.0086985615936161,-0.0405144534335785,0.0032605100183671,-0.019961136148285,-0.0130304115796323,-0.0079177182511609,-0.0224935823653287,-0.0231124587610611,-0.0129027664556697
2024-08-27,0.0037415900760615,0.0034001899337163,-0.013561281383547,0.0110887732940618,-0.0089072974618951,-0.0029805995252757,-0.003876211897856,0.0008465132011481,0.0145501004775829,0.0261962085018829,0.0087537802471724
2024-08-28,-0.0067534436055869,-0.0275083015923484,-0.0134010636024987,-0.0198898023300925,-0.0111124341236197,-0.0229197354991135,-0.0044691063312871,-0.0078290518252793,-0.0209664981282611,-0.0119586747981265,-0.007915533221124
2024-08-29,0.0145701501561534,-0.0059442136755906,0.0077282906431195,-0.007902483184802,-0.0065703204620087,0.0265170083748262,0.0027863233527301,0.0061373118634195,-0.0638484882735922,-0.0137330393308618,-0.0002955890236527
2024-08-30,-0.0034379505601106,0.0211010512716898,0.0370671918650049,0.0375327462781722,0.009889743818447,0.0948833499448593,0.0059626488352253,0.0097308775793494,0.0151374251817293,0.0342794762686453,0.0150753434849828
2024-09-03,-0.0272052554953274,-0.0782175236143527,-0.0126050420168066,-0.061601748607959,-0.0368465477918463,-0.0880217991593127,-0.0183192450635905,-0.0184590750204632,-0.0952500955173203,-0.0687963556307931,-0.0652882623069133
2024-09-04,-0.0086186890425641,0.0286986461641316,-0.0165673654975621,0.0087048301699721,-0.0057829400874829,-0.0333333364964322,0.0019150157410465,-0.0013188642836621,-0.0165740873848341,0.0128031257267491,0.0023678316589124
2024-09-05,0.0069277290046831,-0.0101511515961341,0.0263081838713554,-0.0084349398015035,0.0050496378943356,-0.0015440394325426,0.0080353074867438,-0.0012472893221946,0.009415321398305,-0.0047421823941549,0.017591817611172
2024-09-06,-0.0070150218395382,-0.0365031285769625,-0.0365394346073523,-0.1035206147862245,-0.0401934531968339,-0.0262886721087713,-0.0320977428284886,-0.0163812981854862,-0.0408543488474602,-0.0336590709430405,-0.0420280630312205
2024-09-09,0.0004075893130084,0.0282842398238589,0.0233968990087884,0.0278832004156508,-0.0133357784653381,0.0095288677073444,0.0090351152213408,0.0100073639281581,0.0353982169504394,0.0163094312251728,0.0380053260208828
2024-09-10,-0.0036214086874456,0.033948625759046,0.0236602582650182,0.0524784310302184,-0.0003363294067382,-0.0047194627177847,0.0,0.0209011209411331,0.0153093760330402,0.0056601356402417,-0.0021501533165311
2024-09-11,0.0115851731108598,0.0491459286785123,0.027680318219045,0.0678765467782609,0.0168169663679254,0.0347734385316189,0.0139464024142201,0.0213423465340527,0.0814987006828245,0.0301832399760957,0.0480206390376549
2024-09-12,0.0004939636892196,0.0060723585907054,0.0134402540110343,0.0397423758400121,0.0233527514872258,-0.0142565574337267,0.0269034031331822,0.0093608172062535,0.0191616834493941,-0.0094860747719873,0.0107661433904417
2024-09-13,-0.0012119266600285,0.0102141887808786,-0.0027272433520636,0.0190202502688336,0.0179067340241041,0.0154958278720376,-0.0018644147772186,0.0084074207946789,-0.0003357521668538,0.016668493848901,0.0062417610659672
2024-09-16,-0.0277752543730067,-0.001510050103248,-0.0085795809769242,-0.0218855404284568,0.0038104095378854,0.0635808753663109,0.017477120510444,0.0017418066360883,-0.0194793971759532,-0.0066772091332161,-0.0198261091659838
2024-09-17,0.0021725715802303,-0.0082850768783897,0.0107631862173909,-0.0094501180838926,0.0079718252395077,0.0267814189396893,0.0057002998850417,0.0088330381567005,-0.0101901758770175,0.0125441764397626,-0.010231801338796
2024-09-18,0.0179897313676467,-0.0167750557964577,-0.0024080275860086,-0.004923945006426,0.0030755448524983,-0.0326035807162515,0.0030392578621272,-0.0099735812094888,-0.0192057819133756,-0.0023710456260691,-0.0004185154507686
2024-09-19,0.0370656407738125,0.056983023734626,0.0184519797058015,0.0389723351805733,0.0145796989161233,0.0178141032128127,0.039315960050509,0.0182910232409407,0.0396930281945115,0.0333928159982579,0.0534436052857327
2024-09-20,-0.0029274550427984,-0.0050402482916611,0.0091115554369731,0.0219805544621058,0.008942830945843,0.0331126198273314,0.0040242049025183,-0.0077958779181142,-0.0158649053196551,-0.0287488796200331,-0.012144105210597
2024-09-23,-0.007581111390203,0.0051298689798842,0.0118997844815573,0.0107539909514502,-0.0106361661169213,0.0329670012968923,0.0054512056729685,-0.0040435462537614,0.002241365413623,-0.0175230159690439,0.0039062831639731
2024-09-24,0.0039740040710536,0.0100159956887957,0.0004126358007008,0.0109865681852987,0.0027184446502708,0.011081560546019,-0.0019134152696819,-0.0100110996249203,0.0396525430349405,0.0059651853652393,0.0412567015700979
2024-09-25,-0.0043980970941337,0.0233703687283508,-0.007372694808574,0.0038892554528988,-0.0049293729520245,0.0320035715333937,0.0088402053409863,0.0068502823182186,0.0218415898115182,0.0079065432894493,0.0020882586362951
2024-09-26,0.0050802768003157,0.0337612706854673,-0.0071157488488742,0.0146421468614628,0.0076783919177743,0.0161426994896991,-0.000826848779157,-0.0018513581806831,0.0042911121637023,0.0260891545540067,0.0245681924961436
2024-09-27,0.001186624878497,-0.0187473836447906,-0.016687603998192,-0.0303216858494224,0.0074970931611553,-0.000418069767974,-0.0008453538211299,-0.0076279048458957,-0.0212834022234562,-0.0146531972743721,-0.0474228848943849
2024-09-30,0.022871992427224,-0.0016428613473301,-0.0087247932063523,-0.001100274101015,0.0115890403931953,-0.0188206091932768,0.0089537173098139,0.0053268365168215,0.0003295017620266,-0.0004701490162725,-0.0241613621183262
2024-10-01,-0.0291415374157659,-0.0263895769303628,-0.0064401703238871,-0.0291595155721444,0.0068734863038752,-0.0328217638731569,0.0070399681846149,-0.0223331384331272,-0.036561265443175,-0.0251104158682918,-0.0092128572595659
2024-10-02,0.0025197322786998,0.0001877857858958,-0.0019986515757443,0.01904824192991,-0.0067667350762883,-0.0132217336865583,-0.0063489148799428,-0.0084624090392123,0.0158119606545485,0.0153217730373771,0.0216772060056058
2024-10-03,-0.0048946639148925,0.0192139651250049,-0.0151547297911677,0.0072073007970936,0.0,-0.0058061261415981,0.0173880141098141,-0.0014144573080367,0.033655857935392,0.0035645033043034,0.0209328556791696
2024-10-04,0.0050072851057156,0.0494319158198359,0.0250054277043614,0.0276339758220711,0.0072348616141875,0.0148247942638333,0.022598777304488,-0.0011522919981747,0.0168498488923702,-0.0001183791861921,0.0093604172813677
2024-10-07,-0.0225307661281255,0.0004096391265007,-0.0306149355168675,-0.0088315817130846,-0.024422392037028,-0.009296192580912,-0.0187267212677462,-0.0156707277164307,0.0224143375118166,-0.0116045895073161,0.0184920068346614
2024-10-08,0.0184040141162493,0.0107036428495568,0.0106194587197858,0.0322709909313829,0.0085901414461306,0.0420018127482995,0.0138686128324783,0.0126237782376465,0.0404790759823781,-0.0035941588891074,0.0083463068089837
2024-10-09,0.016698387693788,-0.0103009186797509,0.0134084770789975,0.0288829062784052,-0.0153302828122641,0.0060034044374155,-0.0040143601715226,0.0066312043537495,-0.0018059585835642,0.0233259448833205,0.0058586426853428
2024-10-10,-0.002178259280837,-0.0399953889942752,0.0079926324035968,-0.0013982764103024,0.0013590910189911,-0.0102301696711067,-0.0113122665391007,-0.0038806550113151,0.0162834940409009,-0.0099872372167025,-0.0072672644812419
2024-10-11,-0.0065053884325984,0.0225971913715066,0.0116261103600026,-0.0226722656044645,0.0071570270830971,0.0146425565306691,0.0104826207413237,0.0011543801554716,-7.416712582342111e-05,0.0086636915771876,0.0270749738166058
2024-10-14,0.0164798834941706,-0.0156054269266322,-0.006779016992029,0.0045736645305338,0.0105365633527394,-0.0050933333873046,0.000796622975592,0.0067736814095973,0.0242581859685546,0.0474172049414409,0.0073371892216347
2024-10-15,0.0110246971490253,-0.0522176115430192,0.0007998782160802,-0.0347210902040976,0.0030311434381806,-0.0332764790475235,-0.0070287593698526,-0.000954433937511,-0.0468603043305068,-0.0221860386323844,-0.0264293719114837
2024-10-16,-0.0088519457946394,-0.003255838284111,-0.0042623636920009,0.0047732208045159,-0.0018131343721043,-0.015445736267721,-0.0161701320162567,-0.0062568252807031,0.0313069567883241,-0.0149922016001496,0.0018703070855186
2024-10-17,0.001596469054695,0.0007685589792785,0.0034244710350397,0.0266372460712875,-0.0135021318960001,0.0058270314310715,0.0002427489774612,0.0014418557372619,0.0089154000328421,-0.0022157188288333,0.0979304378233081
2024-10-18,0.0122764332798872,-0.0017919921875,0.0077854568515487,-0.0090342761163648,0.0030074012325183,0.0147058786030422,-0.0007973798402476,0.0034556048390173,0.0078142427327019,-0.0010522069734563,-0.024582192812529
2024-10-21,0.0062978531614621,0.0123741274647439,0.0004233124965835,0.0005558957282716,0.0039775917571864,0.0030742070011839,-0.0022725534251127,0.0014825923866221,0.0413767868020635,-0.0111748191256273,0.0058273293665727
2024-10-22,-0.0026217115595098,-0.0241291811644495,0.0033320442144115,-0.0033891315379442,0.0065216142765553,-0.0192644715901091,0.0119098573094746,0.0208462536357472,-0.0008349934595188,0.0246730734194218,-0.0171825710865144
2024-10-23,-0.0216230369969718,-0.0076578149381855,-0.0263046405622054,-0.0327237863054892,-0.0142909065665199,-0.0187500037252903,-0.0314771792426277,-0.0068067575182818,-0.0280660864773014,-0.0379950953315426,0.0119912337837932
2024-10-24,-0.0008233277710454,0.0034660830985788,0.0090411894767146,-0.0124488249795353,-0.0003687291299406,0.0163785540422689,0.0072558723715006,0.0003062004314873,0.0060906234543474,0.009003592115043,-0.0145873439467183
2024-10-25,0.0036431465632578,0.0181829590832951,0.0077797881224108,0.0096292407359841,0.0156712510885106,0.0152193442374934,0.0096339696426801,0.0080520382846365,0.0080478246868811,0.0129090026710321,0.0278382361251925
2024-10-28,0.0085994198867782,0.0236190395078901,0.0029814063415569,-0.0056646381480551,0.0087735573106013,0.0105820003478305,0.0085650497867992,-0.0036435066101023,-0.0072063119696023,0.0114522666500562,-0.0430594571570699
2024-10-29,0.0011568621502671,0.0395823030485995,0.012951868195294,0.0419718287819186,0.017754057833657,-0.0008726203183724,0.026152224318068,0.0125647722018946,0.0051948466721249,0.0219488041771322,0.0116087736981165
2024-10-30,-0.0152779777964289,-0.1061653768209586,0.0099564737109127,-0.0145056176545906,0.0281709019887481,-0.0262008904569682,-0.0024949207403944,0.0013426977897126,-0.0135221094335096,-0.0476137312245925,-0.0124911121115347
2024-10-31,-0.0182094863892091,-0.0304845127404722,-0.0328438850795353,-0.0388927132597652,-0.0192021863922627,-0.0349775249319554,-0.0409259777611713,-0.0605276147409483,-0.0472226293868889,-0.0289344453310923,-0.0202590922053553
2024-11-01,-0.0132795616828176,-0.0153398112134035,0.0618562186525604,-0.0050067783417105,0.0010518874329767,0.0780669270185676,-0.0007399561061668,0.0098929993913228,0.0198855711839909,0.0153592096207335,0.01264825542304
2024-11-04,-0.0040375396515773,-0.0081065408962113,-0.0108623956754556,-0.0021902230968664,-0.0119678780347292,-0.0293103570178342,-0.0114252594278286,-0.004654467220182,0.0048005328488869,-0.0005448053975174,-0.0072040487610309
2024-11-05,0.0064861274149246,0.006751452653783,0.0190009257528736,0.0317411627871115,0.0029543962013973,0.0355239440852119,0.0209567892355551,0.0073447048969561,0.0283719590092181,0.0044195811091309,0.0219253065394542
2024-11-06,-0.0032668770029193,0.024283512300419,0.038045094425517,0.0324899656486152,0.0398844000667617,0.0741852300547112,-0.0006639391982974,0.0211929539159145,0.0407405722345746,0.0426737406202843,-0.0129750448851296
2024-11-07,0.0213720878319261,0.0325292971892492,0.0142933351016993,0.0237258814371956,0.0240213665463793,0.0471058020405052,0.0343502951330203,0.012494498235394,0.0224571662500399,-0.0004623761481056,0.0412482677083445
2024-11-08,-0.0011881839501585,-0.0124817132863286,-0.008902691496347,-0.0009248016259273,-0.0132779775068345,-0.0011436820366149,-0.0039885400861182,-0.0067930101875195,-0.0083960721540526,-0.0115667590538445,4.964327210710273e-05
2024-11-11,-0.0120286022534616,-0.0040553623325619,-0.0064367200741404,-0.0257569218563125,0.0112138645457682,-0.0438931867324833,-0.0104694252820932,-0.010720819120209,-0.0160536741705616,-0.0153297867398998,-0.0355365552743435
2024-11-12,0.0,-0.0252460201331092,0.0100077710349459,-0.0150355408149536,0.0070417896929073,-0.0355289188325289,0.0028293776136958,0.0120091711447223,0.0208590072388723,-0.0289974366445693,-0.0117496412542068
2024-11-13,0.0039691287854684,-0.0301469169661835,0.0248432451793958,-0.014981234938569,-0.015086388644543,0.0314569633146435,-0.0082419671153974,0.0051296281348027,-0.0136216260285291,-0.0182975721519236,-0.0266464180368564
2024-11-14,0.0137704463097212,-0.0033022735376126,-0.0122373204170288,-0.0184352312405098,-0.018448283095424,0.0044141496795662,-0.0048964187390743,0.0039746985556492,0.0033497694463624,0.0221293505946138,0.0098573164055961
2024-11-15,-0.0141091654484335,-0.0283780073849727,-0.0419424782314407,-0.0325156169501135,-0.0175985932383418,-0.0271674105681741,-0.0399889063746904,-0.0278525430798213,-0.0325702992953168,-0.0211624332399452,-0.0132096822474548
2024-11-18,0.01342226139507,0.0298739730291559,-0.004491405455644,0.0050352652514515,0.0162907229147313,0.0201231935705041,0.0005776756210262,0.001831195116317,-0.012889105398269,0.0249222249854146,0.007902974371035
2024-11-19,0.0011401307103171,0.0033110684381931,0.0144273857518009,-0.001931570936324,0.0160866696356603,-0.0257648706005245,0.0120671026619132,0.0048826279365479,0.0489477006779486,0.0012766193017814,0.0116812683558371
2024-11-20,0.003154118520283,-0.012841619154679,-0.0084550888147132,-0.0127003433220608,-0.012014387763973,-0.0078512614903958,0.007895147595571,-0.0055051563868645,-0.0076185062905554,-0.0633841205954649,-0.0069067061118421
2024-11-21,-0.0020959778998107,-0.0007994230048856,-0.0221805988352538,0.0042266877587249,-0.0474485098687873,0.0179092170377628,-0.0042968154807252,-0.0043167443490419,0.0053465131260987,0.0077137201996058,0.0152899397063108
2024-11-22,0.0059074495321289,0.0062550045529987,-0.0063514957889496,0.0017688846722108,-0.017121183850991,0.0024549699112637,-0.0070148389231525,0.0100031553953079,-0.032181054925635,0.0085551763136468,-0.0060657986008435
2024-11-25,0.0130507999345654,0.0200939548728089,0.0219663247682231,0.0035925634746187,0.0175408887492924,0.0151020750707508,0.0106768814437399,0.004292594559482,-0.0417753325358408,0.0129472257260656,-0.0263046843182523
2024-11-26,0.0094044504670172,-0.0241621451436984,0.0318193286632626,-0.0004853596166531,0.0087681011494842,-0.0329715148573404,0.0149174182949187,0.0219679356063393,0.0066166719393698,-0.0119001871319854,-0.0066999060414396
2024-11-27,-0.0005530899446042,-0.0107464109382869,-0.0101991489991456,-0.0307758115127688,0.0006505555039817,-0.0166320012981073,-0.0075667923432355,-0.0116824544320632,-0.0115397153417219,-0.0033773835384987,-0.0144145392914817
2024-11-29,0.0102158185712626,0.0068994946030322,0.0104500526833892,0.0150937016159193,-0.0016545778346241,0.0169133033819106,0.0089950242537997,0.0011111834708579,0.0215016142903465,0.0136189911659561,0.0191511923130092
2024-12-02,0.0095225628032042,0.0355737362834402,0.0135649013059699,0.0273320884926882,0.0150340588570696,-0.0049895607356131,0.0322293665771691,0.0177585469214782,0.0027485543672842,0.0283857647763563,0.0527454776171132
2024-12-03,0.0127719077965231,-0.0005631552332083,0.0129561750299131,0.0098493040682987,-0.0008746901244227,-0.061011323577188,0.0351196914232569,0.0005103304743721,0.0117579903396451,-0.0027601963270956,0.0230966964694494
2024-12-04,0.0014835691116916,0.0141569927180602,0.0221139484947243,0.0143326003451769,0.0176840474903015,-0.0226969401186732,0.0002118772595036,0.0144248101332034,0.0347924282217344,0.0046745093866842,0.0090503092630289
2024-12-05,0.0001234265716383,-0.0182651905165553,0.0109552592112629,-0.0005278915873945,-0.0099213142306631,-0.0528233103721901,-0.0079019471891892,0.0118879832200811,-0.0004822192053869,-0.0129238180479317,0.0179879610496886
2024-12-06,-0.0008229105986794,-0.0195953895055238,0.0293810729443444,0.0531472830397132,0.0119902104838425,0.0057692713286059,0.0243707441490341,0.0021463610506198,-0.0180614821489131,-0.0054865172714483,-0.0062653749283723
2024-12-09,0.0161011646484245,-0.0557038850183768,-0.0041404327465993,-0.0032864820707965,0.0049280322472031,-0.0052581553513574,-0.016352296239314,0.0055232810558216,-0.0254845454152861,0.0077109790403895,-0.018963674579194
2024-12-10,0.0041338295047923,-0.0239168439688197,-0.0046441818247836,-0.0398456911240926,0.0558819205119369,-0.031234965651684,0.0093714940734599,-0.0060312449201632,-0.0269432658989284,-0.0266268016425275,-0.0363005502942684
2024-12-11,-0.0051660610286238,0.0188664167294339,0.0231958824050708,0.0662940741986004,0.0552465276581992,-0.0019840778016595,0.021571867190784,0.0127671895766263,0.031391060371692,0.0215389876729981,0.0138585122269261
2024-12-12,0.0059636360920329,0.0034576429361123,-0.0056023335225715,-0.0138645910327758,-0.0176048835457107,0.0328031719623553,-0.0029872772446674,0.0012693948671071,-0.0141410560009396,-0.0099480153085682,-0.0130114552546355
2024-12-13,0.0006856817013816,-0.0282542287056364,-0.0065947263780657,0.2443263538534312,-0.0111481842375558,-0.0211742309681629,-0.0165506657776278,-0.0050938289474432,-0.022498918064773,0.0018326859251982,0.04977541557474
2024-12-16,0.0117275599606754,-0.0017335215062233,0.0240481218695953,0.1120996755983165,0.036034188078363,0.0240904507100419,0.0070825240597218,0.0096586534513556,-0.0167596971391396,-0.0040369923268226,0.0061197010563764
2024-12-17,0.0097196251172859,-0.0131818278171729,-0.0076417757921559,-0.0390799224702298,-0.0063053238755943,-0.0187229664463219,-0.0076894547957636,0.0063552605812406,-0.0121970383857665,0.0001898301363345,-0.007714411111071
2024-12-18,-0.0214217436575203,-0.0288753245711852,-0.0459874103599754,-0.0691421651413485,-0.0359227396000457,-0.0557730561257849,-0.0359195191934429,-0.0375610412940998,-0.0113505040714362,-0.0308385101689475,-0.0254161070926028
2024-12-19,0.0070146466281768,-0.0208385333364503,0.0125611688735931,-0.0237008730120077,0.0005838816445216,-0.0124352217930303,-0.0027127031282179,-0.0008230337872171,0.0137303046991177,-0.017314475887882,-0.0047044105395163
2024-12-20,0.0188158228426149,0.0027759239458193,0.0072999459529015,0.0113136207816886,0.0153838985315359,0.0241343654097812,-0.0173279177266799,-0.0009838994427272,0.0307622387734396,0.0165559018229197,0.0132039196970434
2024-12-23,0.0030649924163426,0.0452143228843502,0.0006224408269079,0.0551771378250602,0.0168225427759329,0.0348360803908345,0.024946447370157,-0.0030920846711629,0.0368968975752104,0.0349924629517031,0.0514679446510144
2024-12-24,0.0114780889893575,0.0135634226492968,0.0177286303050157,0.0315472139436721,0.0076041773158648,0.009900933071139,0.0131701282718066,0.0093738372168756,0.0039379634694163,0.0070778328446765,-0.0049672452587254
2024-12-26,0.0031757402583636,-0.0097395149894432,-0.0087317178491722,0.023698224065499,-0.0026005382111212,0.0019608292291832,-0.0072398673669042,-0.0027769667322976,-0.0020682638090082,-0.0052082835590397,-0.0158483690368029
2024-12-27,-0.0132422092213023,0.0010395401035536,-0.0145342568042403,-0.0147130482398704,-0.0145196041458788,-0.0068493783434006,-0.0058672834857319,-0.0173015138332284,-0.0208677463054335,-0.008137369057972,-0.0070422013519713
2024-12-30,-0.0132634298079378,-0.0219666103232732,-0.0109497070312499,-0.0255222299716324,-0.0078853503225235,-0.0236452985357763,-0.0142878816593559,-0.013239592399564,0.0035035084660508,-0.0169166976952571,-0.0061498847805138
2024-12-31,-0.007057872670064,-0.0134760004326894,-0.0086308343234078,-0.0158757021481686,-0.0101443405272875,0.0116044170422662,-0.0096914801933839,-0.0078383773033678,-0.023274364194741,-0.006210529704982,-0.0144718036600002
2025-01-02,-0.0262359103563508,-0.001324643272594,0.0037832254586069,0.0006038754241068,0.0006867832646115,0.0084788071203372,0.0234497093564816,-0.0069276688532473,0.0299352792191178,0.0001303095920839,0.0207098735451909
2025-01-03,-0.0020094212145883,0.03929375446479,0.0180274325615157,0.0024570758303497,0.0124583294726097,0.0168150427365907,0.008994741026274,0.0113957123306618,0.0445375704809323,0.0272715214273611,0.0348745338109479
2025-01-06,0.0067389807624937,0.0333413114269851,0.0152549093701854,0.0165985339326226,0.0264873206292517,-0.0335602453614829,0.0422902516968488,0.0106295847653778,0.0343322713376865,0.0127986609548078,0.0546474159067806
2025-01-07,-0.0113878151824093,-0.017136249852624,-0.0241641403508254,-0.0328665614225588,-0.0070095863034388,0.0070457666701255,-0.0195333790032706,-0.0128082429982557,-0.0621695807774512,0.0041914529679472,-0.039043754719141
2025-01-08,0.0020230270877741,-0.0431163544664702,9.006470850470016e-05,0.0029304516752821,-0.0078777191547877,-0.0064968049289472,-0.0116041219650194,0.0051850125313832,-0.0002140241706808,-0.0089710656503912,-0.0203386724882296
2025-01-10,-0.0241036651035634,-0.0476033781737693,-0.014360970473526,-0.0218046302652172,-0.0098479206880311,-0.0367203004553938,0.0084162732476757,-0.0132136951788994,-0.0299763346446617,-0.013200850757243,0.0060351683103196
2025-01-13,-0.0103442372332297,0.011030668469476,-0.0021923619356289,0.0043689622571103,-0.0053635105035148,0.0026110258697236,-0.0122267554779254,-0.004200979186549,-0.0197190479286969,0.0009556531912064,-0.0336420959278955
2025-01-14,-0.004778187556134,-0.0104841745664261,-0.0032043036964113,-0.0026189323034661,-0.0070676567667359,0.0,-0.0231452468905916,-0.0036434209810086,-0.0110336242156585,0.0152738542311154,0.0004470785668377
2025-01-15,0.0196759314065158,0.0333362293794723,0.0256705167968958,0.0146863623751167,0.0310556807360407,0.0270832567579246,0.0384853080011571,0.0255972082727367,0.0340014369463892,0.0305899764703845,0.0265574552928768
2025-01-16,-0.040400205052104,-0.0126708624096943,-0.0120438879243169,0.0061841071322714,-0.0135003163071009,-0.0025354583570744,-0.0094308240077343,-0.004058125165833,-0.0195979004898326,-0.0181256386899041,0.0386362770568224
2025-01-17,0.0075353678891607,0.0254981136509218,0.0239282094247674,0.0350028694349588,0.0160176447422246,0.0925266745177932,0.002404788123721,0.0104810060476916,0.0309950797506415,0.0193894547524924,-0.0153172833343272
2025-01-21,-0.0319159652474262,0.0067511913469875,0.0211118182744021,0.0120872836336007,0.0104592981167443,0.0130293480515444,0.0060217986812145,-0.0012353731701739,0.0226562670589813,0.016468176069786,0.0340425129414518
2025-01-22,0.0053450807595354,0.0120215998967772,0.0186380636636263,0.0024967183501767,0.0016156751918547,0.004134136458219,0.0114200008966454,0.0413069345063652,0.0443088819359032,0.0177557453492376,0.0205761702061275
2025-01-23,-0.0007595330444855,-0.0057373663391729,0.0017446222360448,-0.0026150669150228,-0.0019659133498962,-0.0132662812182179,0.0207699545171353,0.0011428797932844,0.0010197998510466,0.0242011473438472,0.0063620176029299
2025-01-24,-0.0039345195198347,-0.0016255248386581,-0.0024211709704485,0.0183952662569912,0.0112637058453237,-0.034306897616495,0.0173461646707124,-0.0059321898866377,-0.0312457685548546,-0.0129044789056536,-0.0121984207586628
2025-01-27,0.0317801623438067,-0.0637414069935538,0.002427047266835,-0.1739681048438582,-0.0419560169676972,-0.0259241003435699,0.0191354733821416,-0.0213935235521105,-0.1696816983196026,-0.0054034551899916,-0.1332702334987432
2025-01-28,0.0365439502088502,-0.0073037470801031,0.011596277923594,0.0258745347569746,0.0181951618095406,-0.0241499091353817,0.0218978536013676,0.0290869489317244,0.0892587498361416,0.0021614577576989,0.0524673398101593
2025-01-29,0.0046168095706748,0.0278532044860866,-0.0045349006926075,-0.0048709587315269,0.0005631743915224,-0.0025252140902591,0.0032032687536032,-0.0108900612447089,-0.0410110569263854,0.0009326957212687,-0.0003457111777726
2025-01-30,-0.0073946878082643,0.0128675087845311,-0.0102501702429486,0.0451175734754776,0.0279412613779566,0.0131645685509791,0.0155360098687229,-0.0618090170469366,0.0076798942961062,0.0012811130056697,0.0287647320099224
2025-01-31,-0.0066921294977908,-0.0244826152378122,0.0129559891495079,0.0260132622186026,0.0156818306003005,-0.0289855031020389,0.0031732714122454,0.0001686952417991,-0.0367429317273355,0.0058163049587716,0.0056210137672594
2025-02-03,-0.0338560778319888,-0.0144890068942883,-0.0010938846972727,-0.0159986567376072,-0.0136751289059197,-0.0025733990542378,0.0120142413534354,-0.0099743540366373,-0.0284000289842912,-0.0155552511024998,-0.0454805231752655
2025-02-04,0.0210079925704211,0.0457688239308349,0.0195434227336934,0.0215863870739334,0.0255926642254609,-0.0046438725044659,0.0096492384145527,0.0035284974761524,0.0170579958513272,0.0164471739581739,0.0212712137186024
2025-02-05,-0.0014175665292441,-0.0626778063913767,-0.0243328077710266,0.043024791372817,-0.0729237346078114,0.0186624513176227,0.0009656834714619,0.002231032043233,0.0520860576699802,0.0162968174423816,0.0221514232481148
2025-02-06,0.00322622563411,-0.0165163685281523,0.0112630888035427,-0.0027586600417858,0.0014110708491044,-0.0137404815778753,0.0101011611449397,0.0061216431761002,0.0308420107433444,-0.0371886021709852,0.0092534748116954
2025-02-07,-0.0239687273415254,-0.0236020880272529,-0.0405309544879449,-0.0280515048615331,-0.0326722811815712,-0.0144478220547972,0.0035534316099972,-0.0145976909540866,0.0090145071218947,-0.0080320026438288,-0.0208075634666233
2025-02-10,0.0011873765368008,0.0271476930514911,0.0174121998666361,0.0452261582363204,0.0060969129183174,0.0350785373252642,0.0040306472243276,0.0060280425311596,0.0287276402363536,0.0202427821430304,0.0088783322242063
2025-02-11,0.021831794318877,0.0056118310857073,-0.0016299428832776,0.0,-0.0061672473294717,0.0606979680225339,0.0033453743690372,-0.0018921861993742,-0.0057646316166702,0.003676555811092,0.0037989478746704
2025-02-12,0.0182700523209002,0.0055805828541612,-0.0164547255604191,0.0055736368362733,-0.0092272963395548,0.0720076432201031,0.0077521214533364,-0.0058332063942546,-0.0125000991341593,-0.0098845050462744,-0.011305866637742
2025-02-13,0.0196732730349937,0.0008055526038963,0.0062901432205331,-0.0023271075850533,0.0137793692923569,0.0733985610377876,0.0043840011245968,0.003667126378873,0.0316455327869997,0.0109226887097795,-0.022046737147074
2025-02-14,0.0127106728205572,0.0115374380081827,-0.0073360354092405,-0.0117048821565015,-0.0048888495786861,-0.0219643098934959,0.0111314417177657,-0.0051395814646328,0.0263139872787843,0.0004647680975005,0.0102560946346192
2025-02-18,-0.0005314982077991,0.0104332477550455,-0.0088770283554056,-0.0193530160842909,-0.0078820726337107,0.1605931757168339,-0.0275564311815427,0.0029626164875227,0.0039611093876521,0.0081865472395608,-0.0056891187627216
2025-02-19,0.0016362150092215,0.0035877114673512,-8.81933122002243e-05,0.0008753188770129,0.0081623252604576,-0.0609711615008321,-0.0175887259153085,0.012523125260212,-0.0012196795108405,0.0090994102088446,-0.0088290001568849
2025-02-20,0.0039204136195647,-0.0045339982683021,-0.0165467939778718,-0.0087002713712445,-0.003832209207049,0.0143857250820875,-0.0126886805924651,0.005290792250433,0.006320500333933,-0.0086748888432701,-0.0042298660959136
2025-02-21,-0.0011390328239199,-0.0291670481252619,-0.0282663447314185,-0.0356355189136219,-0.0265495803329377,-0.0467611846002031,-0.0162483303957705,-0.0190325973282002,-0.0405396263155091,-0.0476108007263635,-0.0092954013110236
2025-02-24,0.0063124234242393,-0.0246300597053142,-0.0178686632397682,-0.049071689815179,-0.0022821643146361,-0.0241254668766718,-0.022558639634179,-0.0103133804408419,-0.0308709387111651,-0.0261742027501101,-0.033242463413436
2025-02-25,-0.000242810694735,-0.03838684212792,0.0004230940484699,-0.0259222006745769,-0.0213668240563715,-0.0527400355378259,-0.0159101736070538,-0.0150989968254703,-0.0280166894076951,0.0007448730407124,-0.0118966681625735
2025-02-26,-0.0270401718834844,0.0075028740493068,0.0072838488229758,0.0513479896630306,-0.0153345765514155,0.0230535316190536,0.024638864819579,0.004599156926851,0.0367212083260759,0.0054583689927167,0.0277234444435801
2025-02-27,-0.0127309091196589,-0.0499331280714885,-0.0261721504577064,-0.0710998448697985,-0.0244890370378259,-0.0182823255445067,-0.0229480419494929,-0.0180120715405482,-0.0847805911764884,-0.0472546808799766,-0.0695200196339668
2025-02-28,0.0191318818672394,0.0035172190393677,0.0169588636244848,0.0082406145566327,0.0105638655898712,0.027717600061458,0.015131397776066,0.0113621140548365,0.0397003317571338,0.0176767019565664,-0.003092429657523
2025-03-03,-0.0157541788420708,-0.0163228243886972,-0.0342000873779162,-0.0604722349703118,-0.0192037948465972,-0.041719333763833,-0.0196798617760023,-0.0214111272298674,-0.0869356593789976,-0.022587085818599,-0.041876658722124
2025-03-04,-0.0088225219935308,0.0256540421149087,-0.0059506447921141,0.0005869546367565,0.023411721501241,-0.0620052709588385,-0.022975176459032,0.0003089448192732,0.0169209126022278,0.0054680970946479,0.0406428439760924
2025-03-05,-0.000805206429959,0.0091314954734027,0.0223748650162467,0.021869092902764,0.0122866061607023,-0.0243788307371602,0.0257341683504315,0.0319343001435361,0.0112940723161987,0.0260909526054002,0.0237777591490744
2025-03-06,-0.0017391938612496,-0.0277367930128042,-0.0367633117665138,-0.0633156321923135,-0.0038724679735965,-0.002883203627207,-0.0434748841133384,-0.0102986874719533,-0.0573742157382419,-0.0101498101999956,-0.0457455512219802
2025-03-07,0.0158925753831109,0.0147698442793087,-0.0072246984070264,0.0864307775323931,0.0087612449570408,-0.00530123423381,-0.003615047372413,-0.0090201166312904,0.0191734003392076,0.0331966755786938,0.0071083533558184
2025-03-10,-0.048479579930437,-0.0366862764902992,-0.0236386786141389,-0.0539085642020358,-0.0448578271865967,-0.0343991814664851,-0.0442252378071409,-0.033434226732354,-0.0506699799385953,-0.0387049561112069,-0.0364202470783775
2025-03-11,-0.0291894025877433,0.0013453884560461,0.0105376946772206,0.030577301152183,-0.0110327869018922,-0.0075263229419679,0.0129099119151296,0.0007627943381085,0.0166386421534812,-0.0121304035766175,0.0018753143168925
2025-03-12,-0.0174786352188637,0.041649428382845,0.0116994918083452,0.021779290291622,0.0187151090375246,0.0455004846960349,0.022865667202365,0.0074122984308517,0.0642759012490734,-0.0019594339041429,0.0362636192433361
2025-03-13,-0.0336437426712566,-0.0265899422644305,-0.025139524437347,-0.014776319251237,-0.0260307106236664,0.1460348362281129,-0.0466782113221894,-0.0117410133127935,-0.0013824365221175,-0.0056284123629664,-0.0314952524637505
2025-03-14,0.0181705744412568,0.0291509590516687,0.0209396955561107,0.0218437329723777,0.0167730627025088,0.0147678676309748,0.0296296834269262,0.0258466994229227,0.0526907479486136,0.0305383485601111,0.0145696613969044
2025-03-17,0.0023889196166846,0.0358521845441479,-0.0111643924685481,-0.0053186310210182,-0.0072513368706881,0.0681913242836973,-0.0044435903944364,0.0003604102693977,-0.0175885594959234,0.0087495430947086,0.0123499845535
2025-03-18,-0.0061215235575533,-0.0103259799165791,-0.0149177382599353,-0.0299742443295164,-0.0220340674853721,0.0089528819562076,-0.0372624751021244,-0.0133264990284138,-0.0343010385074198,-0.010509743313114,-0.0138189304344069
2025-03-19,0.011989309402751,0.026277665583692,0.0141063471558764,0.0365717349334691,0.0200410090873361,-0.0694444148056465,0.0029192434463158,0.0112119393459033,0.0181062160470435,0.0126047598930629,0.003638833424731
2025-03-20,-0.0052964252280354,0.0085662807489259,-0.0030172668413017,-0.0227716353098645,-0.0066507654448324,-0.006633571691278,0.0033216702213685,-0.0025270512230189,0.0085942475664857,-0.0019586997549109,0.021351378262516
2025-03-21,0.0194768656432768,-0.0065334791135889,0.0064632458853515,0.0058780818131207,0.0073096432759773,0.0125209163552764,0.0174913921137083,0.011426057621398,-0.0070024387239933,-0.0071542383431819,-0.00416977669185
2025-03-24,0.0112703781395191,0.0696166465873011,0.0359308269289737,-0.0021393013862721,0.0225012586236259,-0.0016488423392396,0.0379034803643818,0.0046515857432165,0.0315209109919585,0.0207882583489069,0.0250665159970109
2025-03-25,0.0136819545613664,0.008432139634072,0.0120535878837135,-0.0156338524348871,0.0171756214876255,-0.0008257040042115,0.0120547653552181,0.0052915736071266,-0.0059303432628503,0.0004372333140179,-0.0014352038422634
2025-03-26,-0.0099218173749713,-0.0402403555041424,-0.0222643609040625,-0.0477531661187301,-0.032246854463002,-0.0322314323163172,-0.0244767365133363,-0.0131339314083712,-0.057419837546465,-0.0109897299952745,-0.0409065496609302
2025-03-27,0.01047264137969,-0.0321263348497494,0.0011435177345771,-0.0406091017752383,-0.0170845226123101,0.0085397421984594,-0.0137484462626328,0.0015641740737437,-0.0204816613245191,-0.002651588611558,-0.0303169954920984
2025-03-28,-0.0265802954998612,-0.0321612776005773,-0.0429082209150741,-0.0166870540347088,-0.0487549807376871,-0.0385267452340309,-0.0428822859172649,-0.030160324672559,-0.015794711282008,-0.0332342629604165,-0.0177723799932567
2025-03-31,0.0194124835379694,-0.004650294044342,-0.012764667384212,-0.0099929363821433,0.0020087861948854,0.0,-0.0006589227933995,-0.0090020355223572,-0.0117626265718849,0.0058277929267875,0.0045387022239473
2025-04-01,0.0047721393001873,0.0003893412143185,0.0100389136826175,0.0065101750195231,0.0157138970092285,-0.0290620816388921,0.0167258126522447,0.0181145336918613,0.0163314424573708,-0.0036458052703651,0.0159035790730273
2025-04-02,0.0031363324781594,0.0017513164751277,0.0199822884658336,0.0211844247929779,-0.0001910672176421,-0.0031745894442738,-0.0035323808543683,-0.0001307483512632,0.0024511958733504,0.0067298611275499,0.0103771432256449
2025-04-03,-0.0924561626752159,-0.0889665512253901,-0.0897912929848724,-0.1050613621003476,-0.0402443982718763,0.020473192552836,-0.08958279422515,-0.0236302419844803,-0.0780655389659396,-0.095145391955997,-0.0763542122050765
2025-04-04,-0.0728874227908884,-0.0857142926860135,-0.0415335659997136,-0.0501266720435075,-0.0339703894618301,-0.1150245157647507,-0.0505811776680636,-0.0355657761966956,-0.0735756394347039,-0.085783878591951,-0.0672257038121987
2025-04-07,-0.0367342499221857,-0.0247201806643426,0.024912248577988,0.0536606842146272,0.0078983547180064,-0.0141058277715144,0.0228240013256058,-0.0055025549804706,0.0353090119114893,0.0177310573490887,-0.0042917032297318
2025-04-08,-0.0498181800062277,-0.0649210945098095,-0.0262466677445156,0.0122615307558175,-0.0139692774808473,-0.0735820417226915,-0.0112348483752363,-0.0092214958393148,-0.0137237986459245,-0.0390070134362044,-0.0328384415341754
2025-04-09,0.1532884850891707,0.238204800811929,0.1197703152630624,0.1866309245209247,0.0968209338738881,0.1875345660928944,0.1475561496797037,0.1013368397945768,0.1872273810033236,0.1518529055220685,0.1229396909505009
2025-04-10,-0.0423938377601351,-0.0840561720102368,-0.051700704171933,-0.0694031844067175,-0.0371115986577107,-0.076637318776416,-0.0673986099474381,-0.0234064834503853,-0.0591270911606788,-0.0640017609815558,-0.0479998217302114
2025-04-11,0.0405944849221866,0.0529876520782661,0.0201412309452484,0.0559489000005,0.0282685268077436,-0.007042223116625,-0.0049788301094145,0.0186182106835679,0.0312354636139247,0.0360864679056849,0.0393700030848531
2025-04-14,0.0220541153422706,0.0117772853977557,-0.014875318183769,-0.0196768879380204,0.0122820002685442,0.0288753648142485,-0.0222418984847525,-0.0016477168149999,-0.0019832295375102,-0.0004308644270837,-0.0078940220411086
2025-04-15,-0.0018763872749523,0.0083597980479084,-0.0138919330503436,0.0033079630266394,-0.0173508192340801,-0.0226488969260695,-0.0187399914315536,-0.0053634024519929,0.0134585673319884,-0.0042388094130043,0.0095609873888105
2025-04-16,-0.0389334008594415,-0.0734599636136572,-0.0292889059195674,-0.0242525684866007,-0.0190647335783243,-0.0312342986054638,-0.0368347728125733,-0.0366059205463962,-0.0687165102351502,-0.0206349394135545,-0.0359752635268199
2025-04-17,0.0139496687947631,-0.0089477959829583,-0.0098663523354401,-0.0207319588201034,-0.0141525110266597,-0.015600584721889,-0.0016523748904836,-0.0103065083148915,-0.0287109273866755,0.0067776911994474,0.0004613860607631
2025-04-21,-0.0193928202817309,-0.0221714564732142,-0.0306470845688391,-0.0279547384821409,-0.0230880888637677,-0.0047543661456403,-0.0335408024874076,-0.0235466901563605,-0.0451274997155878,-0.0038051190329542,-0.0255698696864795
2025-04-22,0.0340650560088025,0.0081814469098988,0.0350226218924765,0.0202754417090305,0.0257330266915243,0.0355626364579362,0.0322288239234771,0.0214414158297826,0.0204312934456636,0.0190980369260296,0.0239413348127091
2025-04-23,0.0243315670705557,0.0478784738133377,0.0428456735278059,0.0432245400375717,0.0256157330712072,0.0553562230156854,0.0399577388368548,0.0206367231531376,0.0386286943160854,0.0123973751449184,0.0423383406310651
2025-04-24,0.0184262302498661,0.0451377570373336,0.0328902933658405,0.0635349452981008,0.0252976639287951,0.0437105202457783,0.0247564192876241,0.0344827671176035,0.0362185571792985,0.0480563441289632,0.0403648889798162
2025-04-25,0.0043671603778567,0.0230761117498328,0.0131339782095585,0.02211006000822,0.0168257565678418,-0.0670079362212432,0.0264839174805959,0.0117480255667754,0.0430330256454085,0.0091705649983737,0.0056036535715906
2025-04-28,0.0041092993364897,-0.0026901410463077,-0.0068258029918336,0.0008321115219809,-0.0083354021835335,0.022942693731929,0.0045132423084861,-0.0017608666496267,-0.020538705355019,-0.0063275704210916,-0.0102967713491364
2025-04-29,0.0050919736417196,-0.0034236106768781,-0.0016515586767922,-0.0067543758625989,-0.0028018852617022,-0.0082886433153011,0.0085495739078844,0.0073626484465474,0.0026670920800537,-0.0050127288508806,0.0066095495999365
2025-04-30,0.0061075507374115,0.0134291166803379,-0.0158493048208376,0.0068003076967642,-0.0084915108791836,-0.0117993986881868,-0.0098117283790428,0.0030961139177627,-0.0009173250395855,0.0107570530165699,0.0134362220869581
2025-05-01,0.0038589449880375,-0.0071905183278279,0.0313414967828049,0.025250686662511,0.0157430874381878,-0.0059701908933309,0.042276984726282,0.0762536023323805,0.0246970538355009,-0.0892495481620065,0.0361748971252529
2025-05-02,-0.0373617566295969,0.0222452301286639,-0.0011566836184704,0.0319768561298718,0.0169249799870501,0.0320320976806907,0.0433581155951059,0.0232251874819011,0.025893817366505,0.0340209430191187,0.0379806770405519
2025-05-05,-0.0314585305122953,0.0181173403931487,-0.0191072202634924,-0.0143391019184518,0.0010974799686802,-0.016973829642324,0.0037687846997391,0.00204466442339,-0.0059388668872848,-0.0026462062164344,-0.0160642912867408
2025-05-06,-0.0019107109228524,-0.0195843887367407,-0.007190832051464,-0.0031387135749899,-0.0059681209748052,-0.016280212938015,-0.0199577968888946,-0.0065570432588315,-0.0024599900463294,0.0032986431146788,-0.0233560925321821
2025-05-07,-0.0113847694315528,0.017643457871733,0.0199989855515323,0.0235894856754868,-0.0725968521480654,0.0185556129375625,0.0161755585761838,9.232956359972456e-05,0.0310022374702669,0.0314511898090992,0.0131182372819227
2025-05-08,0.0063185504309941,0.0133518964701204,0.0178580626214341,0.0144523880534577,0.019156917993409,0.0339734393009054,0.0020108283738851,0.0111225919092847,0.0026482309858737,0.0055441694881723,0.0038960189536632
2025-05-09,0.0052661148764525,0.0112094338628996,0.0051020185245573,0.0020695234920862,-0.0099168763655653,0.0200000036330449,-0.0092307771063213,0.001278066260693,-0.0061344719155943,0.0005511448659687,0.0074192877501393
2025-05-12,0.0631461027687732,0.0513419544604363,0.0807003109296433,0.0642652154680998,0.0373813919821637,0.0354808695693211,0.0792250622987207,0.0240010552964549,0.0544364048887517,0.0478026101550776,0.0592566410032198
2025-05-13,0.0101523174355242,0.0401405496452209,0.013084718824412,0.0489213559525356,0.0067522785642719,0.017132513775391,0.0259606644644752,-0.0002669494779633,0.0563413373781545,-0.0051274523038734,0.0374906425615912
2025-05-14,-0.0028178056681582,0.0467722050422523,-0.0052987422200893,-0.00129078142609,0.0366075653408299,-0.046099247907729,0.005075983428042,0.0084605185159727,0.0416377797663503,0.0108364870704689,0.0039692481020152
2025-05-15,-0.0041445127896246,-0.0231906500902541,-0.0241617209562648,0.0022402328861417,-0.0085262009966817,0.0013939952908343,-0.0234773533833078,0.002256066309747,-0.0037682327659313,-0.0024184971957396,-0.0027726047676333
2025-05-16,-0.0008985530429671,0.0189581732818056,0.0020470740005538,-0.0173228816073047,0.0136007582259984,0.00510443685596,-0.0054978257543535,0.0025158498881652,0.0042275776343518,-0.0007209024040381,0.0
2025-05-19,-0.011739148168629,-0.0207390999671437,0.0027725440652368,0.0088360287171773,0.0021059920809243,-0.0129270862704535,0.0001404571867085,0.0101261207522094,0.0012554832990736,0.0078688811315918,-0.0037070846373841
2025-05-20,-0.0091961832386758,-0.0107198514069993,-0.0101377391383638,0.0045526984904906,-0.0153715528218707,-0.0051449348606515,-0.0051996276925465,-0.0015254114727879,-0.0087778135780178,0.0007808156490696,-0.0002584209339319
2025-05-21,-0.023059123765283,-0.0127742450035062,-0.0144558832809976,-0.0084167781828247,0.0279301690216098,-0.0272684490467113,-0.0025113919827081,-0.0122225382128086,-0.0191991688030372,-0.0163178377326926,-0.0087361187615776
2025-05-22,-0.0036122417248303,-0.0120471042614044,0.0098449235998359,0.0034823885537567,0.013704315617206,-0.0067666164032531,0.0016836791221284,0.0050599681338325,0.0078148503695743,-0.0260392289292015,0.023101740476872
2025-05-23,-0.0302443097003085,-0.0036130568980827,-0.0103889736432409,-0.0078514885145616,-0.0140457752319314,-0.0243309011466181,-0.0149394169119427,-0.0102889113124038,-0.0115938052389632,-0.0135033364144917,-0.021458859456565
2025-05-27,0.0252983330968876,0.0385277861849513,0.0250261139450933,0.0302990439519541,0.0262955504186337,0.0249376568092729,0.0243357636680821,0.0233462427469777,0.0320663542347452,0.0223552357340037,0.0296906654397277
2025-05-28,0.0010488369682313,-0.0148393591521569,-0.0063100816658492,0.0160406730484523,-0.0031232675818853,-0.008759046448164,0.0019616737747951,-0.0072283394507839,-0.0050921177940839,-0.0069299938965788,-0.0077903122087374
2025-05-29,-0.0023450393879255,0.0015062747477048,0.0047870052837806,0.0106085601656931,-0.0029008367600174,-0.0058910571570656,0.0022841386690026,0.0028861999642286,0.0324901642475279,0.0050134071743617,0.0051493375625828
2025-05-30,0.0045011668557843,-0.0203485397434557,-0.0033544115296214,0.0004133426656469,-0.0006981407325559,-0.0345679389105902,0.0037825926135794,0.0036625974856825,-0.0291687093816788,-0.0211675052250011,-0.0194267452540495
2025-06-02,0.0042319681852556,0.0352207511808058,0.0079996070123,0.0274300505465154,-0.0157797669134334,0.0097186977735239,0.0361550389707969,0.0034972777281376,0.0166506019905139,0.0098484938110146,0.0078625279008068
2025-06-03,0.0077838098212636,0.0233795722706946,-0.0045486920415205,0.0327289197055524,-0.0168609850359697,0.0278622670104531,-0.0060366824118621,0.0021646596439974,0.0279515598727504,0.0157539117194334,0.0142168863453036
2025-06-04,-0.0022137495221588,0.0108260531829487,0.0073889891792482,0.0164686255755233,0.0112530577559173,-0.0019714595230369,0.0316412759047239,0.0019439789824056,0.0049568709537304,0.0007385611876029,0.0242395072033725
2025-06-05,-0.010797720380637,-0.0243717266404324,0.0032814165352026,-0.0044046244845226,0.0009519583572887,-0.0128395174756462,-0.0048404646433111,0.0082135065714339,-0.0135991374257716,-0.0040497639113261,0.0046444080264944
2025-06-06,0.0163982448771411,0.0043218946274397,0.0272233349161394,-0.0500134987523271,0.0325188576659258,0.0035017356491096,0.0191201357118258,0.0057732035356319,0.0123578534497195,0.011385300047739,0.0090488078000099
2025-06-09,-0.0121125321198034,0.0476805301585319,0.0159666071376005,-0.010731752473114,0.0151035518856144,0.0209371927953945,-0.0052314336362333,0.0050385036508138,0.0064212515479658,0.0413427970910584,0.0088702373181492
2025-06-10,0.0060559904465629,0.012404456298324,0.002903515970217,0.0014327667902378,0.0142540393320294,0.0781250203726817,0.0120162881227454,-0.0038709607045448,0.0093247890520886,0.0239367434865755,0.02637689322959
2025-06-11,-0.0191937189602325,-0.0170399100172204,-0.0202656295654621,0.0338470533255663,-0.0069988153347996,-0.0634057800438292,-0.0117596851067145,0.0036099633528492,-0.0077805719471519,0.0021993527000454,0.0077190892515877
2025-06-12,0.0021129184846335,-0.0217929618866584,0.0001876573428452,0.0124945465718959,-0.0093037052878111,0.0043520382620769,-0.0011238006530586,0.0132240782970181,0.0151929420295073,-0.0048908168239348,0.0098911223989146
2025-06-13,-0.0138052802250296,-0.0197468045391614,-0.0053460859139071,-0.0287812365553224,-0.0058623293095226,-0.0303322606755043,-0.0151291705486751,-0.0081650618960957,-0.0208966480973179,-0.0250787964235721,-0.0200992563454479
2025-06-16,0.0100280573693853,0.0880681422608806,0.0188590282173202,0.0136711215494151,0.012022840928721,0.0297914796252729,0.0289809892027019,0.0088007956260471,0.0191590543674944,0.0138961126521806,0.0216958149998789
2025-06-17,-0.0140106579641385,0.005617525816135,-0.0059231778951626,-0.0108291406924286,-0.0046389119233964,0.0028929347446733,-0.0069646177724881,-0.0022958041499749,-0.0039395293322481,-0.0153631528157435,-0.0082529492404515
2025-06-18,0.0048046694853498,-0.0024390052109786,-0.0107066519567076,0.007579068946599,-0.0149473386860203,0.0331731038157061,-0.0020939484766182,0.0046021097802841,0.0094365656382109,-0.005373477164732,-0.0018700059479256
2025-06-20,0.0224845396454573,0.011436269162919,-0.0133164020993831,-0.0027125866087923,-0.0385415216276069,-0.019078634331264,-0.0192881481030111,-0.0059137329004027,-0.0112041929414371,-0.0150360426501831,-0.0186885232192468
2025-06-23,0.0024875174867879,0.010449128824796,-0.00581811820544,0.0151205804179359,-0.0087014403070677,0.0052182452917306,0.023712353162844,0.0180142946486592,0.0022245357337271,0.0120272964634251,0.0038662039397414
2025-06-24,-0.0059553649555199,0.068297505168005,0.0206264835543676,0.0394057170225619,0.0095649297512401,0.064181154729896,0.0195696214216605,0.0084566859242161,0.0258720587122245,0.0167821233150189,0.0464529483917195
2025-06-25,0.0062906533068798,0.0359026329817371,-0.0036659245365152,0.0033363098541923,0.0234452366600981,-0.0155209971602072,-0.0049425560362655,0.0044072311382958,0.0433403135764318,0.0014128371588535,0.0120406712089387
2025-06-26,-0.0027783428520185,0.0019525717657908,0.0241992051091712,0.0208578667357564,0.0167566474913458,0.0135134786824586,0.0245668803010961,0.0105227491574613,0.0046010455752938,0.0144938025208829,0.005701501289385
2025-06-27,0.0003980119353323,0.0009048224487724,0.0284635596607982,-0.0030351787406388,0.0287540761040785,0.0084444681803386,0.0103844794384408,-0.0030355482788235,0.017610676115523,0.0022124217284424,0.0203564113763667
2025-06-30,0.0203400837524803,-0.0132814386658421,-0.0175100922914143,0.0233895071976917,-0.0128828361085014,-0.01278100082422,0.0060793226476596,0.0029641452431168,0.0015214888165202,0.0045413827160154,-0.0091000872905369
2025-07-01,0.0129161557652099,-0.0408033371048387,0.0048771927945465,-0.0395791555273973,-0.0022131421750545,0.0200893201162017,-0.0255660123769398,-0.0107758749694153,-0.0296854432434567,0.0008790815912282,-0.0079915641353975
2025-07-02,0.0222307963156993,0.0177062938160481,-0.0024494626166946,0.0194907443368697,0.0159235591235014,-0.0424508185780928,-0.0078557574962629,-0.0019509840445374,0.0257663514186161,0.0183187759955358,0.0397009275933026
2025-07-03,0.0052250578862929,-0.0044037004875607,0.015869432167251,0.0195628708358579,0.0049820991659974,0.0278793708294726,0.0076237137699766,0.0157812031516528,0.013290989179453,-0.0006776517787928,0.005137044292067
2025-07-07,-0.0168579622345523,-0.0225509428450986,0.0002685535903061,-0.003633969860837,-0.0152620072754432,-0.0217874511385022,-0.0009180050233739,-0.002245196806071,-0.006903417381724,-0.0253992205643616,-0.0239778944536595
2025-07-08,0.0002857655443881,0.0224035920184761,-0.0183917330643966,-0.0086805291245051,-0.0137450938802005,0.0722727342085405,0.0032296388905685,-0.0022101012797087,0.0111222300513449,0.0086026393825731,-0.0057162856044663
2025-07-09,0.0053807689109446,0.0042809193624744,0.0144966842949179,0.0224430955856844,0.0129616658237698,-0.0063586103247149,0.0168038620715884,0.0138738138593137,0.0180000661960009,-0.0006270559300594,0.0174668442099537
2025-07-10,0.0060148785552982,0.0415432399961281,-0.0012581953255336,-0.0089960591091655,0.0056617336869819,0.0162115679227257,-0.0075603590594484,-0.0040317062130705,0.0074902110331658,-0.0016316995880323,-0.0089716687951909
2025-07-11,-0.0058847400842815,0.0156769870243138,0.01241793320363,-0.0037037305336267,0.0144692032415492,-0.0163727705560458,-0.0133792012270023,0.0036691458164883,0.0049968979800461,-0.0102457696743561,0.0027854886365112
2025-07-14,-0.0120288349345248,-0.0012292902474535,0.0029775049161142,0.0044463898433175,0.0076030524581083,-0.0055484876833961,0.0047524155789053,-0.0005960652012634,-0.0051539823480546,-0.0201320732303029,-0.0075086996368501
2025-07-15,0.0023487523440752,0.06407272131582,0.002924381474455,0.019375877637618,0.0024235267064269,-0.0163089773909598,-0.014606312115587,0.005566410200881,0.0404095359327598,6.479262386283047e-05,0.0362093634184728
2025-07-16,0.0050213516317765,0.0287256680365681,-0.0139606961647891,-0.0004627816894022,0.0053295903687229,-0.0100348840083214,-0.0105294985884567,-0.0003954127748909,0.00392503050477,-0.0014905362117503,0.0025744303521526
2025-07-17,-0.000666144209188,0.0020614806801599,0.0030915472640284,0.0200849088238983,0.0033339593701284,0.0048478933633264,-0.0021339496877712,0.012024854080743,0.0095115895057082,-0.0094762529960259,0.033844126419426
2025-07-18,0.0055232014542365,-0.02132035465911,0.0100500265808809,-0.0108571138965122,0.0080617851938358,0.0131579453705217,0.004091853667365,-0.0032245496472972,-0.0034104209620386,0.0143503672042524,-0.0211726466018192
2025-07-21,0.0061558625136106,6.366333197171947e-05,0.0140184765422355,0.0171878166793206,0.0272344466054561,0.006926400206489,0.0123387232398368,1.961871095446099e-05,-0.0059740551273662,0.0269379312087594,-0.0064475905103607
2025-07-22,0.0090361901403186,-0.0145222852184514,-0.0079808190436073,-0.0333783838038109,0.0065228930360421,-0.0008598648996932,-0.0114449803628475,-0.0093911001162897,-0.0253821698080107,-0.0061646985760026,-0.0177935635766475
2025-07-23,-0.0011660952193308,0.0254006763493701,0.0036048360708191,0.0183064939666373,-0.005801243276562,0.010757315080127,0.012443068044228,0.0011874688773136,0.0224509486818229,0.0119628507575046,0.0244245213710212
2025-07-24,-0.0018211179209766,0.021872053918686,0.0172587610376242,0.0176953379459334,0.0101981899647831,-0.0366113503078431,0.0017097194403725,0.009903820307622,0.0173323010178922,-0.0065049677591552,0.0052843949504515
2025-07-25,0.0005613442591165,0.0268320147701166,-0.0034017710918775,0.0050915856056981,0.0052557241410922,-0.0852849522492765,-0.0029659759236772,0.0055394097668979,-0.0013813721014661,-0.0027700912239073,0.0165563078447328
2025-07-28,0.0007949585217561,0.0431909796881293,0.0058330056623134,0.014197948594061,-0.0031058196911438,-0.0009662056534548,0.0069456331298571,-0.0023553975889619,0.0187319343522034,0.0167299251188484,-0.0116042239382656
2025-07-29,-0.012987665800312,0.0217666630173036,-0.0076463715392999,0.0106017263994104,0.016460700773744,-0.0130561147862312,-0.0245669666441917,0.0001365546822444,-0.0070156333821264,0.0063955407698494,-0.0058497834253069
2025-07-30,-0.0105079150392446,0.0116658703615224,-0.0035495956232551,0.0174835967122941,0.0039846654093573,-0.0034296764011536,-0.0068428153017567,0.0013071529074271,0.0214234206361898,-0.0186328479438931,0.0065471751084893
2025-07-31,-0.0070795716382542,-0.0178262884862397,0.0170294023518382,-0.0294759355858958,-0.0235588024206698,-0.026548717378384,0.1125271293080303,0.0394747449810164,-0.0078095211015667,-0.0773293770631056,-0.0053107034619623
2025-08-01,-0.0250036167130632,-0.0261471310429772,-0.0826961708593303,-0.0172284064925781,-0.0144345669649833,-0.0247474641413626,-0.0302931812519032,-0.0176008393648103,-0.0233316296224669,0.009743801721076,-0.0265292188772831
2025-08-04,0.0047929590231763,0.029586499250702,-0.0144354184098514,0.0314577923527947,0.0312482134838938,0.0098394893481341,0.0351461693840295,0.0219993785009833,0.0361501541506288,-0.0045887267493145,0.0161132713768974
2025-08-05,-0.0021146570738387,-0.0139721757990666,0.0099220702295068,-0.0160889792801196,-0.0018969855235376,0.0353846427721855,-0.0166286807904308,-0.0147302521500551,-0.0096666926674421,-0.0054232337500563,-0.0273220989134954
2025-08-06,0.050906762062084,-0.0641959875975832,0.0400467722039474,0.0298365715310742,0.0072944102767189,0.010896449110211,0.0111727326569504,-0.0053243587435015,0.0065073379526536,-0.0059301046291129,-0.0047318574392632
2025-08-07,0.0317936673625609,0.0568906268825597,0.0036885760119835,0.0069281430643484,0.0021929408953371,-0.0313571481838882,-0.0131607601701861,-0.007810365732719,0.0075243386326644,0.0004112803207476,0.0486233500140529
2025-08-08,0.0423579684613486,0.0020881706676145,-0.001971955504762,0.0039832888191562,0.024933757680541,0.0091047193226085,0.0098053599668566,0.0023037053293915,0.0106765105033992,0.0113776950448327,-0.0032560550500791
2025-08-11,-0.0083374251805893,-0.0027783962884999,-0.0062418580735978,-0.0035085604063255,-0.0020851030615829,0.0350876605925343,-0.0044585631171976,-0.0005170688581198,-0.0035030879331288,0.0027787087830299,0.001075043592696
2025-08-12,0.0108723703570858,0.0154980159499871,0.0007681796954406,0.0293847126979023,0.0116417651529963,0.0561743277889061,0.0315066028875081,0.0143166983280753,0.0060419962243181,0.038926622709307,0.00908759034058
2025-08-13,0.0160244739114254,0.0541297592791885,0.0139522116804042,-0.0119554289552455,-0.0067866420268951,0.0187987096493216,-0.0125568485730657,-0.0163629737102057,-0.008571705439759,0.0186040509416682,-0.0116664521345443
2025-08-14,-0.0023571614602527,-0.0188157534711842,0.0285892333396118,0.006923685937038,0.0048523828357407,0.0738074413895866,0.0026278173924541,0.0036496793661924,0.0023679047425748,0.0095792157654635,-0.0018223855266875
2025-08-15,-0.0051122228170207,-0.0190107902703651,0.0002164821745724,-0.0157118755120693,0.0047304578015778,0.0293377551418474,0.0039635827841024,-0.0044212860914839,-0.0086253907140843,-0.0015181359360577,-0.0087966562768733
2025-08-18,-0.0030225879499951,-0.0077178477808738,0.0019911124801876,-0.001893315095844,-0.0019617128847372,-0.0366449364047549,-0.0227449568817922,-0.0059018725179957,0.0086449550177831,0.0066518572263483,0.0105910617330629
2025-08-19,-0.0014292032878627,-0.0544453069780935,-0.0150330938863403,-0.0354854126311269,-0.0094839538420875,0.0697379386801115,-0.0207070291534841,-0.0141752545191959,-0.0349980010437502,-0.01667708701709,-0.0360797731129572
2025-08-20,-0.0197345907016235,-0.0081057104700027,-0.0184202317855687,-0.0126817882036358,-0.0111624230617898,-0.0699327770747993,-0.0050035816627658,-0.0079446438804439,-0.0013664290809751,-0.0051840578473338,-0.0176191328176595
2025-08-21,-0.0049113163338353,-0.0090193115127104,-0.0083106234334532,-0.0053921036403788,0.0021573272129906,-0.0016992741704168,-0.0115283662004559,-0.001287530594253,-0.0023945663416949,-0.0084276344921239,-0.0055555495707213
2025-08-22,0.0127168053632769,0.0247387919300945,0.0310430253858267,0.0151933703121309,0.0317396163680787,0.0553191164706616,0.02122855141374,0.0059298021114209,0.017202090813873,0.0251734901143065,0.0248976918712
2025-08-25,-0.0026342986543973,-0.0262279091592667,-0.0039328522587263,0.000782348285087,0.0116454981943001,-0.0100806454714081,-0.001973981122924,-0.0058553351952539,0.0102252329304717,-0.0100626325885549,0.0111591827966137
2025-08-26,0.0094646707545145,0.0199558918624866,0.003378100659005,0.01284701953236,-0.0064751584607526,-0.0081465931489278,0.0010619540897334,-0.0044025080026539,0.0109003765891733,0.0175807994309202,0.0132858580808246
2025-08-27,0.005145914812596,0.0030609157398324,0.0017926124405795,0.0075165528537812,0.0016413926262548,0.0205338805818047,-0.0089112433927465,0.0093618142333122,-0.0009351413404259,0.0037696367961335,0.0023877067628137
2025-08-28,0.0089808370648742,0.0086758625374234,0.0108240705271474,0.0279767331126259,0.0200501546861211,0.003219312775774,0.004990756675625,0.0057228750634823,-0.0078745404900312,0.0064467794084699,-0.0042625877554706
2025-08-29,-0.0018060015285241,-0.0352947970317681,-0.011226278216735,-0.0364813913212269,0.006000717545431,-0.0232651390535939,-0.0165222096326463,-0.005788441732677,-0.0332464286830578,-0.0004352829614377,-0.0310572752106116
2025-09-02,-0.010424716908628,-0.001906152304534,-0.0159825487428355,0.0028582029361239,-0.0073270234611856,-0.0057495398276712,-0.0048599925926563,-0.0030985586346867,-0.0195200051028798,-0.0121321928054802,-0.0107419160126929
2025-09-03,0.0380898412049812,-0.0011705423412576,0.0028845707190781,0.0139148928594106,0.0913650348099932,-0.0086740641228417,0.0026391036751376,0.0004553719419901,-0.0009367869432114,-0.0094469944714111,0.0131354401335803
2025-09-04,0.0054933638761691,-0.0020971540519316,0.0428779456926482,0.0122689224042118,0.0071100112076643,0.0254166920979816,0.0157384918555525,0.0051845475656482,0.0060954060838676,0.0212289355923103,0.0165089269227434
2025-09-05,-0.0003754065842029,-0.0658260358392461,-0.0142141503260102,0.0940542375750093,0.0116228860036289,-0.0048761006199617,0.0050757762657509,-0.0255330041230117,-0.0270301290686973,0.0008139469254802,0.034862486538737
2025-09-08,-0.0075513890412566,0.0017864514592516,0.0151077970093089,0.0321298582534825,-0.0031943883513569,-0.0004083392803306,-0.0001993616524447,0.0064646231772182,0.0077234979333433,0.0025025266683496,0.0155293455562355
2025-09-09,-0.014839416284502,0.0291262370744727,0.0101764297512747,-0.0259798969406754,0.0238849228411703,-0.001633946443083,0.0178120266046364,0.0004214692447399,0.014556426417988,-0.0098601842575154,0.0150895709975582
2025-09-10,-0.0322594660210641,0.0238736092097198,-0.0332018279034852,0.0977217622023773,-0.0019197113425436,0.0135024515750805,-0.0179182611467793,0.0039325475862235,0.0384751472128999,0.0018277889687856,0.0379404246193804
2025-09-11,0.0142863652719709,-0.0242572099789845,-0.0016498279850283,-0.0268960804038796,0.0050173832714282,-0.006459420446315,-0.0014361058588676,0.0012790734278176,-0.0008459006393353,0.0161056544292539,-0.0058747014809382
2025-09-12,0.0175630095556016,0.0186292104412189,-0.0078278020249895,0.0006672268140175,0.0017888929592739,-0.0215359883584307,0.0062457628658356,0.0177441452321169,0.0036687301928148,0.0019813206153675,0.0016221977140851
2025-09-15,0.011235837639109,0.0163334566327855,0.014376501718361,0.0117265088798073,0.044892024630736,0.028654507319094,0.0120568416983783,0.0107079590067125,-0.0003935692872465,-0.0037693882183726,0.0079049614598261
2025-09-16,0.006125935389198,-0.004343490520823,0.0113209629645845,-0.0112335833038426,-0.0017884706405034,0.0201857081453256,0.0187001229650169,-0.0122632628237542,-0.0161462998935587,0.0181118321407303,0.0057645396311951
2025-09-17,0.0035272200202507,-0.0081017262704966,-0.0103824306895349,-0.0384164898431335,-0.0064899017751337,-0.0146419007728875,-0.0042105570683075,0.0019251529153794,-0.0262466362492908,0.0068234156159838,0.0027857149381065
2025-09-18,-0.0046445731252398,-0.0077909365709525,-0.0016837898189711,-0.0023688196412093,0.0100188524752784,0.2277108499260538,0.0058396869684875,-0.0030782676837111,0.0349404511197339,0.0173667313054526,0.0222611769464633
2025-09-19,0.0320329387201039,-0.0033561219949475,0.0010811746080494,-0.0011872665726736,0.0106733524789581,-0.0323846837095579,-0.0023965663825364,0.0186449468249407,0.0024397346321005,-0.0076131376313757,-0.0140338123747205
2025-09-22,0.043095672815858,0.015248706434916,-0.0166320672014272,-0.0161463186889895,-0.0085977281194777,-0.0277214231554833,-0.0163205533746576,-0.0067190296575696,0.0392823754534108,0.0172009542178401,0.0292974511010164
2025-09-23,-0.0064432584256582,0.0069466215469695,-0.030400202172415,0.0004427029352063,-0.0034450767766623,0.0201668956568226,-0.0127554342832258,-0.0101467801704701,-0.0282120364263069,-0.0011194449284751,0.0369732385325241
2025-09-24,-0.008332350414175,-0.0001242325321947,-0.0022654160880354,0.0010915776221072,-0.0179608103378087,0.0640763173479663,0.0069631209932816,0.001806545677051,-0.0081824762681503,0.0237125954367709,-0.0070745060751508
2025-09-25,0.0180729669798063,0.0024241632136481,-0.009354764790773,-0.0094602279961633,-0.0054624558404652,0.088725253876845,-0.0154471463034622,-0.0061158012416255,0.0040685950886429,-0.0222990312317176,-0.0144276802973579
2025-09-26,-0.0054891006573779,-0.0112233987142197,0.0074719455806444,-0.0046713171681321,0.0030513656392046,0.0444247792576548,-0.0068899905254466,0.0087370887544009,0.0028138546356031,-0.0028288815911381,-0.0119280834430113
2025-09-29,-0.0040319624617077,0.0119151750689041,0.0108745081578076,-0.0198188466393516,-0.0100997655764601,-0.0287324072609485,-0.0004705203853532,0.0061392619356712,0.020539921884648,-0.0230495717956467,-0.0004754024952849
2025-09-30,0.0007861150085717,0.0026648033846974,-0.0117027090343199,0.0061298907019931,-0.0038925989781599,-0.0269721669815156,-0.0121335281873559,0.0065100173397991,0.0260103417017905,0.006412574674784,0.0221791180284469
2025-10-01,0.0032203416899188,0.0137214989358269,0.0048276063361811,0.0105484599190937,0.0074043122557696,0.0712369431892074,-0.0232031456564406,0.0033979607738821,0.0035374376225016,0.0007815033385307,0.0328690173662793
2025-10-02,0.0065766279100596,0.0348759308108184,0.0080678001174059,0.0143674608855917,0.0032257939734432,0.03784086428264,0.0135360320510657,-0.007638979219349,0.008812176161369,0.0141749289473527,-0.0012479993396198
2025-10-03,0.0034612794628809,-0.029812040805777,-0.013039023009411,0.0005618289548396,-0.0013837949040699,-0.0126004669066823,-0.0226806909932965,0.0031217278987927,-0.0067234428008482,0.0019543362332237,0.0141612757343394
2025-10-06,-0.0051545762595371,0.2370802755755683,0.006332282923023,-0.0085114432481105,0.0207050387346827,-0.0065164720753402,0.0071774474360968,0.0216876590421222,-0.0110863258941079,-0.0033100247859546,0.0349430201389999
2025-10-07,-0.000818144426761,0.0382896644047763,0.0039837252472938,0.0027422574790354,-0.018647931892748,0.01585127121997,-0.003605051719678,-0.0086839067005294,-0.0026948036940294,-0.0187403146526712,-0.0276785572944847
2025-10-08,0.0061602709997086,0.1137062251258322,0.0155108777181911,0.0270206957593945,-0.0046386296778294,0.0069949461673015,0.006675299796049,0.0016603626690583,0.0219952249194874,0.0139610137917915,0.0356765692583935
2025-10-09,-0.0155778011505418,-0.0113346841425449,0.0111890784957038,-0.0013894025134643,-0.0126318679832628,0.0098850902716558,0.0218293236936413,-0.0046679337450948,0.0182962571795439,-0.0125767138141631,-0.0152369856269074
2025-10-10,-0.0345220451328066,-0.0772467926502286,-0.0499253978296662,-0.059097973669326,-0.0205356530012617,-0.0378306966676802,-0.0384589225890628,-0.0218989534652077,-0.0488653432213725,-0.0728601119170258,-0.0640923614539816
2025-10-13,0.009744359001401,0.007073077317969,0.0171003941883314,0.0987894594172158,0.0320411289442832,0.0233709737085854,0.0147454899261385,0.0060474509652925,0.0281721203080485,0.053323834423919,0.0792062526090258
2025-10-14,0.0004441421356069,0.0077164688248527,-0.016721987604375,-0.0352397315696358,0.0053245822961849,-0.0427189709951829,-0.0098503816272226,-0.0009338503679007,-0.044020911827305,-0.0002472040232717,-0.0229456976373693
2025-10-15,0.0063364736294841,0.0940437897658013,-0.0037894175689383,0.0209222269401641,0.0227337708876382,0.0426606907717412,0.0125589922714226,-0.0002725107645331,-0.0011108615216387,0.0076047155019309,0.0296344554658309
2025-10-16,-0.0075799868041386,-0.0169321393192635,-0.0051027789866018,0.0080267098260282,0.0017129885103226,-0.008344585748538,-0.0076370635382487,-0.0035448590113978,0.0110103958360647,0.0068110286895155,-0.0159824771208096
2025-10-17,0.0195594571912374,-0.0063096680718942,-0.0066676361562507,-0.0136101264718867,0.0073172280428319,0.0046144996808141,0.0068110657129738,0.0038506710866694,0.0077553813261135,-0.003839615887897,-0.0158751699258973
2025-10-20,0.0394388237214669,0.0320919670017887,0.0161472143720262,-0.0002576074451972,0.0128306337405197,0.0294515050532631,0.0212715661790634,0.0062500824169315,-0.003165617596526,0.0219639160391689,0.0088790077258318
2025-10-21,0.0020210492736569,-0.0105171217366704,0.0256374868869779,-0.0188408081991687,-0.0237380177422283,0.0005249464190204,0.0015024410805617,0.0016835817454483,-0.0081034035163739,0.0107160423873629,-0.0107154272982146
2025-10-22,-0.0164401790211782,-0.0327689916891108,-0.018375903497213,-0.0068873625963382,0.0049109687126756,-0.0314795591963077,0.0001908480163603,0.005563436136335,-0.00485755523579,0.0026061513436499,-0.0191165845860756
2025-10-23,0.0043720532620099,0.0206750199972127,0.0144069714779309,0.0117249967743697,0.0055226998797623,0.0335861793056588,0.0008045097225555,3.850134854799237e-05,0.0104282097489378,0.0044898661137573,0.0064040742693307
2025-10-24,0.0124817794666147,0.0763010862447204,0.0141119472959247,0.0285805848915403,0.0270270205000802,0.0031446261101832,0.0059399737309797,0.0058590438658292,0.0225075935807193,-0.0064105706467271,0.0145495786230005
2025-10-27,0.0227912740576627,0.0266883414030398,0.0123098631826821,0.0223646050819508,0.0359724714725899,0.0329154173565939,0.0168753386059605,0.0151068088443575,0.0280791427134592,0.1109269494691456,0.0111541215267108
2025-10-28,0.0007068103233436,-0.0063927430056198,0.0100453750144708,0.0301616144126064,-0.0066845842259201,0.0503287257888771,0.0008257540817868,0.0198485718193037,0.0498198493781256,-0.0354326735778114,0.0109974353241679
2025-10-29,0.0026022346664624,0.024495083785244,0.0045801659836763,0.0348821743772718,0.0265450124517756,-0.0045749730867726,0.0003060766963765,-0.0009593537042699,0.0298960257054141,-0.0130365111326656,0.0118064428477002
2025-10-30,0.0063032290912405,-0.0359020569608378,-0.0323056984056321,-0.0246385430937348,0.0251666573176518,-0.0285437905375023,-0.1133476846591798,-0.0291569351826294,-0.0200444693937179,-0.0078916875175101,-0.0061293923372336
2025-10-31,-0.0037950428984276,0.005022754660535,0.0958449275412924,-0.0181687931564485,-0.001030395751873,-0.0042330221511758,-0.0271879860698057,-0.0151210368391234,-0.0019714724306379,0.0205348759386982,-0.0092012017020401
2025-11-03,-0.0048822578802912,0.0137825974019785,0.0400458550913633,-0.0191543983553831,0.0089975224780478,-0.0122531047236901,-0.0164108241244791,-0.0015062732980567,0.0216800483053341,-0.000994970454642,0.0147454679574823
2025-11-04,0.0036796584516909,-0.0369728136737558,-0.0184251680148868,-0.029264918767577,-0.0217820920510745,-0.0625316764734968,-0.0162927162989287,-0.0052220617974997,-0.0395881739955574,-0.0436034824912444,-0.0354589269476208
2025-11-05,0.0003703646251622,0.0251149107932942,0.0035295587926045,0.0200034806831228,0.0243928381258415,0.0364569898277482,0.0137569499602858,-0.0139405475788699,-0.0175146264362033,0.0398057183385645,-0.0013942102289531
2025-11-06,-0.0013697625428008,-0.0726797120896786,-0.028617121300727,-0.0094434831772165,0.0015476754772061,-0.0297029535675419,-0.0267474318420058,-0.0198359508777116,-0.0365248139073235,-0.0362787024998845,-0.0149844405852739
2025-11-07,-0.0048188791892468,-0.017501067377023,0.0056369750404148,-0.0173233508332689,-0.0207901263239254,0.0238990158306855,0.0044754030139528,-0.0005632641778654,0.000372180712844,-0.0133371214393044,-0.0094729982946693
2025-11-10,0.0045487216030906,0.044703274563407,0.016324987417009,0.0256419227360269,0.0404188548696196,0.008392333749285,0.0161650665069408,0.0184775450317877,0.0579325011385531,0.0039791607768824,0.03061067763672
2025-11-11,0.0216011035290912,-0.0264775455701383,0.0028180846386127,-0.0179414625980645,0.0041710294845729,-0.0148244391030967,-0.0074077708433554,0.005296407824977,-0.0295905802648658,0.0140466205478213,-0.0138854319102105
2025-11-12,-0.0064667915516215,0.0899714128981861,-0.0196708512051869,0.0092624609729479,-0.0157908109101559,0.0002639472347221,-0.028816141289909,0.0048360784124728,0.0033133600009607,0.0154615751773037,-0.0018889968777381
2025-11-13,-0.001901440103799,-0.0422187311836372,-0.0271089074525688,-0.0429030523748154,-0.0283909889900702,-0.0522565208268983,0.0014449834159191,-0.0153578522748283,-0.0358101979427036,-0.012282742016637,-0.0289723790507786
2025-11-14,-0.001978476140276,-0.0046378816104828,-0.0121643209334746,0.0072944876189999,-0.0077539015234869,-0.0108604675941412,-0.000705009365708,0.0136899464621209,0.0177137690131055,-0.0029800155855964,0.0092840386932993
2025-11-17,-0.0181711431258133,-0.0254851640871618,-0.0077549418606919,0.0005548073822574,0.0311492999259821,-0.0228040924226388,-0.0122240355608307,-0.0052726549641649,-0.0187726114406386,-0.0415564044919896,-0.0098658650893693
2025-11-18,-7.469218596389826e-05,-0.042532890423283,-0.044316538333916,-0.0062744940938758,-0.0025962638674692,-0.0109477748038304,-0.007175889417777,-0.0269955716494748,-0.0280814627474151,-0.0101349487541297,-0.0145384264506435
2025-11-19,0.0041877577444107,-0.0292674038424267,0.0006290693674619,0.0408810133462191,0.0300056467786755,0.0227206157207744,-0.0123308609692331,-0.0135077989855217,0.0284517292724924,0.006361302453907,0.0160483311577364
2025-11-20,-0.0086013939801957,-0.0784164551106634,-0.02492255148822,-0.0214434947948901,-0.0114750065775871,-0.0424380989052872,-0.001981844005595,-0.0160013482766065,-0.0315248199765135,-0.0392511513928778,-0.0172469478996637
2025-11-21,0.0196806589566886,-0.0108727572406108,0.01634891342791,-0.0190877406872423,0.0352738594337103,0.0261749284971171,0.0086564462391913,-0.0131889583686161,-0.0097430769284057,0.0232471385737789,-0.0087928373678393
2025-11-24,0.0163175259035717,0.055304761703659,0.0253296310483062,0.1109934862294677,0.0631380700143118,0.0373913308848505,0.0316365251787666,0.003982067479795,0.0205165711423158,0.0107777188703985,0.0348289272183033
2025-11-25,0.0038054245067611,-0.0414787167745283,0.0149814363087164,0.0187057414297509,0.0152552511418153,0.0011176561750236,0.037794587871422,0.0063079390903668,-0.0259107708862287,-0.0106627982287177,0.0001404725288882
2025-11-26,0.0020940152983219,0.0393441052648411,-0.002220553450176,0.0325689340809893,-0.0107901444269769,0.0273513673501111,-0.0041022737493686,0.0178410679618996,0.0137217168202896,0.0112675249584179,0.018547099331712
2025-11-28,0.0046838874009274,0.0153565776781954,0.0177168680996364,0.0135572675715325,0.0007188225980021,0.101874486826859,0.0226321902897159,0.0134089267471972,-0.0180849970479728,0.0178636054683731,0.0053456365944977
2025-12-01,0.0152411895738933,0.0102514399855331,0.0028299616613276,-0.0418900271210916,-0.0165219030439254,-0.0135602325723783,-0.0109267647755939,-0.0107112195043104,0.0164972525127606,-0.0002974281509914,-0.0131386060675089
2025-12-02,0.0109148205282527,-0.0205678427678119,0.0023088475921804,-0.0116813841000926,0.0029214936883741,0.0864784564939049,0.0097210746728613,0.0066976577584296,0.0085593289127861,0.0158296488972962,0.0153295485466993
2025-12-03,-0.0071281072998738,0.0109645072947484,-0.0087023005804419,-0.0025159626556366,0.0120958869301059,0.0066712006599154,-0.0115900934811132,-0.0250408308341275,-0.010305312728931,0.0256004998589398,0.0115034604827972
2025-12-04,-0.0121414833692616,-0.0074449004160684,-0.0140717970726869,0.0011035301775814,-0.0062884904009072,-0.0744972222708939,0.034287033381732,0.006509927133071,0.0211605430784587,0.0009759977725738,-0.0085295028277093
2025-12-05,-0.0068400704770148,0.0092138417100189,0.0018331725713693,0.0241712925432753,0.0114916296985891,0.0224691320348668,0.0179734392713917,0.0048249128323636,-0.0052896056382519,0.0026382616733147,0.0061107346877034
2025-12-08,-0.0031924534677664,0.0144056492731265,-0.0115017618772651,0.027828998605319,-0.0228615901011804,-0.0268051343743468,-0.0098304195656588,0.0162679055690402,0.0172139763380188,0.0028602521843035,0.0242602262044344
2025-12-09,-0.0025550193698475,0.0023065194040439,0.0045396393938368,0.0129394308196575,0.0107100866701075,0.0049627981817808,-0.0147570143243409,0.0020365533068591,-0.0031258565800189,0.003935941181979,0.0051015906358273
2025-12-10,0.0057724459488901,-0.0009024318773062,0.0169357697497449,0.0164414667494214,0.0098713560776857,0.0069135501060957,-0.0103963823165461,-0.0273566194672616,-0.0064335070351633,0.035284156285368,0.0221813176421565
2025-12-11,-0.0026902907054526,4.513823014451468e-05,-0.0064716541888858,-0.0159817956334301,-0.0242965839664442,-0.0311427291755689,0.0039685177984276,0.0102599793439019,-0.0155077147493173,-0.0051588957766687,-0.0144033320840128
2025-12-12,0.0008992558753764,-0.0480964379205762,-0.0177609708162737,-0.1142801368742866,-0.0100501402472449,-0.0430270063391948,-0.0129920478794501,-0.0102177819583977,-0.0326645011557095,-0.0164397012010835,-0.0420206046305807
2025-12-15,-0.014985035929685,-0.0151816916537362,-0.0161369163794892,-0.0558997090325886,-0.0034596254267756,-0.0079344893113316,0.0059111125746753,-0.0077529458260249,0.0072562947437069,0.0054406284582637,-0.0147240638319767
2025-12-16,0.0018241206270945,0.0076596797565533,8.989068511033871e-05,0.0043847970738564,-0.0053533027209509,-0.0053318303703409,0.0148878334531006,0.0033065416430733,0.0081116855984342,-0.0175164355257333,-0.0030235570061425
2025-12-17,-0.0100869765633133,-0.0528756401750343,-0.0057961596885494,-0.0447700214220422,-0.0321297182411246,-0.0337711629550477,-0.0116412345726754,-0.0005668130933824,-0.038149894542773,-0.0214626639928074,-0.0345453251705322
2025-12-18,0.0012875132341483,0.014890701828043,0.0248112718776596,0.011839796637332,0.0193448366681998,0.0063800151762523,0.0230176805499842,0.0165085107764879,0.0187199420680981,0.0107346712442886,0.0278740462350843
2025-12-19,0.0054374564572545,0.0615238996687175,0.0026019210221046,0.0317690047072898,0.0155393199762885,0.0148842594734455,-0.0085483765981835,0.0040084201787504,0.0393362286352019,0.0060852216674938,0.0149993840154922
2025-12-22,-0.0098660198257976,0.00712179320912,0.0047503256796654,0.0051221994624925,0.0085296798876985,-0.0122216395075829,0.0041440812384581,-0.0020579280335144,0.0149178983162827,-0.0058772787807549,0.0149852108341825
2025-12-23,0.0051297261004703,-0.0002326264362303,0.0162413292160497,0.0230487318065495,0.0147524628514363,-0.0005499163692891,0.0052002332680287,0.0039800238102536,0.0300507009005739,0.0030420870522402,0.012513780633703
2025-12-24,0.0053238158353827,0.0006514629763825,0.0010338825441331,0.0025763933592102,-0.0008271339575212,-0.0052269225497836,0.0039251976356209,0.0024031254578502,-0.0031711222062752,0.0001145056112583,0.0062298537676088
2025-12-26,-0.0014973530252399,-0.0002324581218815,0.0006024588463153,0.0054537265414051,-0.0018465976351066,0.0011062200137206,-0.0063815322833551,-0.0006351605156044,0.0101797108690919,0.0002288092656856,0.0135207771422858
2025-12-29,0.0013168132449112,0.0028838322775297,-0.0019353042317808,-0.0077811847069966,0.0001594604411958,0.0132596555834259,-0.0069351329939905,-0.0012507456935414,-0.0121240778997236,-0.0078943100844028,-0.0063399031708812
2025-12-30,-0.0024839932953827,-0.0012522808389989,0.0019821236719981,0.0013165166515154,0.0009249568493068,0.0169029151234025,0.0110218687356513,0.0007801596803003,-0.0036127881121903,0.0012685286334079,-0.0044531386659398
