Date,Close,High,Low,Open,Volume,Ticker
,AAPL,AAPL,AAPL,AAPL,AAPL,
2018-01-02,40.3041877746582,40.31354869395776,39.60226877326652,39.81284661577082,102223600,AAPL
2018-01-03,40.29716110229492,40.83998007240303,40.23399097485094,40.367353702932206,118071600,AAPL
2018-01-04,40.484336853027344,40.587285516147695,40.262063277732224,40.369688829071734,89738400,AAPL
2018-01-05,40.94526290893555,41.031831750925626,40.48901640769327,40.58026570794173,94640000,AAPL
2018-01-08,40.79318618774414,41.08799082619294,40.6949144047839,40.79318618774414,82271200,AAPL
2018-01-09,40.788490295410156,40.959289488524796,40.57323568638315,40.83996461171473,86336000,AAPL
2018-01-10,40.77912902832031,40.781471041859184,40.47730560364145,40.51474211883742,95839600,AAPL
2018-01-11,41.01077651977539,41.05991240789748,40.82593946856962,40.84933462041617,74670800,AAPL
2018-01-12,41.434268951416016,41.497442647697724,41.0973473314388,41.22135270960487,101672400,AAPL
2018-01-16,41.223690032958984,41.97240267540656,41.21199067273534,41.623781733545634,118263600,AAPL
2018-01-17,41.904544830322266,41.93963933476282,40.9616343961619,41.21432196841968,137547200,AAPL
2018-01-18,41.941986083984375,42.13852605820033,41.70567471028857,41.96772324905173,124773600,AAPL
2018-01-19,41.75480270385742,42.016851193088,41.5091304601323,41.78989720861405,129700400,AAPL
2018-01-22,41.413204193115234,41.59570277343954,41.319616459154176,41.48339677865763,108434400,AAPL
2018-01-23,41.42255783081055,41.98409489474454,41.371087080839246,41.48339306556889,130756400,AAPL
2018-01-24,40.762752532958984,41.48338938039704,40.5240992127342,41.471690023202605,204420400,AAPL
2018-01-25,40.03510284423828,40.93355791852135,39.89939813455858,40.83060927185792,166116000,AAPL
2018-01-26,40.128692626953125,40.243340638442135,39.78943262048329,40.243340638442135,156572000,AAPL
2018-01-29,39.298091888427734,39.812831581035425,39.08985613945785,39.812831581035425,202561600,AAPL
2018-01-30,39.06645965576172,39.16004739790291,38.53534011524448,38.7295380718238,184192800,AAPL
2018-01-31,39.1740837097168,39.41039864035675,38.95649061096402,39.04305944765361,129915600,AAPL
2018-02-01,39.2559928894043,39.452529368765795,39.01733941009679,39.11326920483691,188923200,AAPL
2018-02-02,37.55266189575195,39.026692329053304,37.459074135284396,38.83951323797398,346375200,AAPL
2018-02-05,36.614418029785156,38.343477505754464,36.49977003097488,37.22508740195526,290954000,AAPL
2018-02-06,38.14459991455078,38.30604177963437,36.03182500659377,36.22602293342309,272975200,AAPL
2018-02-07,37.328041076660156,38.23117676302514,37.218077079981796,38.1586457232369,206434400,AAPL
2018-02-08,36.30088806152344,37.66963073040576,36.27281246056751,37.50350842775057,217562000,AAPL
2018-02-09,36.74490737915039,37.09259809366148,35.29540922724705,36.89995995166039,282690400,AAPL
2018-02-12,38.22494125366211,38.5021531573578,37.003319024356685,37.235897847142596,243278000,AAPL
2018-02-13,38.60789108276367,38.70421198505764,37.97593706314297,38.04641585957028,130196800,AAPL
2018-02-14,39.319705963134766,39.359643097700136,38.264886694786455,38.30247226663081,162579600,AAPL
2018-02-15,40.63999557495117,40.663486108266305,39.7026361874886,39.8882268148844,204588800,AAPL
2018-02-16,40.5084228515625,41.069901295642566,40.35337390152805,40.49197984104744,160704400,AAPL
2018-02-20,40.3721809387207,40.938351927509956,40.271160528345504,40.41916559216763,135722000,AAPL
2018-02-21,40.18893814086914,40.90546216900995,40.17483951865487,40.6024081083395,149886400,AAPL
2018-02-22,40.524879455566406,40.865522652890775,40.33928883126937,40.36043138630971,123967600,AAPL
2018-02-23,41.22966766357422,41.26490526188542,40.76920939900944,40.79975104067896,135249600,AAPL
2018-02-26,42.044864654541016,42.14353351551222,41.39646774614467,41.42935736646841,152648800,AAPL
2018-02-27,41.90860366821289,42.39959996000254,41.85457149250912,42.07540332108041,155712400,AAPL
2018-02-28,41.845157623291016,42.43247458335157,41.82871461245241,42.1129740136907,151128400,AAPL
2018-03-01,41.11220169067383,42.23515182722027,40.5624736826807,41.943841221891674,195208000,AAPL
2018-03-02,41.39645004272461,41.417592592883906,40.513123043733,40.59534885172789,153816000,AAPL
2018-03-05,41.53977584838867,41.75590816450628,40.99944326574465,41.161543399007854,113605600,AAPL
2018-03-06,41.5045280456543,41.875712915688,41.37766911815642,41.79583864338566,95154000,AAPL
2018-03-07,41.11925506591797,41.311896844788045,40.94071191221156,41.098112505222474,126814000,AAPL
2018-03-08,41.56795883178711,41.61024394557519,41.128646754391646,41.22496404180873,95096400,AAPL
2018-03-09,42.28213119506836,42.28683073553249,41.673671546479305,41.80758156446404,128740800,AAPL
2018-03-12,42.6909065246582,42.848307080513344,42.336168279495034,42.35495927254413,128828400,AAPL
2018-03-13,42.279788970947266,43.10908053311904,42.108293360008226,42.895296221645985,126774000,AAPL
2018-03-14,41.920352935791016,42.409001275131494,41.77234785465769,42.362016616189074,117473600,AAPL
2018-03-15,41.96968078613281,42.34321720616517,41.83342636615037,41.934443192119986,90975200,AAPL
2018-03-16,41.821678161621094,42.080095541605395,41.72770527232746,41.969679637122375,157618800,AAPL
2018-03-19,41.182682037353516,41.692472927584866,40.79740210449804,41.65723533010099,133787200,AAPL
2018-03-20,41.16858673095703,41.53507208120745,41.09810795174742,41.16858673095703,78597600,AAPL
2018-03-21,40.23591232299805,41.133330796665305,40.23356076089134,41.12158374022681,148219600,AAPL
2018-03-22,39.66740036010742,40.56716704796147,39.60866864715772,39.937564805796335,165963200,AAPL
2018-03-23,38.748844146728516,39.91877912576028,38.748844146728516,39.55934124916197,164115200,AAPL
2018-03-26,40.588321685791016,40.665847993277964,39.10123397243239,39.48416596813154,150164800,AAPL
2018-03-27,39.547576904296875,41.147427848964746,39.213981276329726,40.802085163982866,163690400,AAPL
2018-03-28,39.11062240600586,39.94226549266874,38.80756833575712,39.291517090797406,166674000,AAPL
2018-03-29,39.416046142578125,40.34870648612221,39.209309265006326,39.42309366479525,153594000,AAPL
2018-04-02,39.1576042175293,39.688541173485575,38.63841790528605,39.148208721137635,150347200,AAPL
2018-04-03,39.559326171875,39.64389996852914,38.73473434302113,39.38313106090376,121112000,AAPL
2018-04-04,40.3158073425293,40.40977667305489,38.70890813152043,38.734750235119996,138422000,AAPL
2018-04-05,40.595367431640625,40.93131116470009,40.426219783553385,40.54368322890842,107732800,AAPL
2018-04-06,39.556983947753906,40.52018187700721,39.51469525092662,40.165443625813566,140021200,AAPL
2018-04-09,39.949310302734375,40.66348632700051,39.902325651152246,39.90937316965461,116070800,AAPL
2018-04-10,40.701080322265625,40.877275475175864,40.29700581814884,40.64234860462888,113634400,AAPL
2018-04-11,40.51078414916992,40.8584748625263,40.336937000142214,40.46144793637185,89726400,AAPL
2018-04-12,40.91016387939453,41.11220112545618,40.65174289558331,40.73866827270133,91557200,AAPL
2018-04-13,41.048763275146484,41.309532195215816,40.842030106003335,41.06051033337822,100497200,AAPL
2018-04-16,41.304840087890625,41.3917618744456,41.07226121814989,41.1192458707553,86313600,AAPL
2018-04-17,41.87337112426758,42.03781923409848,41.44345447554541,41.46224905734036,106421600,AAPL
2018-04-18,41.77939987182617,42.00963081941792,41.553872050744566,41.77235235146113,83018000,AAPL
2018-04-19,40.595367431640625,41.203827218251746,40.56247781032921,40.82089523929037,139235200,AAPL
2018-04-20,38.93208312988281,40.22418097949111,38.86395232674434,40.07852745991191,261964400,AAPL
2018-04-23,38.81930923461914,39.21398457367162,38.54914123935694,39.19284202008641,146062000,AAPL
2018-04-24,38.278987884521484,39.07538989520362,37.87491334848278,38.92033728806554,134768000,AAPL
2018-04-25,38.44577407836914,38.8615955688351,38.1544671050226,38.20379973161242,113528400,AAPL
2018-04-26,38.57967758178711,38.93441574273566,38.37998837722967,38.55618346900447,111852000,AAPL
2018-04-27,38.133331298828125,38.605533017528785,37.736304314562105,38.52800672018398,142623200,AAPL
2018-04-30,38.82400894165039,39.29386262956207,38.02055956548532,38.08869035766404,169709600,AAPL
2018-05-01,39.72613525390625,39.74962579014744,38.82636490930883,39.0941813984154,214277600,AAPL
2018-05-02,41.48104476928711,41.75825679274042,40.83029624761953,41.166239996519735,266157600,AAPL
2018-05-03,41.55621337890625,41.699518911228594,40.98064327143764,41.318938533621505,136272800,AAPL
2018-05-04,43.18661117553711,43.28528004044497,41.85692410066955,41.875718682275796,224805200,AAPL
2018-05-07,43.49906539916992,44.08873062408348,43.40274451042906,43.503761356157284,169805600,AAPL
2018-05-08,43.70813751220703,43.74807464321056,43.149010508759716,43.45911564553858,113611200,AAPL
2018-05-09,44.015899658203125,44.02529515598114,43.51315628663752,43.82560946207637,92844800,AAPL
2018-05-10,44.64549255371094,44.7230188366596,44.08401758147566,44.10516372024267,111957200,AAPL
2018-05-11,44.47570037841797,44.82237483155684,44.20685116971051,44.68795202646433,104848800,AAPL
2018-05-14,44.37193298339844,44.69738334833763,44.30354306537909,44.5747493038135,83115200,AAPL
2018-05-15,43.968666076660156,44.11724188633787,43.65265100074759,44.048848361857765,94780800,AAPL
2018-05-16,44.37900161743164,44.4450380927892,43.86488799085089,43.88139800932075,76732400,AAPL
2018-05-17,44.0983772277832,44.551175778740514,43.949801410031135,44.336567063881525,69176000,AAPL
2018-05-18,43.938011169433594,44.291760391793076,43.895562990041576,44.14554519807857,73190800,AAPL
2018-05-21,44.249298095703125,44.63606364482012,44.07949823525937,44.336555057853765,73603200,AAPL
2018-05-22,44.138465881347656,44.54409856840905,44.04884826953651,44.42618217329871,60962800,AAPL
2018-05-23,44.421451568603516,44.45446800567482,43.80828505325447,43.94742909382516,80233600,AAPL
2018-05-24,44.37193298339844,44.53465816586804,43.914420445273656,44.51815174366573,92936000,AAPL
2018-05-25,44.47333908081055,44.725678244441816,44.25401275871705,44.390796181399885,69844000,AAPL
2018-05-29,44.31298065185547,44.513439966610946,44.070073161376456,44.24223369231623,90056400,AAPL
2018-05-30,44.21864318847656,44.3365595703125,44.04884331075102,44.27052668436617,74762000,AAPL
2018-05-31,44.070064544677734,44.39079722646225,43.8979076459214,44.152607446031645,109931200,AAPL
2018-06-01,44.86482238769531,44.86953645162613,44.277597561320896,44.33419871518947,93770000,AAPL
2018-06-04,45.23979568481445,45.614768883892694,45.12659697535202,45.194986887719175,105064800,AAPL
2018-06-05,45.58882522583008,45.7374009997512,45.364784848273516,45.53222767273398,86264000,AAPL
2018-06-06,45.74683380126953,45.77041851462867,45.2610189336562,45.66429450155658,83734400,AAPL
2018-06-07,45.624210357666016,45.79872430858135,45.360075201959646,45.78457491780687,85388800,AAPL
2018-06-08,45.20914077758789,45.27989132749158,44.753985263930446,45.08414969878442,106627200,AAPL
2018-06-11,45.098304748535156,45.2728223137285,44.857757886607324,45.126607131161826,73234000,AAPL
2018-06-12,45.345916748046875,45.42374198027441,45.07942461331518,45.13602576362299,67644400,AAPL
2018-06-13,44.97331619262695,45.48743359017718,44.91200095743347,45.378948914117665,86553600,AAPL
2018-06-14,44.99688720703125,45.178479423187866,44.860103786934765,45.173761760833635,86440400,AAPL
2018-06-15,44.5346565246582,44.84595748808827,44.397873095137925,44.81529807845651,246876800,AAPL
2018-06-18,44.511077880859375,44.62427660179374,44.147893403349705,44.308261556652305,73939600,AAPL
2018-06-19,43.791778564453125,43.94271136204255,43.26351197362925,43.66206984812118,134314000,AAPL
2018-06-20,43.98280334472656,44.14788553301849,43.801211138344534,43.94742987527894,82514800,AAPL
2018-06-21,43.73754119873047,44.419097668013194,43.614907167311685,44.15968021665077,102847600,AAPL
2018-06-22,43.61019515991211,43.90026845785163,43.558311662911876,43.89319376267183,108801600,AAPL
2018-06-25,42.96165466308594,43.61019477128706,42.62205490339157,43.25172795844052,126652400,AAPL
2018-06-26,43.494632720947266,43.989882939520605,43.04890896364015,43.15503658085031,98276800,AAPL
2018-06-27,43.43095779418945,44.1667547835361,43.40029838679268,43.6832969520397,101141200,AAPL
2018-06-28,43.746978759765625,43.91442160952756,43.3460637711596,43.41681432174242,69460800,AAPL
2018-06-29,43.65500259399414,44.145535169386115,43.13617123876956,43.93328352507445,90950800,AAPL
2018-07-02,44.14316177368164,44.17146414385231,43.25643214296247,43.35076737932918,70925200,AAPL
2018-07-03,43.37437438964844,44.324780422615454,43.28475676121706,44.28704630553662,55819200,AAPL
2018-07-05,43.7234001159668,43.96159354939329,43.45926852886405,43.69038366757895,66416800,AAPL
2018-07-06,44.32948684692383,44.43796790786526,43.67622905491156,43.72811255310879,69940800,AAPL
2018-07-09,44.94500732421875,44.96858844083861,44.64314168271515,44.690307514477155,79026400,AAPL
2018-07-10,44.89077377319336,45.11009654430228,44.85067903151692,44.97567372296649,63756400,AAPL
2018-07-11,44.30826187133789,44.756342693838846,44.2445860160065,44.454477036854996,75326000,AAPL
2018-07-12,45.05112838745117,45.14074598088069,44.645495783589865,44.69737927467831,72164400,AAPL
2018-07-13,45.12189483642578,45.24216828170033,45.0204848504496,45.062936630179244,50055600,AAPL
2018-07-16,45.022830963134766,45.43317764323029,44.907271620687844,45.16668908392699,60172400,AAPL
2018-07-17,45.150177001953125,45.249226320159714,44.619553341082245,44.749262066777305,62138000,AAPL
2018-07-18,44.902565002441406,45.232733091274724,44.791723295296585,45.22801542754942,65573600,AAPL
2018-07-19,45.2515983581543,45.40960590073451,44.7351239556108,44.7351239556108,81147200,AAPL
2018-07-20,45.1478271484375,45.38129929328812,44.84831851576083,45.228009428517055,82704800,AAPL
2018-07-23,45.18790054321289,45.270443421688974,44.704442823255505,44.96857427674509,63957600,AAPL
2018-07-24,45.51573181152344,45.67138232799594,45.29169136428013,45.38602304779635,74791600,AAPL
2018-07-25,45.944950103759766,45.95202480022908,45.381306229201385,45.52988205210326,66839600,AAPL
2018-07-26,45.80108642578125,46.21379379653587,45.65958531639916,45.89541809968751,76304000,AAPL
2018-07-27,45.039337158203125,46.032194609591265,44.83180678717591,45.98502877974518,96096000,AAPL
2018-07-30,44.78700637817383,45.32706188833266,44.58890769660208,45.25631133105051,84118000,AAPL
2018-07-31,44.87662124633789,45.31291335911361,44.65258080944883,44.878981877356686,157492000,AAPL
2018-08-01,47.52029037475586,47.581605582997476,46.53215075844538,46.96136801170125,271742800,AAPL
2018-08-02,48.90935516357422,49.1428308876764,47.249094143303275,47.30333466964215,249616000,AAPL
2018-08-03,49.05085372924805,49.227728287281295,48.458911238642635,48.82445271161577,133789600,AAPL
2018-08-06,49.30555725097656,49.34800542082201,48.8338917272411,49.053214468487354,101701600,AAPL
2018-08-07,48.843326568603516,49.40696676146404,48.760783657277955,49.364518588912105,102349600,AAPL
2018-08-08,48.876338958740234,49.00840472708714,48.23251653878795,48.59334036963655,90102000,AAPL
2018-08-09,49.2607536315918,49.473001700187574,48.864552678750876,49.41404350351956,93970400,AAPL
2018-08-10,49.114017486572266,49.485575177649636,48.91048987483557,49.07378574614256,98444800,AAPL
2018-08-13,49.431156158447266,49.923409223628,49.15426448637256,49.5352871006587,103563600,AAPL
2018-08-14,49.639404296875,49.831098200524664,49.28677981496923,49.73643570353363,82992000,AAPL
2018-08-15,49.75536346435547,49.87369337817859,49.30334232687699,49.51396942903644,115230400,AAPL
2018-08-16,50.484283447265625,50.600244468404085,50.04646125852407,50.11272573092973,114001600,AAPL
2018-08-17,51.49244689941406,51.580009882061766,50.44641087085181,50.51267533520291,141708000,AAPL
2018-08-20,50.9907341003418,51.87110544133441,50.90790170638591,51.615515974972475,121150800,AAPL
2018-08-21,50.891326904296875,51.400147691984785,50.6523017823488,51.307850505178855,104639200,AAPL
2018-08-22,50.89370346069336,51.203727298569135,50.60734344206001,50.66887731660461,76072400,AAPL
2018-08-23,50.99784851074219,51.367037415759945,50.7872213220516,50.799051429380114,75532800,AAPL
2018-08-24,51.156394958496094,51.33152093949992,50.907901389318916,51.26052587214312,73905600,AAPL
2018-08-27,51.57765197753906,51.766980593315445,51.19662944732842,51.39068866042055,82100400,AAPL
2018-08-28,51.99417495727539,52.19296838996736,51.8095805396124,51.83087906215585,91107200,AAPL
2018-08-29,52.770408630371094,52.89110745651331,51.925534903087936,52.10066086863943,109019200,AAPL
2018-08-30,53.25556564331055,54.01997594606434,52.63314908356902,52.83431140009816,195175200,AAPL
2018-08-31,53.870880126953125,54.164336015200355,53.485123435107745,53.605818652582734,173360400,AAPL
2018-09-04,54.04364776611328,54.23770698067207,53.634227204341904,54.05548148177805,109560400,AAPL
2018-09-05,53.691009521484375,54.35365770655821,53.272124261065116,54.19273077035824,133332000,AAPL
2018-09-06,52.798824310302734,53.80462886960279,52.372835774723434,53.53956733016265,137160000,AAPL
2018-09-07,52.37282180786133,53.33602545116315,52.23319337295159,52.50298543834602,150479200,AAPL
2018-09-10,51.66994094848633,52.50298455848554,51.229753521678255,52.28998854549572,158066000,AAPL
2018-09-11,52.97631072998047,53.082806943997085,51.25105834056841,51.59421441290767,142996000,AAPL
2018-09-12,52.318382263183594,53.24845351794901,52.027288117263325,53.23425450812692,197114800,AAPL
2018-09-13,53.58216094970703,54.04128166600447,52.67338793396075,52.89821408368517,166825600,AAPL
2018-09-14,52.973941802978516,53.68392137771475,52.66155266788886,53.42596299890154,127997200,AAPL
2018-09-17,51.56344223022461,52.76330562803429,51.4190795969982,52.5739770516672,148780400,AAPL
2018-09-18,51.648651123046875,52.50299339478895,51.3835896141256,51.54215129305673,126286800,AAPL
2018-09-19,51.67940139770508,51.975226159309635,50.95285766099817,51.71016832847742,108495200,AAPL
2018-09-20,52.0722770690918,52.60476183960247,51.86401520328172,52.12197723657592,106435200,AAPL
2018-09-21,51.511375427246094,52.38701600738887,51.42380884143232,52.24975288340984,384986800,AAPL
2018-09-24,52.25213623046875,52.363366669163675,51.267633819230554,51.31259977672128,110773600,AAPL
2018-09-25,52.58345413208008,52.732550997350124,51.99416978895151,52.006003504013755,98217600,AAPL
2018-09-26,52.16456604003906,52.95264380917307,52.008369665368996,52.30182919252401,95938800,AAPL
2018-09-27,53.23663330078125,53.589257782363156,52.902942040808725,52.969210122012925,120724800,AAPL
2018-09-28,53.4235954284668,53.44725924659931,53.016540200703474,53.198765683780366,91717600,AAPL
2018-10-01,53.783321380615234,54.29450757242446,53.567963640883626,53.94661727059399,94403200,AAPL
2018-10-02,54.26136779785156,54.4317631714536,53.634220666637496,53.78094861179492,99152800,AAPL
2018-10-03,54.92165756225586,55.2529799345801,54.37970443970897,54.44360361549401,114619200,AAPL
2018-10-04,53.956085205078125,54.98792238547319,53.65789145695204,54.61636465523451,128168000,AAPL
2018-10-05,53.0804443359375,54.055485523559796,52.202438179564524,53.94898929690006,134322000,AAPL
2018-10-08,52.95738220214844,53.201141588936295,52.11250469969764,52.588193368222875,118655600,AAPL
2018-10-09,53.691009521484375,53.78567561143326,52.59764236335491,52.92659935225034,107564000,AAPL
2018-10-10,51.20372009277344,53.56795305429234,51.13035612450343,53.357325953618734,167962400,AAPL
2018-10-11,50.75170135498047,51.946834254825696,50.247618357424,50.76826927692951,212497600,AAPL
2018-10-12,52.56451416015625,52.746743237513996,51.31731586452513,52.164558475955246,161351600,AAPL
2018-10-15,51.44038391113281,52.49825370424345,51.419085391816054,52.33969204186986,123164000,AAPL
2018-10-16,52.57398223876953,52.772779249697095,51.298385840102064,51.811937261784536,116736000,AAPL
2018-10-17,52.346797943115234,52.68995403710675,51.908975733135755,52.609490546874305,91541600,AAPL
2018-10-18,51.123260498046875,52.003635406378,50.408546758242004,51.55871374421379,130325200,AAPL
2018-10-19,51.90187072753906,52.363356709270114,51.456949057386716,51.606045917308556,132314800,AAPL
2018-10-22,52.218994140625,52.8603439191293,51.81430782182485,52.015466526416446,115168400,AAPL
2018-10-23,52.711246490478516,52.83431062152317,50.810868215917154,51.07829499747305,155071200,AAPL
2018-10-24,50.903167724609375,53.066238670983005,50.77300408116082,52.68048556003546,163702000,AAPL
2018-10-25,52.0178337097168,52.39175669137161,51.296020473330685,51.523215509312536,119423200,AAPL
2018-10-26,51.189517974853516,52.110124497595585,50.330441703120535,51.09485188352168,189033600,AAPL
2018-10-29,50.22868728637695,51.99180242637242,48.77322705892924,51.87347250273323,183742000,AAPL
2018-10-30,50.47953796386719,50.924455949051364,49.5257992228298,49.97071720801397,146640000,AAPL
2018-10-31,51.795379638671875,52.17166796781139,51.265260226318844,51.32679410406147,153435600,AAPL
2018-11-01,52.59055709838867,52.62368933605675,51.310226322888035,51.84034573672041,233292800,AAPL
2018-11-02,49.10218811035156,50.56237905391569,48.617034661599845,49.592075767555244,365314800,AAPL
2018-11-05,47.708255767822266,48.370904034951764,46.898879557030305,48.34960551625416,264654800,AAPL
2018-11-06,48.22417449951172,48.449000615453585,47.73192162049639,47.786352370196695,127531600,AAPL
2018-11-07,49.68672561645508,49.7127583395969,48.30936742141667,48.74482059838714,133697600,AAPL
2018-11-08,49.513370513916016,49.900469550137,49.1001442948678,49.86722171346018,101450400,AAPL
2018-11-09,48.55867385864258,48.92440003499794,48.031455613431376,48.81515870418388,137463200,AAPL
2018-11-12,46.112579345703125,47.46149946228675,46.02233365648393,47.259635249162585,204542000,AAPL
2018-11-13,45.65185546875,46.827408453582805,45.46661699229114,45.509366284258455,187531600,AAPL
2018-11-14,44.362308502197266,46.186196076134955,44.15569357677625,46.04845400043511,243204000,AAPL
2018-11-15,45.457115173339844,45.59010651669054,44.38605290163745,44.739907715993084,185915200,AAPL
2018-11-16,45.96057891845703,46.30255869558967,44.99401459922713,45.24099798063293,147713200,AAPL
2018-11-19,44.139068603515625,45.288497903512194,43.9324573152548,45.122258727684965,167701200,AAPL
2018-11-20,42.030189514160156,43.0965008846714,41.68108548328812,42.36029426713705,271300800,AAPL
2018-11-21,41.98270034790039,42.81152632280583,41.928079679401435,42.68328208090455,124496800,AAPL
2018-11-23,40.91639709472656,41.93996319137456,40.87127786952604,41.54573618072765,94496000,AAPL
2018-11-26,41.46973419189453,41.548104874515914,40.434296833953724,41.37949212830179,179994000,AAPL
2018-11-27,41.379493713378906,41.50536079593518,40.58154192418176,40.73115539333304,165549600,AAPL
2018-11-28,42.97064208984375,43.05375986988433,41.54335141276549,41.97082618812788,184250000,AAPL
2018-11-29,42.640541076660156,43.41236929244246,42.201191258179286,43.37912145271232,167080000,AAPL
2018-11-30,42.410179138183594,42.82577894068575,42.04207573121886,42.81627748733265,158126000,AAPL
2018-12-03,43.89208984375,43.92058695583574,43.034766692325256,43.80659488375015,163210000,AAPL
2018-12-04,41.961326599121094,43.314993644535846,41.86158309301077,42.97301383859059,165377200,AAPL
2018-12-06,41.49348831176758,41.50773686933884,40.4722994088251,40.790529273726726,172393600,AAPL
2018-12-07,40.01395034790039,41.438863958560475,39.96882750376399,41.2013783567838,169126400,AAPL
2018-12-10,40.27756118774414,40.39392681826417,38.788525387961656,39.185125924591716,248104000,AAPL
2018-12-11,40.04719924926758,40.79765101673973,39.6600965485078,40.766780351835095,189126800,AAPL
2018-12-12,40.15880584716797,40.82851317867936,40.13980656931592,40.467534146973954,142510800,AAPL
2018-12-13,40.59816360473633,40.982892750447746,40.26568520596623,40.488922255315906,127594400,AAPL
2018-12-14,39.299110412597656,40.1540598989454,39.2516140241877,40.13506061883299,162814800,AAPL
2018-12-17,38.93339157104492,39.98070398320627,38.64603238784971,39.29199353840662,177151600,AAPL
2018-12-18,39.439231872558594,39.78595878885459,39.04025421520292,39.275366243130854,135366000,AAPL
2018-12-19,38.20905303955078,39.76695779190644,37.78157829073558,39.42260444171222,196189200,AAPL
2018-12-20,37.2448616027832,38.4987850963863,36.88150897814493,38.0926831856918,259092000,AAPL
2018-12-21,35.79621124267578,37.56073151799907,35.53497920022275,37.251999446242344,382978400,AAPL
2018-12-24,34.87001037597656,35.99094267515283,34.813012528584636,35.183489477275636,148676800,AAPL
2018-12-26,37.32559585571289,37.33984440601186,34.843873088469195,35.21910061588725,234330000,AAPL
2018-12-27,37.083377838134766,37.230621385586616,35.639468468150554,37.00975787628032,212468400,AAPL
2018-12-28,37.102378845214844,37.64622296552479,36.70340472744858,37.403986609027776,169165600,AAPL
2018-12-31,37.46097946166992,37.84570497009902,37.16174528956495,37.648591489285586,140014000,AAPL
2019-01-02,37.50372314453125,37.72458662290483,36.62740075617171,36.78414211195393,148158800,AAPL
2019-01-03,33.76807403564453,34.60639781423897,33.72295119720163,34.19317161474013,365248800,AAPL
2019-01-04,35.20961380004883,35.278486653439785,34.15043005188284,34.32379352547417,234428400,AAPL
2019-01-07,35.131248474121094,35.34498772125398,34.649152921842216,35.314113428905806,219111200,AAPL
2019-01-08,35.80094909667969,36.05506039185335,35.271357298819396,35.518340693165854,164101200,AAPL
2019-01-09,36.40891647338867,36.69864919303754,35.534971211573676,35.929194550467045,180396400,AAPL
2019-01-10,36.52527618408203,36.565648290377936,35.82706812801261,36.21654426234322,143122800,AAPL
2019-01-11,36.16667938232422,36.50153493832651,35.98144090958733,36.306798636311406,108092800,AAPL
2019-01-14,35.622840881347656,35.924448615457706,35.43760239866407,35.824705095839064,129756800,AAPL
2019-01-15,36.3519287109375,36.427922231509605,35.63472106236991,35.686968193150925,114843600,AAPL
2019-01-16,36.7960205078125,37.01925755806657,36.33529785069117,36.354297134089684,122278800,AAPL
2019-01-17,37.01451110839844,37.44198597490383,36.397047009696955,36.62028408574662,119284800,AAPL
2019-01-18,37.242496490478516,37.49423066668109,37.04300581658366,37.40398497191301,135004000,AAPL
2019-01-22,36.40654754638672,37.2211215121317,36.2450554347819,37.145127995415336,121576000,AAPL
2019-01-23,36.55378723144531,36.84351998595546,36.02656885020508,36.60840791094517,92522400,AAPL
2019-01-24,36.2640495300293,36.68677359804413,36.036065388764655,36.59890508773824,101766000,AAPL
2019-01-25,37.46573257446289,37.55360472379612,36.64878503179591,36.92426561509673,134142000,AAPL
2019-01-28,37.11900329589844,37.1261275746307,36.49204140125868,36.997883309964045,104768400,AAPL
2019-01-29,36.734275817871094,37.553604147254646,36.59891089197935,37.10712999950282,166348800,AAPL
2019-01-30,39.24449157714844,39.45822714683114,38.052312966631995,38.76952042341593,244439200,AAPL
2019-01-31,39.527103424072266,40.13506597381766,39.080629341215584,39.44873274205534,162958400,AAPL
2019-02-01,39.54609298706055,40.130305383973045,39.40597376494257,39.650587204067136,130672400,AAPL
2019-02-04,40.66941833496094,40.766788323008775,39.726599996653896,39.75747429133821,125982000,AAPL
2019-02-05,41.36524200439453,41.578981228642604,40.93064652495009,41.051762882070676,144406400,AAPL
2019-02-06,41.379493713378906,41.695350007409324,41.04938886264292,41.476860058781234,112958400,AAPL
2019-02-07,40.59579849243164,41.30825545825531,40.453305649769504,40.942525519836124,126966800,AAPL
2019-02-08,40.643497467041016,40.70312351098446,40.16887284710859,40.30482197415641,95280000,AAPL
2019-02-11,40.40975570678711,40.83429643477586,40.36682670736698,40.79613489799055,83973600,AAPL
2019-02-12,40.757957458496094,40.784193049888984,40.47413705323205,40.5695408579712,89134000,AAPL
2019-02-13,40.58863067626953,41.13719089744632,40.52662091325393,40.87722227186637,89960800,AAPL
2019-02-14,40.736507415771484,40.846217281030114,40.39783197721137,40.47653877930612,87342800,AAPL
2019-02-15,40.645877838134766,40.95116286674207,40.486080490292245,40.843836724374356,98507200,AAPL
2019-02-19,40.76751708984375,40.88915654884462,40.4240741331249,40.47654534303019,75891200,AAPL
2019-02-20,41.02985763549805,41.33752994452727,40.78181498726989,40.8295150766272,104457600,AAPL
2019-02-21,40.79850387573242,41.11094361169805,40.617242100476865,40.974998190077166,68998800,AAPL
2019-02-22,41.254066467285156,41.26122130122351,40.87484571141324,40.92254581743053,75652800,AAPL
2019-02-25,41.554569244384766,41.945715831476846,41.48778838604835,41.53787584944258,87493600,AAPL
2019-02-26,41.57841873168945,41.80976799171946,41.30175311196315,41.43054735944564,68280800,AAPL
2019-02-27,41.70722198486328,41.73822869074752,41.19682321958781,41.311307838567444,111341600,AAPL
2019-02-28,41.296993255615234,41.71676290033313,41.24213831860219,41.57604632138093,112861600,AAPL
2019-03-01,41.731075286865234,41.774004290989986,41.234986172142804,41.56650682581731,103544800,AAPL
2019-03-04,41.94095993041992,42.39411639965305,41.4925709243222,41.9027983896276,109744800,AAPL
2019-03-05,41.86463165283203,41.97672889044358,41.62851124268091,41.9624192242437,78949600,AAPL
2019-03-06,41.62373352050781,41.85508277180671,41.48540071586533,41.65950767718971,83241600,AAPL
2019-03-07,41.14196014404297,41.60465871287591,41.0274791869895,41.46870961945666,99185600,AAPL
2019-03-08,41.239749908447266,41.27791144259841,40.42644995336146,40.62202508642293,95997600,AAPL
2019-03-11,42.66838836669922,42.72085956762917,41.82170159746949,41.85509203085361,128044000,AAPL
2019-03-12,43.14779281616211,43.56755887000828,42.7804943346723,42.93075313521677,129870400,AAPL
2019-03-13,43.338584899902344,43.71780557424151,43.15016460861008,43.46737552238741,124130000,AAPL
2019-03-14,43.82036590576172,43.908614914858006,43.54131649050845,43.8609111740343,94318000,AAPL
2019-03-15,44.3903923034668,44.678983933208535,43.822754887497275,44.08749464595025,156171600,AAPL
2019-03-18,44.84355926513672,44.93180465173593,44.31169229590509,44.31407966697112,104879200,AAPL
2019-03-19,44.48817443847656,45.07489619113061,44.34268677569581,44.92225369569541,126585600,AAPL
2019-03-20,44.876930236816406,45.19414111173891,44.05885931953551,44.416615452853335,124140800,AAPL
2019-03-21,46.5297737121582,46.82552016805965,45.270472092327076,45.32055956507145,204136800,AAPL
2019-03-22,45.56621551513672,47.14988281885893,45.501818379976086,46.58939664841029,169630800,AAPL
2019-03-25,45.0152702331543,45.78802127537282,44.50487154702467,45.67592404455743,175381200,AAPL
2019-03-26,44.5501823425293,46.002675178612826,44.02309028279383,45.71169986519132,199202000,AAPL
2019-03-27,44.950862884521484,45.25853153709928,44.49293550153321,45.01764373375207,119393600,AAPL
2019-03-28,45.010494232177734,45.210836803591036,44.72667376970035,45.065349156408665,83121600,AAPL
2019-03-29,45.30384826660156,45.334854960886794,44.967556647808,45.275228942204954,94256000,AAPL
2019-04-01,45.611541748046875,45.71648053267406,44.929419631902334,45.706941966538885,111448000,AAPL
2019-04-02,46.27458190917969,46.37952433040807,45.56622420517309,45.575762771064326,91062800,AAPL
2019-04-03,46.59177780151367,46.86605606321849,46.06706586546028,46.09091773138408,93087200,AAPL
2019-04-04,46.67287063598633,46.83505168659805,46.06468441762447,46.45821474988475,76457200,AAPL
2019-04-05,46.98529815673828,47.00915001760719,46.7300970747164,46.85412020052531,74106400,AAPL
2019-04-08,47.72467803955078,47.755681101848495,46.82790017839874,46.84698094558115,103526800,AAPL
2019-04-09,47.58156967163086,48.380559891254,47.51717254330135,47.7771447875635,143072800,AAPL
2019-04-10,47.848697662353516,47.8773206328261,47.26674699962892,47.38599906529268,86781200,AAPL
2019-04-11,47.45038986206055,47.93932399383451,47.32875408147207,47.90354983462724,83603200,AAPL
2019-04-12,47.43130874633789,47.7342099694247,46.796890612294,47.51001553529511,111042800,AAPL
2019-04-15,47.51716232299805,47.665037313255596,47.22618708191193,47.36213614144633,70146400,AAPL
2019-04-16,47.52195739746094,48.02758508951519,47.35738893259443,47.572044876053546,102785600,AAPL
2019-04-17,48.44734191894531,48.50696794754076,47.36930230294008,47.59110938245884,115627200,AAPL
2019-04-18,48.621456146240234,48.69062074842897,48.30186145878901,48.44496176516435,96783200,AAPL
2019-04-22,48.78125,48.87903756789539,48.25892536678017,48.375793702017404,77758000,AAPL
2019-04-23,49.484832763671875,49.54922989372461,48.63098759521515,48.75739448502875,93292000,AAPL
2019-04-24,49.408512115478516,49.723335647068595,49.38227651790569,49.456212209442604,70162400,AAPL
2019-04-25,48.960121154785156,49.55161030134446,48.92195962551455,49.32980323611612,74172800,AAPL
2019-04-26,48.72639846801758,48.893350644801465,48.20645752970833,48.869498774138975,74596400,AAPL
2019-04-29,48.800331115722656,49.12469688428121,48.62145301481061,48.750243646182206,88818800,AAPL
2019-04-30,47.860626220703125,48.51174151592459,47.488560337719434,48.43065098025572,186139600,AAPL
2019-05-01,50.20988845825195,51.352321593970665,49.9022161048594,50.05724596672888,259309200,AAPL
2019-05-02,49.88313674926758,50.71790119448601,49.63986515980281,50.04770517932468,127985200,AAPL
2019-05-03,50.503257751464844,50.524722253231914,50.140730395831206,50.298144020692696,83569600,AAPL
2019-05-06,49.723331451416016,49.809193069019926,48.53558210729825,48.72399873630715,129772400,AAPL
2019-05-07,48.38294219970703,49.47052032079765,47.898779164566115,49.10322560559148,155054800,AAPL
2019-05-08,48.392486572265625,48.97443723236416,48.11820827819037,48.153982442014374,105358000,AAPL
2019-05-09,47.87254333496094,48.10150523340118,46.904217269389115,47.79622027595835,139634400,AAPL
2019-05-10,47.209346771240234,47.60918573031847,46.1534958760035,47.26680951074046,164834800,AAPL
2019-05-13,44.465576171875,45.36580404744378,43.7784343150076,44.94202857472407,229722400,AAPL
2019-05-14,45.16947555541992,45.41847349035006,44.39135198547642,44.63077462238211,146118800,AAPL
2019-05-15,45.71056365966797,45.909284861741796,44.5373943474672,44.59724999917742,106178800,AAPL
2019-05-16,45.509456634521484,46.08167660785888,45.2125712406131,45.46875522341543,132125600,AAPL
2019-05-17,45.250877380371094,45.70577891917145,44.71456937030482,44.75527077928806,131516400,AAPL
2019-05-20,43.83588409423828,44.137558916174555,43.163107155315394,43.93883771462418,154449200,AAPL
2019-05-21,44.67625045776367,45.01144057519582,44.22134540890772,44.34584616108179,113459200,AAPL
2019-05-22,43.76167297363281,44.4631832586703,43.70660678542231,44.211788738048675,118994400,AAPL
2019-05-23,43.01466751098633,43.22535692609775,42.571734215795686,43.048186530660814,146118800,AAPL
2019-05-24,42.84946823120117,43.608437527210064,42.76566884967899,43.143957042131575,94858800,AAPL
2019-05-28,42.67228317260742,43.23732057790703,42.595669850740556,42.837485328671484,111792800,AAPL
2019-05-29,42.46878433227539,42.94044717291875,42.13837995674067,42.238937015968816,113924800,AAPL
2019-05-30,42.68904495239258,42.91170618886097,42.29878499432178,42.60524559159138,84873600,AAPL
2019-05-31,41.915714263916016,42.614827782966735,41.89656001846683,42.193441689682246,108174400,AAPL
2019-06-03,41.4919319152832,42.598063014392494,40.766481823880554,42.042604554336634,161584400,AAPL
2019-06-04,43.00988006591797,43.055370949044665,41.78403739904803,42.00430577492002,123872000,AAPL
2019-06-05,43.70420455932617,44.2907929158903,43.36901434411754,44.12080124391348,119093600,AAPL
2019-06-06,44.345848083496094,44.40570372515362,43.61081905035835,43.83348393703956,90105200,AAPL
2019-06-07,45.52619934082031,45.949978304421165,44.477530988810955,44.65470134906222,122737600,AAPL
2019-06-10,46.10800552368164,46.77599298149099,45.87815821635535,45.92364909565006,104883600,AAPL
2019-06-11,46.64191436767578,46.92682783549049,46.35221507841626,46.65388622788541,107731600,AAPL
2019-06-12,46.49347686767578,46.919648817978434,46.30193805046919,46.436014126524086,73012800,AAPL
2019-06-13,46.4838981628418,47.11597370565027,46.352218650285145,46.61558132869754,86698400,AAPL
2019-06-14,46.14631271362305,46.349819729325915,45.56212099174863,45.86139923834012,75046000,AAPL
2019-06-17,46.42164993286133,46.677833880392626,46.00984274939172,46.18462023261922,58676400,AAPL
2019-06-18,47.5134162902832,47.95395301650747,46.73768937090985,46.9388034867993,106204000,AAPL
2019-06-19,47.374542236328125,47.85578393485164,47.240466183129016,47.80789649873899,84496800,AAPL
2019-06-20,47.7552490234375,48.030583642175515,47.41287269373617,47.97312088419274,86056000,AAPL
2019-06-21,47.59242630004883,48.08803285817052,47.44158888613369,47.59721577519034,191202400,AAPL
2019-06-24,47.54454040527344,47.92282855213777,47.446376262360126,47.53496145541416,72881600,AAPL
2019-06-25,46.82387924194336,47.7073455597451,46.75683755347193,47.508624365019834,84281200,AAPL
2019-06-26,47.83663558959961,48.12154906442843,47.25005095787499,47.350608010173595,104270000,AAPL
2019-06-27,47.8222770690918,48.2604209170684,47.78157566069608,47.95395659195468,83598800,AAPL
2019-06-28,47.386531829833984,47.76482006624837,47.17823528732283,47.56849173394604,124442400,AAPL
2019-07-01,48.255638122558594,48.959541331408985,48.04015553537792,48.643501664863955,109012000,AAPL
2019-07-02,48.53814697265625,48.63391821311523,48.21013915067002,48.222111012389796,67740800,AAPL
2019-07-03,48.94038391113281,48.94756629824377,48.5285766680393,48.669835152287746,45448000,AAPL
2019-07-05,48.897281646728516,49.10079233915633,48.57884911730465,48.68659222111898,69062000,AAPL
2019-07-08,47.889312744140625,48.21971347045251,47.5038421856941,48.07845500360109,101354400,AAPL
2019-07-09,48.18140411376953,48.24604558375023,47.59960531085121,47.69297997634442,82312000,AAPL
2019-07-10,48.65785598754883,48.777567292500045,48.25802066740765,48.32745527012685,71588400,AAPL
2019-07-11,48.30350875854492,48.93558426605638,48.29393346215335,48.677007423897294,80767200,AAPL
2019-07-12,48.674617767333984,48.84221286513295,48.41125143272195,48.47110708574294,70380800,AAPL
2019-07-15,49.13191223144531,49.28992836732956,48.84220928460961,48.86375644132579,67789600,AAPL
2019-07-16,48.96192169189453,49.34739222396268,48.72249909193417,48.98346884909922,67467200,AAPL
2019-07-17,48.68659210205078,49.10318513012988,48.667437853715064,48.85418720836417,56430000,AAPL
2019-07-18,49.23965835571289,49.292331625927645,48.77038839924491,48.84221591801951,74162400,AAPL
2019-07-19,48.50462341308594,49.44076665116611,48.44955723828679,49.27077499857013,83717200,AAPL
2019-07-22,49.613155364990234,49.61554827599075,48.74883956490333,48.758414862204624,89111600,AAPL
2019-07-23,50.00102615356445,50.017787492917954,49.62992030943461,49.910048029344715,73420800,AAPL
2019-07-24,49.96030044555664,50.075222240596005,49.6011666394229,49.72087790813415,59966400,AAPL
2019-07-25,49.56527328491211,50.096791809335336,49.495838677205825,50.01299242853102,55638400,AAPL
2019-07-26,49.73765563964844,50.21410430811092,49.594000608507464,49.675403421281054,70475600,AAPL
2019-07-29,50.20214080810547,50.43198816555367,49.90525905247214,49.91004852852101,86693600,AAPL
2019-07-30,49.98664855957031,50.317052906207756,49.634697056404036,49.98185908479763,135742800,AAPL
2019-07-31,51.006595611572266,53.0009865627098,50.590002572472564,51.81584527199262,277125600,AAPL
2019-08-01,49.90285873413086,52.2013175225248,49.49823754428213,51.2125008575506,216071600,AAPL
2019-08-02,48.84699630737305,49.42400195472412,48.2747764812972,49.20852309178124,163448400,AAPL
2019-08-05,46.289974212646484,47.56130789792777,46.10801431407637,47.4032917256457,209572000,AAPL
2019-08-06,47.16624450683594,47.42242840063394,46.45755211897738,47.0010423552538,143299200,AAPL
2019-08-07,47.6546745300293,47.77917530974308,46.4048918709798,46.7855729428345,133457600,AAPL
2019-08-08,48.70573425292969,48.72967797252302,47.73846862611717,47.932400333607646,108038000,AAPL
2019-08-09,48.30438995361328,48.72977548121816,47.89582211277538,48.378892379334594,98478800,AAPL
2019-08-12,48.18180847167969,48.55913186457045,47.862166138995526,47.975122589913205,89927600,AAPL
2019-08-13,50.22224426269531,50.98409726275787,48.18182158394449,48.311603087933506,188874000,AAPL
2019-08-14,48.72737503051758,49.6142018262065,48.688920981443054,48.82591215607856,146189600,AAPL
2019-08-15,48.48463439941406,49.301762666206294,47.98714483073128,48.89800620511257,108909600,AAPL
2019-08-16,49.62861251831055,49.78723269268097,48.98932781591775,49.09507459883136,110481600,AAPL
2019-08-19,50.553890228271484,51.12587848929439,50.47698214806522,50.61877729536903,97654400,AAPL
2019-08-20,50.55629348754883,51.27488825272847,50.54668181087362,50.68126728740163,107537200,AAPL
2019-08-21,51.104251861572266,51.34698612513652,50.85430792354824,51.18836961984207,86141600,AAPL
2019-08-22,51.06099319458008,51.53685003904177,50.65002341946824,51.23643471626912,89014800,AAPL
2019-08-23,48.7009391784668,50.96246709693238,48.30679433653748,50.33279395070405,187272000,AAPL
2019-08-26,49.62621307373047,49.79444493377358,49.28253601154714,49.474802566101914,104174400,AAPL
2019-08-27,49.06623840332031,50.12129694945658,48.91482789577303,49.95546709208185,103493200,AAPL
2019-08-28,49.395503997802734,49.441167727719616,48.8643715966799,49.05183052262682,63755200,AAPL
2019-08-29,50.231849670410156,50.306355759343454,49.667070999812736,50.109281524994124,83962000,AAPL
2019-08-30,50.166961669921875,50.57792781692434,49.79684790345952,50.508233068974185,84573600,AAPL
2019-09-03,49.43634796142578,49.74397297835489,49.08065722319765,49.611789494397975,80092000,AAPL
2019-09-04,50.275115966796875,50.344810722376806,49.82569572550079,50.08284938745984,76752400,AAPL
2019-09-05,51.2580680847168,51.42389794369397,50.83267892479877,50.950443061493466,95654800,AAPL
2019-09-06,51.25326156616211,51.53204789572798,51.07301235316033,51.44312612414458,77449200,AAPL
2019-09-09,51.47195816040039,52.017513401260366,50.72693037676321,51.6329803297721,109237600,AAPL
2019-09-10,52.08000946044922,52.0992364848002,50.88075361239367,51.39746659829906,127111600,AAPL
2019-09-11,53.73588562011719,53.76472798311342,52.327538521905325,52.409254272019126,177158400,AAPL
2019-09-12,53.615726470947266,54.41603338856972,53.56045107438245,54.02669627568618,128906800,AAPL
2019-09-13,52.572689056396484,53.06296532020904,52.15691521661223,52.87310442243304,159053200,AAPL
2019-09-16,52.84907531738281,52.90435439095115,52.28669857278956,52.32755462683127,84632400,AAPL
2019-09-17,53.041343688964844,53.07018606180777,52.661618173292,52.86350011447142,73274800,AAPL
2019-09-18,53.53882598876953,53.558053012289186,52.738519012265336,53.12785615379395,101360000,AAPL
2019-09-19,53.10382080078125,53.77674823327691,52.962021972267294,53.356166754377384,88242400,AAPL
2019-09-20,52.32754898071289,53.48835439269536,52.26506390489358,53.20476404800031,221652400,AAPL
2019-09-23,52.56548309326172,52.83465410674232,52.3083257615272,52.620758497705765,76662000,AAPL
2019-09-24,52.315528869628906,53.471530215080406,52.19776839960509,53.12064347326149,124763200,AAPL
2019-09-25,53.120643615722656,53.233600080826086,52.1857511921416,52.5246205874519,87613600,AAPL
2019-09-26,52.846656799316406,53.09900638805851,52.59190520832725,52.87309349274994,75334000,AAPL
2019-09-27,52.58950424194336,53.103815105725225,52.21939052658369,53.00287233449689,101408000,AAPL
2019-09-30,53.82720947265625,53.973812278625275,53.06295107963088,53.08938777143443,103909600,AAPL
2019-10-01,53.976226806640625,54.84863417143314,53.882497362527516,54.09158894337955,139223200,AAPL
2019-10-02,52.62315368652344,53.733487563158945,52.37560808292696,53.60851376014331,138449200,AAPL
2019-10-03,53.07017517089844,53.10382154299348,51.70268392792921,52.49577750833809,114426000,AAPL
2019-10-04,54.557830810546875,54.6731929479549,53.80799525329293,54.22857675291312,138478800,AAPL
2019-10-07,54.56985092163086,55.259603442439,54.276645225102136,54.37999002003267,122306000,AAPL
2019-10-08,53.93055725097656,54.81017419574898,53.9137358998427,54.27183228459761,111820000,AAPL
2019-10-09,54.56263732910156,54.74528854203184,54.22857560601276,54.56263732910156,74770400,AAPL
2019-10-10,55.298057556152344,55.38217532730824,54.627532058419334,54.77893891244817,113013600,AAPL
2019-10-11,56.76888656616211,57.11255994872208,55.83158852183792,55.98540102647654,166795600,AAPL
2019-10-14,56.68717575073242,57.230329070079826,56.39877773778656,56.45405313736609,96427600,AAPL
2019-10-15,56.55500030517578,57.11497135397821,56.44925350323164,56.81215396701269,87360000,AAPL
2019-10-16,56.32668685913086,56.535778479358626,56.04549847383867,56.08635452976861,73903200,AAPL
2019-10-17,56.54537582397461,56.754463724015515,56.12239235171388,56.49971210622329,67585200,AAPL
2019-10-18,56.81694793701172,57.09813622863061,56.307441074815046,56.379541483040704,97433600,AAPL
2019-10-21,57.80231475830078,57.91767689190389,57.03565787328163,57.08372359535983,87247200,AAPL
2019-10-22,57.67013931274414,58.20848130833189,57.58842354511688,57.95853733426326,82293600,AAPL
2019-10-23,58.444000244140625,58.45842326091589,57.97295104383975,58.18444461705697,75828800,AAPL
2019-10-24,58.54014205932617,58.83334775862676,58.11475286162288,58.763649338023576,69275200,AAPL
2019-10-25,59.26113510131836,59.297183477090634,58.37190638286585,58.43919912909384,73477200,AAPL
2019-10-28,59.85476303100586,59.902828759965004,59.29478830404067,59.463020188987706,96572800,AAPL
2019-10-29,58.47043991088867,60.02298808307294,58.29740403976976,59.835529194446124,142839600,AAPL
2019-10-30,58.463233947753906,58.95351389312253,57.97055566675113,58.82373239756854,124522000,AAPL
2019-10-31,59.785064697265625,59.883601825447826,57.021243105367084,59.41976222287998,139162000,AAPL
2019-11-01,61.481815338134766,61.50824837261629,59.881201220466636,59.972525007605014,151125200,AAPL
2019-11-04,61.88556671142578,61.969684482565675,61.37606341335742,61.84470699366309,103272000,AAPL
2019-11-05,61.79664993286133,62.051401602500036,61.6019813425593,61.777419240231836,79897600,AAPL
2019-11-06,61.82307052612305,61.88315359336873,61.37365035662275,61.71011406632682,75864400,AAPL
2019-11-07,62.536598205566406,62.75837098318758,62.21840535973675,62.370270461445436,94940400,AAPL
2019-11-08,62.70774459838867,62.780057802220625,61.914675466597124,62.35821361498367,69986400,AAPL
2019-11-11,63.204315185546875,63.269397069308496,62.259380964786935,62.26419939293928,81821200,AAPL
2019-11-12,63.14643096923828,63.346509678112774,62.89574039489365,63.047598060431426,87388800,AAPL
2019-11-13,63.75149917602539,63.82622526597904,62.93191772221306,62.946380361792585,102734400,AAPL
2019-11-14,63.31039810180664,63.850356469050375,63.18022693956716,63.577964392452266,89182800,AAPL
2019-11-15,64.0624771118164,64.06729554078912,63.399578987253335,63.56108095621039,100206400,AAPL
2019-11-18,64.38546752929688,64.46501204164511,63.69364434245913,64.07209319455887,86703200,AAPL
2019-11-19,64.19023132324219,64.60243134404664,63.9732843310493,64.57832448794083,76167200,AAPL
2019-11-20,63.44294357299805,64.13958515679752,62.77040148157469,64.00942141500776,106234400,AAPL
2019-11-21,63.158512115478516,63.640619743137286,62.95843333042811,63.56348075718102,121395200,AAPL
2019-11-22,63.10307693481445,63.44055085554972,62.876485725953685,63.29832996596771,65325200,AAPL
2019-11-25,64.20948791503906,64.22636344351746,63.28142948162671,63.32723028385271,84020400,AAPL
2019-11-26,63.708106994628906,64.39993018161393,63.27661865903487,64.3468980545779,105207600,AAPL
2019-11-27,64.56385803222656,64.59760910005717,63.95399212630652,64.01907401320656,65235600,AAPL
2019-11-29,64.42161560058594,64.60240591564839,64.09619156219819,64.2649321321405,46617600,AAPL
2019-12-02,63.67677688598633,64.66268611017567,63.505630736496585,64.42645072231561,94487200,AAPL
2019-12-03,62.54141616821289,62.56069723689113,61.77968521879456,62.26661128399151,114430400,AAPL
2019-12-04,63.09341812133789,63.471874346050804,62.83790168645125,62.931916197819106,67181600,AAPL
2019-12-05,64.01905822753906,64.09379166553936,63.33206085496577,63.58757726755583,74424400,AAPL
2019-12-06,65.25569915771484,65.32560684844641,64.4337044765978,64.47709976941329,106075600,AAPL
2019-12-09,64.34210968017578,65.27739262489872,63.857588991235076,65.08455244908355,128042400,AAPL
2019-12-10,64.7181396484375,65.10141438333517,64.08657238840084,64.74706493312719,90420400,AAPL
2019-12-11,65.27014923095703,65.34970112214458,64.72295963208492,64.79768573812183,78756800,AAPL
2019-12-12,65.43647003173828,65.70163071358168,64.4385110100101,64.54939371100679,137310400,AAPL
2019-12-13,66.3259506225586,66.36210722075081,65.30870330727501,65.43646152513958,133587600,AAPL
2019-12-16,67.46131896972656,67.68550461462198,66.76709014300219,66.77190857113695,128186000,AAPL
2019-12-17,67.59391021728516,67.9217399186146,67.20580969773938,67.39142586827938,114158400,AAPL
2019-12-18,67.4323959350586,67.95307308973534,67.28294373773436,67.44685857632358,116028400,AAPL
2019-12-19,67.49989318847656,67.77951652381924,67.24197117220628,67.37454784079026,98369200,AAPL
2019-12-20,67.36006164550781,68.13384213651304,67.14793316484396,68.03260367934506,275978000,AAPL
2019-12-23,68.45928955078125,68.51955300989285,67.58426294746009,67.62283244405702,98572000,AAPL
2019-12-24,68.52437591552734,68.67383548324801,68.19895910016623,68.62562177025686,48478800,AAPL
2019-12-26,69.88391876220703,69.9007942963268,68.62803033131719,68.65695561473434,93121200,AAPL
2019-12-27,69.85738372802734,70.86258124508305,69.45241513604739,70.1755764887449,146266000,AAPL
2019-12-30,70.2719955444336,70.55403170483157,68.75335966764395,69.77542534439749,144114400,AAPL
2019-12-31,70.78545379638672,70.79268511683624,69.78990032835488,69.88873327875099,100805600,AAPL
2020-01-02,72.40052795410156,72.46079141879511,71.15668916006118,71.4097927692221,135480400,AAPL
2020-01-03,71.69664001464844,72.45595811976894,71.47246171476719,71.62914523544616,146322800,AAPL
2020-01-06,72.26791381835938,72.30648330246464,70.56848776436438,70.81918573286022,118387200,AAPL
2020-01-07,71.92803955078125,72.5330795245145,71.70867973246871,72.27756311117845,108872000,AAPL
2020-01-08,73.08511352539062,73.38643082203993,71.63155918060959,71.63155918060959,132079200,AAPL
2020-01-09,74.63749694824219,74.83033706552648,73.81068409472688,74.06137477592067,170108400,AAPL
2020-01-10,74.80623626708984,75.370308736383,74.30484750773756,74.87132551313572,140644800,AAPL
2020-01-13,76.40440368652344,76.43092342751396,75.00388181987825,75.12200317385458,121532000,AAPL
2020-01-14,75.37272644042969,76.55148346044966,75.24979396232517,76.34176775906714,161954400,AAPL
2020-01-15,75.04971313476562,76.05249814521463,74.61822463542303,75.17265296599935,121923600,AAPL
2020-01-16,75.98979949951172,76.10068954693726,75.23048148138665,75.5920621906251,108829200,AAPL
2020-01-17,76.8310775756836,76.83348311126043,75.9319442855303,76.2380799522902,137816400,AAPL
2020-01-21,76.31040954589844,76.90098699093934,76.1730071029982,76.45986173724447,110843200,AAPL
2020-01-22,76.58280944824219,77.13481745633268,76.48879491769239,76.79493065234263,101832400,AAPL
2020-01-23,76.95161437988281,77.03115890447519,76.08863757604202,76.63583446102108,104472000,AAPL
2020-01-24,76.72982788085938,77.93991520434014,76.53939333547534,77.19747280109205,146537600,AAPL
2020-01-27,74.47357940673828,75.15334557711078,73.49248860994267,74.74114561147599,161940000,AAPL
2020-01-28,76.58038330078125,76.75152944120848,75.25458738363722,75.35342032568062,162234000,AAPL
2020-01-29,78.18339538574219,79.0294966511186,77.46987813568431,78.20991513135742,216229200,AAPL
2020-01-30,78.07009887695312,78.12313101118072,76.8359045055242,77.26739289963146,126743200,AAPL
2020-01-31,74.60855102539062,77.78322490007396,74.31446514624638,77.36138082338869,199588400,AAPL
2020-02-03,74.4036865234375,75.56797344941275,72.8512990512171,73.3526878513845,173788400,AAPL
2020-02-04,76.86000061035156,77.05043515977154,75.60169956180454,76.00666815397705,136616400,AAPL
2020-02-05,77.48677062988281,78.28465836318001,76.88413594573808,77.98574655750554,118826800,AAPL
2020-02-06,78.39310455322266,78.39551744527337,77.19989265225486,77.75672634398214,105425600,AAPL
2020-02-07,77.32755279541016,78.14183107037995,76.8370524098855,77.89295663582978,117684000,AAPL
2020-02-10,77.69480895996094,77.69480895996094,75.83429386411699,75.91402717049185,109348800,AAPL
2020-02-11,77.22605895996094,78.26263625107545,77.0085971005104,78.19015142253798,94323200,AAPL
2020-02-12,79.06000518798828,79.06483505188083,77.67548599053883,77.67548599053883,113730400,AAPL
2020-02-13,78.49700164794922,78.82319807398167,78.12973294999506,78.33269781258844,94747600,AAPL
2020-02-14,78.51634979248047,78.76522420824622,78.00893385896474,78.4656030374421,80113600,AAPL
2020-02-18,77.07865905761719,77.25987847546425,76.01791785904396,76.19913727689102,152531200,AAPL
2020-02-19,78.19497680664062,78.4245243735885,77.32029218115534,77.32029218115534,93984000,AAPL
2020-02-20,77.39277648925781,78.44385067885128,76.88777921917897,77.95576899229526,100566000,AAPL
2020-02-21,75.6409912109375,77.4290289157497,75.0248480652508,76.9868493533589,129554000,AAPL
2020-02-24,72.04801940917969,73.49777501677713,69.8854717188165,71.82572767869755,222195200,AAPL
2020-02-25,69.60758972167969,73.09908711151304,69.13642361597664,72.71732141374063,230673600,AAPL
2020-02-26,70.71184539794922,71.97555199630173,69.22584701532031,69.2330955001589,198054800,AAPL
2020-02-27,66.08952331542969,69.10501764925158,65.95421338126829,67.92105203842019,320605600,AAPL
2020-02-28,66.05085754394531,67.27107285671417,61.94563554811998,62.1606861550344,426510000,AAPL
2020-03-02,72.20024108886719,72.83571844288954,67.10435128397388,68.20616489725688,341397200,AAPL
2020-03-03,69.90721130371094,73.45427795635602,69.05668336601278,73.37454464911569,319475600,AAPL
2020-03-04,73.14983367919922,73.30930768219956,70.82781196815235,71.62759322830975,219178400,AAPL
2020-03-05,70.77706909179688,72.37904277817594,70.41221158595323,71.40529059680607,187572800,AAPL
2020-03-06,69.83714294433594,70.26965542799252,67.95246362121284,68.13851293457299,226176800,AAPL
2020-03-09,64.31359100341797,67.19376858532901,63.54763339444034,63.728852881306615,286744800,AAPL
2020-03-10,68.94554138183594,69.21133137729244,65.08677501833562,66.96421319736713,285290000,AAPL
2020-03-11,66.55103302001953,67.95004932218703,65.68842661681832,67.02462518678024,255598800,AAPL
2020-03-12,59.97880172729492,65.23899909398826,59.92322879744106,61.8417392125565,418474000,AAPL
2020-03-13,67.16474914550781,67.63592258199654,61.11926832671573,64.00428573904365,370732000,AAPL
2020-03-16,58.52421951293945,62.60044418179931,57.99022457275424,58.46139441002403,322423600,AAPL
2020-03-17,61.097537994384766,62.24525757240569,57.60362512771133,59.804837684368415,324056000,AAPL
2020-03-18,59.601871490478516,60.40648633083556,57.294342975256725,57.93465394251518,300233600,AAPL
2020-03-19,59.14519119262695,61.09269547807698,58.62086339938416,59.775834978401704,271857200,AAPL
2020-03-20,55.390316009521484,60.84864355194953,55.090698602114166,59.72508103936076,401693200,AAPL
2020-03-23,54.21360778808594,55.211524041383235,51.37208822817037,55.11004159498472,336752800,AAPL
2020-03-24,59.652610778808594,59.848327192203485,56.61295613694801,57.110704962845915,287531200,AAPL
2020-03-25,59.32399368286133,62.399890444761496,59.02920978154729,60.587696143364745,303602000,AAPL
2020-03-26,62.44580078125,62.503788640032134,59.526959345508246,59.565620375975534,252087200,AAPL
2020-03-27,59.86040496826172,61.82482113234886,59.69368249851185,61.07094946417779,204216800,AAPL
2020-03-30,61.56871032714844,61.74026638113085,60.26151299763773,60.585294586356675,167976400,AAPL
2020-03-31,61.44305419921875,63.424386025978244,60.88973245903772,61.75958725464871,197002000,AAPL
2020-04-01,58.210105895996094,60.0972038911912,57.78001201918498,59.56079401122782,176218400,AAPL
2020-04-02,59.18143844604492,59.234596446659125,57.241182484383906,58.072376290076036,165934000,AAPL
2020-04-03,58.33090591430664,59.36747934105108,57.74133816366961,58.666765747737614,129880000,AAPL
2020-04-06,63.41954803466797,63.57418477082714,60.256665999907646,60.62393470039306,201820400,AAPL
2020-04-07,62.68501663208008,65.64977167238716,62.581119246295906,65.43230242458398,202887200,AAPL
2020-04-08,64.28941345214844,64.60352421399418,63.1199448269442,63.484794969799864,168895200,AAPL
2020-04-09,64.75332641601562,65.25591244712727,63.95838246710248,64.9248861243381,161834800,AAPL
2020-04-13,66.02428436279297,66.13301897916537,64.23141674512242,64.8306516969401,131022800,AAPL
2020-04-14,69.35871124267578,69.64866527052683,67.1840781553046,67.65525160710325,194994800,AAPL
2020-04-15,68.72566223144531,69.18475002856255,67.80748663721087,68.23516188327974,131154400,AAPL
2020-04-16,69.27172088623047,69.63657830758835,68.22306550095219,69.43844332553729,157125200,AAPL
2020-04-17,68.33182525634766,69.33457898800233,66.89656632293641,68.78850190508753,215250000,AAPL
2020-04-20,66.9134750366211,68.06119834153615,66.89414820439593,67.15993823398618,130015200,AAPL
2020-04-21,64.84513854980469,66.99077762058634,64.1347578473476,66.75640021366904,180991600,AAPL
2020-04-22,66.71292114257812,67.14784486961675,65.77058148476895,66.11126755910753,116862400,AAPL
2020-04-23,66.45439910888672,68.07812613908307,66.41573806366294,66.6573640659312,124814400,AAPL
2020-04-24,68.37288665771484,68.3825537591584,66.93037962499518,66.9787077583751,126161200,AAPL
2020-04-27,68.42122650146484,68.75225288764294,67.64319061344894,68.09019274144761,117087600,AAPL
2020-04-28,67.31214904785156,69.06393705890572,67.22033738750322,68.88271760948632,112004800,AAPL
2020-04-29,69.52301025390625,69.99176500480674,68.59516785102663,68.79813268535943,137280800,AAPL
2020-04-30,70.98970794677734,71.16609756172141,69.67285081769471,70.06186509494019,183064000,AAPL
2020-05-01,69.84679412841797,72.2461373205468,69.068758508474,69.16540738463718,240616800,AAPL
2020-05-04,70.83504486083984,70.96310628408554,69.18232470328076,69.8709599457229,133568000,AAPL
2020-05-05,71.89820098876953,72.72939466051092,71.1491592367676,71.2941362490643,147751200,AAPL
2020-05-06,72.64000701904297,73.27064717863384,72.21474300795924,72.59892736503848,142333600,AAPL
2020-05-07,73.3914566040039,73.73698728324429,72.96378136839786,73.26581377672255,115215200,AAPL
2020-05-08,75.1383056640625,75.19160756554702,73.72339119914562,74.05047071308249,133838400,AAPL
2020-05-11,76.32061004638672,76.81485582493812,74.4380900872954,74.64645469079235,145946400,AAPL
2020-05-12,75.44842529296875,77.45450365262057,75.32728527754581,77.00385895047138,162301200,AAPL
2020-05-13,74.53742980957031,76.54835795686193,73.46170617265714,75.6276896528906,200622400,AAPL
2020-05-14,74.99535369873047,75.05592369907653,73.05468852162736,73.77668558751988,158929200,AAPL
2020-05-15,74.55196380615234,74.5979975896763,72.7348641211466,72.76878686428954,166348400,AAPL
2020-05-18,76.30850982666016,76.68162311206635,75.18433442581173,75.8748339325949,135178400,AAPL
2020-05-19,75.8675537109375,77.17101374486556,75.83605613168199,76.32545901161194,101729600,AAPL
2020-05-20,77.34305572509766,77.41331160943199,76.68647152801736,76.72523721961544,111504800,AAPL
2020-05-21,76.76640319824219,77.74521626092047,76.52896618682993,77.20492931373624,102688800,AAPL
2020-05-22,77.26068115234375,77.3430554740474,76.40300778879455,76.5047612593345,81803200,AAPL
2020-05-26,76.73733520507812,78.55685269616119,76.68160815192094,78.37756788987811,125522000,AAPL
2020-05-27,77.07169342041016,77.21706291080646,75.85545038481993,76.59440888025136,112945200,AAPL
2020-05-28,77.1056137084961,78.36304756047794,76.47084126097369,76.74703662948228,133560800,AAPL
2020-05-29,77.0304946899414,77.80821132778638,76.67434283627068,77.34788086093664,153532400,AAPL
2020-06-01,77.97781372070312,78.09895371175787,76.85363105469186,76.9844643152945,80791200,AAPL
2020-06-02,78.33882904052734,78.36305852384227,77.27037315240064,77.7113246098117,87642800,AAPL
2020-06-03,78.77008819580078,79.0317547887438,78.08685668442773,78.65864144374004,104491200,AAPL
2020-06-04,78.0916976928711,78.8912188000404,77.71858439241902,78.59321910796065,87560400,AAPL
2020-06-05,80.3158187866211,80.37638878570603,78.31216587865904,78.34123829521202,137250400,AAPL
2020-06-08,80.79068756103516,80.82461031040765,79.30309219050388,80.01297082329648,95654400,AAPL
2020-06-09,83.34188842773438,83.73438081455681,80.43937898287314,80.47087656345983,147712400,AAPL
2020-06-10,85.48607635498047,85.95367499163955,83.8506863159115,84.28921253488384,166651600,AAPL
2020-06-11,81.38185119628906,85.05481691401155,81.28009773597238,84.63082691049463,201662400,AAPL
2020-06-12,82.0844497680664,84.26496946856898,80.97481077374836,83.5187504243347,200146000,AAPL
2020-06-15,83.099609375,83.75134312369018,80.57747385342842,80.73980469603605,138808800,AAPL
2020-06-16,85.30192565917969,85.57328542706455,83.51874869015089,85.1517132659384,165428800,AAPL
2020-06-17,85.1832046508789,86.10629064630962,85.06206467884026,86.04572066029029,114406400,AAPL
2020-06-18,85.21717071533203,85.6338927267527,84.60904538052024,85.13963931930007,96820400,AAPL
2020-06-19,84.73017883300781,86.38737347701915,83.6229572371665,85.92219992455999,264476000,AAPL
2020-06-22,86.9470443725586,87.08998872139854,85.07664200449912,85.12267580762732,135445200,AAPL
2020-06-23,88.80289459228516,90.22023417459731,87.77077935086206,88.18992644325299,212155600,AAPL
2020-06-24,87.23533630371094,89.3504433677871,86.86222303304002,88.43220009652119,192623200,AAPL
2020-06-25,88.3934326171875,88.43219830369976,86.63205971274161,87.39039728120305,137522400,AAPL
2020-06-26,85.67748260498047,88.50973656249651,85.52968795154212,88.2892608623175,205256800,AAPL
2020-06-29,87.65205383300781,87.74654657742667,85.10811395697272,85.58540582946648,130646000,AAPL
2020-06-30,88.38374328613281,88.66963931267749,87.22080221413067,87.24018136135113,140223200,AAPL
2020-07-01,88.216552734375,89.00396260480164,88.16810117862731,88.46125786012283,110737200,AAPL
2020-07-02,88.216552734375,89.75745712558465,88.10268825115901,89.12268481304834,114041600,AAPL
2020-07-06,90.5763931274414,91.04399182339071,89.61211592036983,89.64361350812392,118655600,AAPL
2020-07-07,90.29533386230469,91.7320524889195,90.18388713248098,90.95433575857336,112424400,AAPL
2020-07-08,92.39832305908203,92.42982064230873,91.18449788463136,91.27172253001288,117092000,AAPL
2020-07-09,92.79566955566406,93.34321735378231,91.74901813164107,93.28991545550893,125642800,AAPL
2020-07-10,92.95797729492188,93.01612951561695,91.78050018746696,92.39104305128085,90257200,AAPL
2020-07-13,92.52915954589844,96.86839541410872,92.31595195399946,94.26146013937891,191649200,AAPL
2020-07-14,94.06036376953125,94.25175963929699,90.97856198164641,91.91133403395911,170989200,AAPL
2020-07-15,94.7072525024414,96.18273684605151,93.51038868590005,95.93318873658312,153198000,AAPL
2020-07-16,93.54187774658203,94.39712579079603,92.94344589283693,93.58064343111674,110577600,AAPL
2020-07-17,93.3529052734375,94.14758336972574,92.8804563206502,93.99252801605422,92186800,AAPL
2020-07-20,95.32022094726562,95.45832232514117,93.09609226760277,93.44013312925429,90318000,AAPL
2020-07-21,94.00463104248047,96.18515083470295,93.75508296201137,96.11004463336359,103433200,AAPL
2020-07-22,94.26873016357422,94.94953641432485,93.6194214977863,93.70663875417605,89001600,AAPL
2020-07-23,89.97793579101562,94.07973387894577,89.16872158432245,94.00220251459487,197004400,AAPL
2020-07-24,89.75504302978516,90.09908386887433,86.39219558540321,88.17780532258647,185438800,AAPL
2020-07-27,91.88226318359375,91.97433076494785,90.59333922603253,90.81623268150157,121214000,AAPL
2020-07-28,90.37286376953125,91.63029754160469,90.36801343757494,91.45343048257014,103625600,AAPL
2020-07-29,92.10516357421875,92.28929873601002,90.81865739523712,90.85499791564365,90329200,AAPL
2020-07-30,93.21966552734375,93.32384416441144,90.8719714748946,91.27900014562395,158130000,AAPL
2020-07-31,102.97869873046875,103.12891115542561,97.71152622340603,99.70791855704327,374336800,AAPL
2020-08-03,105.57350158691406,108.19012242087766,104.56077304212948,104.85877268635082,308151200,AAPL
2020-08-04,106.27852630615234,107.36878610733102,105.04047188715032,105.76246881725352,173071600,AAPL
2020-08-05,106.66378021240234,106.98359161753405,105.5347544170492,105.9999353148589,121776800,AAPL
2020-08-06,110.38518524169922,110.87943850296628,106.40695185464003,106.99569046941184,202428800,AAPL
2020-08-07,107.87549591064453,110.36334336865978,107.07938502036484,109.90703455219526,198045600,AAPL
2020-08-10,109.44344329833984,110.46042737696229,106.79540187658976,109.31965534861051,212403600,AAPL
2020-08-11,106.1886215209961,109.20559017872704,105.9289127146506,108.70802360073796,187902400,AAPL
2020-08-12,109.71772003173828,109.97499928394977,107.08424089381839,107.27841139872632,165598000,AAPL
2020-08-13,111.6594467163086,112.66186835700262,110.60847874929773,111.09634192240293,210082000,AAPL
2020-08-14,111.55995178222656,111.64975583547505,109.75170820856059,111.48471014803833,165565200,AAPL
2020-08-17,111.2686767578125,112.70556367842538,110.64247058340116,112.68129051352851,119561600,AAPL
2020-08-18,112.19583892822266,112.62059332113643,110.686140161124,111.02109052467661,105633600,AAPL
2020-08-19,112.33660888671875,113.74922238512377,112.24195319013168,112.60359883769148,145538000,AAPL
2020-08-20,114.82933807373047,114.94341528440668,112.36090456064325,112.37789651709356,126907200,AAPL
2020-08-21,120.74676513671875,121.22976923366335,115.77592204362502,115.78805492165831,338054800,AAPL
2020-08-24,122.1909408569336,125.03316047656546,120.32687724435412,124.94820069131609,345937600,AAPL
2020-08-25,121.18851470947266,121.53317587987507,119.46765321039159,121.06473415847236,211495600,AAPL
2020-08-26,122.83655548095703,123.29286429117482,121.43850421682247,122.50403462016395,163022400,AAPL
2020-08-27,121.3681411743164,123.77103661532279,120.22493942657042,123.43851570109679,155552400,AAPL
2020-08-28,121.1715316772461,122.75889449051752,120.94822892350749,122.3414212260646,187630000,AAPL
2020-08-31,125.28073120117188,127.18363795139157,122.32930062500259,123.86327299785293,225702700,AAPL
2020-09-01,130.27098083496094,130.87292869764627,126.72732074484928,128.8923509024096,151948100,AAPL
2020-09-02,127.57197570800781,133.96028524180616,123.3001648971193,133.58164753272405,200119000,AAPL
2020-09-03,117.35845184326172,125.08655566898445,116.98952488777601,123.21278864677252,257599600,AAPL
2020-09-04,117.43610382080078,120.0962780604988,107.65947073062564,116.57203254505438,332607200,AAPL
2020-09-08,109.53324127197266,115.52349034053138,109.3973204514996,110.63031858211357,231366600,AAPL
2020-09-09,113.90215301513672,115.66913123084257,111.90216871799983,113.8439033465614,176940500,AAPL
2020-09-10,110.18373107910156,116.98951312845449,109.22257449751976,116.85359229498353,182274400,AAPL
2020-09-11,108.73712921142578,111.8730336076421,106.79539476122176,111.2322576836528,180860300,AAPL
2020-09-14,111.99925231933594,112.55264638404466,109.51383440164483,111.37789783991316,140150100,AAPL
2020-09-15,112.17398834228516,115.36814206757629,110.3002144975742,114.88270850580793,184642000,AAPL
2020-09-16,108.86335754394531,112.62061700186764,108.77598303445264,111.8730523722857,154679000,AAPL
2020-09-17,107.12548828125,108.93130194991431,105.54297733812126,106.52355532978139,178011000,AAPL
2020-09-18,103.72746276855469,107.64976770036112,102.99931226553164,107.18375552641913,287104900,AAPL
2020-09-21,106.87307739257812,106.97987339137704,100.09642017457678,101.49447149912258,195713800,AAPL
2020-09-22,108.55267333984375,109.5720869949024,105.97988085188311,109.3973305799532,183055400,AAPL
2020-09-23,103.99930572509766,108.84393137946276,103.65949625131259,108.36820848614498,150718700,AAPL
2020-09-24,105.06726837158203,107.03812795513899,101.94107424298952,102.10611991881453,167743300,AAPL
2020-09-25,109.00898742675781,109.16432976181966,104.53328824582925,105.27114952311253,149981400,AAPL
2020-09-28,111.61090087890625,111.96041368995603,109.49440992627346,111.65944720543573,137672400,AAPL
2020-09-29,110.76625061035156,111.9507099432901,110.26140285567331,111.21285610238571,99382200,AAPL
2020-09-30,112.43612670898438,113.84388857632474,110.30993260341256,110.47497824771594,142675200,AAPL
2020-10-01,113.38761138916016,114.29051842202628,112.45557951767428,114.21284724761975,116120400,AAPL
2020-10-02,109.72743225097656,112.00897660747881,108.95074276136629,109.60122215328667,144712000,AAPL
2020-10-05,113.10604095458984,113.25167253166546,110.24198536966455,110.59149819179417,106243800,AAPL
2020-10-06,109.86334228515625,112.73710847512729,108.97984952644627,112.32933859803765,161498200,AAPL
2020-10-07,111.7273941040039,112.1837028525209,110.80506586141273,111.28079610104412,96849000,AAPL
2020-10-08,111.62061309814453,113.00895361392693,111.25167878876417,112.86332203954677,83477200,AAPL
2020-10-09,113.56234741210938,113.59147224549314,111.57206651675105,111.92157933161523,100506900,AAPL
2020-10-12,120.77586364746094,121.53313876850623,115.8050216377269,116.56229675877219,240226800,AAPL
2020-10-13,117.57203674316406,121.73705863931524,116.1642820228976,121.62055188862823,262330500,AAPL
2020-10-14,117.659423828125,119.44581630770881,116.13516229019277,117.47495664988062,150712000,AAPL
2020-10-15,117.19336700439453,117.6690898104226,114.70794959332586,115.26134354523187,112559200,AAPL
2020-10-16,115.55262756347656,118.0089281560019,115.34874631090426,117.74678982617324,115393800,AAPL
2020-10-19,112.60118865966797,116.9118342796432,112.29051143113706,116.46523622657561,120639300,AAPL
2020-10-20,114.08660888671875,115.51378488263892,112.26137377590751,112.81476779400624,124423700,AAPL
2020-10-21,113.46527099609375,115.25166338254114,113.05750107559587,113.2710930798733,89946000,AAPL
2020-10-22,112.37788391113281,114.60117079702067,111.2516743484804,114.02835526922215,101988000,AAPL
2020-10-23,111.6885986328125,113.15461063894915,110.95073725522217,112.99926828276962,82572600,AAPL
2020-10-26,111.69828033447266,113.15458121285103,109.591492767667,110.6885775032748,111850700,AAPL
2020-10-27,113.20311737060547,113.86330738232272,111.203133250019,112.12545415431511,92276800,AAPL
2020-10-28,107.9604263305664,112.06719771840048,107.86334109500166,111.69827086040297,143937800,AAPL
2020-10-29,111.96043395996094,113.52353114594587,108.93132485149748,109.09637794730227,146129200,AAPL
2020-10-30,105.68860626220703,108.72741799712837,104.58181822292556,107.82451118538518,190272600,AAPL
2020-11-02,105.60122680664062,107.45558679697702,104.19347226654686,105.93132552110745,122866900,AAPL
2020-11-03,107.22257995605469,108.24198610997585,105.56239787070092,106.4653046968192,107624400,AAPL
2020-11-04,111.60118865966797,112.22254311397377,109.07693526315951,110.81478854874675,138235500,AAPL
2020-11-05,115.56233215332031,116.13514770518474,113.46526266207991,114.51379370413532,126387100,AAPL
2020-11-06,115.43104553222656,115.92703675245446,112.94133225108231,115.07120221763194,114457900,AAPL
2020-11-09,113.12611389160156,118.64042665215963,112.86353074963101,117.19134078148167,154515300,AAPL
2020-11-10,112.78572845458984,114.36124218625869,110.99624681601809,112.37726248118744,138023400,AAPL
2020-11-11,116.2090835571289,116.3452388928094,113.24283383562194,113.97224059958567,112295000,AAPL
2020-11-12,115.9367904663086,117.22054626875587,115.31436386026812,116.33553645263069,103162300,AAPL
2020-11-13,115.98538208007812,116.38412051420482,114.63354904794981,116.16043996869443,81581900,AAPL
2020-11-16,116.99683380126953,117.66788289766848,114.90586651270257,115.65472076865481,91183000,AAPL
2020-11-17,116.11184692382812,117.35670011994341,115.69365335764155,116.2674572832977,74271000,AAPL
2020-11-18,114.78916931152344,116.53002096182686,114.75999422898965,115.35324564020682,76322100,AAPL
2020-11-19,115.38240814208984,115.79087409284412,113.60265410249275,114.36123584529591,74113000,AAPL
2020-11-20,114.11811065673828,115.50884645150772,114.0694879933699,115.3824186228592,73604300,AAPL
2020-11-23,110.72394561767578,114.39043445067523,110.6266928661709,113.96251344016258,127959300,AAPL
2020-11-24,112.00768280029297,112.66901178958845,109.49852215679763,110.78228497711366,113874200,AAPL
2020-11-25,112.84408569335938,113.54431736019659,112.00769869351593,112.37726952874067,76499200,AAPL
2020-11-27,113.3886947631836,114.26398425207363,113.02885888768483,113.36924718338975,46691300,AAPL
2020-11-30,115.78116607666016,117.64844554887398,113.6026659391683,113.75827627180732,169410200,AAPL
2020-12-01,119.35039520263672,120.07980194572332,116.71480639467286,117.68734871878834,127728200,AAPL
2020-12-02,119.70050811767578,119.98254627518949,117.57063810536371,118.66960823368215,89004200,AAPL
2020-12-03,119.56433868408203,120.3812705585125,118.85437962376297,120.12840751265676,78967600,AAPL
2020-12-04,118.89330291748047,119.48655434771668,118.18334373345853,119.23369125780223,78260400,AAPL
2020-12-07,120.35211181640625,121.14959622013072,118.89329833984375,118.95164850453536,86712000,AAPL
2020-12-08,120.96481323242188,121.54834457068203,119.71023272701726,120.95509315138429,82225500,AAPL
2020-12-09,118.43621063232422,122.49171060296122,117.67762875809393,121.11070219500817,115089200,AAPL
2020-12-10,119.85610961914062,120.46881600995408,116.85095750767795,117.1913458248472,81312200,AAPL
2020-12-11,119.04889678955078,119.38928508279156,117.23996766557605,119.06834436920384,86939800,AAPL
2020-12-14,118.43621063232422,119.96310188222377,118.20280253715556,119.23369509240086,79184500,AAPL
2020-12-15,124.36871337890625,124.38816838110739,120.7216795566684,120.9259125603246,157243700,AAPL
2020-12-16,124.30061340332031,124.84523464866267,123.08493568074685,123.91160246802319,98208600,AAPL
2020-12-17,125.16617584228516,126.02201771109635,124.52429444067675,125.36068131070151,94359800,AAPL
2020-12-18,123.18221282958984,125.55521844582084,122.65703909059238,125.41906311570027,192541500,AAPL
2020-12-21,124.7090835571289,124.78688871478423,120.06033297589273,121.58722395031434,121251600,AAPL
2020-12-22,128.25885009765625,130.71938029303678,126.09007064495803,127.99625958942822,168904800,AAPL
2020-12-23,127.3641586303711,128.79378229896713,127.18909328249408,128.53120653688052,88223700,AAPL
2020-12-24,128.34637451171875,129.79546749710363,127.50026768364367,127.71422812013846,54930100,AAPL
2020-12-28,132.9368133544922,133.56895993255333,129.84412103088945,130.3109520335808,124486200,AAPL
2020-12-29,131.16676330566406,134.979126993658,130.65131712079605,134.2594552546887,121047300,AAPL
2020-12-30,130.04835510253906,132.2560302372561,129.73713444926724,131.85728434018318,96452100,AAPL
2020-12-31,129.046630859375,131.04034539862676,128.10326370918978,130.39846396533886,99116600,AAPL
2021-01-04,125.85669708251953,129.94137159533847,123.27945861661561,129.85384635373498,143301900,AAPL
2021-01-05,127.41277313232422,128.12273976147537,124.9036119861187,125.35098801490136,97664900,AAPL
2021-01-06,123.12386322021484,127.4516812419368,122.90990271047859,124.21311335164054,155088000,AAPL
2021-01-07,127.32522583007812,128.015737336711,124.34924900731144,124.8355201179548,109578200,AAPL
2021-01-08,128.4242401123047,128.98831654316814,126.65420563892411,128.79379617128217,105158200,AAPL
2021-01-11,125.4384994506836,126.59582714131227,124.97168331019907,125.64273985954293,100384500,AAPL
2021-01-12,125.26343536376953,126.1289973076945,123.376701166046,124.97166974271053,91951100,AAPL
2021-01-13,127.29606628417969,127.84068762018809,124.96197060419559,125.22454635131636,88636800,AAPL
2021-01-14,125.37042236328125,127.40303206132965,125.22453212496984,127.20852658339784,90221800,AAPL
2021-01-15,123.6490249633789,126.64445696844105,123.51286963768597,125.2439937099894,111598500,AAPL
2021-01-19,124.3200912475586,125.17593327026417,123.45452914361996,124.27146116175601,90757300,AAPL
2021-01-20,128.4047393798828,128.85211530015263,125.02029683978466,125.127277070296,104319500,AAPL
2021-01-21,133.11187744140625,135.8349992091979,129.92193946307938,130.12617990258715,120150900,AAPL
2021-01-22,135.25143432617188,136.0100159621577,131.31263593020583,132.53803360991805,114459400,AAPL
2021-01-25,138.99574279785156,141.10615779384105,132.79091821695442,139.14163304575837,157611700,AAPL
2021-01-26,139.2291717529297,140.33786948106203,137.48831256904506,139.65709277779112,98390600,AAPL
2021-01-27,138.1593475341797,140.3378474829839,136.55465878230473,139.49172564743122,140843800,AAPL
2021-01-28,133.32577514648438,138.09123970482818,132.94648437166097,135.68905985100915,142621100,AAPL
2021-01-29,128.33670043945312,132.98545188101477,126.63475125528835,132.1004347436925,177523800,AAPL
2021-02-01,130.45681762695312,131.66277536673383,127.3349504556567,130.07752674070377,106239800,AAPL
2021-02-02,131.2834930419922,132.56724118693242,130.91392221186754,132.0031648608857,83305400,AAPL
2021-02-03,130.26226806640625,132.0420215734524,129.94132744974428,132.0322866567034,89880900,AAPL
2021-02-04,133.6175537109375,133.62727378925396,130.89443296109326,132.55748642168908,84183100,AAPL
2021-02-05,133.20362854003906,133.8464691818489,132.32703847356598,133.77829722031976,75693800,AAPL
2021-02-08,133.34970092773438,133.39840366543814,131.41144491824002,132.49258030251252,71297200,AAPL
2021-02-09,132.47315979003906,134.29454199245745,132.3173317614118,133.0672978062939,76774200,AAPL
2021-02-10,131.8692626953125,133.42766158836056,130.90500170826476,132.93091432442992,73046600,AAPL
2021-02-11,131.6160125732422,132.84324151471785,130.29137814000228,132.36597838425936,64280000,AAPL
2021-02-12,131.8497772216797,132.0056200817279,130.21347177715296,130.85631242835694,60145100,AAPL
2021-02-16,129.72647094726562,132.47313069680968,129.33686380627134,131.96666370650627,80576300,AAPL
2021-02-17,127.43759155273438,128.78171035064747,126.10322222332451,127.83693334950489,97918500,AAPL
2021-02-18,126.33698272705078,126.61943492722637,124.09678975209331,125.84023543219843,96856700,AAPL
2021-02-19,126.49282836914062,127.31099612706664,125.4506606030865,126.85321691724961,87668800,AAPL
2021-02-22,122.72345733642578,126.34672250388937,122.3338575729678,124.68118332933157,103916400,AAPL
2021-02-23,122.58708953857422,123.41498433079913,115.31134105569778,120.54170021925478,158273000,AAPL
2021-02-24,122.09033966064453,122.29487783267318,119.05147832650884,121.69100535268275,111039900,AAPL
2021-02-25,117.8437271118164,123.17148430278391,117.40543205845579,121.43777330096201,148199500,AAPL
2021-02-26,118.10672760009766,121.60336880160652,118.04828280158641,119.40213630963001,164560400,AAPL
2021-03-01,124.4668960571289,124.60325484384613,119.5969181572381,120.53195302229754,116307900,AAPL
2021-03-02,121.86634063720703,125.37272355528646,121.75920051926317,125.07078727617044,102260900,AAPL
2021-03-03,118.88589477539062,122.44098002866822,118.6716145648539,121.56438254510716,112966300,AAPL
2021-03-04,117.006103515625,120.38586986301316,115.53537532437929,118.58397926186606,178155000,AAPL
2021-03-05,118.26253509521484,118.7690169305712,114.5126538027712,117.83398211644732,153766600,AAPL
2021-03-08,113.33414459228516,117.85348421909974,113.18804374548343,117.7853048147253,154376600,AAPL
2021-03-09,117.94113159179688,118.88590857647793,115.700946019303,115.93470289838993,129525800,AAPL
2021-03-10,116.8599853515625,118.99303047984385,116.34376148572666,118.52551679323263,111943300,AAPL
2021-03-11,118.78849792480469,120.00599237807343,118.10670400337277,119.35341713456053,103026500,AAPL
2021-03-12,117.88268280029297,118.01904158578925,116.06131583787986,117.2690682655597,88105100,AAPL
2021-03-15,120.76570892333984,120.77545095974142,117.28854502762586,118.25280599447676,92403800,AAPL
2021-03-16,122.30463409423828,123.9117284110974,121.47673927373422,122.4312508542222,115227900,AAPL
2021-03-17,121.51567840576172,122.58707194968112,119.15860369194408,120.82414250531377,111932600,AAPL
2021-03-18,117.39569091796875,119.97678079779097,117.19115272943903,119.68457913932171,121229700,AAPL
2021-03-19,116.8697280883789,118.27228410779664,116.56779183514182,116.7820720526636,185549500,AAPL
2021-03-22,120.18130493164062,120.6488260443175,117.13270167198472,117.20088106018801,111912300,AAPL
2021-03-23,119.35340881347656,121.00919818208511,118.9638091293934,120.12286614601692,95467100,AAPL
2021-03-24,116.96711730957031,119.70404974763237,116.94764066899515,119.62612832333967,88530500,AAPL
2021-03-25,117.45410919189453,118.49629146995656,115.90545997424265,116.43141841542507,98844700,AAPL
2021-03-26,118.05799865722656,118.32098161470867,115.82754797615723,117.22036189731419,94071200,AAPL
2021-03-29,118.23331451416016,119.3923715504468,117.59048134086395,118.48655542775977,80819200,AAPL
2021-03-30,116.78205871582031,117.26905645239088,115.76910253203405,116.98659687346046,85671900,AAPL
2021-03-31,118.97356414794922,120.30793336547684,117.99956854695249,118.48656634745086,118323800,AAPL
2021-04-01,119.80144500732422,120.95075998024407,119.30470522783453,120.44428559619276,75089100,AAPL
2021-04-05,122.62603759765625,122.87927851383142,119.86962848939254,120.64882787870255,88651200,AAPL
2021-04-06,122.92797088623047,123.82404496077191,122.38253578537845,123.21043047231339,80171300,AAPL
2021-04-07,124.57404327392578,124.59351991699825,121.88581323910961,122.55787260556289,83466700,AAPL
2021-04-08,126.97003936767578,126.99925804035509,125.17789142072495,125.59670230378828,88844600,AAPL
2021-04-09,129.54141235351562,129.58036563750287,126.1032091394081,126.42462946477704,106686700,AAPL
2021-04-12,127.8271713256836,129.39530463290586,127.23303349221449,129.07388434312833,91420000,AAPL
2021-04-13,130.9342498779297,131.15827961533503,128.49926034784548,128.9960077236605,91266500,AAPL
2021-04-14,128.59661865234375,131.48938634080065,128.2362450900617,131.43094899145666,87222800,AAPL
2021-04-15,131.0023651123047,131.4893627521274,130.16472857733012,130.3400554559003,89347100,AAPL
2021-04-16,130.6712646484375,131.16799709740084,129.81414368991753,130.8076234498389,84922400,AAPL
2021-04-19,131.33355712890625,131.9471790846723,129.87256379574342,130.0381412567294,94264200,AAPL
2021-04-20,129.64854431152344,132.00561168739057,128.3823471626382,131.50887932231677,94812300,AAPL
2021-04-21,130.02838134765625,130.27188018913125,127.8855945150741,128.91802722500978,68847100,AAPL
2021-04-22,128.5089874267578,130.66150947358742,127.99277092528317,129.58037371612286,84566500,AAPL
2021-04-23,130.8271026611328,131.60628729046172,128.72326849315886,128.72326849315886,78657500,AAPL
2021-04-26,131.21665954589844,131.54781441014728,130.0868213316481,131.3237996328013,66905100,AAPL
2021-04-27,130.895263671875,131.88874331170373,130.62254610203854,131.49913616765673,66015800,AAPL
2021-04-28,130.10633850097656,131.50889459107745,129.61934068424674,130.81735115204378,107760100,AAPL
2021-04-29,130.0089111328125,133.5055661641117,129.0056969879915,132.92116293750138,151101000,AAPL
2021-04-30,128.04144287109375,130.08682431063778,127.66158525646483,128.3531136734093,109839500,AAPL
2021-05-03,129.0933380126953,130.5835645811877,128.40180963228673,128.6063403344398,75135100,AAPL
2021-05-04,124.52534484863281,128.0706959218244,123.40524834260499,127.77849424860072,137564700,AAPL
2021-05-05,124.76884460449219,127.05772538948398,124.6422204183204,125.84023086704354,84000900,AAPL
2021-05-06,126.36619567871094,126.37593028448455,123.8240591134078,124.56429785702491,78128300,AAPL
2021-05-07,127.03936767578125,128.06378806137542,126.32713259923071,127.66378295557222,78973300,AAPL
2021-05-10,123.76117706298828,126.38566999347752,123.72215017730588,126.25884564134007,88071200,AAPL
2021-05-11,122.8440933227539,123.19532046962064,119.78054551827158,120.4927732833166,126142800,AAPL
2021-05-12,119.78055572509766,121.60502403427476,119.27322096428664,120.39522003263365,112172300,AAPL
2021-05-13,121.9269790649414,123.0782463378904,121.23426847309511,121.5464761686261,105861300,AAPL
2021-05-14,124.34659576416016,124.7758841676664,122.7855571745272,123.17581868284023,81918000,AAPL
2021-05-17,123.19530487060547,123.83923735283338,122.12209151050999,123.73191527246206,74244600,AAPL
2021-05-18,121.80989074707031,123.89778097564653,121.7415955505699,123.47825121325309,63342900,AAPL
2021-05-19,121.65380859375,121.8782039395482,119.86836719410006,120.16106519010208,92612000,AAPL
2021-05-20,124.20999908447266,124.61001915730156,122.05381347828964,122.18065274217139,76857100,AAPL
2021-05-21,122.37577819824219,124.8831983677244,122.16113401006866,124.70758107227505,79295400,AAPL
2021-05-24,124.0051040649414,124.82465387319235,122.87335402183648,122.94164921888921,63092900,AAPL
2021-05-25,123.80997467041016,125.19540319531397,123.24409593795775,124.70757079826137,72009500,AAPL
2021-05-26,123.76117706298828,124.28802885427459,123.34164734642422,123.86849913771053,56575900,AAPL
2021-05-27,122.22942352294922,124.5319579811851,122.03429651202822,123.3611810284224,94625600,AAPL
2021-05-28,121.57572174072266,122.73674738054733,121.51718513488855,122.51234465215454,71311100,AAPL
2021-06-01,121.25376892089844,122.29771402080185,120.92205152635813,122.03429182182089,67637100,AAPL
2021-06-02,122.0147933959961,122.19041070349643,121.02939220066231,121.25378754470101,59278900,AAPL
2021-06-03,120.53179931640625,121.80989840712398,120.13177925202119,121.64403969713835,76229200,AAPL
2021-06-04,122.8245849609375,123.08801464449839,120.83425795335646,121.04890215666704,75169300,AAPL
2021-06-07,122.83432006835938,123.24409122711307,121.79037500565761,123.0977422579531,71057600,AAPL
2021-06-08,123.65387725830078,125.33200387040455,123.13678395621102,123.51728685562117,74403800,AAPL
2021-06-09,124.03437042236328,124.63927604647924,123.43922338156383,124.11242420165917,56877900,AAPL
2021-06-10,123.03922271728516,125.06857651400928,122.87336400291547,123.9270603510902,71186400,AAPL
2021-06-11,124.24901580810547,124.3368281715762,123.02945340825438,123.44898317154788,53522400,AAPL
2021-06-14,127.30281829833984,127.36135492119467,123.97585539548058,124.70759295564363,96906500,AAPL
2021-06-15,126.4832763671875,127.41990699875254,126.23936384604688,126.775974370004,62746300,AAPL
2021-06-16,126.98084259033203,127.7028289556805,125.33200658203938,127.19548678307785,91815000,AAPL
2021-06-17,128.5808868408203,129.32239025268845,126.49299676283543,126.63935317228925,96721700,AAPL
2021-06-18,127.28327941894531,128.3076997988403,127.06863527203306,127.52719186886974,108953300,AAPL
2021-06-21,129.07850646972656,129.18582857227696,126.06375134431808,127.12720634134745,79663300,AAPL
2021-06-22,130.7176055908203,130.8151765627034,128.41507059443637,128.912661708904,74783600,AAPL
2021-06-23,130.4443817138672,131.04929474301073,129.98582509428016,130.51268434910727,60214200,AAPL
2021-06-24,130.1614990234375,131.36154462192493,129.69317620046218,131.17616869873564,68711000,AAPL
2021-06-25,129.86875915527344,130.6297648884673,129.57606120699057,130.2102425761428,70783700,AAPL
2021-06-28,131.4980926513672,131.95664929646315,130.10292043684166,130.1614570490265,62111300,AAPL
2021-06-29,133.0103759765625,133.16648356087228,131.07859300425446,131.51763255879192,64556100,AAPL
2021-06-30,133.6250457763672,134.0640853489463,132.56157584088896,132.8542738516881,63261400,AAPL
2021-07-01,133.92745971679688,133.98599632611845,132.45421890843855,133.27377610064684,52485800,AAPL
2021-07-02,136.552001953125,136.59102140885628,134.39580856478537,134.54215013282746,78852600,AAPL
2021-07-06,138.56182861328125,139.6643030810213,136.65931393358588,136.65931393358588,108181800,AAPL
2021-07-07,141.04971313476562,141.36191336128311,139.1862182535438,140.04478004189397,104911600,AAPL
2021-07-08,139.75210571289062,140.55213093920304,137.24467816832617,138.13252320539087,105575500,AAPL
2021-07-09,141.57656860351562,142.10341304013653,139.17646311232951,139.27403406481795,99890800,AAPL
2021-07-12,140.98141479492188,142.75710481226085,140.49358983023356,142.64978272453996,76299700,AAPL
2021-07-13,142.09368896484375,143.86937940514224,140.13263749909038,140.5228916089028,100827100,AAPL
2021-07-14,145.51817321777344,145.92795926693185,144.08396670742601,144.49375275658443,127050800,AAPL
2021-07-15,144.86451721191406,146.34750947636803,143.50836421958925,145.60602078776031,106820300,AAPL
2021-07-16,142.82537841796875,146.11331359035626,142.32780236268064,144.84498071759424,93251400,AAPL
2021-07-19,138.98133850097656,140.56190161268026,138.2203326975493,140.24968646910114,121434600,AAPL
2021-07-20,142.5912628173828,143.51814236544809,139.47895135835654,139.96677643113202,96350000,AAPL
2021-07-21,141.85951232910156,142.57174758950413,141.10827250404336,141.98635160042446,74993500,AAPL
2021-07-22,143.2254180908203,144.59132208932277,142.25951926436974,142.38635852395822,77338200,AAPL
2021-07-23,144.94256591796875,145.0986734955369,143.34250046599004,143.95716474814094,71447400,AAPL
2021-07-26,145.36207580566406,146.1816181027515,144.10347916841854,144.65960672609336,72434100,AAPL
2021-07-27,143.19613647460938,145.57672455410125,142.00584243486344,145.48890475095865,104818600,AAPL
2021-07-28,141.4497528076172,143.39130194121526,139.06916408946387,141.2838940706625,118931200,AAPL
2021-07-29,142.09368896484375,142.981534184993,141.05950217532487,141.16682428860926,56699500,AAPL
2021-07-30,142.30828857421875,142.7668451974614,140.60090132642787,140.8643309559415,70440600,AAPL
2021-08-02,141.97657775878906,143.37174997131473,141.71314811709883,142.7961201026742,62880000,AAPL
2021-08-03,143.7717742919922,144.43520909857267,141.64484970305608,142.2595139229218,64786600,AAPL
2021-08-04,143.3717498779297,144.191292221281,142.7180662311683,143.6839649919127,56368300,AAPL
2021-08-05,143.47909545898438,144.2401013148973,142.61076750096896,143.40104166770632,46397700,AAPL
2021-08-06,142.79510498046875,143.74290453377364,142.29678337483543,143.0003050001657,54126800,AAPL
2021-08-09,142.74623107910156,143.3422697557146,142.18928521610837,142.8537139522462,48908700,AAPL
2021-08-10,142.26748657226562,144.32919310328901,141.9743500451473,143.0882569205625,69023100,AAPL
2021-08-11,142.52154541015625,143.3618622586966,142.19909668704307,142.7071990606952,48493500,AAPL
2021-08-12,145.48216247558594,145.6385039280885,142.50196876649986,142.84396383015653,72282600,AAPL
2021-08-13,145.68736267089844,146.01957707570978,144.8763581583002,145.56033337689462,59375000,AAPL
2021-08-16,147.66114807128906,147.72955306203514,143.11758362273994,145.14019753721752,103296000,AAPL
2021-08-17,146.75241088867188,148.20829780218608,145.67758203815535,146.79148879708086,92229700,AAPL
2021-08-18,143.01011657714844,147.27032560258291,142.80491649169554,146.37138432871737,86326000,AAPL
2021-08-19,143.34228515625,144.61253336364982,141.1926423719419,141.71051038649435,86960300,AAPL
2021-08-20,144.79820251464844,145.10110479232438,143.4204712746936,144.06536865206095,60549600,AAPL
2021-08-23,146.28341674804688,146.7524262457425,144.50506608373868,144.91545125791524,60131800,AAPL
2021-08-24,146.1954345703125,147.40705833624506,145.73619092005404,146.02932738546966,48606400,AAPL
2021-08-25,144.9642791748047,146.87942449217206,144.4170990582826,146.38108802855803,58991300,AAPL
2021-08-26,144.16305541992188,145.70689371393732,144.13374326132688,144.95452843061085,48597200,AAPL
2021-08-27,145.19879150390625,145.3453522818871,143.4692997760321,144.1044163600025,55802400,AAPL
2021-08-30,149.61534118652344,149.97688265994054,145.2085727146907,145.58964568755835,90956700,AAPL
2021-08-31,148.35487365722656,149.3026732146875,147.8272249811444,149.16587817080352,86453100,AAPL
2021-09-01,149.0193328857422,151.4328005101191,148.85322564922996,149.33201585532615,80313700,AAPL
2021-09-02,150.13323974609375,151.17875665151738,148.9118498525865,150.3482055601146,71115500,AAPL
2021-09-03,150.76834106445312,151.09078972052774,149.5860293255129,150.24069238740682,57808700,AAPL
2021-09-07,153.1036376953125,153.66058362239795,150.8562777588282,151.4230043452141,82278300,AAPL
2021-09-08,151.559814453125,153.4456331023822,150.45567332943037,153.38700877891932,74420200,AAPL
2021-09-09,150.5435791015625,152.53688004294122,150.42631558063064,151.9310756713578,57305700,AAPL
2021-09-10,145.56033325195312,151.9213251437336,145.2965089144569,151.45231569560596,140893200,AAPL
2021-09-13,146.12709045410156,147.954284971399,145.3453979370689,147.18237311566395,102404300,AAPL
2021-09-14,144.72976684570312,147.61225802171091,143.54747014740659,146.9087364700221,109296300,AAPL
2021-09-15,145.61898803710938,146.0196075020286,143.01986675532632,145.1597442426009,83281300,AAPL
2021-09-16,145.3844451904297,145.56033305169905,143.8503875542624,145.04246503666727,68034100,AAPL
2021-09-17,142.71693420410156,145.41377207009813,142.42379770872697,145.41377207009813,129868800,AAPL
2021-09-20,139.66836547851562,141.52487196661303,138.0365905336095,140.50868223734292,123478900,AAPL
2021-09-21,140.14712524414062,141.29035906389458,139.51200859720305,140.6356810985669,75834000,AAPL
2021-09-22,142.5117950439453,143.07850689897464,140.41099524101992,141.14382926097258,76404300,AAPL
2021-09-23,143.4693145751953,143.71359250338787,142.30654925147212,143.29342671393508,64838200,AAPL
2021-09-24,143.55726623535156,144.09468071612673,142.22839356904527,142.32611071447462,53477900,AAPL
2021-09-27,142.04273986816406,142.6192471706429,140.52822848156046,142.14045701354505,74150700,AAPL
2021-09-28,138.66192626953125,141.43691994614318,138.44696050068399,139.97125238193445,108972300,AAPL
2021-09-29,139.56085205078125,141.1437680766469,138.77915978644447,139.2090912773067,74602000,AAPL
2021-09-30,138.2613067626953,141.075393254431,138.04634099404652,140.37187163149707,89056700,AAPL
2021-10-01,139.38497924804688,139.64880358400276,135.9260103602956,138.65214546670163,94639600,AAPL
2021-10-04,135.95533752441406,138.9550779570537,135.10525501528176,138.5153657120816,98322000,AAPL
2021-10-05,137.8802490234375,138.98439014714222,136.1703033445533,136.29733265175278,80861100,AAPL
2021-10-06,138.7498779296875,138.8964387383312,135.20295726507902,136.27778622694314,83221100,AAPL
2021-10-07,140.0103302001953,140.9190518423827,139.45338427911526,139.7855986818326,61732700,AAPL
2021-10-08,139.62924194335938,140.87994360098938,139.29702757701324,140.73338282452485,58773200,AAPL
2021-10-11,139.5413055419922,141.49552874663496,138.5641939396708,139.01367183693614,64452200,AAPL
2021-10-12,138.2710723876953,139.97125212650982,137.81182869231796,139.95170571768443,73035900,AAPL
2021-10-13,137.68484497070312,138.16362027198588,136.01397701826,138.00729369519374,78762700,AAPL
2021-10-14,140.4695587158203,140.58682224669744,138.27105760850728,138.85733053427336,69907100,AAPL
2021-10-15,141.5248565673828,141.58348088448486,140.22529620330172,140.47935479013262,67940300,AAPL
2021-10-18,143.19573974609375,143.47909561279081,139.88333128324254,140.1666871499396,85589200,AAPL
2021-10-19,145.35516357421875,145.75578303894451,143.195754584487,143.64521771748375,76378900,AAPL
2021-10-20,145.84371948242188,146.32250968957678,144.72981249251907,145.29653919398467,58418800,AAPL
2021-10-21,146.05865478515625,146.21499623763387,144.4855043297612,145.40399172614036,61421000,AAPL
2021-10-22,145.28675842285156,146.74264548774926,145.23789985010384,146.26387023963363,58883400,AAPL
2021-10-25,145.2378692626953,145.95115656405432,144.24121124480388,145.27694716693773,50720600,AAPL
2021-10-26,145.90232849121094,147.38752756365847,145.5994113354405,145.91209424092938,60893400,AAPL
2021-10-27,145.44309997558594,146.30294823636,145.0913391249601,145.94142163499626,56094900,AAPL
2021-10-28,149.07791137695312,149.66416934171193,146.29313758834866,146.39085470391106,100077900,AAPL
2021-10-29,146.37135314941406,146.5081482073945,143.0589446865979,143.85040287273776,124953200,AAPL
2021-11-01,145.5505828857422,146.2736360885386,144.41712959922393,145.57989504750188,74588300,AAPL
2021-11-02,146.58628845214844,148.10081443519022,145.2476354029817,145.25741606122364,69122000,AAPL
2021-11-03,148.02264404296875,148.49165344387518,146.39086943374969,146.9478153017873,54511500,AAPL
2021-11-04,147.50479125976562,148.94113176601576,147.192108353955,148.11059575284676,60394600,AAPL
2021-11-05,148.03317260742188,148.9334254421716,146.83935549516048,148.6300811635526,65463900,AAPL
2021-11-08,147.2112274169922,148.31697989696048,146.93723803048172,148.16041026715402,55020900,AAPL
2021-11-09,147.57330322265625,148.17999196283563,146.83939977322487,146.97639448653322,56787900,AAPL
2021-11-10,144.74530029296875,146.9078752619248,144.67681041564214,146.80023551358215,65187100,AAPL
2021-11-11,144.69635009765625,146.22286636426517,144.5104255646951,145.76296742917557,41000000,AAPL
2021-11-12,146.77085876464844,147.1720478294866,144.31471985327795,145.24432757919843,63804000,AAPL
2021-11-15,146.7806854248047,148.620341460146,146.22291165316477,147.14273967083543,59222800,AAPL
2021-11-16,147.7592010498047,148.23868992516853,146.13482479249984,146.72195341819835,59256200,AAPL
2021-11-17,150.19578552246094,151.67337235529826,147.7494408070529,147.7592208106454,88807000,AAPL
2021-11-18,154.4817352294922,155.26456834184324,149.765191484069,150.4110299216061,137827700,AAPL
2021-11-19,157.10423278808594,157.56414670764048,153.17050700157068,154.26646446197273,117305600,AAPL
2021-11-22,157.56417846679688,162.14372871908944,157.54460352782965,158.21000213967926,117467900,AAPL
2021-11-23,157.94583129882812,158.3274605436487,155.64626089330295,157.66204690088375,96041900,AAPL
2021-11-24,158.46441650390625,158.66012108108276,156.2137765381209,157.29995411244806,69463600,AAPL
2021-11-26,153.44451904296875,157.00639624695634,153.00417999336176,156.1452930856568,76959800,AAPL
2021-11-29,156.80091857910156,157.73052659848017,155.38202667808307,155.94958045222978,88748200,AAPL
2021-11-30,161.75233459472656,161.96761414950842,156.48779536992407,156.55630019703872,174048100,AAPL
2021-12-01,161.23370361328125,166.64501732963333,160.99884912795645,163.88553311945805,152052500,AAPL
2021-12-02,160.245361328125,160.6759203936693,154.41328379839803,155.3331118145511,136739200,AAPL
2021-12-03,158.36656188964844,161.41961013164072,156.29206642790317,160.49978216462458,118023100,AAPL
2021-12-06,161.77188110351562,164.27693555746282,160.7541933995356,160.76397340255957,107497000,AAPL
2021-12-07,167.50607299804688,167.8974970290668,164.7270295686555,165.45115282756737,120405400,AAPL
2021-12-08,171.32241821289062,172.18353634737676,167.03641741062992,168.4357343791699,116998900,AAPL
2021-12-09,170.8135528564453,172.95655298827864,170.18728927314578,171.15604705270513,108923700,AAPL
2021-12-10,175.59860229492188,175.77474686026093,170.9407678198788,171.4496116481563,115402700,AAPL
2021-12-13,171.96827697753906,178.221134326904,171.76277742360364,177.2328013708556,153237000,AAPL
2021-12-14,170.58848571777344,173.92530298904865,168.51399049049428,171.48873864529648,139380400,AAPL
2021-12-15,175.4518280029297,175.6475325738547,168.611843504033,171.35175229088827,131063300,AAPL
2021-12-16,168.56292724609375,177.25234826512832,167.0853404452438,175.4322672390144,150185800,AAPL
2021-12-17,167.4669647216797,169.74695967221308,166.0480878451819,166.28292736988075,195432700,AAPL
2021-12-20,166.10675048828125,166.91893845326396,163.8659060499926,164.66829908336342,107499100,AAPL
2021-12-21,169.2772674560547,169.48275204230814,165.49031583648394,167.8779505711604,91185900,AAPL
2021-12-22,171.870361328125,172.08564081700152,168.4552593739479,169.32615733120278,92135300,AAPL
2021-12-23,172.49664306640625,173.05441678226669,171.50832525865067,172.07587897729215,68356600,AAPL
2021-12-27,176.459716796875,176.54778161213417,173.26968906108772,173.2892490658333,74919600,AAPL
2021-12-28,175.44204711914062,177.43827272382592,174.69836371754772,176.29338521436063,79144300,AAPL
2021-12-29,175.5301055908203,176.7532777728696,174.316713410959,175.48117571727812,62348900,AAPL
2021-12-30,174.3754425048828,176.69458737092964,174.26780274374727,175.61818975957434,59773000,AAPL
2021-12-31,173.75897216796875,175.38333364161016,173.45561289396153,174.26780109643352,64062300,AAPL
2022-01-03,178.10365295410156,178.95499096160628,173.895952516217,174.01337226981713,104487900,AAPL
2022-01-04,175.84324645996094,179.01371442958575,175.27569272230144,178.71037008888723,99310400,AAPL
2022-01-05,171.16583251953125,176.3031560396219,170.89184312629723,175.7551772531539,94537600,AAPL
2022-01-06,168.3084716796875,171.53764883189484,167.95619753705944,168.99344503165895,96904000,AAPL
2022-01-07,168.474853515625,170.40257420223315,167.35932100577125,169.17940193566972,86709100,AAPL
2022-01-10,168.49444580078125,168.79779016511287,164.56071920573362,165.45119229098708,106765600,AAPL
2022-01-11,171.32241821289062,171.42026304461638,167.1538521125257,168.62165897014336,76138300,AAPL
2022-01-12,171.76272583007812,173.37730710526796,171.06797240622825,172.34005950483805,74805200,AAPL
2022-01-13,168.49444580078125,172.8293615927784,168.1030216763988,172.00739332853072,84505800,AAPL
2022-01-14,169.3555450439453,170.05029852382498,167.4180294399018,167.66266389110206,80440800,AAPL
2022-01-18,166.15574645996094,168.8369308798859,165.7741172577152,167.82903798853678,90956700,AAPL
2022-01-19,162.66233825683594,167.40825267441707,162.37856885772902,166.35143003303915,94815000,AAPL
2022-01-20,160.97927856445312,166.0383181560068,160.65635923759166,163.3962685823185,91420500,AAPL
2022-01-21,158.92430114746094,162.76016689126735,158.81666141018044,160.89115642180548,122848900,AAPL
2022-01-24,158.15127563476562,158.81668910799385,151.37979580013618,156.58562410189697,162294600,AAPL
2022-01-25,156.35076904296875,159.26680751652682,153.65001008067688,155.56793581393717,115798400,AAPL
2022-01-26,156.26271057128906,160.8618354481178,154.43284958250229,159.99093736491258,108275300,AAPL
2022-01-27,155.8027801513672,160.3236197319786,154.88295228679408,158.9634528706825,121954600,AAPL
2022-01-28,166.6743927001953,166.69396764253074,159.30600216370385,162.15355155561016,179935700,AAPL
2022-01-31,171.02880859375,171.2440880703996,165.87191101795182,166.5079694467073,115541600,AAPL
2022-02-01,170.86248779296875,171.08754730875657,168.61184784118433,170.2753591337895,86213900,AAPL
2022-02-02,172.0660858154297,172.105235689561,169.6099612749151,170.9994831805343,84914300,AAPL
2022-02-03,169.18919372558594,172.4575215973305,168.42593537257994,170.7352853699913,89418100,AAPL
2022-02-04,168.9050750732422,170.5805134014752,167.22963674500915,168.20942139418403,82465400,AAPL
2022-02-07,168.1898193359375,170.43351937589156,167.49416572772904,169.36555780513737,77251200,AAPL
2022-02-08,171.2957305908203,171.80522273077705,167.96445422996524,168.2583925780297,74829200,AAPL
2022-02-09,172.71641540527344,173.07893089654075,171.36430797248656,172.49106914991745,71285000,AAPL
2022-02-10,168.64048767089844,171.9325638827204,168.08201833200982,170.61965636290995,90865900,AAPL
2022-02-11,165.23086547851562,169.58111126110254,164.64298876993468,168.8462728505392,98670700,AAPL
2022-02-14,165.46600341796875,166.1518495458794,163.19289630795137,163.98651932384257,86185500,AAPL
2022-02-15,169.2969970703125,169.45376621533188,166.80835043202623,167.5137966342849,62527400,AAPL
2022-02-16,169.06182861328125,169.83585183660028,166.6123672162483,168.3759824121772,61177400,AAPL
2022-02-17,165.46600341796875,168.43474911832254,165.06428820364812,167.57253401447812,69589300,AAPL
2022-02-18,163.91796875,167.0924613280084,162.83040723152354,166.3870301609273,82772700,AAPL
2022-02-22,160.99819946289062,163.32028399061443,158.87205389872815,161.64484588368407,91162800,AAPL
2022-02-23,156.8341064453125,162.79118283457873,156.5205682404435,162.19351371308113,90009200,AAPL
2022-02-24,159.4501495361328,159.5579264390306,148.9272576589058,149.49553451506446,141147500,AAPL
2022-02-25,161.5175018310547,161.78203291625664,157.617948249187,160.5279097890242,91974200,AAPL
2022-02-28,161.78201293945312,162.07595128148682,159.14639022474867,159.76365924798694,95056600,AAPL
2022-03-01,159.9008331298828,163.23210951924372,158.69570233786408,161.37050993245586,83474400,AAPL
2022-03-02,163.1929168701172,163.97674752234462,159.65589394659725,161.06678613054137,79724800,AAPL
2022-03-03,162.86959838867188,165.4954290281514,162.20335200198932,165.06432138955572,76678400,AAPL
2022-03-04,159.87142944335938,162.2033212553789,158.82306783943153,161.16475211398938,83737200,AAPL
2022-03-07,156.0796661376953,161.68403439715155,155.82491261205914,160.05758861933697,96418800,AAPL
2022-03-08,154.2572784423828,159.58730866544224,152.65043241487155,155.60938587479396,131148300,AAPL
2022-03-09,159.6558837890625,160.10659124427465,156.1874531828048,158.21559935544633,91454900,AAPL
2022-03-10,155.31546020507812,157.1476526374479,152.82679892923494,156.96149116992498,105342000,AAPL
2022-03-11,151.60208129882812,156.060104640192,151.37673500562354,155.71717401765326,96970100,AAPL
2022-03-14,147.57518005371094,151.00442681332026,147.065702727949,148.38840322217212,108732100,AAPL
2022-03-15,151.95477294921875,152.42508026860065,147.33999637401098,147.84947354452075,92964300,AAPL
2022-03-16,156.36376953125,156.76548467380383,151.33748634511488,153.8751240401949,102300200,AAPL
2022-03-17,157.37295532226562,157.74527815418617,154.44340972475143,155.4035941882953,75615400,AAPL
2022-03-18,160.6650848388672,161.15497717032517,156.53039236533564,157.2652308625226,123511700,AAPL
2022-03-21,162.0367889404297,162.98718123956166,159.71468917177347,160.20458149296203,95811400,AAPL
2022-03-22,165.40725708007812,165.99511891868582,161.57629538795769,162.16415722656538,81532000,AAPL
2022-03-23,166.76914978027344,169.1500192740017,164.2608885491977,164.59402668830268,98062700,AAPL
2022-03-24,170.5510711669922,170.6196482982035,166.76910292949728,167.60191066747961,90131400,AAPL
2022-03-25,171.1879425048828,171.73661941189775,169.2577659174967,170.3649271443604,80546200,AAPL
2022-03-28,172.05018615722656,172.17754799227433,168.5229555265403,168.6895171187773,90371900,AAPL
2022-03-29,175.34225463867188,175.39123190730578,172.77520887835874,173.11813946075333,100589400,AAPL
2022-03-30,174.17630004882812,175.979099995584,173.12792342578476,174.94053078604693,92633200,AAPL
2022-03-31,171.08018493652344,174.43104638306448,170.87442359799343,174.2448849220912,103049300,AAPL
2022-04-01,170.78623962402344,171.34472398421482,168.46415506398156,170.5119011506989,78751300,AAPL
2022-04-04,174.83274841308594,174.8817406281064,170.9136104166494,171.0409871856376,76468400,AAPL
2022-04-05,171.52105712890625,174.695564012496,170.89399570193683,173.9117334912033,73401800,AAPL
2022-04-06,168.35635375976562,170.1199686542609,166.69072328453476,168.87563829115544,89058800,AAPL
2022-04-07,168.6601104736328,169.85544881098227,166.41641045043957,167.69992580849703,77594700,AAPL
2022-04-08,166.6515655517578,168.30740398265033,165.7795578216243,168.30740398265033,76575500,AAPL
2022-04-11,162.39927673339844,165.61296861541499,162.1543306146452,165.29944535757966,72246700,AAPL
2022-04-12,164.27066040039062,166.435975608999,163.27127610008927,164.6233833916544,79265200,AAPL
2022-04-13,166.95526123046875,167.5823226689275,163.39865390857594,164.00611547230426,70618900,AAPL
2022-04-14,161.94859313964844,167.80771592706967,161.70364698483297,167.17084695435335,75329400,AAPL
2022-04-18,161.7330322265625,163.23210129361956,160.2633554980497,160.60627109784113,69023900,AAPL
2022-04-19,164.01593017578125,164.42745284930518,160.59649161266293,161.68405307765963,67723800,AAPL
2022-04-20,163.849365234375,165.4660187034269,162.74221886501599,165.34843439183405,67929800,AAPL
2022-04-21,163.05569458007812,168.06239274131497,162.55600999013035,165.49536276697418,87227800,AAPL
2022-04-22,158.51930236816406,164.47639297111272,158.2351714866705,163.0949084089232,84882400,AAPL
2022-04-25,159.58731079101562,159.87144172970685,155.2566649146805,157.862880430984,96046400,AAPL
2022-04-26,153.6302032470703,159.05820246882445,153.55181869779824,158.9700254572649,95623200,AAPL
2022-04-27,153.4048614501953,156.55975368530983,152.2389155403168,152.7582001127346,88063200,AAPL
2022-04-28,160.33192443847656,161.19413952588084,155.71713316880462,156.0306713643422,130216800,AAPL
2022-04-29,154.46302795410156,162.84018882642286,154.07112011517893,158.568327600733,131747600,AAPL
2022-05-02,154.76678466796875,155.0313157503038,150.17159242252777,153.5420538968097,123055300,AAPL
2022-05-03,156.25604248046875,157.46118829235783,153.15993453329665,154.95292717961667,88966500,AAPL
2022-05-04,162.663818359375,163.11451083359574,156.040465917951,156.4421811299961,108256500,AAPL
2022-05-05,153.600830078125,160.76305283929582,151.8176149978829,160.53770657596968,130525300,AAPL
2022-05-06,154.32691955566406,156.44636712680793,151.2851189689877,153.0807608024048,116124600,AAPL
2022-05-09,149.20494079589844,152.90416000742098,148.6456508199546,152.0210492953049,131577900,AAPL
2022-05-10,151.6089324951172,153.79707304983472,150.05859659800515,152.59997843272657,115366700,AAPL
2022-05-11,143.74932861328125,152.53128118939546,143.07228159830737,150.61789721596364,142689800,AAPL
2022-05-12,139.88330078125,143.45495579096956,136.19390367446763,140.08936442340104,182602000,AAPL
2022-05-13,144.347900390625,145.31931779066926,140.4230033804494,141.87521108197208,113990900,AAPL
2022-05-16,142.80734252929688,144.7501769403197,141.4728772141811,142.8171643521235,86643800,AAPL
2022-05-17,146.4378662109375,146.95791370140876,143.92592034755194,146.06499632256597,78336300,AAPL
2022-05-18,138.1759796142578,144.59317839270622,137.27324030149254,144.09275951105042,109742900,AAPL
2022-05-19,134.7711181640625,139.0001910759216,134.03520018713232,137.25361360845713,136095600,AAPL
2022-05-20,135.00660705566406,138.05821430560903,130.12011571020568,136.47844306099526,137426100,AAPL
2022-05-23,140.42295837402344,140.57013597581613,135.06546908443286,135.20283983686906,117726300,AAPL
2022-05-24,137.72459411621094,139.30436527340177,134.75148674775386,138.1661418989175,104132700,AAPL
2022-05-25,137.88160705566406,139.12775081330722,135.7425308510417,135.83083742178036,92482700,AAPL
2022-05-26,141.0803985595703,141.62988165478208,134.56507119637524,134.81037721904417,90601500,AAPL
2022-05-27,146.8303680419922,146.869610416665,142.5326018592053,142.6601657784012,90978500,AAPL
2022-05-31,146.0454559326172,147.8312917697991,144.08300686615698,146.2711483553148,103718400,AAPL
2022-06-01,145.91783142089844,148.89093902040028,144.90715690011942,147.08547543452738,74286600,AAPL
2022-06-02,148.3708953857422,148.429766433254,144.1025647736461,145.05435330119587,72348100,AAPL
2022-06-03,142.65037536621094,145.19174238635256,141.74765092180013,144.14182533230215,88570300,AAPL
2022-06-06,143.3960723876953,145.78045445382116,142.17934925780943,144.2693611343495,71598400,AAPL
2022-06-07,145.91783142089844,146.20237980048756,141.39438806442126,141.63969407079793,67808200,AAPL
2022-06-08,145.18194580078125,147.05607272879104,144.6913336785422,145.79030004122362,53950200,AAPL
2022-06-09,139.96180725097656,145.17210490927135,139.85387199936835,144.31844471982856,69473000,AAPL
2022-06-10,134.55526733398438,138.11710068108783,134.48657445941151,137.6461172993445,91437900,AAPL
2022-06-13,129.40383911132812,132.6614953380435,128.97209811172078,130.37524138815306,122207100,AAPL
2022-06-14,130.26730346679688,131.3760914682962,129.01133784221852,130.63036655754385,84784300,AAPL
2022-06-15,132.88719177246094,134.76133366612893,129.67859928442957,131.7685967366082,91533000,AAPL
2022-06-16,127.61800384521484,129.90425779121338,126.61715107258264,129.60008071626916,108123900,AAPL
2022-06-17,129.08984375,130.58130861525225,127.37270152778396,127.62782938306579,134520300,AAPL
2022-06-21,133.3188934326172,134.48655232988557,130.81678433537272,130.91489774710016,81000500,AAPL
2022-06-22,132.80868530273438,135.17342395812105,131.39572023105475,132.25918724085466,73409200,AAPL
2022-06-23,135.6738739013672,135.98785785879153,133.08344262037107,134.25110181028134,72433800,AAPL
2022-06-24,139.0001983642578,139.24550436943025,137.14568556404583,137.27323450557805,89116800,AAPL
2022-06-27,139.0001983642578,140.79584011879487,138.32315139441545,140.02066475796738,70207900,AAPL
2022-06-28,134.85943603515625,140.72715167094702,134.74169394010806,139.46137923230657,67083400,AAPL
2022-06-29,136.61582946777344,138.02879459026983,134.1038981265762,134.87907356263912,66242400,AAPL
2022-06-30,134.1529541015625,135.77196780465343,131.2583461315228,134.67300165333307,98964500,AAPL
2022-07-01,136.3214569091797,136.4293921589786,133.11286488498627,133.48571986150768,71051600,AAPL
2022-07-05,138.90208435058594,138.951148551157,134.35901187342057,135.18325151505502,73353800,AAPL
2022-07-06,140.23654174804688,141.41400763305737,138.43109305954474,138.69602774966668,74064300,AAPL
2022-07-07,143.60214233398438,143.79838414491758,140.58977738452884,140.59958423477383,66253700,AAPL
2022-07-08,144.27915954589844,144.77959333061295,142.27746932390713,142.5325821547398,64547800,AAPL
2022-07-11,142.14996337890625,143.8867346289315,141.0804324564474,142.93494583450993,63141600,AAPL
2022-07-12,143.121337890625,145.66270453987497,142.32654882035914,143.0232094985196,77588800,AAPL
2022-07-13,142.75831604003906,143.70028289937923,139.45158026337106,140.30525550924634,71185600,AAPL
2022-07-14,145.68235778808594,146.1533412106034,140.5603662797928,141.37478416032295,78140700,AAPL
2022-07-15,147.35040283203125,148.0274497717396,145.41739039952375,146.96772607988603,76259900,AAPL
2022-07-18,144.3086395263672,148.7241480973096,143.9455764182645,147.9097302753274,81420900,AAPL
2022-07-19,148.16481018066406,148.39048748737392,144.15160798832517,145.1426387458673,82982400,AAPL
2022-07-20,150.1665496826172,150.83378994510406,147.54668278325192,148.28260095629702,64823400,AAPL
2022-07-21,152.43319702148438,152.64906755964233,149.0872186523304,151.59915039930192,65086600,AAPL
2022-07-22,151.1968231201172,153.34570636779952,150.5295978961148,152.47241748797757,66675400,AAPL
2022-07-25,150.0782012939453,152.1289557716175,149.4207830391442,151.11829629325123,53623900,AAPL
2022-07-26,148.7535858154297,150.21560020375307,147.96860350790257,149.40118236976926,55138700,AAPL
2022-07-27,153.84609985351562,154.37596918243503,149.30304304810883,149.7151553193297,78620700,AAPL
2022-07-28,154.3956298828125,154.68017830567564,151.51082841353704,154.03256675700305,81378700,AAPL
2022-07-29,159.458740234375,160.55772152561576,156.50526076605678,158.2125962735302,101786900,AAPL
2022-08-01,158.4774932861328,160.51844113720935,157.8691391572039,157.98688125382472,67829400,AAPL
2022-08-02,157.00564575195312,159.36059231885778,156.63279081571793,157.09396729027588,59907000,AAPL
2022-08-03,163.01080322265625,163.46215803132395,157.73181152029815,157.82011811691203,82507500,AAPL
2022-08-04,162.69676208496094,164.05085610462757,161.3426680652943,162.89300390623217,55474100,AAPL
2022-08-05,162.4707794189453,162.96207295817032,160.1616937873522,160.36804367078585,56697000,AAPL
2022-08-08,161.9991455078125,164.88795425048374,161.34081388850365,163.47302629545368,60276900,AAPL
2022-08-09,162.04823303222656,162.93257025599664,160.40731467514888,161.16391080154307,63135500,AAPL
2022-08-10,166.2930450439453,166.39129475740782,163.99377985120265,164.76019658442047,70170500,AAPL
2022-08-11,165.5560760498047,168.01254335724568,165.26129697429445,167.0987297224726,57149200,AAPL
2022-08-12,169.10324096679688,169.1720142653812,166.45024387983412,166.86294364369544,68039400,AAPL
2022-08-15,170.17425537109375,170.37076978453467,168.36629877849532,168.53333677957454,54091700,AAPL
2022-08-16,170.01702880859375,170.6851957704937,168.6708894053126,169.77138205657383,56377100,AAPL
2022-08-17,171.51055908203125,173.08268924248625,169.56504107416526,169.76155547008622,79542000,AAPL
2022-08-18,171.1175537109375,171.85449410589086,170.10549010131544,170.7245248308653,62290100,AAPL
2022-08-19,168.5333251953125,170.71466951867444,168.3269753298755,170.0170261568602,70346300,AAPL
2022-08-22,164.6521453857422,166.9022634916105,164.22962509055057,166.73522546568063,69026800,AAPL
2022-08-23,164.31800842285156,165.77224787707962,163.74810620318166,164.1706263803019,54147100,AAPL
2022-08-24,164.61280822753906,165.1827105189657,163.35509799580043,164.40647334198977,53841500,AAPL
2022-08-25,167.06927490234375,167.17736007756102,165.41853585512217,165.84104108991514,51218200,AAPL
2022-08-26,160.7709197998047,168.0715508070674,160.71196696415674,167.59991312879245,78961000,AAPL
2022-08-29,158.5699005126953,160.06342201093398,157.03706713692557,158.34389469961232,73314000,AAPL
2022-08-30,156.14291381835938,159.7293506019625,154.97363281420544,159.3068453614504,77906200,AAPL
2022-08-31,154.4823455810547,157.78383884788298,154.40373681361956,157.5185361319256,87991100,AAPL
2022-09-01,155.20945739746094,155.66143904544523,151.97673759886456,153.91243529158203,74229900,AAPL
2022-09-02,153.09689331054688,157.56766760419046,152.2715237467297,156.9682888748041,76957800,AAPL
2022-09-06,151.83914184570312,154.35456173500972,151.01377250572787,153.7453626973735,73714800,AAPL
2022-09-07,153.24427795410156,153.9419063408882,150.93519246411637,152.1241293530868,87449600,AAPL
2022-09-08,151.7703857421875,153.63729493578492,150.0213671908206,151.9472441951636,84923800,AAPL
2022-09-09,154.6297149658203,155.07189112050955,152.0553417641127,152.76280561990976,68028800,AAPL
2022-09-12,160.58416748046875,161.39971639450192,156.52609383916058,156.81103743896202,104956000,AAPL
2022-09-13,151.16122436523438,157.74455617782215,150.6994071417173,157.11570091498285,122656600,AAPL
2022-09-14,152.60557556152344,154.3644145838136,150.93518075875835,152.0946261536245,87965400,AAPL
2022-09-15,149.716796875,152.53683214610933,148.7440452074938,151.95709434204855,90481100,AAPL
2022-09-16,148.0758819580078,148.7145726076231,145.78645207689314,148.57701100499813,162278800,AAPL
2022-09-19,151.79005432128906,151.86866309017464,146.50374580326707,146.71008070263835,81474200,AAPL
2022-09-20,154.1678924560547,155.32735289857166,150.41441795742156,150.72883799724963,107689800,AAPL
2022-09-21,151.04327392578125,155.9758648340084,150.92536828428254,154.600234046477,101696800,AAPL
2022-09-22,150.08033752441406,151.78020876552435,148.28220159016286,149.7266056194288,86652500,AAPL
2022-09-23,147.81057739257812,148.83247642204518,145.97314422465584,148.55735322020942,96029900,AAPL
2022-09-26,148.1446533203125,151.09241446222893,147.03432515906897,147.05398109807987,93339400,AAPL
2022-09-27,149.11740112304688,152.02586530633175,147.33892101138343,150.08034720002962,84442700,AAPL
2022-09-28,147.2308349609375,148.01690757279204,142.31789987820665,145.06914652315353,146691400,AAPL
2022-09-29,139.99899291992188,144.16516723784525,138.2303333041484,143.55596808972413,128138200,AAPL
2022-09-30,135.79351806640625,140.60820327947016,135.59700366840286,138.8198877735382,124925300,AAPL
2022-10-03,139.9695281982422,140.57874239032802,135.29241903979042,135.8033685254817,114311700,AAPL
2022-10-04,143.55596923828125,143.67387488258018,141.7479977315321,142.504593932989,87830100,AAPL
2022-10-05,143.85073852539062,144.81368463210958,140.51976901629106,141.56132388640066,79471000,AAPL
2022-10-06,142.89761352539062,144.970872598081,142.6912786611767,143.27100136570334,68402200,AAPL
2022-10-07,137.650634765625,140.60823177983056,137.0217795686969,140.05797036356424,85925600,AAPL
2022-10-10,137.97486877441406,139.4192729060871,136.15709176712548,137.97486877441406,74899000,AAPL
2022-10-11,136.5599365234375,138.88867789955424,135.8131758038938,137.4639147607023,77033700,AAPL
2022-10-12,135.9310760498047,137.9159059012539,135.7542175942047,136.70732814205923,70433700,AAPL
2022-10-13,140.5001220703125,141.08966528093347,132.0302118420066,132.63942598399592,113224000,AAPL
2022-10-14,135.9704132080078,142.00349764686453,135.78371925254498,141.79714775053986,88598000,AAPL
2022-10-17,139.93020629882812,140.41166429206842,137.82747089841786,138.6135434297954,85250900,AAPL
2022-10-18,141.2469024658203,144.14553155258784,138.1615794221166,142.95660950013638,99136600,AAPL
2022-10-19,141.35499572753906,142.42601218125702,139.03608932702545,139.22278329462767,61758300,AAPL
2022-10-20,140.8931427001953,143.34961008460004,140.16602295690015,140.52959032509128,64522000,AAPL
2022-10-21,144.7056121826172,145.2755145225026,140.16604940438248,140.38221977444553,86548600,AAPL
2022-10-24,146.84762573242188,147.6140424012265,143.45770354454174,144.62698448602487,75981900,AAPL
2022-10-25,149.68728637695312,149.83468340940922,146.75918158114587,147.47646582788911,74732300,AAPL
2022-10-26,146.74937438964844,149.34340346890698,145.4621728259598,148.33134005875115,88194300,AAPL
2022-10-27,142.27859497070312,146.45458955551916,141.62026350591435,145.49165853167307,109180200,AAPL
2022-10-28,153.02810668945312,154.75745443354808,145.24601935139384,145.6193922207591,164762400,AAPL
2022-10-31,150.66989135742188,151.55422867895751,149.27461957607085,150.49303288896766,97943200,AAPL
2022-11-01,148.02671813964844,152.74313850206963,146.53319676946654,152.37958612806426,80379300,AAPL
2022-11-02,142.50457763671875,149.520247538893,142.47510122901483,146.35631650525693,93604600,AAPL
2022-11-03,136.46170043945312,140.31344004952294,136.33395931941936,139.58632020230726,97918500,AAPL
2022-11-04,136.19595336914062,140.41823769444377,132.25908536615194,139.84739003185524,140814800,AAPL
2022-11-07,136.7274169921875,136.95378268582516,133.52871190234,134.94598671425354,83374600,AAPL
2022-11-08,137.29827880859375,139.19781051108808,135.32000793975288,138.19391993058036,89908500,AAPL
2022-11-09,132.74134826660156,136.36327480735815,132.46576869499577,136.31406095143706,74917800,AAPL
2022-11-10,144.55194091796875,144.55194091796875,137.298266687944,139.0108096143879,118854000,AAPL
2022-11-11,147.3372802734375,147.64238513720315,142.0914019190675,143.5185285677149,93979700,AAPL
2022-11-14,145.93966674804688,147.90810035945074,145.10307645601756,146.61877874685428,73374100,AAPL
2022-11-15,147.6719207763672,151.16589433590542,146.2152837355369,149.81752177217496,89868300,AAPL
2022-11-16,146.44161987304688,147.50457588314197,144.96529458424104,146.77626501882386,64218300,AAPL
2022-11-17,148.3412322998047,149.08923203953424,143.84335204102572,144.1189316829242,80389400,AAPL
2022-11-18,148.90219116210938,150.2899408094876,147.60303246304494,149.9060967599958,74829600,AAPL
2022-11-21,145.6739501953125,147.99670287508093,145.3885338782466,147.790025718782,58724100,AAPL
2022-11-22,147.80972290039062,148.0459404204949,144.6110171948753,145.79208977743497,51804100,AAPL
2022-11-23,148.68568420410156,149.4336837921187,146.98297781162248,147.09124229312135,58301400,AAPL
2022-11-25,145.7723846435547,146.5302359602774,144.79800437919693,145.96922504559745,35195900,AAPL
2022-11-28,141.94378662109375,144.32559012136235,141.11704788902577,142.8492645206864,69246000,AAPL
2022-11-29,138.94192504882812,142.52447466230237,138.13487484288268,142.01267756953146,83763800,AAPL
2022-11-30,145.69363403320312,146.3727461321645,138.33169544585772,139.16827084330671,111380900,AAPL
2022-12-01,145.96923828125,146.77630352615344,144.29607218523327,145.87082558028513,71250400,AAPL
2022-12-02,145.47711181640625,145.66411544857186,143.35119950014382,143.65631938407483,65447400,AAPL
2022-12-05,144.3157501220703,148.53803463745106,143.46932286260514,145.4377569527139,68826400,AAPL
2022-12-06,140.6544647216797,144.97517704731527,139.68008441838234,144.74881132681773,64727200,AAPL
2022-12-07,138.71556091308594,141.10720126498546,137.79039443330282,139.9458322919547,69721100,AAPL
2022-12-08,140.3985595703125,141.25483863673134,138.87303512029186,140.11314322681335,62128300,AAPL
2022-12-09,139.91627502441406,143.27245818375033,138.67615214625445,140.09342685388958,76097000,AAPL
2022-12-12,142.2095184326172,142.21935519606154,138.8336463442299,140.44776160871248,70462700,AAPL
2022-12-13,143.17404174804688,147.6030180487257,141.9634590975565,147.14043487810696,93886200,AAPL
2022-12-14,140.94973754882812,144.34528354143862,138.93208948952125,143.05596154285573,82291200,AAPL
2022-12-15,134.34561157226562,139.5619643292127,133.88302841156911,138.88285224146853,98931900,AAPL
2022-12-16,132.38702392578125,135.47746472052233,131.61933586337778,134.5326248058533,160156900,AAPL
2022-12-19,130.28079223632812,133.0661279935264,129.24737645818792,132.97755207276447,79592600,AAPL
2022-12-20,130.21192932128906,131.146932591331,127.8399624333377,129.31628812854967,77432800,AAPL
2022-12-21,133.31219482421875,134.6507305969255,130.65481182459862,130.88117753836192,85928000,AAPL
2022-12-22,130.1430206298828,132.43624823454394,128.24348886904642,132.22957105725172,77852100,AAPL
2022-12-23,129.7788543701172,130.33001348787815,127.59389142616514,128.8536879861786,63814900,AAPL
2022-12-27,127.97774505615234,129.33596942535033,126.68842309082302,129.30644411453827,69007800,AAPL
2022-12-28,124.05071258544922,128.96195335269854,123.88339749624971,127.62341762114275,85438400,AAPL
2022-12-29,127.56436920166016,128.42063320760047,125.71404389802797,125.9699349180437,75703700,AAPL
2022-12-30,127.87930297851562,127.89899152283257,125.41876807644428,126.38330400552722,77034200,AAPL
2023-01-03,123.09602355957031,128.8340031338152,122.21022673136561,128.22379338136977,112117500,AAPL
2023-01-04,124.36566925048828,126.62937150933897,123.10587260552037,124.8873030948284,89113600,AAPL
2023-01-05,123.04680633544922,125.75340309203497,122.79091532129203,125.12350481122068,80962700,AAPL
2023-01-06,127.57421112060547,128.2336347517989,122.91886860960567,124.02119442530204,87754700,AAPL
2023-01-09,128.09584045410156,131.30439758356596,127.83994943275363,128.41079711233908,70790800,AAPL
2023-01-10,128.6666717529297,129.1883055110105,126.09786503081405,128.20408860626057,63896200,AAPL
2023-01-11,131.3831329345703,131.4028064616691,128.40095662151043,129.1784814447806,69458900,AAPL
2023-01-12,131.3043975830078,132.14097304777255,129.36548883237654,131.76698078856714,71379600,AAPL
2023-01-13,132.63307189941406,132.7905502170586,129.58200833933589,129.94616380817476,57809700,AAPL
2023-01-17,133.7944793701172,135.12316348796887,132.01304876349633,132.70199775252627,63646600,AAPL
2023-01-18,133.0760040283203,136.42233624485746,132.898837136548,134.6605941996835,69672800,AAPL
2023-01-19,133.13504028320312,134.0995687562006,131.65871475561192,131.96381962844052,58280400,AAPL
2023-01-20,135.69400024414062,135.84164181281548,132.10161400912494,133.14488168206822,80223600,AAPL
2023-01-23,138.88287353515625,141.0579999020067,135.72353008280908,135.94005904305521,81760300,AAPL
2023-01-24,140.28045654296875,140.90051809732327,138.0856567013407,138.0954934654877,66435100,AAPL
2023-01-25,139.6210174560547,140.18201330953534,136.61915274790366,138.6663258108729,65799300,AAPL
2023-01-26,141.68789672851562,141.9733130723702,139.66039693887691,140.91035682918778,54105100,AAPL
2023-01-27,143.6267852783203,144.9062704324847,140.82177572822627,140.90051489349364,70555800,AAPL
2023-01-30,140.74302673339844,143.2527830109075,140.59540019505755,142.67209860282117,64015300,AAPL
2023-01-31,142.01266479492188,142.06187864867766,140.03439402480078,140.4477633640219,65874500,AAPL
2023-02-01,143.13465881347656,144.29604258311244,139.0895417079852,141.69771052689384,77663600,AAPL
2023-02-02,148.4396209716797,148.79392468833726,145.83143680858885,146.54991104174482,118339000,AAPL
2023-02-03,152.0615234375,154.8960731461596,145.4967979818679,145.69363837431163,154357300,AAPL
2023-02-06,149.33523559570312,150.68362304726807,148.40023248441526,150.16198925829823,69858300,AAPL
2023-02-07,152.20916748046875,152.7800151967711,148.26246234257331,148.26246234257331,83322600,AAPL
2023-02-08,149.52224731445312,152.14026818212696,148.78408455222657,151.45131927430748,64120100,AAPL
2023-02-09,148.48880004882812,151.89419715713953,148.04590544398496,151.3528748543498,56007100,AAPL
2023-02-10,148.85354614257812,149.1788354914484,147.08911426452642,147.32569243849323,57450700,AAPL
2023-02-13,151.65298461914062,152.0571182724141,148.7648180243575,148.79438841262413,62199000,AAPL
2023-02-14,151.01226806640625,151.5741355635304,148.7056873791277,149.9476888936107,61707600,AAPL
2023-02-15,153.1118621826172,153.279432747917,150.696851620169,150.923562968411,65573800,AAPL
2023-02-16,151.51495361328125,154.0975339353721,151.16009398543864,151.31779767712388,68167900,AAPL
2023-02-17,150.37155151367188,150.81512239489066,148.69583093968438,150.17441057100683,59144100,AAPL
2023-02-21,146.35963439941406,149.13937074675135,146.29064185225675,148.05507322667935,58867200,AAPL
2023-02-22,146.78350830078125,147.80865006019064,145.05849901188733,146.74407109413818,51011300,AAPL
2023-02-23,147.26654052734375,148.19311959888688,145.13739706863274,147.946689634791,48394200,AAPL
2023-02-24,144.6149444580078,145.0880857046954,143.6390765358812,145.0092263234326,55469600,AAPL
2023-02-27,145.8076934814453,147.03984342133134,145.34440390077674,145.60070071444446,44998500,AAPL
2023-02-28,145.30494689941406,146.95109701970668,144.7332276594082,144.95008720013072,50547000,AAPL
2023-03-01,143.23492431640625,145.12750429739225,142.9392054041828,144.73322244168676,55479000,AAPL
2023-03-02,143.8263702392578,144.61494903595985,141.84506394442167,142.31822024697658,52238100,AAPL
2023-03-03,148.87326049804688,148.9521198871165,145.22610023869615,145.9259528752422,70732300,AAPL
2023-03-06,151.63330078125,154.06803024605406,151.26858921507775,151.59386356059247,87558000,AAPL
2023-03-07,149.43511962890625,151.83041139396585,148.9718301446463,151.50512207262017,56182000,AAPL
2023-03-08,150.68695068359375,151.2783884609091,149.66180891591966,150.62780991403972,47204800,AAPL
2023-03-09,148.4395294189453,152.33311931510104,148.08466971716794,151.36711819838627,53833600,AAPL
2023-03-10,146.37939453125,148.78455331931613,145.50210448552664,148.0649820559655,68572400,AAPL
2023-03-13,148.32125854492188,150.9531285889032,145.59081050522525,145.69924028415588,84457100,AAPL
2023-03-14,150.41098022460938,151.209410853691,147.95654755608294,149.11968969699433,73695900,AAPL
2023-03-15,150.80528259277344,151.06156433450928,147.77911548729296,149.03098388604963,77167900,AAPL
2023-03-16,153.62442016601562,154.22570978036399,149.47453364061312,149.98711209240733,76161100,AAPL
2023-03-17,152.7865753173828,154.50173325502132,152.07685582876627,153.85115455030763,98944600,AAPL
2023-03-20,155.1522979736328,155.56631354554972,151.94870846939224,152.85558396503848,73641400,AAPL
2023-03-21,157.0054168701172,157.12369840917287,154.30453974820858,155.0734148747329,73938300,AAPL
2023-03-22,155.57614135742188,159.82459083880553,155.55642275206148,157.02515051318744,75701800,AAPL
2023-03-23,156.66043090820312,159.24302685232914,155.4282812343858,156.56186795883147,67622100,AAPL
2023-03-24,157.96160888671875,158.0503200650471,155.5958872192805,156.5914588714899,59196500,AAPL
2023-03-27,156.01974487304688,158.47419284355544,155.6155961034445,157.65604352005258,52390300,AAPL
2023-03-28,155.39869689941406,156.22671283698608,153.75254688783264,155.71413440722972,45992200,AAPL
2023-03-29,158.4741973876953,158.75019776487642,157.07447689173614,157.09418046089732,51305700,AAPL
2023-03-30,160.04147338867188,160.14990317241256,158.96704237580855,159.22332411879057,49501700,AAPL
2023-03-31,162.54515075683594,162.64372872999678,159.59785887450244,160.1202890423036,68749800,AAPL
2023-04-03,163.7970428466797,163.91532439911353,161.87489241518372,161.92418140899423,56976200,AAPL
2023-04-04,163.26478576660156,164.4574983782598,162.75220722625122,164.22093523724538,46278300,AAPL
2023-04-05,161.42149353027344,162.69308068814559,159.48949085197538,162.38750991031526,51511700,AAPL
2023-04-06,162.30859375,162.60431263964267,159.68657599119575,160.11042820166983,45390100,AAPL
2023-04-10,159.71615600585938,159.71615600585938,157.79400566862077,159.11486640899105,47716900,AAPL
2023-04-11,158.5037384033203,160.04145880285023,158.21787125365222,160.03160702009572,47644200,AAPL
2023-04-12,157.81373596191406,159.7457382241708,157.49829842634344,158.9177372546322,50133100,AAPL
2023-04-13,163.1957550048828,163.4323331532267,159.11487595150933,159.32188371142138,68445600,AAPL
2023-04-14,162.8507843017578,163.94493394539444,161.48063430124813,162.23962776220338,49386500,AAPL
2023-04-17,162.87046813964844,163.02818690758198,161.68760746192598,162.73246797792896,41516200,AAPL
2023-04-18,164.09275817871094,165.019337094876,163.28446081239204,163.72804670609275,49923000,AAPL
2023-04-19,165.23622131347656,165.75865162452376,163.1760554202755,163.43235220441335,47720200,AAPL
2023-04-20,164.2701873779297,165.47276665465435,163.1957564794937,163.71818673436218,52456400,AAPL
2023-04-21,162.66346740722656,164.0730393438838,162.14103717495192,162.69303779464673,58337300,AAPL
2023-04-24,162.9690704345703,163.2352190150396,161.54963139325648,162.64378106752824,41949600,AAPL
2023-04-25,161.4313201904297,163.93504162144998,161.3918829793584,162.83104036567903,48714100,AAPL
2023-04-26,161.42149353027344,162.9197920651015,160.4752108015662,160.73149257373842,45498800,AAPL
2023-04-27,166.0050811767578,166.15293313578908,162.8310621018307,162.8310621018307,64902300,AAPL
2023-04-28,167.25692749023438,167.424513091262,165.4826438930684,166.08393356927388,55275900,AAPL
2023-05-01,167.16822814941406,168.01594783420873,166.23179728666088,166.8626573980738,52472900,AAPL
2023-05-02,166.1332244873047,167.91739013162538,165.14750459229282,167.66109333275145,48425700,AAPL
2023-05-03,165.0587615966797,168.47921017635485,164.77290950021637,167.07949000013943,65136000,AAPL
2023-05-04,163.42250061035156,164.65465052310523,161.96363932510113,162.53535868952594,81235400,AAPL
2023-05-05,171.0913848876953,171.8109560965244,168.32149974515366,168.5383592942621,113453200,AAPL
2023-05-08,171.0223846435547,171.36739258858663,169.65223472844943,170.0169462399646,55962800,AAPL
2023-05-09,169.3170623779297,171.0617752659888,169.14949184838724,170.57878228109809,45326900,AAPL
2023-05-10,171.08151245117188,171.54480192353225,169.44521410372417,170.5492304195713,53724500,AAPL
2023-05-11,171.26878356933594,172.0967844383617,169.71134476851833,171.36736154745756,49514700,AAPL
2023-05-12,170.3409423828125,171.8116866019269,168.79121464447562,171.3773676163626,45533100,AAPL
2023-05-15,169.847412109375,170.97268634600138,169.2551561693846,170.92332917405315,37266700,AAPL
2023-05-16,169.847412109375,170.903583292935,169.58089543020992,169.76844364659667,42110300,AAPL
2023-05-17,170.4593963623047,170.69628668546216,168.21871333171157,169.492059065459,57951600,AAPL
2023-05-18,172.78890991210938,172.97645812210007,170.35081330561755,170.76538642479474,65496700,AAPL
2023-05-19,172.8975067138672,174.11161490131875,172.68034719263906,174.11161490131875,55809500,AAPL
2023-05-22,171.9498748779297,172.4532969038887,171.20956254487746,171.73271538863227,43570900,AAPL
2023-05-23,169.343994140625,171.140492823502,169.06761204505847,170.89372201948225,50747300,AAPL
2023-05-24,169.62037658691406,170.19288666082696,168.317434571077,168.88006417332414,45143500,AAPL
2023-05-25,170.75555419921875,171.6537886011476,169.47234283142473,170.1830440486123,56058300,AAPL
2023-05-26,173.1639862060547,173.49960591702484,170.87396117733175,171.08125526170468,54835000,AAPL
2023-05-30,175.00987243652344,176.6780456265802,174.28930584342234,174.6742677286896,55964400,AAPL
2023-05-31,174.9604949951172,177.03337571367211,174.4768188110026,175.03946345752533,99625300,AAPL
2023-06-01,177.76380920410156,177.79342049505456,174.64462268903534,175.40468096744894,68901800,AAPL
2023-06-02,178.61268615722656,179.4319669478336,176.94451328757913,178.69165461361322,61996900,AAPL
2023-06-05,177.26040649414062,182.56103856696868,175.74028990045602,180.27101332814428,121946500,AAPL
2023-06-06,176.8951873779297,177.79342164547316,175.13816542041533,177.64536518975015,64848400,AAPL
2023-06-07,175.5231475830078,178.86935913776645,175.02960596689772,176.135134367242,61944600,AAPL
2023-06-08,178.2376251220703,178.50412674833163,175.1677956906412,175.60209965770608,50214900,AAPL
2023-06-09,178.62257385253906,179.8761586114367,178.29683460490384,179.15559212759166,48900000,AAPL
2023-06-12,181.416015625,181.51472997018058,178.63244881890137,178.92857679274874,54274900,AAPL
2023-06-13,180.9422149658203,181.7713612206094,180.08345742062403,180.4388079672042,54929100,AAPL
2023-06-14,181.57398986816406,182.0083089775052,179.66892612056023,181.00147968418688,57462900,AAPL
2023-06-15,183.60733032226562,184.11075236554325,181.40613912687283,181.58382192499832,65433200,AAPL
2023-06-16,182.5314483642578,184.57471809579366,181.8898502216663,184.31806678939995,101256200,AAPL
2023-06-20,182.62025451660156,183.69618663444365,182.02801364300083,182.02801364300083,49799100,AAPL
2023-06-21,181.58383178710938,183.015099412311,180.23151756348105,182.51167734169172,49515700,AAPL
2023-06-22,184.58453369140625,184.63389085713814,181.29754526800113,181.36664831236425,51245300,AAPL
2023-06-23,184.26869201660156,185.13733008755815,182.62026481317798,183.15329819733586,53117000,AAPL
2023-06-26,182.87692260742188,185.62101290744985,182.83743084186574,184.41677010681076,48088700,AAPL
2023-06-27,185.63087463378906,185.95661391553264,183.27174625542975,183.48890577659213,50730800,AAPL
2023-06-28,186.80548095703125,187.4470789620611,185.17679982937508,185.5025240055518,51216800,AAPL
2023-06-29,187.14112854003906,187.61493939202603,186.49953038780623,186.6377214542116,46347300,AAPL
2023-06-30,191.4645233154297,191.96793030893548,188.7895213028153,189.15475231695294,85213200,AAPL
2023-07-03,189.97406005859375,191.37571654835668,189.28308969373236,191.27700219289193,31458200,AAPL
2023-07-05,188.858642578125,190.48732393792235,188.15780683402295,189.09554798353173,46920300,AAPL
2023-07-06,189.33245849609375,189.5397526306188,186.7561703019228,187.38790305527482,45094300,AAPL
2023-07-07,188.21705627441406,190.18135767089103,187.7827522284123,188.93763800386844,46815000,AAPL
2023-07-10,186.1737518310547,187.53593138541007,184.62402407003376,186.8153498480431,59922200,AAPL
2023-07-11,185.6505889892578,186.85483156149365,184.18971023636405,186.71664053164818,46638100,AAPL
2023-07-12,187.3187713623047,189.22383458950753,186.0355602702456,187.22992243297554,60750200,AAPL
2023-07-13,188.0788116455078,188.72042471252908,187.32863389417258,188.0393349477294,41342300,AAPL
2023-07-14,188.2269287109375,188.71058991883484,187.18062275708184,187.77286373726778,41616200,AAPL
2023-07-17,191.48428344726562,191.81002272437502,189.33243414864154,189.42126802557274,50520200,AAPL
2023-07-18,191.22763061523438,191.8198865800326,189.93455398917624,190.85254922844402,48288200,AAPL
2023-07-19,192.57992553710938,195.6694855056854,190.1615598085878,190.60575926840173,80507300,AAPL
2023-07-20,190.63539123535156,193.9322456468904,190.01352397351403,192.57006595398724,59581200,AAPL
2023-07-21,189.4607696533203,192.4516308259383,188.75993388819955,191.5928731808388,71951700,AAPL
2023-07-24,190.26028442382812,192.3923877240068,189.76674282999198,190.9117629424984,45377800,AAPL
2023-07-25,191.11903381347656,191.92844922240585,190.4280786239598,190.83278632842445,37283200,AAPL
2023-07-26,191.9877166748047,193.11299112122768,190.82296552047956,191.16843566513836,47471900,AAPL
2023-07-27,190.72421264648438,194.65279947329122,190.06286872536143,193.48804855415668,47460200,AAPL
2023-07-28,193.3004913330078,194.0901608500724,191.63231843190331,192.15547128634879,48291400,AAPL
2023-07-31,193.91250610351562,193.9519978690126,192.73787459795656,193.52754422924545,38824100,AAPL
2023-08-01,193.08335876464844,194.1888872056883,192.7576194786216,193.70522604358104,35175100,AAPL
2023-08-02,190.0924835205078,192.65889079076135,189.37191700535638,192.52069974591456,50389300,AAPL
2023-08-03,188.70069885253906,189.885195713569,188.22690312046603,189.09554118067888,61235200,AAPL
2023-08-04,179.63926696777344,184.9596445164711,179.57016391801557,183.12366926443607,115956800,AAPL
2023-08-07,176.5398406982422,180.7645556934903,175.0592158617292,179.77747246914834,97576100,AAPL
2023-08-08,177.47756958007812,177.94149990785485,175.2862435821482,177.3689898212007,67823000,AAPL
2023-08-09,175.8883514404297,178.59294967088076,174.72358547458126,178.53372709089916,60378500,AAPL
2023-08-10,175.67123413085938,178.4153247814839,175.30601809212868,177.16172464458214,54686900,AAPL
2023-08-11,175.73049926757812,176.5508864753638,174.5048729038775,175.2659575562626,52036700,AAPL
2023-08-14,177.3811492919922,177.60848075837384,175.2560457553654,175.90840396188517,43675600,AAPL
2023-08-15,175.39443969726562,177.40092323969566,174.99907927707545,176.8078826094104,43622600,AAPL
2023-08-16,174.52464294433594,176.47180884084688,174.45544657600635,175.07815356283987,46964900,AAPL
2023-08-17,171.98439025878906,175.4537251155125,171.47040969711574,175.08801600845376,66062900,AAPL
2023-08-18,172.46873474121094,173.07166917955516,169.96804315644715,170.30410101859755,61172200,AAPL
2023-08-21,173.80307006835938,174.08971916130307,171.7274054668453,173.04200058882003,46311900,AAPL
2023-08-22,175.177001953125,175.62178623446252,174.20835828322907,175.00897300604348,42038900,AAPL
2023-08-23,179.0219268798828,179.44695366375947,176.264252478764,176.45205395893973,52722800,AAPL
2023-08-24,174.3368377685547,179.0021629998802,173.97111355320405,178.57713623123834,54945800,AAPL
2023-08-25,176.54098510742188,177.0747231196245,173.78331106065053,175.3252376314931,51449600,AAPL
2023-08-28,178.1027069091797,178.49806733287568,176.48170504077262,178.003859262239,43820700,AAPL
2023-08-29,181.9871826171875,182.7581460326424,177.4207046822572,177.61838490226515,53003900,AAPL
2023-08-30,185.4762725830078,185.67396786591692,182.5999932338842,182.79767343476072,60813900,AAPL
2023-08-31,185.69375610351562,186.92927641629686,185.3082743692093,185.6641048225717,60794500,AAPL
2023-09-01,187.2653350830078,187.7199980774023,186.09899615427736,187.29498636168424,45766500,AAPL
2023-09-05,187.5025177001953,187.77927298177536,185.43673181910435,186.09896874874457,45280000,AAPL
2023-09-06,180.79116821289062,186.6623614722439,179.36784680674066,186.21756222129898,81755800,AAPL
2023-09-07,175.50315856933594,176.14563807720947,171.5297216636145,173.1507234483217,112488800,AAPL
2023-09-08,176.11595153808594,178.15210111956102,175.73046991034678,176.28399552635892,65551300,AAPL
2023-09-11,177.28233337402344,178.21144703159865,175.2857283917044,177.9841155245434,58953100,AAPL
2023-09-12,174.25775146484375,178.04338672084478,172.79489994360574,177.4108010563609,90370200,AAPL
2023-09-13,172.1919708251953,175.24617287306006,171.96462426919445,174.46531572894506,84267900,AAPL
2023-09-14,173.70428466796875,174.06011513653888,171.56930185654795,171.9844348895405,60895800,AAPL
2023-09-15,172.98269653320312,174.45544195430384,171.806494041059,174.43566940930017,109259500,AAPL
2023-09-18,175.90841674804688,177.30208708635865,174.1292647291417,174.43567131089117,67257600,AAPL
2023-09-19,176.9956512451172,177.5491617634896,175.0781218907339,175.46360350760258,51826900,AAPL
2023-09-20,173.45713806152344,177.61836118650515,173.36816915467014,177.18345571133617,58436200,AAPL
2023-09-21,171.91519165039062,174.25774788080986,171.84601037143327,172.52801984046553,63149100,AAPL
2023-09-22,172.76524353027344,175.0287248458324,172.03382526857388,172.6466384244914,56725400,AAPL
2023-09-25,174.0403289794922,174.92001880772483,172.13267784152856,172.18210166869468,46172700,AAPL
2023-09-26,169.96804809570312,173.1705067749598,169.67152023376326,172.7949188930673,64588900,AAPL
2023-09-27,168.45574951171875,171.0355161486817,167.09174554279588,170.6203831944849,66921800,AAPL
2023-09-28,168.7127685546875,170.03724268196555,165.6783234920371,167.37840061261642,56294400,AAPL
2023-09-29,169.22674560546875,171.06520035560507,168.36681324873706,170.02736032081233,51861100,AAPL
2023-10-02,171.73727416992188,172.28090596787308,168.94993390517055,169.23658298137698,52164500,AAPL
2023-10-03,170.40292358398438,171.61868620307462,168.84123947337378,170.26454593815689,49594600,AAPL
2023-10-04,171.64834594726562,172.19197782627828,168.98950418793981,169.10810929534875,53020300,AAPL
2023-10-05,172.8838653564453,173.41760341955526,170.67968657288918,171.77682905786853,48527900,AAPL
2023-10-06,175.43397521972656,175.9281832590251,171.17388925206592,171.78671747657816,57266700,AAPL
2023-10-09,176.9165802001953,176.97588274537105,173.76353083741722,174.761825539281,42390800,AAPL
2023-10-10,176.3235626220703,177.63815795783916,175.8886570875863,176.03692856454262,43698000,AAPL
2023-10-11,177.71722412109375,177.76664794425923,175.54271164011269,176.13575227199846,47551100,AAPL
2023-10-12,178.61668395996094,180.227791982292,176.96601576479657,177.98409824545533,56743100,AAPL
2023-10-13,176.7782440185547,179.82255265296823,176.0764618780152,179.31846581874476,51427100,AAPL
2023-10-16,176.6497344970703,177.0055649122618,174.46532818230494,174.70255348644375,52517000,AAPL
2023-10-17,175.09788513183594,176.35317765161014,172.77511662397336,174.6036771409676,57549400,AAPL
2023-10-18,173.80307006835938,175.52291937992672,173.08153059369246,173.54608733160953,54764400,AAPL
2023-10-19,173.42750549316406,175.77992569036093,173.16062890788183,174.0007735918687,59302900,AAPL
2023-10-20,170.8773956298828,173.3879661145723,170.64017031492207,173.27923973046956,64244000,AAPL
2023-10-23,170.9960174560547,171.99431247525374,167.961572219047,168.93023103826835,55980100,AAPL
2023-10-24,171.43087768554688,171.65820914819068,169.46392436745393,171.04539603931104,43816600,AAPL
2023-10-25,169.11802673339844,171.05531414118843,168.67322735441405,169.88899020331988,57157000,AAPL
2023-10-26,164.956787109375,169.39478149468584,163.7509180796386,168.39647143119544,70625300,AAPL
2023-10-27,166.2713623046875,167.00279566914165,164.89746448966903,164.97653958977486,58499100,AAPL
2023-10-30,168.3173828125,169.18719386762373,166.91383366211736,167.06210513671374,51131000,AAPL
2023-10-31,168.7918243408203,168.92030818010912,165.9550598323106,167.38827526603964,44846000,AAPL
2023-11-01,171.9547882080078,172.21177102139242,168.149379347375,169.01919053427076,56934900,AAPL
2023-11-02,175.51303100585938,175.72058991359089,173.42747270619202,173.48677525125817,77334800,AAPL
2023-11-03,174.6036834716797,174.77172746685503,171.34192267930985,172.2216123316697,79829200,AAPL
2023-11-06,177.15383911132812,177.3515193436343,174.1688329148246,174.33686186638658,63841300,AAPL
2023-11-07,179.7138214111328,180.32663456302825,176.89682951103612,177.1043884447924,70530000,AAPL
2023-11-08,180.7714385986328,181.32494925868284,179.48649451949703,180.23770048559436,49340300,AAPL
2023-11-09,180.2969970703125,181.98718027395728,179.70394133589065,180.8406289798602,53763500,AAPL
2023-11-10,184.4834747314453,184.65174012268164,181.64298820237886,182.07846664625706,66133400,AAPL
2023-11-13,182.89991760253906,184.11726670158296,182.31598751701966,183.90943434662208,43627500,AAPL
2023-11-14,185.5128173828125,186.17592689168708,184.38453902262373,185.7701387274506,60108400,AAPL
2023-11-15,186.07691955566406,187.55160515956638,185.84928859059917,185.91857611582427,53790500,AAPL
2023-11-16,187.75949096679688,188.9966390106662,186.71037673999564,187.6209309899597,54412900,AAPL
2023-11-17,187.7396697998047,188.42257785422723,186.63119011836693,188.29390964052354,50922700,AAPL
2023-11-20,189.48155212402344,189.9368291546864,187.9277023558229,187.93759410143886,46505100,AAPL
2023-11-21,188.67990112304688,189.55085808280586,187.78916067013205,189.44198846283598,38134500,AAPL
2023-11-22,189.343017578125,190.94635649331246,188.8679569924961,189.52117473642568,39617700,AAPL
2023-11-24,188.01678466796875,188.93721542830764,187.30418629136327,188.9075250877743,24048300,AAPL
2023-11-27,187.83863830566406,188.70959528304604,186.95778958150402,187.96730652329646,40552600,AAPL
2023-11-28,188.44235229492188,189.1153685705385,187.45263402635211,187.82873180101734,38415400,AAPL
2023-11-29,187.4229736328125,190.11500896160672,187.02709230289176,188.93724161752115,43014200,AAPL
2023-11-30,187.99697875976562,188.36318478193425,186.2550800746654,187.888109148078,48794400,AAPL
2023-12-01,189.27374267578125,189.5904446947665,187.28439912721964,188.37309535289532,45704800,AAPL
2023-12-04,187.48233032226562,188.09596593756666,185.52269231677565,188.02667840765253,43389500,AAPL
2023-12-05,191.43130493164062,192.40122460244103,188.22461231756913,188.25431775925796,66628400,AAPL
2023-12-06,190.34263610839844,192.75753614335477,190.1347886146608,192.45072587794942,41089700,AAPL
2023-12-07,192.2725830078125,192.99507315570867,191.59956669458757,191.63916388460834,47477700,AAPL
2023-12-08,193.69775390625,193.97487379172213,191.67872033849463,192.20326977184553,53406400,AAPL
2023-12-11,191.19378662109375,191.50061200003438,189.45188773429211,191.12451418849048,60943700,AAPL
2023-12-12,192.70806884765625,192.71796059458774,189.7488055095461,191.09482308550778,52696900,AAPL
2023-12-13,195.92462158203125,195.96420366520786,192.84659737493098,193.08412007779322,70404200,AAPL
2023-12-14,196.0731201171875,197.56758952005956,194.14317218582164,195.98404908233329,66831600,AAPL
2023-12-15,195.53863525390625,196.36008808380646,194.97448862167192,195.49903806818725,128538400,AAPL
2023-12-18,193.8759002685547,194.60829718334298,192.39132294807408,194.07384089090513,55751900,AAPL
2023-12-19,194.91514587402344,194.9250376214273,193.87593852424982,194.14316672319833,40714100,AAPL
2023-12-20,192.8268280029297,195.6475162401682,192.8268280029297,194.87553713507947,52242800,AAPL
2023-12-21,192.67835998535156,195.05369307239374,191.51049958819766,194.08377332368417,46482500,AAPL
2023-12-22,191.60946655273438,193.40085423729087,190.98593919883143,193.17320815773428,37149600,AAPL
2023-12-26,191.06512451171875,191.89648427525853,190.84738527337694,191.6193643540786,28919300,AAPL
2023-12-27,191.16407775878906,191.51048519395766,189.12526053943682,190.51087517820892,48087700,AAPL
2023-12-28,191.5896759033203,192.65857351066379,191.18388776405135,192.14391575114956,34049900,AAPL
2023-12-29,190.55047607421875,192.40124458871406,189.75869835988954,191.90638540499626,42672100,AAPL
2024-01-02,183.73129272460938,186.50250680575422,181.99928581163158,185.2257618242656,82488700,AAPL
2024-01-03,182.35562133789062,183.9688672168001,181.5440449736598,182.32593099304364,58414500,AAPL
2024-01-04,180.0396728515625,181.2075332827541,179.02026413555495,180.277195595857,71983600,AAPL
2024-01-05,179.31716918945312,180.88092604513352,178.31755906038765,180.11885376441708,62379700,AAPL
2024-01-08,183.6521453857422,183.69174257913158,179.63389106527006,180.21782130157615,59144500,AAPL
2024-01-09,183.2364501953125,183.24634194188326,180.85122540618832,182.0289926299427,42841800,AAPL
2024-01-10,184.275634765625,184.48346713133998,182.02897021466416,182.45455689524942,46792900,AAPL
2024-01-11,183.6818084716797,185.12680377786887,181.73206228896322,184.6220377994394,49128400,AAPL
2024-01-12,184.0084228515625,184.8199990991005,183.28593272766105,184.14698280822722,40477800,AAPL
2024-01-16,181.74197387695312,182.36548612847807,179.0697224204938,180.28708678689063,65603000,AAPL
2024-01-17,180.80174255371094,181.04917214343425,178.44622312883942,179.40625114511818,47317400,AAPL
2024-01-18,186.6905517578125,187.19530261085842,183.91933773499053,184.17665903424702,78005800,AAPL
2024-01-19,189.59042358398438,189.97641309339812,186.87860527237555,187.3833561379468,68903000,AAPL
2024-01-22,191.89646911621094,193.3216657993532,190.28322355100102,190.32282073770045,60133900,AAPL
2024-01-23,193.1732177734375,193.73736447446063,191.83710707958323,193.01487431695855,42355600,AAPL
2024-01-24,192.50021362304688,194.36088890095834,192.34185506707502,193.41075266703035,53631300,AAPL
2024-01-25,192.17359924316406,194.2520137003454,191.124500268323,193.21280647175473,54822100,AAPL
2024-01-26,190.4415740966797,192.75751105858055,189.966513589549,192.27255880614135,44594000,AAPL
2024-01-29,189.75868225097656,190.22385105233468,187.63079398239137,190.03580216218106,47145600,AAPL
2024-01-30,186.1066436767578,189.82799457367844,185.54251203451676,188.97683613469175,55859400,AAPL
2024-01-31,182.50404357910156,185.17629499887522,182.45456974695213,185.11689921687164,55467800,AAPL
2024-02-01,184.93878173828125,185.0278527702626,181.93004443231115,182.09829474891072,64885400,AAPL
2024-02-02,183.93914794921875,185.40392677166545,177.4070012757119,178.01073002917815,102551700,AAPL
2024-02-05,185.7503204345703,187.30418539055444,183.9292424150712,186.21548923655902,69668800,AAPL
2024-02-06,187.3536834716797,187.36357521832525,184.8496972971495,184.93876832266957,43490800,AAPL
2024-02-07,187.46253967285156,189.08567701882757,186.6707620426896,188.67988890685803,53439000,AAPL
2024-02-08,186.38375854492188,187.59120098390878,185.42373058041275,187.44274927884152,40962000,AAPL
2024-02-09,187.14678955078125,188.27650741663936,186.30444955485706,186.9485812309131,45155200,AAPL
2024-02-12,185.46212768554688,186.96842336096995,185.1053738445565,186.72067805809255,41781900,AAPL
2024-02-13,183.3711395263672,184.53060074172208,181.85493962465304,184.094566630165,56529500,AAPL
2024-02-14,182.48916625976562,183.8567250370981,180.7945970211484,183.648627470826,54630500,AAPL
2024-02-15,182.2018280029297,182.826151079826,179.71447030737514,181.89462620990932,65434500,AAPL
2024-02-16,180.66578674316406,183.18288755084293,180.03155935687485,181.76577652013776,49752500,AAPL
2024-02-20,179.92254638671875,180.78469520216953,178.3766181157698,180.15046783149373,53665600,AAPL
2024-02-21,180.67572021484375,181.24057170015067,179.03068760645021,180.29914247718926,41371400,AAPL
2024-02-22,182.70721435546875,183.29190480468338,180.81445159653885,181.82524161821627,52292200,AAPL
2024-02-23,180.87391662597656,183.37117869088894,180.58652357235425,183.3414504606763,45119700,AAPL
2024-02-26,179.5261688232422,181.11172976770854,179.02075870271764,180.59643039937333,40867400,AAPL
2024-02-27,180.98291015625,182.26126931281985,177.94059046680667,179.46671005654383,54318900,AAPL
2024-02-28,179.78378295898438,181.46844774488684,178.50542403872535,180.86394869052037,48953900,AAPL
2024-02-29,179.11985778808594,180.92345088953732,177.9108594746495,179.63517226295397,136682600,AAPL
2024-03-01,178.03968811035156,178.90183692569335,175.78025215753124,177.93067957222544,73563100,AAPL
2024-03-04,173.52081298828125,175.30456703921072,172.22261492332544,174.56133114426578,81510100,AAPL
2024-03-05,168.5857391357422,170.48842147609815,168.09024847040442,169.21996658252752,95132400,AAPL
2024-03-06,167.59474182128906,169.69563232435493,167.15870765798908,169.5172478388351,68587700,AAPL
2024-03-07,167.47584533691406,169.19023880968834,166.9704503005263,167.6244864884472,71765100,AAPL
2024-03-08,169.19021606445312,172.13343143853632,167.41636636953461,167.4758228221548,76267000,AAPL
2024-03-11,171.19200134277344,172.8073055285168,170.49831753088682,171.3802901891083,60139500,AAPL
2024-03-12,171.66769409179688,172.46048219171502,169.4677142970823,171.58841376968752,59825400,AAPL
2024-03-13,169.58660888671875,171.6280276345068,169.21993557914925,171.21181736641944,52488700,AAPL
2024-03-14,171.43975830078125,172.73794133442243,170.49832912625453,171.35057361629615,72913500,AAPL
2024-03-15,171.06317138671875,171.06317138671875,168.75418335618096,169.62625165850892,121752700,AAPL
2024-03-18,172.1532745361328,176.1072954101753,171.95508129819135,173.98659600973463,75604200,AAPL
2024-03-19,174.49197387695312,175.01719271038215,171.46947815172825,172.76766112194616,55215200,AAPL
2024-03-20,177.05860900878906,177.05860900878906,173.51089450186836,174.1352174960067,53423100,AAPL
2024-03-21,169.824462890625,175.88927881289044,169.29924400405602,175.45324461547284,106181300,AAPL
2024-03-22,170.72625732421875,171.48931715990707,168.5262776263353,170.210942813777,71160100,AAPL
2024-03-25,169.3091583251953,170.38932429506946,167.92177545566648,169.0316847755244,54288300,AAPL
2024-03-26,168.179443359375,169.8740129173693,168.05061095138228,168.46682128354186,57388400,AAPL
2024-03-27,171.74696350097656,172.0343565405087,168.57582642397568,168.87312383270142,60273300,AAPL
2024-03-28,169.93345642089844,170.67669234048742,168.97220342186947,170.20102558587905,65672700,AAPL
2024-04-01,168.49652099609375,169.70551918920845,167.95147834818596,169.64606274055888,46240500,AAPL
2024-04-02,167.31727600097656,167.81276664190898,166.71277681419204,167.5551169522469,49329500,AAPL
2024-04-03,168.11996459960938,169.14067408704202,167.05962251511946,167.2677201117247,47691700,AAPL
2024-04-04,167.29745483398438,170.3694875068381,167.29745483398438,168.7541832986243,53704400,AAPL
2024-04-05,168.0506134033203,168.85330584999502,167.4262903353845,168.06051777285862,42104800,AAPL
2024-04-08,166.9307861328125,167.67402205960258,166.72268854116854,167.50555706407098,37425500,AAPL
2024-04-09,168.1397705078125,168.54607640984824,166.83168324813985,167.17851757917794,42373800,AAPL
2024-04-10,166.26683044433594,167.5650134431552,165.60287483124418,167.27763553824258,49709300,AAPL
2024-04-11,173.46136474609375,173.877590209879,166.64342350182488,166.82179288243998,91070300,AAPL
2024-04-12,174.95774841308594,176.7514221146486,172.63885584160187,172.68839280877705,101670900,AAPL
2024-04-15,171.1325225830078,175.0369903996079,170.9442337612168,173.77844021277133,73531800,AAPL
2024-04-16,167.85240173339844,172.19288913903023,166.7524119884344,170.20102235595408,73711200,AAPL
2024-04-17,166.48484802246094,169.11094225529814,166.48484802246094,168.08032842085646,50901200,AAPL
2024-04-18,165.53350830078125,167.11908441586118,165.04793714543356,166.5145852231191,43122900,AAPL
2024-04-19,163.51190185546875,164.89926951971245,162.6002009445124,164.7109957890585,68149400,AAPL
2024-04-22,164.34432983398438,165.75152141981465,163.28398774037723,164.0272236912775,48116400,AAPL
2024-04-23,165.39476013183594,165.54341638804536,163.43262154349364,163.85875133255257,49537800,AAPL
2024-04-24,167.4956512451172,167.77312477902248,164.71099641624178,165.03800691456527,48251800,AAPL
2024-04-25,168.3577880859375,169.07129572836638,166.63347542987228,168.00103426472305,50558300,AAPL
2024-04-26,167.7731170654297,169.79471202253325,167.6541890412428,168.3478879652858,44838400,AAPL
2024-04-29,171.9352264404297,174.4424074952563,171.5388400360099,171.80639405446584,68169400,AAPL
2024-04-30,168.7938232421875,173.4117990890393,168.46679764398493,171.76676673002254,65934800,AAPL
2024-05-01,167.7731170654297,171.15236652369296,167.58482822154218,168.05059058657778,50383100,AAPL
2024-05-02,171.46946716308594,171.85594920671264,169.34876810707777,170.95415273119292,94214900,AAPL
2024-05-03,181.7261199951172,185.31346675883958,181.01261238934663,184.96661732338913,163224100,AAPL
2024-05-06,180.0712127685547,182.53874644704828,178.79283846563771,180.70544017490002,78569700,AAPL
2024-05-07,180.7549591064453,183.2324120279765,179.68471275097576,181.79549235772294,77305800,AAPL
2024-05-08,181.0919189453125,181.4189445721307,179.81354466582562,181.20092748758523,45057100,AAPL
2024-05-09,182.90542602539062,182.99461071341904,180.46760537105857,180.9135439323752,48983000,AAPL
2024-05-10,181.6451416015625,183.669478466616,180.73220418072017,183.48093424482693,50759500,AAPL
2024-05-13,184.85035705566406,185.6640710757596,183.2030934113359,184.01680743143146,72044800,AAPL
2024-05-14,185.9915313720703,186.8548647149755,184.8602810891409,186.07091921634225,52393600,AAPL
2024-05-15,188.26397705078125,189.18683240943687,185.9320062923224,186.46787049037354,70400000,AAPL
2024-05-16,188.38304138183594,189.6333810173086,188.2044300863017,189.00821119957226,52845200,AAPL
2024-05-17,188.41282653808594,189.34561487480414,187.72811956148706,188.05558877384672,41282900,AAPL
2024-05-20,189.57382202148438,190.44707314635468,187.5594028379898,187.87695420764547,44361300,AAPL
2024-05-21,190.873779296875,191.25085261805762,189.4547462309282,189.62343971650407,42309400,AAPL
2024-05-22,189.43490600585938,191.3401840301744,188.8097513226368,190.79440205142186,34648500,AAPL
2024-05-23,185.44577026367188,189.5341459487459,185.19768892080702,189.51429520164533,51005900,AAPL
2024-05-24,188.52195739746094,189.11735863774422,186.59684388111853,187.37087155015982,36327000,AAPL
2024-05-28,188.53189086914062,191.5187845976106,187.64872194997955,190.04021443649896,52280100,AAPL
2024-05-29,188.82960510253906,190.77456966628964,188.05559245514976,188.15483105781396,53068000,AAPL
2024-05-30,189.82191467285156,190.70508365256933,189.16699143181853,189.29598343446253,49889100,AAPL
2024-05-31,190.77456665039062,191.09211806054816,188.45252874493116,189.9707854632458,75158300,AAPL
2024-06-03,192.5408935546875,193.49353258818425,191.04248767189634,191.41956102246726,50080500,AAPL
2024-06-04,192.8584442138672,193.82100104656786,191.548567440495,193.1462119125533,47471400,AAPL
2024-06-05,194.36676025390625,195.38885414673365,193.3744349100596,193.90036613096368,54156800,AAPL
2024-06-06,192.98741149902344,194.99191275531385,192.67979309240934,194.1881317208236,41181800,AAPL
2024-06-07,195.3789520263672,195.4285713258788,192.65005711175448,193.15613762673084,53103900,AAPL
2024-06-10,191.6378631591797,195.7857909182053,190.6753063763642,195.3888517006261,97010200,AAPL
2024-06-11,205.56019592285156,205.57012886730556,192.14396771907968,192.1638033246204,172373300,AAPL
2024-06-12,211.4347686767578,218.51003809526938,205.3121079690946,205.77850209290926,198134300,AAPL
2024-06-13,212.59579467773438,215.08652592836702,209.9760562824749,213.09195736730385,97862700,AAPL
2024-06-14,210.85922241210938,213.5186471242216,209.67835280423736,212.20878551515116,70122700,AAPL
2024-06-17,215.00714111328125,217.26964179829142,211.08745883873982,211.7324642876032,93728300,AAPL
2024-06-18,212.6453857421875,216.95208913019513,211.36529274424583,215.9200623200828,79943300,AAPL
2024-06-20,208.07078552246094,212.59580212894483,207.2471687535905,212.28816853161533,86172500,AAPL
2024-06-21,205.89759826660156,210.26382387597764,205.5205097773767,208.77533580800622,241805100,AAPL
2024-06-24,206.54258728027344,211.0675882243761,205.00448003735443,206.12581247138846,80727000,AAPL
2024-06-25,207.46548461914062,209.75775393646785,207.0090082596573,207.54485732874397,55549700,AAPL
2024-06-26,211.61337280273438,213.21101716086312,209.02340313251779,209.87680350658064,66213200,AAPL
2024-06-27,212.4568634033203,214.0842763709762,210.7202940415425,213.04233172557286,49772700,AAPL
2024-06-28,209.00357055664062,214.41175609103416,208.686034302842,214.1140554431902,82542700,AAPL
2024-07-01,215.08651733398438,215.84067914098924,210.29358412725625,210.46227761796723,60402900,AAPL
2024-07-02,218.5795135498047,218.6886699462021,213.44919320249295,214.4911227279333,58046200,AAPL
2024-07-03,219.8496856689453,219.8496856689453,217.34902153194005,218.31157833867707,37369800,AAPL
2024-07-05,224.60292053222656,224.71207692855523,219.94891212590596,219.94891212590596,60412400,AAPL
2024-07-08,226.0715789794922,226.10134753003678,221.53664465186893,225.34717053841655,59085900,AAPL
2024-07-09,226.92495727539062,227.63943274976205,224.63268810415036,226.180713251394,48076100,AAPL
2024-07-10,231.1919708251953,231.2912094233167,227.49060126886744,227.54022056792812,62627700,AAPL
2024-07-11,225.82347106933594,230.6064710416972,224.0372825383305,229.61414576243664,64710600,AAPL
2024-07-12,228.77069091796875,230.8545803134063,226.92496506939614,227.1631286162611,53046500,AAPL
2024-07-15,232.60105895996094,235.409341553401,231.30111515749465,234.66509753137677,62631300,AAPL
2024-07-16,233.0178680419922,234.4567369075411,230.54697223527828,233.1964793539142,43234300,AAPL
2024-07-17,227.1234588623047,229.68366039690463,224.90064435415894,227.68907650763262,57345900,AAPL
2024-07-18,222.45948791503906,228.67145424701283,220.56415801938329,228.51267855827928,66034600,AAPL
2024-07-19,222.58848571777344,225.05938116686082,221.5663918696606,223.09458131167176,49151500,AAPL
2024-07-22,222.24118041992188,226.03185518490554,221.37784711424985,225.2677604657143,48201800,AAPL
2024-07-23,223.2831268310547,225.19832267550643,220.97100689389265,222.64803919770813,39960300,AAPL
2024-07-24,216.86277770996094,223.0747441599071,215.46361045876344,222.280880842846,61777600,AAPL
2024-07-25,215.82083129882812,219.1550448561193,212.9728474396388,217.2497669876539,51391200,AAPL
2024-07-26,216.28724670410156,217.80550332568987,214.35220009781358,217.02155779536062,41601300,AAPL
2024-07-29,216.56509399414062,217.61695646267233,214.0941983741811,215.29491873308154,36311800,AAPL
2024-07-30,217.12078857421875,218.63904514115285,214.46134877521007,217.50779485320817,41643800,AAPL
2024-07-31,220.3756103515625,222.10226187087767,218.93674165630796,219.7405227481965,50036300,AAPL
2024-08-01,216.6841583251953,222.7571844619209,215.35444602521784,222.64802807062824,62501000,AAPL
2024-08-02,218.17263793945312,223.86859053089324,216.03914463167754,217.46808032420208,105568600,AAPL
2024-08-05,207.66392517089844,211.8614570593827,194.49576385779395,197.56204548052773,119548600,AAPL
2024-08-06,205.63958740234375,208.37841518370308,199.52687447574846,203.72440665766518,69660500,AAPL
2024-08-07,208.209716796875,212.00039184379946,204.80603289763474,205.31211338628992,63516400,AAPL
2024-08-08,211.6729278564453,212.55609685346144,207.22731432081122,211.4744658055274,47161100,AAPL
2024-08-09,214.58047485351562,215.11632396937108,210.3432406640253,210.47224782633813,42201600,AAPL
2024-08-12,216.11038208007812,218.07745621052726,214.19298467780987,214.65991863613397,38028100,AAPL
2024-08-13,219.8260040283203,220.441953079239,217.58074300671984,217.58074300671984,44155300,AAPL
2024-08-14,220.2730255126953,221.574473844181,218.2662040703635,219.1305366370634,41960600,AAPL
2024-08-15,223.25347900390625,223.8793724762866,221.30626328939533,223.13426697458056,46414000,AAPL
2024-08-16,224.57479858398438,225.34970708383625,222.19045191126241,222.45869413327577,44340200,AAPL
2024-08-19,224.41583251953125,224.51518597934856,221.58442566604344,224.2469437652095,40687800,AAPL
2024-08-20,225.0317840576172,225.68748051768907,223.97870407222223,224.29662301984854,30299000,AAPL
2024-08-21,224.9225311279297,226.49222203167625,223.5813501827824,225.0417583286981,34765500,AAPL
2024-08-22,223.06471252441406,226.84984597984075,222.43881906323927,226.30343225653021,43695300,AAPL
2024-08-23,225.35963439941406,226.73063334528243,222.866020162344,224.187342377279,38677300,AAPL
2024-08-26,225.69741821289062,225.79677167752968,222.42889539152742,225.28016094798537,30602200,AAPL
2024-08-27,226.54188537597656,227.35654136968387,223.4223774795666,224.52513427640764,35934600,AAPL
2024-08-28,225.0119171142578,228.35991942602843,224.20719049274723,226.43257756563742,38052200,AAPL
2024-08-29,228.29037475585938,231.39995310375193,227.3863249726349,228.59836441740794,51906300,AAPL
2024-08-30,227.5055389404297,228.89639643358683,225.99545426270925,228.68777538921813,52990800,AAPL
2024-09-03,221.3162078857422,227.50554667965343,219.72664341730942,227.05848641015993,50190600,AAPL
2024-09-04,219.4087371826172,220.33266071869627,216.06071952153204,220.21344869061124,43840200,AAPL
2024-09-05,220.92874145507812,224.00850159902006,220.07435325324454,220.1836359939166,36615400,AAPL
2024-09-06,219.37892150878906,223.7700744804958,218.33577084564575,222.4884846157397,48423000,AAPL
2024-09-09,219.4683380126953,219.82598924771256,215.2957503769675,219.37892899374344,67180000,AAPL
2024-09-10,218.67355346679688,220.03460793809228,215.31560663834654,217.49131703149231,51591000,AAPL
2024-09-11,221.20693969726562,221.6341262702352,216.46806414665176,220.01477384708656,44587100,AAPL
2024-09-12,221.3162078857422,222.09111639532034,218.38546260882887,221.04796566036197,37455600,AAPL
2024-09-13,221.04795837402344,222.57790161811045,220.46181236980377,222.12091208096655,36766600,AAPL
2024-09-16,214.90829467773438,215.80241517960704,212.52394807405793,215.126845002842,59357400,AAPL
2024-09-17,215.37521362304688,215.48449636527135,213.10016491936787,214.34200737227792,45519300,AAPL
2024-09-18,219.24977111816406,221.25659276615585,216.12031904206836,216.13026348358338,59894900,AAPL
2024-09-19,227.37637329101562,228.32018565098164,223.16405353373213,223.52170475455895,66781300,AAPL
2024-09-20,226.7107391357422,231.56882586153637,226.13452245924367,228.46919216926284,318679900,AAPL
2024-09-23,224.99205017089844,227.95259834339626,224.33635371548323,225.8563676699032,54146000,AAPL
2024-09-24,225.88616943359375,227.85325878901892,224.25687274556688,227.15781488965328,43556100,AAPL
2024-09-25,224.89271545410156,225.80670975939722,222.55806053621265,223.46211039913067,42308700,AAPL
2024-09-26,226.03518676757812,227.00878694842402,223.93895622483703,225.81662129607273,36636700,AAPL
2024-09-27,226.30343627929688,228.02215721764472,225.81664372013879,226.9690772008412,34026000,AAPL
2024-09-30,231.4794158935547,231.4794158935547,228.15127230522148,228.53872651515564,54541900,AAPL
2024-10-01,224.7337646484375,228.15130254219565,222.27988260723768,228.02216122790813,63285000,AAPL
2024-10-02,225.30003356933594,225.8861795938886,221.56457676904253,224.41584231153624,32880600,AAPL
2024-10-03,224.197265625,225.3298253274289,221.8626109260752,223.67072564154154,34044200,AAPL
2024-10-04,225.31988525390625,226.51205091107013,222.66731173997377,226.41269745663615,37245100,AAPL
2024-10-07,220.24325561523438,224.2171516536621,219.8856043654075,223.0349151567562,39505400,AAPL
2024-10-08,224.29661560058594,224.5052366387564,221.79305702807565,222.83620769655573,31855700,AAPL
2024-10-09,228.0419921875,228.25062837641602,223.3627386107029,223.76012210676075,33591100,AAPL
2024-10-10,227.54527282714844,228.00227752622936,225.68748134269669,226.29350107451606,28183500,AAPL
2024-10-11,226.06500244140625,227.91286461183438,225.85636623992795,227.80358186995707,31759200,AAPL
2024-10-14,229.79052734375,230.21771386522883,227.1081507143634,227.20748901369805,39882100,AAPL
2024-10-15,232.32386779785156,235.94011203523937,230.85351557312313,232.08542861457474,64751400,AAPL
2024-10-16,230.26739501953125,230.60517253033711,228.34005309673006,230.0885769817669,34082200,AAPL
2024-10-17,230.63497924804688,232.3238971476739,229.0156269629083,231.9066247344228,32993800,AAPL
2024-10-18,233.46636962890625,234.6386615701971,232.4828249974097,234.6386615701971,46431500,AAPL
2024-10-21,234.9366912841797,235.30428691612863,232.91994058587363,232.91994058587363,36254500,AAPL
2024-10-22,234.32078552246094,234.67843677993508,231.0820656392084,232.36364046895116,38846600,AAPL
2024-10-23,229.2540283203125,233.6054487889833,226.2736066643371,232.552368896012,52287000,AAPL
2024-10-24,229.06527709960938,229.31364556669442,226.9193699057847,228.47911599629046,31109500,AAPL
2024-10-25,229.89981079101562,231.69799621804017,228.07182235817814,228.2407111108546,38802300,AAPL
2024-10-28,231.8768310546875,233.1981533252385,231.03238723011694,231.79736647290133,36087100,AAPL
2024-10-29,232.1450653076172,232.80076177889833,230.80388451731673,231.5787930163908,35417200,AAPL
2024-10-30,228.59835815429688,231.94636045913163,228.05194445904854,231.09197226998216,47070900,AAPL
2024-10-31,224.43572998046875,228.33014650168323,223.8992454954501,227.84333875182722,64370100,AAPL
2024-11-01,221.45529174804688,223.87937072005496,218.83252100898451,219.52794977327943,65276700,AAPL
2024-11-04,220.56114196777344,221.33605042122997,218.2761640538016,219.54780947276666,44944500,AAPL
2024-11-05,221.99176025390625,222.48849724939907,219.69683776020295,220.3525342324639,28111300,AAPL
2024-11-06,221.26651000976562,224.59465366535846,219.7464961432124,221.15722727351368,54561100,AAPL
2024-11-07,225.99545288085938,226.39285156162418,223.10445516924474,223.16406118155706,42137700,AAPL
2024-11-08,225.7269287109375,227.4176895436531,225.17991383614745,225.9357792784742,38328800,AAPL
2024-11-11,223.01174926757812,224.47376393957063,220.29658566640109,223.77757009002366,42005600,AAPL
2024-11-12,223.01174926757812,224.36436096493557,222.14648085284745,223.33001798502116,40398300,AAPL
2024-11-13,223.89691162109375,225.4185978724207,221.54973296285615,222.79294167641658,48566200,AAPL
2024-11-14,226.98007202148438,227.62653447284012,223.77756520755418,223.7974607959322,44923900,AAPL
2024-11-15,223.77755737304688,225.6871240415238,223.05152776948486,225.1699449930133,47923700,AAPL
2024-11-18,226.78115844726562,228.49181480220403,223.94663659117114,224.02620376766677,44633700,AAPL
2024-11-19,227.0397491455078,228.90953992555222,225.4285554930197,225.74680903538962,36211800,AAPL
2024-11-20,227.75584411621094,228.68078414631773,224.6627401240164,226.82094870348703,35169600,AAPL
2024-11-21,227.2784423828125,228.9095315645878,224.48371169719937,227.63648708983084,42108300,AAPL
2024-11-22,228.62110900878906,229.46649702017746,226.82094518602503,226.82094518602503,38168300,AAPL
2024-11-25,231.6048126220703,231.98275293866183,228.49182822914253,230.20248468460477,90152800,AAPL
2024-11-26,233.7829132080078,234.29015208323423,232.06231657216094,232.06231657216094,45986200,AAPL
2024-11-27,233.6536102294922,234.40949083683986,232.53970008294309,233.19611792325418,33498400,AAPL
2024-11-29,236.04055786132812,236.51794571126388,232.69881256000565,233.53424509136474,28481400,AAPL
2024-12-02,238.2882843017578,239.4817615684827,235.8714939748314,235.98089694287458,48137100,AAPL
2024-12-03,241.3316650390625,241.44106801091166,237.60203896586935,238.5070985351772,38861000,AAPL
2024-12-04,241.68972778320312,242.78375758332757,239.9392952788925,241.55048900644988,44383900,AAPL
2024-12-05,241.71954345703125,243.21139387343032,240.81449907142343,242.66439419479377,40033900,AAPL
2024-12-06,241.5206298828125,243.30091318780651,240.76476447856876,241.59025685240857,36870600,AAPL
2024-12-09,245.40939331054688,245.89673657618508,240.43655859300793,240.51612576959502,44649200,AAPL
2024-12-10,246.4238739013672,246.861485816723,244.0070681600661,245.54865007065558,36914800,AAPL
2024-12-11,245.1508331298828,249.43741460876686,244.92207178593077,246.61284788068906,45205800,AAPL
2024-12-12,246.6128387451172,247.3885997871069,244.34521203481492,245.54864477609476,32777500,AAPL
2024-12-13,246.7819061279297,247.9355922748061,244.90217516923994,246.47359279661413,33155300,AAPL
2024-12-16,249.67608642578125,250.01425073054844,246.3045049916291,246.6426692963963,51694800,AAPL
2024-12-17,252.1028289794922,252.45093348613432,248.42293425963442,248.72130738305802,51356400,AAPL
2024-12-18,246.7023468017578,252.89849494785605,246.39403346062903,250.7900177691265,56774100,AAPL
2024-12-19,248.43289184570312,250.63089166027345,245.74756389880645,246.15534002348284,60882300,AAPL
2024-12-20,253.1073760986328,253.61459983498276,244.35518295150268,246.69240643268387,147495300,AAPL
2024-12-23,253.8831329345703,254.2610580907384,252.07301363460223,253.38584941381717,40858800,AAPL
2024-12-24,256.7972412109375,256.80716624287646,253.90303208844082,254.101957652135,23234700,AAPL
2024-12-26,257.61273193359375,258.6868812844183,256.23029959445824,256.78725468311694,27237100,AAPL
2024-12-27,254.20138549804688,257.294504767908,251.68513210698922,256.4292059497028,42355300,AAPL
2024-12-30,250.82977294921875,252.1227129740064,249.3876539575231,250.85960874260036,35557500,AAPL
2024-12-31,249.0594482421875,251.90391026277229,248.07482152033188,251.06847768562102,39480700,AAPL
2025-01-02,242.52516174316406,247.74663833648884,240.50619200781614,247.57754859678104,55740700,AAPL
2025-01-03,242.03782653808594,242.85336358935695,240.5758118291158,242.03782653808594,40244100,AAPL
2025-01-06,243.66891479492188,245.98625772407811,241.87869116125097,242.98266113735735,45045600,AAPL
2025-01-07,240.89407348632812,244.215923537777,240.0387452815234,241.6598791297847,40856000,AAPL
2025-01-08,241.3813934326172,242.3859157551251,238.74579711055483,240.605632433071,37628900,AAPL
2025-01-10,235.56321716308594,238.85523174451487,231.73412786407496,238.70603757812466,61710900,AAPL
2025-01-13,233.12649536132812,233.39503269669683,228.47192915300568,232.2612269401141,49630700,AAPL
2025-01-14,232.01258850097656,234.8371551382162,231.20699165927476,233.47460320476435,39435300,AAPL
2025-01-15,236.57762145996094,237.66171090461415,233.15630892744326,233.36517465190275,39832000,AAPL
2025-01-16,227.0198516845703,236.7168796666606,226.79110553013876,236.06047699847062,71759100,AAPL
2025-01-17,228.7305145263672,231.0279618693864,227.2386640256131,230.85888730040747,68488300,AAPL
2025-01-21,221.4303741455078,223.20070201452856,218.18809151282764,222.78298573737737,98070400,AAPL
2025-01-22,222.61392211914062,222.90233985709415,218.59586314481808,218.59586314481808,64126500,AAPL
2025-01-23,222.4448699951172,225.79655609657794,221.09225820038625,223.51900422998196,60234800,AAPL
2025-01-24,221.56964111328125,224.40416321125562,220.207089142254,223.5587751677507,54697900,AAPL
2025-01-27,228.6111602783203,230.88871192185238,222.76310174211312,222.80289291870474,94863400,AAPL
2025-01-28,236.9655303955078,238.88505261672515,229.5560092044273,229.59580038333414,75707600,AAPL
2025-01-29,238.05953979492188,238.5568232574634,232.73860067537262,232.84800364416722,45486100,AAPL
2025-01-30,236.2991485595703,239.48175963713217,235.92122345328548,237.3732826437262,55658300,AAPL
2025-01-31,234.71780395507812,245.8470107317681,232.1717149504871,245.8470107317681,100959800,AAPL
2025-02-03,226.7711944580078,230.5704473180637,224.4737473364884,228.7404478557844,73063300,AAPL
2025-02-04,231.5352020263672,231.86341095944582,225.4186058340825,226.0153521080233,45067300,AAPL
2025-02-05,231.20700073242188,231.40591110501148,227.02982220448578,227.28840417126338,39620300,AAPL
2025-02-06,231.95291137695312,232.5297620441898,229.17806101517482,230.03338922164468,29925300,AAPL
2025-02-07,226.3932647705078,232.72865096836296,226.02526470364745,231.33626340044523,39707200,AAPL
2025-02-10,226.66209411621094,229.58933825388894,226.21404995469493,228.57377553913867,33115600,AAPL
2025-02-11,231.6105499267578,234.20922454356437,227.1400438259152,227.2097321635687,53718400,AAPL
2025-02-12,235.8420867919922,235.9317077791751,229.67894615315132,230.19669384296432,45243300,AAPL
2025-02-13,240.4818878173828,241.28837041996871,234.54775953627293,235.88194100703416,53614100,AAPL
2025-02-14,243.53855895996094,244.484433375407,239.94422402720738,240.2030902821229,40896200,AAPL
2025-02-18,243.40911865234375,244.11602908498713,240.7905267294893,243.0905000064508,48822500,AAPL
2025-02-19,243.80738830566406,244.94244069837237,242.10481731288857,243.59830810290342,32204200,AAPL
2025-02-20,244.76321411132812,245.70908851524857,243.2298884862767,243.87707690453925,32316900,AAPL
2025-02-21,244.48443603515625,247.61080936192474,244.15586625078134,244.88269415360097,53197400,AAPL
2025-02-24,246.0277099609375,247.7800669312537,243.3593319822528,243.86711335623195,51326400,AAPL
2025-02-25,245.9679718017578,248.91513366913293,243.84722519384715,246.92381259977986,48013300,AAPL
2025-02-26,239.3169403076172,243.91688660847365,238.09228223905913,243.26971340939616,44433600,AAPL
2025-02-27,236.27023315429688,241.4078448384303,236.0312691715791,238.3710773588995,41153600,AAPL
2025-02-28,240.79054260253906,241.03945773883657,229.20105446423008,235.9217631442628,56833400,AAPL
2025-03-03,236.9970703125,242.97103338088397,235.08540395372597,240.7407483660274,47184000,AAPL
2025-03-04,234.9061737060547,239.02822274747484,233.6615980851158,236.6784633674393,53798100,AAPL
2025-03-05,234.71701049804688,235.5234930679701,228.235250954078,234.39839184729655,47227600,AAPL
2025-03-06,234.3087921142578,236.82781201573715,232.1482106078643,233.42265485870865,45170400,AAPL
2025-03-07,238.03256225585938,240.32256924437755,233.74125275300776,234.08974000390756,46273600,AAPL
2025-03-10,226.4928436279297,235.13518456664028,223.24699590534985,234.5178647329352,72071200,AAPL
2025-03-11,219.8816680908203,224.85997074742775,216.5063794973434,222.83878108425105,76137400,AAPL
2025-03-12,216.0384063720703,220.78771110845915,213.9773970817033,219.18469713036333,62547500,AAPL
2025-03-13,208.7700958251953,215.89902897504837,207.51556900756947,215.01289169752292,61368300,AAPL
2025-03-14,212.56356811523438,213.0215634427817,208.67053186821337,210.33328309966757,60107600,AAPL
2025-03-17,213.07135009765625,214.28605714072168,209.0588394397278,212.3843419118567,48073400,AAPL
2025-03-18,211.7670135498047,214.21632963340127,210.57222410469132,213.23063555765447,42432400,AAPL
2025-03-19,214.3059539794922,217.81066771448715,212.82241448637808,213.29037609854922,54385400,AAPL
2025-03-20,213.17091369628906,216.5462020975973,211.29906714235267,213.0613904363763,48862900,AAPL
2025-03-21,217.3227996826172,217.89031821027265,210.3631280198309,210.64191171632342,94127800,AAPL
2025-03-24,219.7721405029297,220.5188858867363,217.63147647971348,220.04097309502072,44299500,AAPL
2025-03-25,222.77903747558594,223.12752472855482,219.1249652538438,219.81197343150768,34493600,AAPL
2025-03-26,220.5686492919922,224.04350959032922,219.51325168877747,222.54005264880033,34466100,AAPL
2025-03-27,222.8785858154297,224.0136380596445,219.60285460337076,220.42925455550719,37094800,AAPL
2025-03-28,216.9544219970703,222.8387793372666,216.73537546649092,220.7080664246457,39818600,AAPL
2025-03-31,221.1660614013672,224.6409066608951,215.29165561007284,216.0682695484103,65299300,AAPL
2025-04-01,222.22146606445312,222.70932997882656,217.95007407622174,218.85612876373423,36412700,AAPL
2025-04-02,222.91842651367188,224.21278818927524,220.06088576879955,220.3595869543347,35905900,AAPL
2025-04-03,202.30825805664062,206.58960121618028,200.37667426890133,204.64805110026137,103419000,AAPL
2025-04-04,187.56253051757812,199.01262630823254,186.52703508606032,193.0486144227304,125910900,AAPL
2025-04-07,180.6725616455078,193.30748067285785,173.86223225537526,176.43103817745248,160466300,AAPL
2025-04-08,171.67178344726562,189.5140179775097,168.47572171547168,185.88981432593783,120859500,AAPL
2025-04-09,197.98709106445312,199.7394480269994,171.14407803694525,171.20381523449285,184395900,AAPL
2025-04-10,189.5936737060547,193.93475416517637,182.20587449762067,188.24954112448538,121880000,AAPL
2025-04-11,197.2901153564453,198.67408279715283,185.2525839628914,185.2924188893916,87435900,AAPL
2025-04-14,201.64117431640625,212.01595519155484,200.28707539108044,210.52246440005902,101352900,AAPL
2025-04-15,201.2628173828125,202.62686743682656,198.93297540670014,200.98403365195668,51343900,AAPL
2025-04-16,193.42697143554688,199.82906121923162,191.5352073519423,197.49921927320653,59732400,AAPL
2025-04-17,196.1251983642578,197.9671763411939,193.5763099497932,196.34424488667963,52164700,AAPL
2025-04-21,192.32177734375,192.958999427942,188.98630873883343,192.43130060162235,46742500,AAPL
2025-04-22,198.8732452392578,200.715208155226,195.1196006832811,195.26894368988752,52976400,AAPL
2025-04-23,203.712158203125,207.0973980558543,201.91996614297287,205.10607692070187,52929200,AAPL
2025-04-24,207.4657745361328,207.92378505310097,202.0593452871763,204.00088023313933,47311000,AAPL
2025-04-25,208.371826171875,208.8397878176709,205.30519003897632,205.47445049920006,38222300,AAPL
2025-04-28,209.2281036376953,210.5822025692478,206.55974070372147,209.08871177088434,38743100,AAPL
2025-04-29,210.29345703125,211.31898611202763,207.46576971677675,207.78438836336602,36827600,AAPL
2025-04-30,211.57785034179688,212.65316547487808,205.7731479657814,208.39173986928208,52286500,AAPL
2025-05-01,212.39431762695312,213.62892699621815,207.99348458901505,208.17271138967982,57365700,AAPL
2025-05-02,204.45889282226562,206.0917754590827,201.2827333487594,205.19567188008233,101010600,AAPL
2025-05-05,198.02691650390625,203.21431440062256,197.34987465543003,202.21865389928206,69018500,AAPL
2025-05-06,197.64854431152344,199.77925700053618,196.165020010421,197.3498583398735,51216500,AAPL
2025-05-07,195.3983612060547,198.5745204381265,192.4113798882551,198.30568786560423,68536700,AAPL
2025-05-08,196.63299560546875,199.18188402861682,193.83517686729027,196.86199326420865,50478900,AAPL
2025-05-09,197.66848754882812,199.66975978270045,196.68277813613466,198.13644922219603,36453900,AAPL
2025-05-12,210.15048217773438,210.62903686932515,206.12274573806786,210.32994399020487,63775800,AAPL
2025-05-13,212.28399658203125,212.75257189298435,208.36592688565332,209.79158118866218,51909300,AAPL
2025-05-14,211.68582153320312,213.29093762104833,209.94113079478424,211.78550901932945,49325800,AAPL
2025-05-15,210.80848693847656,212.31391554357438,208.90427796298633,210.31000386923802,45029500,AAPL
2025-05-16,210.6190643310547,211.92510277199543,209.1335944967917,211.71573318604425,54737900,AAPL
2025-05-19,208.14657592773438,208.84444913775627,203.6402850091008,207.27922031045682,46140500,AAPL
2025-05-20,206.232421875,207.83753801206538,204.40797196423648,207.03996203611737,42496600,AAPL
2025-05-21,201.4768829345703,206.41186226922272,200.10108001028593,204.5475404614086,59211800,AAPL
2025-05-22,200.7490997314453,202.1348820380274,199.09413231135568,200.1010778345708,46742400,AAPL
2025-05-23,194.67758178710938,197.10020219746903,192.8730755135501,193.0824298832746,78432900,AAPL
2025-05-27,199.60260009765625,200.1309909415137,196.83102019804124,197.6983910952664,56288500,AAPL
2025-05-28,199.81195068359375,202.11494001836002,199.2935240345892,199.98143310081724,45339700,AAPL
2025-05-29,199.3433837890625,203.19167383577107,197.90775006205254,202.9623758748587,51396800,AAPL
2025-05-30,200.24066162109375,201.3472946799051,196.18300200128658,198.7651407343476,70819900,AAPL
2025-06-02,201.08807373046875,201.51677709467234,199.51286535414474,199.67238359256916,35423300,AAPL
2025-06-03,202.65330505371094,203.1517881077627,200.35031577799097,200.73913195165156,46381600,AAPL
2025-06-04,202.20468139648438,205.6143037964219,201.48686455307688,202.29440469878628,43604000,AAPL
2025-06-05,200.02133178710938,204.12882762641604,199.54277706238673,202.88261988754903,55126100,AAPL
2025-06-06,203.30133056640625,205.07592905349443,201.4370087789868,202.3841235560851,46607700,AAPL
2025-06-09,200.83883666992188,205.37503589356555,199.4131823149893,203.76991971327615,72862600,AAPL
2025-06-10,202.05511474609375,203.73002568042446,199.96149509379936,199.9914028593682,54672600,AAPL
2025-06-11,198.1769256591797,203.8795731269679,197.80805305990708,202.88260699920767,60989900,AAPL
2025-06-12,198.5956573486328,199.07419684911244,196.7612432530472,198.47602627663701,43904600,AAPL
2025-06-13,195.85398864746094,199.76209396079906,195.1062640673262,199.12403626091725,51447300,AAPL
2025-06-16,197.81802368164062,198.08720880439395,195.96366601516638,196.701426450214,43020700,AAPL
2025-06-17,195.0464630126953,197.7881200100286,194.61777485692886,196.60172782081946,38856200,AAPL
2025-06-18,195.9835968017578,196.97059871241268,194.4781834746436,195.34553910938874,45394700,AAPL
2025-06-20,200.39019775390625,201.08807102199273,196.2627584683704,197.63857663438114,96813500,AAPL
2025-06-23,200.888671875,201.686247808318,198.3563846401482,201.01828233775666,55814300,AAPL
2025-06-24,199.6923065185547,202.82277936444737,199.59260382672892,201.9753521214132,54064000,AAPL
2025-06-25,200.94850158691406,203.05210084338043,200.01135094007643,200.83883469818846,39525700,AAPL
2025-06-26,200.39019775390625,202.025221644493,198.85487656411598,200.81888589983927,50799100,AAPL
2025-06-27,200.46995544433594,202.60346239871808,199.39323017588663,201.2774955925489,73188600,AAPL
2025-06-30,204.5475311279297,206.76079706763053,198.65545787730727,201.39711462840114,91912800,AAPL
2025-07-01,207.1894989013672,209.5523036527052,205.5145879695679,206.04297877714563,78788900,AAPL
2025-07-02,211.7954864501953,212.69274987948137,207.5085290616707,208.2761972389462,67941800,AAPL
2025-07-03,212.90213012695312,213.9987837940836,211.16740350258758,211.5063683517463,34955800,AAPL
2025-07-07,209.3130340576172,215.57398008038285,208.16652910348648,212.03474730839852,50229000,AAPL
2025-07-08,209.3728485107422,210.78853856973336,207.81758380403343,209.46258702266434,42848900,AAPL
2025-07-09,210.4994354248047,210.6888614301138,206.59132988433592,208.8943192909964,48749400,AAPL
2025-07-10,211.76556396484375,212.83230973607434,209.3927798795442,209.87131932773667,44443600,AAPL
2025-07-11,210.51937866210938,211.48643705736623,209.2233196075129,209.931172276849,39765800,AAPL
2025-07-14,207.98707580566406,210.27013683517245,206.91035052542594,209.29309904361602,38840100,AAPL
2025-07-15,208.4755859375,211.24715053377864,208.28615994072268,208.5852528191871,42296300,AAPL
2025-07-16,209.5224151611328,211.7556096589697,208.0070223143888,209.66198981724762,47490500,AAPL
2025-07-17,209.38284301757812,211.1574416148312,208.95413964633332,209.93117746335784,48068100,AAPL
2025-07-18,210.539306640625,211.1474566075158,209.06380098140497,210.23024956462245,48974600,AAPL
2025-07-21,211.83535766601562,215.12534891613055,210.98794558852114,211.45652088357517,51377400,AAPL
2025-07-22,213.74954223632812,214.29787667610697,211.5861274580158,212.49337032996837,46404100,AAPL
2025-07-23,213.5002899169922,214.4972560435483,211.76557859278188,214.3477172095632,46989300,AAPL
2025-07-24,213.11148071289062,215.03563331063384,212.8821827557749,213.25105536667797,46022600,AAPL
2025-07-25,213.23110961914062,214.58698409364732,212.75255494872997,214.0486138925591,40268800,AAPL
2025-07-28,213.40061950683594,214.1981955143971,212.41361748607306,213.38067592321022,37858000,AAPL
2025-07-29,210.62904357910156,214.1582970701604,210.18041185237743,213.53020352524888,51411700,AAPL
2025-07-30,208.415771484375,211.74563469104578,207.0898047125579,211.25711581327238,45512500,AAPL
2025-07-31,206.94027709960938,209.20337937318874,206.5315173151756,207.85748415888986,80698400,AAPL
2025-08-01,201.76602172851562,212.93203997684435,200.88868661623732,210.23025491744008,104434500,AAPL
2025-08-04,202.7330780029297,207.24933356384108,201.06813110178,203.8895472057539,75109300,AAPL
2025-08-05,202.3043670654297,204.71702329589334,201.54667827641916,202.78290655256814,44155100,AAPL
2025-08-06,212.60302734375,214.72657006985978,204.96626313259566,205.00615029681612,108483100,AAPL
2025-08-07,219.36245727539062,220.1799768073744,215.92292715514498,218.2159523061407,90224800,AAPL
2025-08-08,228.65420532226562,230.29919347638386,218.58484056145957,220.16004899168945,113854000,AAPL
2025-08-11,226.74781799316406,229.12329528601256,224.3324234952035,227.4864157407103,61806100,AAPL
2025-08-12,229.21310424804688,230.36092560837628,226.63802588155738,227.57622481823222,55626200,AAPL
2025-08-13,232.88612365722656,234.55294488479396,229.99163136972763,230.6304284784954,69878500,AAPL
2025-08-14,232.33717346191406,234.67271834509882,230.41085227691244,233.61473725595164,51916300,AAPL
2025-08-15,231.1494140625,233.834298979768,228.9036945156081,233.5548328767578,56038700,AAPL
2025-08-18,230.45074462890625,232.67649791960375,229.6722297518056,231.2592012143754,37476200,AAPL
2025-08-19,230.1213836669922,232.42698672077375,228.9136940815642,230.84001516813981,39402600,AAPL
2025-08-20,225.5800323486328,230.0315543310328,225.3404986724704,229.54248102593337,42263900,AAPL
2025-08-21,224.47213745117188,226.08906587116957,223.3542730460458,225.8395414786139,30621200,AAPL
2025-08-22,227.3267059326172,228.65417758009713,224.98118568943215,225.73973438952316,42477800,AAPL
2025-08-25,226.7278594970703,228.86378779922748,225.79962078901826,226.0491451945495,30983100,AAPL
2025-08-26,228.87376403808594,229.0534295301293,224.26255788237486,226.43840339540802,54575100,AAPL
2025-08-27,230.05152893066406,230.46073738560713,227.82576024347395,228.17510050695543,31259500,AAPL
2025-08-28,232.11758422851562,232.9659733126178,228.90370861616245,230.3809040856524,38074700,AAPL
2025-08-29,231.69837951660156,232.9360260407387,230.92984008944924,232.0676707602769,39418400,AAPL
2025-09-02,229.28298950195312,230.4108447009183,226.53822101083426,228.81388239599917,44075600,AAPL
2025-09-03,238.01634216308594,238.395624134605,233.9141603097862,236.75874463665696,66427800,AAPL
2025-09-04,239.3238525390625,239.4436193831587,236.28964239378743,237.9963808412042,47549400,AAPL
2025-09-05,239.2340087890625,240.86091270031892,238.03629475202086,239.54341659874092,54870400,AAPL
2025-09-08,237.42745971679688,239.69313028194867,235.89038089866295,238.84475646782593,48999500,AAPL
2025-09-09,233.9041748046875,238.3257397896772,232.9160527142261,236.54912730927947,66313900,AAPL
2025-09-10,226.35855102539062,231.97784546194652,225.52015268533836,231.7482872752143,83440800,AAPL
2025-09-11,229.59239196777344,230.01159113632517,226.21881717306923,226.44839058875493,50208600,AAPL
2025-09-12,233.62472534179688,234.0638755168574,228.58432913969838,228.78394562468256,55824200,AAPL
2025-09-15,236.24969482421875,237.7368657054393,234.58287368836292,236.54912714503797,42699500,AAPL
2025-09-16,237.6969451904297,240.76111223381088,235.87043992435724,236.72878926810645,63421100,AAPL
2025-09-17,238.5353546142578,239.6432435766681,237.27774187166392,238.5153883976145,46508000,AAPL
2025-09-18,237.42745971679688,240.74113579799257,236.199788714976,239.5134800259323,44249600,AAPL
2025-09-19,245.032958984375,245.83144010441063,239.7530294205925,240.77107799962133,163741300,AAPL
2025-09-22,255.5928192138672,256.15178189089505,247.64797087114997,247.82763635806887,105517400,AAPL
2025-09-23,253.9459686279297,256.8504363399061,253.0975947938589,255.39322235208516,60275200,AAPL
2025-09-24,251.8300018310547,255.2534845023776,250.56241362070242,254.73446948849343,42303700,AAPL
2025-09-25,256.3813171386719,256.6807646844572,251.2311452680336,252.72829161839874,55202100,AAPL
2025-09-26,254.97401428222656,257.10994249251326,253.2972024297037,253.61660096533106,46076300,AAPL
2025-09-29,253.9459686279297,254.5148915782133,252.52867184357527,254.0757261912774,40127700,AAPL
2025-09-30,254.14559936523438,255.4331385813304,252.6284867333586,254.37515755125318,37704300,AAPL
2025-10-01,254.9640350341797,258.29769267334166,254.44502000530687,254.55481135314994,48713900,AAPL
2025-10-02,256.6408386230469,257.68882891050583,253.66649683440303,256.09186667190835,42630200,AAPL
2025-10-03,257.5291442871094,258.7468246365968,253.46689477740222,254.18552630266564,49155600,AAPL
2025-10-06,256.2016906738281,258.5771679771474,254.56481112131073,257.49920544747016,44664100,AAPL
2025-10-07,255.99208068847656,256.91031341337026,254.94405994391948,256.3214394907812,31955800,AAPL
2025-10-08,257.5690612792969,258.0281776413904,255.62275879770374,256.03198246417537,36496900,AAPL
2025-10-09,253.55670166015625,257.50917476461467,252.65841993311406,257.3195337882977,38322000,AAPL
2025-10-10,244.80340576171875,255.8922708493858,243.53581752909898,254.45500785015722,61999100,AAPL
2025-10-13,247.18885803222656,249.2149949644775,245.09284695690994,248.90558714178317,38142900,AAPL
2025-10-14,247.29864501953125,248.37659224814226,244.23447809703134,246.13087266264282,35478000,AAPL
2025-10-15,248.8656463623047,251.3409393203658,246.99920876557604,249.01537013681215,33893600,AAPL
2025-10-16,246.979248046875,248.56621957555782,244.66366953460536,247.7777291727393,39777000,AAPL
2025-10-17,251.81002807617188,252.89796599708643,246.79958926324147,247.5481624372989,49147000,AAPL
2025-10-20,261.7411193847656,263.87706298772724,255.14370850365398,255.4032084113237,90483000,AAPL
2025-10-21,262.2701110839844,264.7853366806196,261.33189684706855,261.38182000576944,46695900,AAPL
2025-10-22,257.9583435058594,262.349966966352,254.94406918261987,262.15033525743416,45015300,AAPL
2025-10-23,259.0861511230469,260.12418111371363,257.51916110368444,259.4454820834593,32754900,AAPL
2025-10-24,262.32000732421875,263.6275126875418,258.68691759501684,260.69310343226954,38253700,AAPL
2025-10-27,268.2986145019531,268.60802232244004,264.1465248140549,264.37609822840903,44888200,AAPL
2025-10-28,268.4882507324219,269.3765722048576,267.63986169210665,268.4782600095115,41534800,AAPL
2025-10-29,269.1869201660156,270.8936584399069,266.6018207191691,268.76770579477784,51086700,AAPL
2025-10-30,270.8836669921875,273.6184749716116,267.969239224885,271.4725408872279,69886500,AAPL
2025-10-31,269.85565185546875,276.79244258078194,268.647962249571,276.4630533049319,86167100,AAPL
2025-11-03,268.53814697265625,270.33474092754267,265.74348587775046,269.90556627002525,50194600,AAPL
2025-11-04,269.5262756347656,270.9734988318123,267.11086611942017,267.8195068636227,49274800,AAPL
2025-11-05,269.6260986328125,271.18312844251227,266.4221834255846,268.0989800730272,43683100,AAPL
2025-11-06,269.25677490234375,272.8798740142925,267.38037702601645,267.38037702601645,51204000,AAPL
2025-11-07,267.9592590332031,271.7719991063764,266.26248096015127,269.28671541495146,48227400,AAPL
2025-11-10,269.1781311035156,273.4741297822401,267.20997142836535,268.7085692371889,41312400,AAPL
2025-11-11,274.99267578125,275.65206242273547,269.5477586519058,269.55775905965567,46208300,AAPL
2025-11-12,273.21435546875,275.4722525277038,271.4460210796085,274.74292397164845,48398000,AAPL
2025-11-13,272.6948547363281,276.4413491841305,271.83564282199285,273.85374352181776,49602800,AAPL
2025-11-14,272.15533447265625,275.70200347225597,269.3479639093673,270.7965900477885,47431300,AAPL
2025-11-17,267.2099609375,270.2371271729127,265.48159771217263,268.5687054184609,45018300,AAPL
2025-11-18,267.19000244140625,270.4569347049811,265.0719890725528,269.7376065335732,45677300,AAPL
2025-11-19,268.3089294433594,271.9555110777923,265.2517925781922,265.2817633125939,40424500,AAPL
2025-11-20,266.0010986328125,275.17250947675234,265.67142054546326,270.5768036466949,45823600,AAPL
2025-11-21,271.2361755371094,273.0744516711978,265.4216397990326,265.70137680880595,59030800,AAPL
2025-11-24,275.6620788574219,276.7410558404627,270.64675212306133,270.64675212306133,65585800,AAPL
2025-11-25,276.7110900878906,280.1179060838009,274.9926967216935,275.012667049666,46914200,AAPL
2025-11-26,277.29052734375,279.26868736786383,276.3714044558947,276.70108254872224,33431400,AAPL
2025-11-28,278.5893249511719,278.73917862681736,275.73198274965245,277.0008150112318,20135600,AAPL
2025-12-01,282.8353576660156,283.1550658399818,275.88187257202503,277.75011957449965,46587700,AAPL
2025-12-02,285.9224548339844,287.1313151163589,282.36578537497866,282.7354345985028,53669500,AAPL
2025-12-03,283.8843688964844,288.35019153510143,283.0351573834178,285.9324708384744,43538700,AAPL
2025-12-04,280.4375915527344,284.46382276925783,278.32954829392816,283.83440686502166,43989100,AAPL
2025-12-05,278.5193786621094,280.8771882481053,277.79005013345267,280.27774306596746,47265800,AAPL
2025-12-08,277.6302185058594,279.4085531850005,275.8918244790692,277.86998437615557,38211800,AAPL
2025-12-09,276.9208679199219,279.7682096639769,276.6611317163261,277.8999627322321,32193300,AAPL
2025-12-10,278.5193786621094,279.48847306800184,276.1815698919154,277.490342786908,33038300,AAPL
2025-12-11,277.77008056640625,279.3286197507982,273.5540244422053,278.83908758708685,33248000,AAPL
2025-12-12,278.0198669433594,278.9589906850317,276.5612402656973,277.64021728323,39532900,AAPL
2025-12-15,273.8537292480469,279.8880911943856,272.5849275039148,279.8880911943856,50409100,AAPL
2025-12-16,274.353271484375,275.2424541197232,271.53593087885605,272.5649667835892,37648600,AAPL
2025-12-17,271.58587646484375,275.90184538512057,271.38608172110213,274.75292651919426,50138700,AAPL
2025-12-18,271.935546875,273.374203136776,266.7004552212896,273.35420232069225,51630700,AAPL
2025-12-19,273.4141845703125,274.34330788170604,269.64768928264715,271.8955859651445,144632000,AAPL
2025-12-22,270.7166748046875,273.62395794129594,270.25711338978425,272.6048920133635,36571800,AAPL
2025-12-23,272.1053771972656,272.2452609569047,269.30800689497966,270.5868091030317,29642000,AAPL
2025-12-24,273.55401611328125,275.17249671786806,271.9455359163183,272.085389177814,17910600,AAPL
2025-12-26,273.1444091796875,275.1125687682936,272.6049054553,273.9037084592662,21521800,AAPL
2025-12-29,273.50408935546875,274.10350406329195,272.0954038139857,272.4350823114352,23715200,AAPL
2025-12-30,272.82470703125,273.82377221524894,272.02546707967076,272.5549704076282,22139600,AAPL
2025-12-31,271.6058349609375,273.42414083736213,271.49595243002375,272.80472532736104,27293600,AAPL
