Date,Close,High,Low,Open,Volume,Ticker
,AVGO,AVGO,AVGO,AVGO,AVGO,
2018-01-02,21.0866641998291,21.125360953992903,20.34115594195515,20.514896686039048,33135000,AVGO
2018-01-03,21.317262649536133,21.380441228562425,21.009267265069965,21.10877318811975,31161000,AVGO
2018-01-04,21.324373245239258,21.461786632327833,21.198805372324983,21.44836101332535,19067000,AVGO
2018-01-05,21.450735092163086,21.659224622326043,21.27936221744001,21.47837563545767,28633000,AVGO
2018-01-08,21.502058029174805,21.524170454925425,21.24855443216346,21.395443902321723,20971000,AVGO
2018-01-09,21.204328536987305,21.62683551540782,21.17984670878325,21.564446243126774,26027000,AVGO
2018-01-10,20.75655746459961,21.017958647416183,20.590712717140608,21.005322326343407,31607000,AVGO
2018-01-11,20.80946922302246,20.83710976332564,20.65547149667719,20.814997331083095,17726000,AVGO
2018-01-12,20.871854782104492,20.95319628345812,20.691795146379043,20.80077868938635,19881000,AVGO
2018-01-16,20.78972625732422,21.085876195426863,20.664158370259027,20.9421438791239,33528000,AVGO
2018-01-17,20.99189567565918,21.04875685825127,20.569388574809196,20.96583524173972,37365000,AVGO
2018-01-18,21.30699920654297,21.32753303887752,20.886861512251215,20.964255020566153,30319000,AVGO
2018-01-19,21.037704467773438,21.27857335540324,21.012433328569866,21.255671620858855,29963000,AVGO
2018-01-22,20.699689865112305,21.06770509162547,20.58201952776515,20.9792553904129,27230000,AVGO
2018-01-23,20.762083053588867,20.88133201162832,20.383800842209375,20.670473126093274,35398000,AVGO
2018-01-24,20.28508758544922,20.791305649810962,20.217170180923922,20.60966737568452,45405000,AVGO
2018-01-25,19.529308319091797,20.362476913059805,19.5064065912646,20.35457940194444,59520000,AVGO
2018-01-26,19.805715560913086,19.818350373901808,19.367413476571414,19.6975213134937,49014000,AVGO
2018-01-29,19.38558006286621,19.703051615873118,19.229212937487972,19.607493677092567,50401000,AVGO
2018-01-30,19.030982971191406,19.350825336015163,18.71745951791126,19.05230609677218,46002000,AVGO
2018-01-31,19.58774757385254,19.991300891469457,19.33740265395521,19.743325375473464,80482000,AVGO
2018-02-01,18.858036041259766,19.41953661217552,18.80354426578099,19.08942876222735,66851000,AVGO
2018-02-02,18.596630096435547,18.79248321172264,18.486857274475877,18.698505408851133,58352000,AVGO
2018-02-05,18.013816833496094,19.26949294855758,17.974330769519284,18.53346211170043,70776000,AVGO
2018-02-06,18.98360252380371,18.985182628522015,17.76109553699368,17.81795671240945,77744000,AVGO
2018-02-07,18.74668312072754,19.198409299656344,18.716673181606794,18.855665156832796,40475000,AVGO
2018-02-08,18.129901885986328,18.83671180842574,18.125163078057724,18.747472794782315,43200000,AVGO
2018-02-09,18.59821319580078,18.726150471305463,17.867710708576396,18.384195606135084,43282000,AVGO
2018-02-12,19.301076889038086,19.386367904988248,18.75616064229886,18.78459047885014,35063000,AVGO
2018-02-13,19.416378021240234,19.429803640370455,18.958332891154818,19.033356992133037,23719000,AVGO
2018-02-14,19.558530807495117,19.636713614220405,19.22842143938732,19.348461209608335,25491000,AVGO
2018-02-15,19.887845993041992,19.888635292205212,19.303443771188146,19.686463240508882,25540000,AVGO
2018-02-16,19.655664443969727,19.930491188534383,19.58853786248649,19.84362158345585,32639000,AVGO
2018-02-20,19.713315963745117,20.196632196250253,19.54747274917815,19.644609273953627,41693000,AVGO
2018-02-21,19.63434600830078,20.017367084034902,19.6209203875362,19.939973569518546,28156000,AVGO
2018-02-22,19.69199562072754,19.988145551184086,19.606704597410886,19.673832698255183,19342000,AVGO
2018-02-23,20.036312103271484,20.14055681400223,19.76622271294408,19.912324372809096,18280000,AVGO
2018-02-26,19.976303100585938,20.093973490226812,19.822305354130858,19.89811877187833,28878000,AVGO
2018-02-27,19.886268615722656,20.19110533340043,19.876001700008306,19.90838104569429,21176000,AVGO
2018-02-28,19.46375846862793,20.097913638131505,19.425851021422737,20.065535803844153,28834000,AVGO
2018-03-01,19.214996337890625,19.673832299748476,19.05705061529096,19.416379130047936,26044000,AVGO
2018-03-02,19.812028884887695,19.83651071287887,18.97175374243691,18.98754725541836,27402000,AVGO
2018-03-05,19.504823684692383,19.84914788963883,19.22367805329714,19.735425553469064,25900000,AVGO
2018-03-06,19.819141387939453,19.84599111897108,19.531678301274283,19.68883471012268,30030000,AVGO
2018-03-07,19.510353088378906,19.69594081953061,19.295546225280575,19.639868946826546,31549000,AVGO
2018-03-08,19.502460479736328,19.609074638920756,19.421117456745364,19.60591593518363,33554000,AVGO
2018-03-09,20.041847229003906,20.081333282297766,19.55616154326681,19.631185647043697,30782000,AVGO
2018-03-12,20.757347106933594,20.872648078303143,20.503052626652735,20.58439564987927,53881000,AVGO
2018-03-13,20.629409790039062,21.626843175557283,20.55122697694717,21.040860701862876,66855000,AVGO
2018-03-14,20.579652786254883,20.717855462276862,20.150037529183965,20.69100573257559,39619000,AVGO
2018-03-15,21.14588737487793,21.235917178448588,20.809462196134906,20.827625112888658,57990000,AVGO
2018-03-16,20.127927780151367,20.81736566620754,20.091600429946833,20.76998059415321,113955000,AVGO
2018-03-19,19.34450912475586,20.255860411854666,19.172347017615433,19.988140389539634,71267000,AVGO
2018-03-20,19.139970779418945,19.58932909015121,19.054679764305668,19.35635777368096,61918000,AVGO
2018-03-21,19.71210289001465,20.07990158381241,19.236127840093783,19.277795735895985,54912000,AVGO
2018-03-22,19.517385482788086,19.769796976892543,19.351514766702998,19.393983526726736,43078000,AVGO
2018-03-23,19.43004035949707,19.64959803424673,19.264171188444504,19.50215792199568,59070000,AVGO
2018-03-26,19.85072898864746,19.938871497798605,19.272186691062227,19.84592074301639,48713000,AVGO
2018-03-27,19.581491470336914,20.373180017930295,19.359529632041074,19.878775872303216,63917000,AVGO
2018-03-28,18.965282440185547,19.786621127082668,18.878741676078306,19.558249369061503,41744000,AVGO
2018-03-29,18.882747650146484,19.298624111372035,18.81143096197939,19.078265601594417,46874000,AVGO
2018-04-02,18.244112014770508,18.920413326803544,18.06462047674407,18.746530899340435,53088000,AVGO
2018-04-03,18.973302841186523,18.989329310912954,18.206454758032834,18.498930952882997,45569000,AVGO
2018-04-04,18.990127563476562,19.06464926192131,18.3899511799583,18.434021673090935,37720000,AVGO
2018-04-05,18.93563461303711,19.365934298674784,18.83066326592383,19.292215013321098,35798000,AVGO
2018-04-06,18.339468002319336,18.95406913528669,18.250523092765018,18.728902305949795,30248000,AVGO
2018-04-09,18.809831619262695,19.204072559000117,18.370716273221582,18.428409100071885,37494000,AVGO
2018-04-10,19.211280822753906,19.356316780348795,19.04380843098378,19.19605522621074,33244000,AVGO
2018-04-11,19.256959915161133,19.289012846256554,18.997337592433286,19.080673379239933,19922000,AVGO
2018-04-12,19.185644149780273,19.442862341903435,18.998938735808668,19.345904215209387,41036000,AVGO
2018-04-13,19.787425994873047,20.192886743237416,19.623959394770097,20.032625130843464,48312000,AVGO
2018-04-16,19.98213768005371,20.023805565630486,19.686456629565722,19.95970124384834,25172000,AVGO
2018-04-17,20.172054290771484,20.260999205226113,20.003780954434717,20.103944091311796,25084000,AVGO
2018-04-18,19.999773025512695,20.166444627436306,19.82909557070567,20.112757639937033,20511000,AVGO
2018-04-19,19.46049690246582,19.734544042400188,19.284210314315608,19.51498629012464,50141000,AVGO
2018-04-20,19.00054168701172,19.359526245224824,18.83146599867454,19.32907657346219,41530000,AVGO
2018-04-23,18.706462860107422,19.09669949435706,18.599889770069755,19.070255673851804,31337000,AVGO
2018-04-24,18.301006317138672,18.920414157534047,18.16478439960486,18.88996448051505,44889000,AVGO
2018-04-25,18.349885940551758,18.51816080131661,18.098276806862916,18.349885940551758,34023000,AVGO
2018-04-26,18.463665008544922,18.580655435689707,18.293788476959786,18.510141139225112,32751000,AVGO
2018-04-27,18.65277671813965,18.766562181148064,18.486105140119882,18.716080188869213,27211000,AVGO
2018-04-30,18.38353729248047,18.760151588572107,18.295394789274912,18.63674963869574,39682000,AVGO
2018-05-01,18.460466384887695,18.498126904169528,18.138341402706935,18.498126904169528,44947000,AVGO
2018-05-02,18.32904815673828,18.70566089789544,18.17359481530786,18.69444267854965,52950000,AVGO
2018-05-03,18.049392700195312,18.260136281714676,17.84345736382752,18.148754948699438,58011000,AVGO
2018-05-04,18.4716796875,18.597484220515838,17.787365263027834,17.92118302805565,51303000,AVGO
2018-05-07,18.90839385986328,18.98291555371795,18.510145489523346,18.53418366095726,36953000,AVGO
2018-05-08,19.139171600341797,19.14798569926305,18.816245757984618,18.889965065660665,40149000,AVGO
2018-05-09,19.07506561279297,19.161606393131564,18.754543921100396,18.8947716836009,35031000,AVGO
2018-05-10,19.512577056884766,19.5302052525729,19.119937807666982,19.209683572432663,25747000,AVGO
2018-05-11,19.50216293334961,19.591910241357834,19.359531029511942,19.478124758584986,24052000,AVGO
2018-05-14,19.612741470336914,19.90601848311547,19.535815650685084,19.734540175329638,27580000,AVGO
2018-05-15,19.357929229736328,19.58710192430886,19.11112680824948,19.41642446495017,24984000,AVGO
2018-05-16,19.27219009399414,19.408412026773057,19.150391372287203,19.402802915335716,29330000,AVGO
2018-05-17,19.18724822998047,19.364337175268947,19.07105863666117,19.080675128218417,22825000,AVGO
2018-05-18,18.90999412536621,19.280997749559788,18.901178500309676,19.220098409060018,25262000,AVGO
2018-05-21,19.15519142150879,19.271379453688724,18.964480185883833,19.188043682748546,25720000,AVGO
2018-05-22,19.11032485961914,19.34109927095377,19.037404889691945,19.250552631848183,19218000,AVGO
2018-05-23,19.27619171142578,19.281800821630583,18.913201277676254,18.92922621514147,23454000,AVGO
2018-05-24,19.51418113708496,19.58068959866703,19.231319959154092,19.3002325435891,22799000,AVGO
2018-05-25,20.03502082824707,20.08710605962653,19.55503858611883,19.55503858611883,32214000,AVGO
2018-05-29,20.00778579711914,20.121571273816105,19.9100267883216,19.9236491331993,28281000,AVGO
2018-05-30,19.98454475402832,20.195286806889,19.9789356441485,20.12717662359628,26844000,AVGO
2018-05-31,20.19849395751953,20.456513020102268,19.952492451441284,19.973327162145747,34698000,AVGO
2018-06-01,20.5406551361084,20.649632370709664,20.23615834846117,20.382797631153604,26360000,AVGO
2018-06-04,20.703319549560547,20.782649499409313,20.531839697655492,20.673670735436357,25886000,AVGO
2018-06-05,20.774633407592773,20.9421058551214,20.676874407800174,20.790658345647984,42374000,AVGO
2018-06-06,21.115983963012695,21.136818670779025,20.81068794038597,20.893221321701226,37465000,AVGO
2018-06-07,21.208942413330078,21.353177567003645,21.067912247547557,21.07432222332964,46077000,AVGO
2018-06-08,20.671262741088867,20.828317813183514,20.33231050715817,20.572701360306077,73694000,AVGO
2018-06-11,20.900436401367188,20.978163076520477,20.539047710815517,20.66244813066522,31859000,AVGO
2018-06-12,20.94851303100586,20.9725527274282,20.705718057774437,20.86037053419278,27594000,AVGO
2018-06-13,21.12079429626465,21.320319655599477,20.89081926528393,20.974957440949137,34868000,AVGO
2018-06-14,21.511831283569336,21.560710012993532,21.162461696655946,21.23457925791451,37042000,AVGO
2018-06-15,21.653667449951172,21.78027288053048,21.341157433812935,21.638441846664826,60969000,AVGO
2018-06-18,21.194515228271484,21.555101516453675,21.172879653604923,21.555101516453675,30191000,AVGO
2018-06-19,21.190458297729492,21.20507647133177,20.63826523120947,20.78849414752709,36221000,AVGO
2018-06-20,21.212379455566406,21.439754115696736,21.173400765388273,21.235116766693125,24951000,AVGO
2018-06-21,21.08489227294922,21.32201088056565,20.986633922750784,21.241618670589144,18186000,AVGO
2018-06-22,21.089759826660156,21.235115981867597,21.02885543189989,21.209130705663615,52412000,AVGO
2018-06-25,20.497777938842773,20.82259780921413,20.336178833603164,20.82259780921413,29705000,AVGO
2018-06-26,20.426315307617188,20.6756156860666,20.345923110676154,20.5448745922012,24233000,AVGO
2018-06-27,20.066579818725586,20.720280704510962,20.04546571317692,20.47098030201706,24720000,AVGO
2018-06-28,19.88711929321289,20.08363601208444,19.673549585842345,19.999182674128374,33238000,AVGO
2018-06-29,19.703590393066406,20.053583908988212,19.69790606518178,20.053583908988212,42794000,AVGO
2018-07-02,19.655681610107422,19.669486629211317,19.279702774432025,19.496520411508055,33369000,AVGO
2018-07-03,19.431556701660156,19.764497275782155,19.408006233989614,19.762060913687726,11591000,AVGO
2018-07-05,19.92772102355957,19.944774010578517,19.544433069004043,19.63457072863661,25299000,AVGO
2018-07-06,20.112869262695312,20.187578699588208,19.848140589846547,19.887119291802527,23112000,AVGO
2018-07-09,20.092565536499023,20.238734874246003,19.938275507892392,20.220057130382454,17955000,AVGO
2018-07-10,20.346736907958984,20.44743161493404,20.061707321865885,20.16646159979679,16413000,AVGO
2018-07-11,19.768556594848633,20.101497164729015,19.701156256927202,19.89117700923791,35761000,AVGO
2018-07-12,17.051433563232422,17.07579563270995,16.034747359302866,16.815939753735794,435083000,AVGO
2018-07-13,16.44077491760254,17.377880664175322,16.395300287140188,17.256073397027812,161678000,AVGO
2018-07-16,16.504926681518555,16.759098259584203,16.28404792176421,16.370937608409736,102277000,AVGO
2018-07-17,16.915822982788086,16.979163750201433,16.404231863644043,16.420473244915502,110827000,AVGO
2018-07-18,16.9539852142334,17.04331123675883,16.779394287768017,16.82730526458136,80834000,AVGO
2018-07-19,17.08310890197754,17.173246567597538,16.893901274400502,16.914202229505342,63247000,AVGO
2018-07-20,17.07986068725586,17.15132060577916,16.952367531365205,17.06118294146674,62893000,AVGO
2018-07-23,17.598764419555664,17.754677703735435,17.085548374802695,17.086359979472835,82211000,AVGO
2018-07-24,17.64910316467285,17.896778789798752,17.540289325667953,17.686458648618537,81158000,AVGO
2018-07-25,18.349905014038086,18.567534260276858,17.679151136103894,17.679151136103894,92271000,AVGO
2018-07-26,18.12334442138672,18.65848449538952,17.99260330682499,18.39294424396859,85069000,AVGO
2018-07-27,17.95037269592285,18.619503252956367,17.870792108209532,18.190739216488097,79443000,AVGO
2018-07-30,18.286563873291016,18.51637492542228,17.950375336752597,17.955248060882194,75275000,AVGO
2018-07-31,18.00884246826172,18.582962718469144,17.99016472595248,18.407558598451338,63860000,AVGO
2018-08-01,17.60525131225586,18.185054266031614,17.556528726386492,18.12983574840982,42669000,AVGO
2018-08-02,17.56871223449707,17.72381386302546,17.31697702061346,17.399805586794596,40312000,AVGO
2018-08-03,17.68726921081543,17.70269743677358,17.4103603569604,17.51998734271403,24832000,AVGO
2018-08-06,17.61743927001953,17.72787790238594,17.528926352977567,17.591453982791627,22638000,AVGO
2018-08-07,17.890283584594727,18.014527204380855,17.632864050276947,17.801770692653992,29798000,AVGO
2018-08-08,17.821252822875977,17.964985744057966,17.779839328694315,17.908955631408492,15801000,AVGO
2018-08-09,17.587390899658203,17.88541236196838,17.535418786714597,17.877291670918957,27563000,AVGO
2018-08-10,17.23414421081543,17.416855849122953,17.090411261861927,17.281243589523466,37017000,AVGO
2018-08-13,17.14076042175293,17.37625579136905,17.089601467381694,17.187048201086398,29842000,AVGO
2018-08-14,16.833805084228516,17.18136380910019,16.796451148473288,17.18136380910019,36327000,AVGO
2018-08-15,16.775339126586914,16.856542933281663,16.465947480853664,16.657591438470867,41132000,AVGO
2018-08-16,16.946680068969727,16.96048508741575,16.78427091164952,16.871972197352353,29239000,AVGO
2018-08-17,16.993783950805664,17.149697216784954,16.68845335317764,16.888218048047445,39093000,AVGO
2018-08-20,16.78670883178711,17.05306067992473,16.71687212871396,17.010834016306482,54489000,AVGO
2018-08-21,17.09447479248047,17.169994271286374,16.81837751094754,16.851671877336884,29952000,AVGO
2018-08-22,16.853296279907227,17.191921198523577,16.84436398438396,17.08960327893507,26890000,AVGO
2018-08-23,16.6949405670166,16.97834685102767,16.669766898555363,16.868719884927998,35578000,AVGO
2018-08-24,16.971853256225586,16.993778964237073,16.621048123494738,16.75666039324988,20541000,AVGO
2018-08-27,17.294235229492188,17.407921771068548,16.94180540174251,17.073356528748594,28213000,AVGO
2018-08-28,17.41280746459961,17.53705114868835,17.261765333541394,17.429047304876743,24340000,AVGO
2018-08-29,17.458274841308594,17.524050426402642,17.33321805566142,17.44365821671697,18125000,AVGO
2018-08-30,17.59307098388672,17.61661989804406,17.427412333946002,17.456645575580158,26529000,AVGO
2018-08-31,17.786340713500977,17.809889631094602,17.528108028886404,17.542726200699654,27623000,AVGO
2018-09-04,17.81882095336914,17.888656091900337,17.632048201194248,17.75060747448224,36663000,AVGO
2018-09-05,17.98042106628418,18.011279069848168,17.83100377241205,17.861050171605836,37194000,AVGO
2018-09-06,17.537853240966797,18.094107351997774,17.37138296472264,17.986916719988237,62509000,AVGO
2018-09-07,18.886667251586914,19.11647827717325,18.189928187204128,18.20616956651788,104703000,AVGO
2018-09-10,19.53874969482422,19.56635818787301,18.843633666557167,19.05557860794867,60880000,AVGO
2018-09-11,18.884231567382812,19.464847733345238,18.709642154516747,19.30243858096993,60755000,AVGO
2018-09-12,18.668228149414062,18.746183989343812,18.094921036849698,18.52287042424017,53077000,AVGO
2018-09-13,19.117292404174805,19.42587245640318,18.76811044716746,18.97680739741268,43757000,AVGO
2018-09-14,19.19200325012207,19.252906111798467,18.97680880204767,19.096181260842247,28095000,AVGO
2018-09-17,19.06938362121582,19.513576007431706,19.027156953856174,19.489213932425294,36739000,AVGO
2018-09-18,19.613447189331055,19.750077654757312,19.21582750464386,19.226463820285794,50511000,AVGO
2018-09-19,19.781986236572266,19.83925630359903,19.616719179662088,19.67399080718114,31160000,AVGO
2018-09-20,20.03888702392578,20.129701447637082,19.77626237183771,19.88016620695341,39986000,AVGO
2018-09-21,20.298240661621094,20.35305764709237,20.059341722319992,20.153428505086442,135321000,AVGO
2018-09-24,20.4086856842041,20.46186569964273,20.23360313506335,20.29414555294452,45326000,AVGO
2018-09-25,20.26141357421875,20.400498651478237,20.110056789124904,20.37022823075457,47037000,AVGO
2018-09-26,20.07978630065918,20.294141717784655,20.028243251332906,20.09696731710127,33428000,AVGO
2018-09-27,20.163240432739258,20.280235208636732,20.037244738279416,20.10106106362757,29572000,AVGO
2018-09-28,20.1861515045166,20.20578717985788,19.95052496091363,20.088792386298188,26739000,AVGO
2018-10-01,20.413593292236328,20.628766429884802,20.263054177767987,20.28023519602563,27709000,AVGO
2018-10-02,20.298240661621094,20.59359198268059,20.283514292573823,20.38332808333047,24888000,AVGO
2018-10-03,20.406234741210938,20.562500903203595,20.21151648265589,20.356328629439428,19607000,AVGO
2018-10-04,20.30396270751953,20.43159380889179,20.14278882503983,20.1804232168504,25660000,AVGO
2018-10-05,19.981609344482422,20.457770053720324,19.831887944945066,20.321958879369024,33860000,AVGO
2018-10-08,19.74762535095215,20.07897564779708,19.66662954801889,19.906346164530053,33397000,AVGO
2018-10-09,20.020063400268555,20.104333094519962,19.6658067262532,19.683805442106237,24675000,AVGO
2018-10-10,18.96711540222168,20.05034228803392,18.95156977459499,19.875258135407986,56327000,AVGO
2018-10-11,18.727392196655273,19.275550979316492,18.58748938789421,18.97856434248146,37424000,AVGO
2018-10-12,19.058746337890625,19.281281936635665,18.7445770568748,19.20683083769084,32589000,AVGO
2018-10-15,19.01947021484375,19.253461330646008,18.820660394470956,18.901657739304238,30099000,AVGO
2018-10-16,19.498085021972656,19.53408245077257,19.159370876594046,19.308274581012135,30355000,AVGO
2018-10-17,19.40400505065918,19.614270510665893,19.138108027979527,19.614270510665893,20262000,AVGO
2018-10-18,18.6553955078125,19.375364473591226,18.53349141798135,19.26164204434181,37442000,AVGO
2018-10-19,18.676671981811523,18.906571561065203,18.566223433225627,18.817394087753748,32231000,AVGO
2018-10-22,18.70448875427246,19.01620339303762,18.65703729530007,18.86320957757553,25619000,AVGO
2018-10-23,18.73966407775879,18.779753119848248,17.90269882055538,18.22913972377594,35990000,AVGO
2018-10-24,17.893705368041992,18.523679358341496,17.822526618321824,18.52286009971779,37810000,AVGO
2018-10-25,18.18250846862793,18.2765952317971,17.929700911080264,17.98942563346551,35193000,AVGO
2018-10-26,17.438810348510742,17.781613022728845,17.115641786562584,17.636800911415975,53324000,AVGO
2018-10-29,17.30381965637207,17.89206760819298,17.036285693208363,17.687530729133048,28636000,AVGO
2018-10-30,18.081872940063477,18.126871290247,17.262907960298097,17.49035280479625,29697000,AVGO
2018-10-31,18.284780502319336,18.463135446215784,18.13914908873514,18.40832002183436,28146000,AVGO
2018-11-01,18.80756950378418,19.163463116985916,18.303589879085695,18.421403905830285,36830000,AVGO
2018-11-02,18.062240600585938,18.487677640190896,17.815160038410642,18.43531687862062,40241000,AVGO
2018-11-05,18.006610870361328,18.089243639285495,17.48463231061858,17.9190687914635,27609000,AVGO
2018-11-06,18.67421531677246,18.748666406736575,17.97633504949996,18.023788061336443,29464000,AVGO
2018-11-07,19.1773738861084,19.250188012376316,18.752754597146357,18.980199455417747,29004000,AVGO
2018-11-08,19.65599250793457,19.84989305739118,19.03910955735398,19.03910955735398,29796000,AVGO
2018-11-09,19.552906036376953,19.555360690952856,19.025200556838076,19.22646506664547,33611000,AVGO
2018-11-12,18.29622459411621,18.970377328152598,18.022144499887684,18.899198616730484,50306000,AVGO
2018-11-13,18.3944034576416,18.802659362578403,18.189048958497562,18.44840116071678,26697000,AVGO
2018-11-14,18.506498336791992,18.860755128679365,18.459045316808805,18.552314400020194,25411000,AVGO
2018-11-15,19.33609962463379,19.57908860793651,18.478680726843546,18.508133464064304,36694000,AVGO
2018-11-16,19.439998626708984,19.570084377970822,18.95238382469437,19.129921022950878,36005000,AVGO
2018-11-19,18.7462100982666,19.723895920381175,18.69793939269831,19.351638942913027,35326000,AVGO
2018-11-20,18.630035400390625,18.742122449294776,18.210325361502434,18.321593151890763,32123000,AVGO
2018-11-21,18.81739044189453,19.08819672293422,18.613671287253965,18.83538916060048,19926000,AVGO
2018-11-23,18.809213638305664,19.037476275499063,18.619403102913537,18.619403102913537,8066000,AVGO
2018-11-26,19.251827239990234,19.48418143411701,18.94420425649416,19.16264978205418,28714000,AVGO
2018-11-27,19.29436683654785,19.5021760018223,19.01537894757897,19.11028339234086,30406000,AVGO
2018-11-28,19.244462966918945,19.471907848365603,18.949930958720866,19.34918604824204,31080000,AVGO
2018-11-29,19.2902774810791,19.52345091132297,19.043196944095754,19.166737992833543,17920000,AVGO
2018-11-30,19.423633575439453,19.494812300084014,19.09473958595704,19.259187360944278,40083000,AVGO
2018-12-03,19.80489730834961,20.211516407248865,19.755807334357215,20.060977253422415,35241000,AVGO
2018-12-04,18.984294891357422,19.727991290084795,18.946660493529347,19.67562896396127,36455000,AVGO
2018-12-06,18.59158706665039,18.592404764839166,17.80370989388073,18.50977199348368,57859000,AVGO
2018-12-07,18.69957733154297,19.494815127586993,18.36740938152712,19.148740070254437,78396000,AVGO
2018-12-10,19.574176788330078,19.661718851140527,18.53185681721116,18.649670871972624,43344000,AVGO
2018-12-11,20.195148468017578,20.481500342238714,19.915341297969626,19.918615210548392,57730000,AVGO
2018-12-12,20.861125946044922,21.287380752410726,20.617319257575506,20.653316701776383,68703000,AVGO
2018-12-13,21.132747650146484,21.394554573058542,20.828397024236605,21.14583862048903,54355000,AVGO
2018-12-14,20.848848342895508,21.40191642736379,20.83248502170298,20.892209739612728,42727000,AVGO
2018-12-17,20.791587829589844,21.379835920384057,20.705682694607837,20.780133811592243,56238000,AVGO
2018-12-18,20.641929626464844,21.131377403333122,20.570828742180026,21.089211715236694,51849000,AVGO
2018-12-19,20.164064407348633,21.159494443236095,20.05079779973843,20.58654300330082,59728000,AVGO
2018-12-20,19.99871253967285,20.545207787362163,19.714304147362814,20.206232659452308,75365000,AVGO
2018-12-21,20.248388290405273,20.813071687307,19.998704145825478,19.998704145825478,102138000,AVGO
2018-12-24,19.32985496520996,20.148357512130076,19.305879223708487,20.007806744944812,28494000,AVGO
2018-12-26,20.515438079833984,20.545202750004776,19.30504968554094,19.658906276956806,36741000,AVGO
2018-12-27,20.7394962310791,20.770913536271912,20.019381886576937,20.255837201762443,37507000,AVGO
2018-12-28,20.966028213500977,21.335594262832064,20.76512338105783,20.917248844401875,28702000,AVGO
2018-12-31,21.0230770111084,21.37197418273023,20.74776284433275,21.316581138899448,26590000,AVGO
2019-01-02,20.95941162109375,21.057796660173295,20.379020314262096,20.57413776345893,30346000,AVGO
2019-01-03,19.095054626464844,20.383159432616715,19.042968414052137,20.219459232061137,68580000,AVGO
2019-01-04,19.28272819519043,19.54894815834541,19.153752152124206,19.37036643008027,54248000,AVGO
2019-01-07,19.675437927246094,19.862287477896423,19.078510942420728,19.317446683839652,53433000,AVGO
2019-01-08,19.51753044128418,19.999536780584982,19.294302497232806,19.85154446582119,36795000,AVGO
2019-01-09,20.361663818359375,20.394733752947015,19.664697324659876,19.711822493951615,52971000,AVGO
2019-01-10,20.62953758239746,20.71634793955683,20.202925783250546,20.302963484203786,29594000,AVGO
2019-01-11,20.716341018676758,20.91063215240393,20.612994939364178,20.62209070635446,20158000,AVGO
2019-01-14,20.741147994995117,20.799849447993324,20.330244131752792,20.51296058456666,25498000,AVGO
2019-01-15,21.205793380737305,21.67953187178658,20.83540099110508,20.89740770579349,39247000,AVGO
2019-01-16,20.809770584106445,21.276895393720977,20.781660117140042,21.26449278950855,24484000,AVGO
2019-01-17,21.109886169433594,21.276893170639127,20.563391057704482,20.674178707787526,35154000,AVGO
2019-01-18,21.56378173828125,21.65637942855334,21.24795612158654,21.424057311398442,34634000,AVGO
2019-01-22,21.354610443115234,21.45134128935514,21.074335256443955,21.330633127501244,37156000,AVGO
2019-01-23,21.29094886779785,21.57122246885672,20.970988513475103,21.45795587265199,31771000,AVGO
2019-01-24,21.78948974609375,22.05405549036368,21.49598722210281,21.58610439652878,35999000,AVGO
2019-01-25,22.15243911743164,22.18302852217216,21.57121992719363,21.923423854432563,30333000,AVGO
2019-01-28,22.12598419189453,22.22767765472927,21.384373165615262,21.62496317054285,31320000,AVGO
2019-01-29,22.018505096435547,22.12433170980145,21.812639225662753,22.103662806653034,27870000,AVGO
2019-01-30,22.390552520751953,22.63279516574959,22.105316284766296,22.322756875807816,28727000,AVGO
2019-01-31,22.178070068359375,22.405431135836498,22.02098358047464,22.369052797343166,21063000,AVGO
2019-02-01,22.059017181396484,22.28968511137639,21.90027804554667,22.252482030870457,22878000,AVGO
2019-02-04,22.498029708862305,22.49968391487829,21.905237334894036,22.116062658912135,20761000,AVGO
2019-02-05,22.322757720947266,22.705551134955183,22.31531615831692,22.48480370015777,22619000,AVGO
2019-02-06,22.836177825927734,23.14952291425135,22.55011530912012,22.593107318093054,27064000,AVGO
2019-02-07,22.247522354125977,22.700591941946445,22.016852833059485,22.559213288831494,28646000,AVGO
2019-02-08,22.658422470092773,22.677438742587295,22.079683765553924,22.10200687306138,23903000,AVGO
2019-02-11,22.795669555664062,22.818818980922565,22.593936822350408,22.686536100320744,18012000,AVGO
2019-02-12,23.09908676147461,23.181763935169936,22.90644984561798,23.037906378330597,19809000,AVGO
2019-02-13,23.2586612701416,23.328109550791222,22.981694462235676,23.149527807138927,19190000,AVGO
2019-02-14,23.27353286743164,23.38432048938263,23.06270759461841,23.1991235765715,16015000,AVGO
2019-02-15,23.30908966064453,23.487671364529245,23.049483403775156,23.487671364529245,17352000,AVGO
2019-02-19,23.286766052246094,23.383498463491804,23.161923178953725,23.244600359176108,15152000,AVGO
2019-02-20,23.432275772094727,23.697669373278103,23.33802546011336,23.41822211829373,16150000,AVGO
2019-02-21,23.22724151611328,23.426492144622845,23.061060818119607,23.41739795315438,13254000,AVGO
2019-02-22,22.860151290893555,23.149520613955186,22.708025857100647,23.145387464840223,27225000,AVGO
2019-02-25,23.033777236938477,23.21814630981055,23.023855154362,23.21401158309162,19245000,AVGO
2019-02-26,22.736141204833984,22.98499909693465,22.69066867011451,22.978383849218318,27211000,AVGO
2019-02-27,22.44594383239746,22.744407386981095,22.28803102150259,22.588975096677977,29146000,AVGO
2019-02-28,22.765901565551758,22.79483834290883,22.209487548845757,22.320273617316793,31460000,AVGO
2019-03-01,22.55011558532715,22.99739774702781,22.416180092724257,22.961847299088944,19035000,AVGO
2019-03-04,22.72704315185547,22.866767567664137,22.393855494642196,22.736137341866964,17382000,AVGO
2019-03-05,22.90232276916504,23.185904808972634,22.69728319787898,22.777479872626134,21699000,AVGO
2019-03-06,22.434371948242188,22.89570941304474,22.362443149761095,22.873386301841833,19973000,AVGO
2019-03-07,21.951539993286133,22.35004286487507,21.83331233915848,22.337640259941107,25411000,AVGO
2019-03-08,21.84239959716797,21.889524750146926,21.429841622253146,21.624959057281664,22167000,AVGO
2019-03-11,22.24504280090332,22.368231498375028,21.830832061038517,21.900280341695645,27161000,AVGO
2019-03-12,22.292163848876953,22.325235353707267,21.849016407316523,22.30291224564042,23324000,AVGO
2019-03-13,22.42279624938965,22.57740223782731,22.241734000695985,22.364922687287056,32089000,AVGO
2019-03-14,22.17393684387207,22.50960505812176,22.148306899982867,22.495549825864057,43094000,AVGO
2019-03-15,24.000268936157227,24.76585727303669,23.43889383829947,23.683616991585502,144066000,AVGO
2019-03-18,24.29377555847168,24.553380285734203,23.993657758862742,23.995311965117516,56746000,AVGO
2019-03-19,24.746017456054688,24.88408769820291,24.316097289340004,24.320232016542167,51556000,AVGO
2019-03-20,24.27638816833496,24.94120815683804,24.21465966812091,24.857792425673484,41263000,AVGO
2019-03-21,24.7576961517334,24.9720737491063,24.273886794203204,24.34729181424145,27379000,AVGO
2019-03-22,24.41152000427246,24.727664176398342,24.30725073845408,24.68428812363335,23307000,AVGO
2019-03-25,24.370643615722656,24.53914244842258,24.10705095706724,24.373979989980693,23878000,AVGO
2019-03-26,24.776874542236328,24.98040926843773,24.543312449743222,24.55499055436788,28009000,AVGO
2019-03-27,24.688459396362305,24.914515084726784,24.39567144256609,24.821923927225768,21862000,AVGO
2019-03-28,24.947046279907227,25.29989374358888,24.663433759138496,24.783552789381165,33030000,AVGO
2019-03-29,25.083845138549805,25.247340206773313,24.881145683680632,25.126387490504616,24493000,AVGO
2019-04-01,25.507596969604492,25.587674727045385,25.003767849404063,25.28404397800364,27040000,AVGO
2019-04-02,25.279041290283203,25.637727822535652,25.2423379865247,25.53846232230605,22857000,AVGO
2019-04-03,25.374971389770508,25.641900485120107,25.17644196026607,25.543470261883222,22266000,AVGO
2019-04-04,25.19145393371582,25.5251152485882,25.163926059839742,25.420845988251667,15228000,AVGO
2019-04-05,25.38163948059082,25.394986569317368,25.17476994697638,25.35828326858633,18875000,AVGO
2019-04-08,25.39832305908203,25.466724303704446,25.191453524528153,25.369961489798463,13899000,AVGO
2019-04-09,25.31240463256836,25.367458788354007,25.048811959684862,25.239833317715576,11621000,AVGO
2019-04-10,25.651071548461914,25.672760369054693,25.274867881762578,25.324918271889317,14992000,AVGO
2019-04-11,25.80955696105957,25.874620229934056,25.544295347135037,25.704454023175074,16669000,AVGO
2019-04-12,26.445186614990234,26.479387238464323,25.90632314437061,25.971388016764212,30087000,AVGO
2019-04-15,26.39263153076172,26.48605796064133,26.123199832255864,26.445183002618865,16216000,AVGO
2019-04-16,26.567811965942383,26.693768475514055,26.367615146018757,26.69293477951679,21116000,AVGO
2019-04-17,26.73713493347168,26.771335547320383,26.51274670433426,26.712941849447517,18138000,AVGO
2019-04-18,26.577817916870117,26.897298458186906,26.539447222280735,26.779683695702957,26548000,AVGO
2019-04-22,26.27585220336914,26.51692235129234,26.209119943953866,26.4693762329802,13504000,AVGO
2019-04-23,26.329235076904297,26.533603498479806,26.208283961096775,26.422661504750987,19777000,AVGO
2019-04-24,26.21996307373047,26.44351605230696,26.124869250725975,26.24081660546297,23335000,AVGO
2019-04-25,26.01058578491211,26.104845899440324,25.572655313412305,26.104845899440324,26732000,AVGO
2019-04-26,25.892974853515625,25.938018291678347,25.450872656751493,25.787871906780108,16404000,AVGO
2019-04-29,26.08566665649414,26.248326452527213,25.895480576850908,25.962212841659927,13404000,AVGO
2019-04-30,26.559463500976562,26.561130892548466,26.069815191821345,26.135713752428902,18953000,AVGO
2019-05-01,26.601171493530273,26.959857980804536,26.583654335278606,26.734636010978015,18158000,AVGO
2019-05-02,26.344253540039062,26.875610529797886,26.211622716556032,26.691260335630815,20428000,AVGO
2019-05-03,26.335079193115234,26.413491157410306,25.916334738388567,26.271684892381987,19214000,AVGO
2019-05-06,25.9897403717041,26.01977092647314,25.470896709501915,25.591015746532523,14371000,AVGO
2019-05-07,25.632720947265625,25.827078683550674,25.335761342124822,25.746165635502535,21734000,AVGO
2019-05-08,25.30739974975586,25.663583559427227,25.284043538696924,25.46672315706043,15099000,AVGO
2019-05-09,25.36328887939453,25.512601580341858,24.76186323221879,25.024622210919787,22282000,AVGO
2019-05-10,25.354948043823242,25.475067074740824,24.746015930348896,25.29405483247581,21025000,AVGO
2019-05-13,24.472408294677734,24.664264914368694,24.040316836790147,24.50911159071836,37864000,AVGO
2019-05-14,25.19145393371582,25.408332595115883,24.647585115411385,24.665102274778835,34277000,AVGO
2019-05-15,25.389144897460938,25.6727573777092,24.908672027182064,25.047141893224353,18166000,AVGO
2019-05-16,24.798566818237305,25.28320981876828,24.58252026153022,25.003768964559935,34233000,AVGO
2019-05-17,24.181291580200195,24.488260290438724,24.057836184835057,24.42236172712113,39094000,AVGO
2019-05-20,22.73819923400879,23.352136485789675,22.408708098980153,23.189475157253245,65162000,AVGO
2019-05-21,22.96676254272461,23.337960812852913,22.91003940967039,23.113572550001766,25060000,AVGO
2019-05-22,22.45709800720215,22.944243708897506,22.436242881337233,22.562200968343145,31809000,AVGO
2019-05-23,21.695512771606445,22.14595511956533,21.535354078089913,22.070047433921268,46607000,AVGO
2019-05-24,21.34934425354004,22.16681505559433,21.332660786308807,21.91323303597623,27963000,AVGO
2019-05-28,21.227556228637695,21.49865698241235,20.86136321896434,21.401894152482498,61965000,AVGO
2019-05-29,21.197521209716797,21.385204579943125,20.985646343404444,21.08240755468123,28132000,AVGO
2019-05-30,21.406063079833984,21.466121004092695,21.197524554655487,21.242567997849523,17310000,AVGO
2019-05-31,20.99064826965332,21.332651239728712,20.93726310763139,21.107430896987516,22192000,AVGO
2019-06-03,21.11911392211914,21.54870276953785,20.953951450408344,21.06656085250977,28911000,AVGO
2019-06-04,22.163480758666992,22.188505961860503,21.334331770004468,21.434429400732203,36805000,AVGO
2019-06-05,22.165145874023438,22.648119960498445,21.888206068026026,22.439581410013034,23651000,AVGO
2019-06-06,22.7548885345459,22.939237145830543,22.12843928015974,22.273581911542458,32687000,AVGO
2019-06-07,22.92839241027832,23.178639584751245,22.79576158282016,22.92088596556793,25963000,AVGO
2019-06-10,23.373828887939453,23.754202585695253,23.08270995990195,23.083543655677854,23280000,AVGO
2019-06-11,23.646596908569336,24.33644197700855,23.307096578925616,24.231339032676644,37105000,AVGO
2019-06-12,23.333797454833984,23.61991271821217,23.140273367991306,23.49562358975356,27057000,AVGO
2019-06-13,23.490619659423828,23.59739163076018,23.14027477482958,23.483113212289094,37735000,AVGO
2019-06-14,22.182661056518555,22.36283801712786,21.476966104605594,21.53035287246711,100797000,AVGO
2019-06-17,22.18599510192871,22.41371975305496,21.799782328751405,22.09173496990997,35785000,AVGO
2019-06-18,23.193655014038086,23.608229385519415,22.226870080831286,22.36784264564127,54920000,AVGO
2019-06-19,23.146944046020508,23.278739600297442,22.831633559859053,23.254549689904422,28920000,AVGO
2019-06-20,23.277069091796875,23.81092716902258,23.119413074313705,23.565685359061302,57291000,AVGO
2019-06-21,23.074111938476562,23.66446039276125,23.071585265211027,23.294754926254047,45399000,AVGO
2019-06-24,23.51287078857422,23.533924255574924,23.15916708162202,23.202958999745178,20506000,AVGO
2019-06-25,23.286325454711914,23.822776721422326,23.24506021977668,23.509496647635107,24436000,AVGO
2019-06-26,23.70151138305664,23.919629279910353,23.420233086602185,23.460656641861522,24774000,AVGO
2019-06-27,24.06110954284668,24.29185919285862,23.768041183625087,23.826991531022937,21813000,AVGO
2019-06-28,24.242176055908203,24.363446737871094,23.98616284889224,24.242176055908203,49265000,AVGO
2019-07-01,25.294021606445312,25.74878421321209,24.955476324466925,25.406027273980342,44832000,AVGO
2019-07-02,24.87126350402832,25.3209711772981,24.750834516905716,25.170226930565967,19011000,AVGO
2019-07-03,23.9920597076416,24.31965666285028,23.83457711069253,23.89184409368378,49411000,AVGO
2019-07-05,23.804258346557617,24.038376394371394,23.746149679110783,23.88763053461491,24565000,AVGO
2019-07-08,23.155797958374023,23.680457663403814,23.10779438466297,23.580242071507122,34291000,AVGO
2019-07-09,23.203800201416016,23.241697083732127,22.941048698194525,23.028632532601687,26131000,AVGO
2019-07-10,23.1170654296875,23.479189321161172,23.074956879788047,23.400027174882528,30134000,AVGO
2019-07-11,23.248435974121094,23.365494985786903,22.98652615349212,23.17937893161689,20712000,AVGO
2019-07-12,24.03416633605957,24.079643246227352,23.275388458983155,23.275388458983155,21971000,AVGO
2019-07-15,24.28260040283203,24.800523475578256,24.19248988059671,24.515035080982088,30334000,AVGO
2019-07-16,23.92804718017578,24.236273928997022,23.78151302038566,24.168901883044363,14617000,AVGO
2019-07-17,24.008054733276367,24.194170782198057,23.848888791966857,24.04847828841811,15453000,AVGO
2019-07-18,24.40386962890625,24.44766155070067,23.900261725132054,24.10069453859461,19357000,AVGO
2019-07-19,24.422395706176758,24.688515591366265,24.382813836788863,24.576509920056385,22047000,AVGO
2019-07-22,24.940317153930664,25.26370399403324,24.61103688514572,24.67503897450227,33905000,AVGO
2019-07-23,25.330232620239258,25.463293356833972,25.198015178831685,25.22243861372778,19692000,AVGO
2019-07-24,25.58203887939453,25.675517754906224,25.306653992901452,25.365605951973464,19006000,AVGO
2019-07-25,25.297388076782227,25.44392225522016,25.214015902208722,25.44392225522016,15741000,AVGO
2019-07-26,25.342025756835938,25.51887843233131,25.309182216306297,25.3984510462048,14996000,AVGO
2019-07-29,25.411075592041016,25.479289327047823,25.008526692188045,25.368125370449025,12068000,AVGO
2019-07-30,25.227489471435547,25.34286509921465,25.02031996103835,25.187909212426455,11164000,AVGO
2019-07-31,24.421550750732422,25.33444262868988,24.141955848062153,25.267070575866214,20819000,AVGO
2019-08-01,24.029953002929688,25.080957471188245,23.775623192668636,24.34912820075659,21911000,AVGO
2019-08-02,23.456449508666992,23.903632132577155,23.2358049113804,23.754571257940434,20080000,AVGO
2019-08-05,22.541032791137695,22.926738419821202,22.2395426528102,22.902314979914603,27765000,AVGO
2019-08-06,22.438283920288086,22.92167998882889,22.279959668798455,22.749038994714752,22199000,AVGO
2019-08-07,22.7423038482666,22.967158498422236,22.148587018931483,22.2353291757176,22244000,AVGO
2019-08-08,22.82062530517578,22.95368606406589,22.106481057855635,22.770096655372477,29163000,AVGO
2019-08-09,23.220645904541016,23.626563269133396,22.702722866053463,22.702722866053463,30735000,AVGO
2019-08-12,23.213064193725586,23.429497112304755,22.951997667892854,23.022738088357347,20040000,AVGO
2019-08-13,23.89183807373047,24.043423990092865,22.909045849458707,23.184430705600086,22340000,AVGO
2019-08-14,22.86947250366211,23.59288021032872,22.770098573786353,23.47834784486253,27108000,AVGO
2019-08-15,22.623554229736328,22.972204517420888,22.304379110921463,22.906517457161634,20010000,AVGO
2019-08-16,23.05642318725586,23.222327451069365,22.904835665499473,22.919152407556595,17458000,AVGO
2019-08-19,23.477502822875977,23.58614013650836,23.21054123772689,23.53813816290686,17489000,AVGO
2019-08-20,23.61140251159668,23.997949747479428,23.328439230703673,23.4252864619006,17920000,AVGO
2019-08-21,24.211856842041016,24.275860539161215,23.921315138196096,23.97100209204389,19381000,AVGO
2019-08-22,24.221961975097656,24.372707821079544,23.963422119311055,24.28680896755498,12294000,AVGO
2019-08-23,22.91746711730957,24.041740151128224,22.826514926726418,23.916259442296735,25742000,AVGO
2019-08-26,23.346126556396484,23.40760358411496,23.159168800009247,23.32338810358686,14249000,AVGO
2019-08-27,23.207172393798828,23.598773040275884,23.15159039764615,23.508664124280944,14298000,AVGO
2019-08-28,23.248435974121094,23.277911149268846,22.777673254405677,23.10274347623273,17202000,AVGO
2019-08-29,23.86404800415039,24.042584039969082,23.668668552092285,23.70572374656368,16429000,AVGO
2019-08-30,23.802570343017578,24.077111916515953,23.57182068680285,24.03163501514286,16720000,AVGO
2019-09-03,23.079158782958984,23.651820363050025,22.816407325241546,23.58023826789224,22210000,AVGO
2019-09-04,23.834569931030273,23.94657558347908,23.428652644161193,23.478339591632857,19865000,AVGO
2019-09-05,24.50829315185547,24.73230608785383,24.284281822133675,24.284281822133675,20938000,AVGO
2019-09-06,24.583240509033203,24.70029949749197,24.36343927238864,24.578187163930682,13748000,AVGO
2019-09-09,24.64219856262207,25.02874585218374,24.456084093357244,24.843473071940764,21686000,AVGO
2019-09-10,24.79631233215332,24.797154021159756,24.323022893706387,24.536087470535822,20850000,AVGO
2019-09-11,25.096960067749023,25.161805457559595,24.80557505181648,24.954635921993127,19260000,AVGO
2019-09-12,25.313390731811523,25.46076660453352,24.967265443727012,25.384972839626055,33109000,AVGO
2019-09-13,24.449342727661133,25.095273114410475,23.907839592622928,25.066639628453995,62557000,AVGO
2019-09-16,24.309551239013672,24.445138683024133,24.060274724714123,24.15291192923689,22176000,AVGO
2019-09-17,24.32386016845703,24.363442032450457,23.896047714424014,24.255646426950296,21912000,AVGO
2019-09-18,24.232067108154297,24.48639689661715,23.90699690295538,24.29522911239806,16510000,AVGO
2019-09-19,24.47629165649414,24.58661394510462,24.189118315555344,24.296072242160985,19421000,AVGO
2019-09-20,24.15928077697754,24.511139333991558,23.951903800528566,24.449096614162034,35524000,AVGO
2019-09-23,24.261268615722656,24.405751821215706,23.97400269371952,24.104886850520437,14850000,AVGO
2019-09-24,23.993549346923828,24.553632669167428,23.775974309384885,24.41934916483408,20292000,AVGO
2019-09-25,23.43771743774414,23.560104026415058,22.94732489111783,23.096056904026206,55588000,AVGO
2019-09-26,23.534605026245117,23.683337030375835,23.17509667219514,23.394370604301358,27477000,AVGO
2019-09-27,23.299182891845703,23.906012730873194,23.198894559728885,23.510808682767802,28660000,AVGO
2019-09-30,23.46320915222168,23.518453152156912,23.159794301085277,23.439412036137018,19826000,AVGO
2019-10-01,23.359525680541992,23.76747770471968,23.23458917760786,23.65019097092499,19429000,AVGO
2019-10-02,22.95327377319336,23.270286124228274,22.80454176286679,23.24139077726292,19543000,AVGO
2019-10-03,23.323829650878906,23.32977893087923,22.71105056873121,22.94732290077673,17096000,AVGO
2019-10-04,23.91875457763672,23.941702259150563,23.38926714046878,23.66888486666297,25884000,AVGO
2019-10-07,23.46405792236328,23.88390841945851,23.43176160558235,23.798068593001613,18658000,AVGO
2019-10-08,22.975364685058594,23.36376827693718,22.85467862621958,23.292376934793293,22757000,AVGO
2019-10-09,23.21504020690918,23.36462162856242,23.119000679785106,23.260084520187878,16329000,AVGO
2019-10-10,23.325529098510742,23.693536654749668,23.257537093809205,23.3348777357354,17340000,AVGO
2019-10-11,23.874563217163086,24.14398291403598,23.71988194474665,23.753877134055443,23697000,AVGO
2019-10-14,23.938302993774414,24.022442331568985,23.78702109987408,23.832914842019235,13312000,AVGO
2019-10-15,24.674318313598633,24.699815919771908,23.984198668656273,24.021594833499,21230000,AVGO
2019-10-16,24.5179386138916,24.655623105058403,24.35305764649821,24.56213349565625,20046000,AVGO
2019-10-17,24.598674774169922,24.792451042733667,24.504335751730547,24.659016993072996,13125000,AVGO
2019-10-18,24.369203567504883,24.642020971693213,24.137180062021212,24.604626429459195,16981000,AVGO
2019-10-21,24.61057472229004,24.808601413017534,24.397248496472322,24.51453520582256,13031000,AVGO
2019-10-22,24.431245803833008,24.720212171934282,24.412548533081175,24.612274095550482,13046000,AVGO
2019-10-23,23.824417114257812,24.098085579586254,23.69183248254287,24.048790856997403,20957000,AVGO
2019-10-24,23.993549346923828,24.094687097389894,23.68673511779718,24.042842450244425,16896000,AVGO
2019-10-25,24.631826400756836,24.763559993253477,24.070891977006927,24.074291333960378,20869000,AVGO
2019-10-28,24.778854370117188,24.857893860729714,24.50433649535247,24.745706999346343,12999000,AVGO
2019-10-29,24.490741729736328,24.961587504743473,24.483091961054466,24.840901421124933,13272000,AVGO
2019-10-30,24.667516708374023,24.72955941717048,24.351353885754506,24.64796838382731,17281000,AVGO
2019-10-31,24.889345169067383,24.9938839027535,24.460145971939163,24.630125161836897,27881000,AVGO
2019-11-01,25.207204818725586,25.207204818725586,24.824748861064627,24.90124005259682,21234000,AVGO
2019-11-04,25.92197036743164,25.961065396127626,25.42052884375415,25.456224516179645,34075000,AVGO
2019-11-05,26.690279006958008,26.92315192391537,25.876925096736034,25.92196940249284,38711000,AVGO
2019-11-06,26.615489959716797,26.71067842187978,26.237284412538294,26.522000365202768,18076000,AVGO
2019-11-07,26.494802474975586,27.15432620421473,26.402163940302124,26.821164983422303,23981000,AVGO
2019-11-08,26.636743545532227,26.65289251841457,25.93302635842565,26.3358785516537,17830000,AVGO
2019-11-11,26.58064842224121,26.622293381804344,26.41831737491958,26.448914829639477,9154000,AVGO
2019-11-12,26.816917419433594,26.89085869247791,26.62399056242302,26.686882710939898,16875000,AVGO
2019-11-13,26.658836364746094,26.83221489251128,26.516903100193023,26.55769699898326,12625000,AVGO
2019-11-14,26.259380340576172,26.503302389434648,26.016309346576442,26.410663852267252,17268000,AVGO
2019-11-15,26.594249725341797,26.606997720272282,26.353726963412022,26.53985514626087,18120000,AVGO
2019-11-18,26.4378604888916,26.636736610585352,26.179489958499968,26.501602066625438,15850000,AVGO
2019-11-19,27.001346588134766,27.678718222290343,26.91210740051537,26.91210740051537,31743000,AVGO
2019-11-20,26.488859176635742,26.927408643079502,26.261935485033867,26.848367515252836,19927000,AVGO
2019-11-21,26.793121337890625,26.831366937222825,26.329925355337142,26.44381271943173,19317000,AVGO
2019-11-22,26.76507568359375,27.15262990506248,26.662237443477657,26.911257747922456,13216000,AVGO
2019-11-25,27.164525985717773,27.212121838309635,26.87981003034076,26.908705370160586,19636000,AVGO
2019-11-26,26.879810333251953,27.212122144965683,26.86111144132613,27.111832214599417,30793000,AVGO
2019-11-27,27.06424331665039,27.191728123546994,26.896812416502687,27.021748921370612,20182000,AVGO
2019-11-29,26.87471580505371,27.008999326242268,26.77187755281521,26.929108760737293,9229000,AVGO
2019-12-02,26.40811538696289,27.020892750699293,26.394516340098157,27.00304491353387,23158000,AVGO
2019-12-03,26.051162719726562,26.261937455353994,25.763045718411362,25.99166991616468,18736000,AVGO
2019-12-04,26.32313346862793,26.46336628850915,26.10300845164097,26.325683392052316,14439000,AVGO
2019-12-05,26.448062896728516,26.556000987054347,26.267034581628167,26.397069301964233,15494000,AVGO
2019-12-06,26.861114501953125,26.885762675696334,26.52200393874918,26.74127947427847,16937000,AVGO
2019-12-09,26.719179153442383,26.954602020858545,26.681782989283796,26.85686363056795,24694000,AVGO
2019-12-10,26.776975631713867,26.849216423187357,26.62314379104273,26.780374988587575,14563000,AVGO
2019-12-11,27.17302703857422,27.311559331340806,26.787171693839348,26.787171693839348,20829000,AVGO
2019-12-12,27.859743118286133,28.060319729670628,27.148377964400023,27.173873947200395,38935000,AVGO
2019-12-13,26.807571411132812,27.17727781258961,26.399619408073093,27.031945174921375,70952000,AVGO
2019-12-16,27.462844848632812,27.8427493204895,26.986900845314803,27.02429701294551,37921000,AVGO
2019-12-17,27.519792556762695,27.617529346479007,27.345561312837972,27.514692710341155,20248000,AVGO
2019-12-18,27.829145431518555,28.1487075974431,27.49853414255492,27.570774917072814,35155000,AVGO
2019-12-19,27.545284271240234,27.983832090045947,27.51213689570263,27.979584920449483,31787000,AVGO
2019-12-20,27.386459350585938,27.68436396146037,27.207031136056223,27.68436396146037,50540000,AVGO
2019-12-23,27.431962966918945,27.672347938653417,27.26712956948766,27.518673950374396,20254000,AVGO
2019-12-24,27.51523780822754,27.530692320457128,27.38731970684342,27.47231297419634,7024000,AVGO
2019-12-26,27.29889678955078,27.62169602499885,27.199308676502266,27.58134530182904,15848000,AVGO
2019-12-27,27.174407958984375,27.416507345408274,27.06194274069838,27.412215517314632,14487000,AVGO
2019-12-30,26.910846710205078,27.243089230719686,26.84989161517673,27.173550479327645,13104000,AVGO
2019-12-31,27.130615234375,27.159804896497374,26.854176394506332,26.881648343425162,12487000,AVGO
2020-01-02,27.677490234375,27.68693520256151,27.242227521378954,27.413928462629478,20329000,AVGO
2020-01-03,26.973514556884766,27.472308113986827,26.964071226066746,27.25853874488144,22870000,AVGO
2020-01-06,26.933168411254883,26.950338999732036,26.582037573041116,26.68677554278783,20789000,AVGO
2020-01-07,26.840450286865234,27.17870401204925,26.80696878461981,27.064521069168837,18565000,AVGO
2020-01-08,26.50562858581543,26.913421015217196,26.477296953915314,26.86963651022487,31979000,AVGO
2020-01-09,26.2927188873291,26.87049623190058,26.017137993732455,26.812976563878944,42397000,AVGO
2020-01-10,25.688335418701172,26.231771717883095,25.652276520612485,26.22318642190748,40705000,AVGO
2020-01-13,25.856595993041992,26.0815247949051,25.72696018583118,25.75700953276587,22054000,AVGO
2020-01-14,26.457555770874023,26.540831326503245,25.89179747051164,25.926996686804817,28911000,AVGO
2020-01-15,26.024856567382812,26.43179087403382,25.815380692428036,26.3828565131756,22733000,AVGO
2020-01-16,26.36054229736328,26.430081051310967,26.116725183244025,26.184547860846852,21508000,AVGO
2020-01-17,26.509920120239258,26.522797241427305,26.10470344708578,26.498759075221745,26896000,AVGO
2020-01-21,26.44811248779297,26.571738771809635,26.298731956047693,26.424933992332743,21967000,AVGO
2020-01-22,26.86878204345703,27.293743478625284,26.656728707499816,26.682484591061755,29264000,AVGO
2020-01-23,27.442262649536133,27.455139771023706,26.684199083388393,27.058508381928927,30266000,AVGO
2020-01-24,27.815715789794922,28.466465649276458,27.538415556525102,28.37374513383074,55782000,AVGO
2020-01-27,26.5305233001709,27.46200711106077,26.497041804105542,27.164104161181676,38843000,AVGO
2020-01-28,27.327224731445312,27.40620845782741,26.85161120918322,26.91685813696224,23166000,AVGO
2020-01-29,27.258541107177734,27.93848063472643,27.226777322353225,27.542708919243164,23668000,AVGO
2020-01-30,27.060230255126953,27.087702216012648,26.49275422218056,26.984680315844354,21128000,AVGO
2020-01-31,26.19828224182129,27.00699788201772,26.06607068898122,26.97094063237332,22123000,AVGO
2020-02-03,26.204296112060547,26.32191121188006,26.067792708728177,26.23863565371362,21288000,AVGO
2020-02-04,26.751163482666016,27.006141636334156,26.583754344641072,26.76747603238436,22559000,AVGO
2020-02-05,27.247379302978516,27.455997168650647,27.116885472809884,27.257680671818434,24825000,AVGO
2020-02-06,27.445693969726562,27.462006517121743,26.976948122517907,27.372721437893702,22683000,AVGO
2020-02-07,27.06279945373535,27.345247888238276,27.03189207243068,27.328078940265854,15883000,AVGO
2020-02-10,26.97437858581543,27.008718127096454,26.63956028030718,26.81727080420235,19218000,AVGO
2020-02-11,27.486042022705078,27.540127891048567,27.12976139453953,27.184706938356232,15527000,AVGO
2020-02-12,27.87580680847168,27.909286664357076,27.612241776504472,27.647440983298587,15310000,AVGO
2020-02-13,27.813138961791992,27.94105869216772,27.55387062347517,27.5993695690489,13857000,AVGO
2020-02-14,27.280866622924805,27.961664274056368,27.223345312820538,27.887833687914796,19137000,AVGO
2020-02-18,26.67818832397461,27.043912312337568,26.44639032291489,27.04305427427151,26693000,AVGO
2020-02-19,27.102293014526367,27.20016339573177,26.759747499046096,26.871353039908698,20525000,AVGO
2020-02-20,26.548551559448242,27.102290662639874,26.280696319649206,26.953768208763115,25521000,AVGO
2020-02-21,26.14162254333496,26.56658395261134,25.951891312186792,26.48502611585057,24522000,AVGO
2020-02-24,25.034141540527344,25.652267905888024,24.90193162935366,25.25735424849912,36849000,AVGO
2020-02-25,24.26834487915039,25.388699975605512,24.130125460019357,25.249620881139283,31892000,AVGO
2020-02-26,24.543075561523438,24.74225011988368,24.381675968319712,24.411723677826927,23074000,AVGO
2020-02-27,23.51887321472168,24.494139941833275,23.48367400323932,24.06402706122066,34837000,AVGO
2020-02-28,23.404691696166992,23.534327504802324,22.55648496706097,22.60713705462813,44586000,AVGO
2020-03-02,24.464950561523438,24.50186748710321,23.278490188951537,23.76011483535101,31976000,AVGO
2020-03-03,23.54463005065918,24.766289755232247,23.314549731021057,24.437481007436915,29930000,AVGO
2020-03-04,24.50615692138672,24.529337047687957,23.589267975278105,23.82707550441598,23477000,AVGO
2020-03-05,23.526596069335938,24.30354783253896,23.39009434232818,23.803036587745943,24374000,AVGO
2020-03-06,23.13254165649414,23.25960169708578,22.535877727236045,22.92049000114809,30169000,AVGO
2020-03-09,21.266996383666992,22.344426702882107,20.969093487973545,21.55545595013424,43934000,AVGO
2020-03-10,22.570219039916992,22.63718203150858,20.89612460040123,22.028499016043607,55071000,AVGO
2020-03-11,21.116762161254883,22.019914360711756,20.818001167085157,21.795843615084465,36030000,AVGO
2020-03-12,18.782474517822266,20.84117965563565,18.571280893086946,19.487310213352952,64281000,AVGO
2020-03-13,20.108016967773438,20.129479384928256,17.269782187335885,19.360254695260007,84714000,AVGO
2020-03-16,16.103925704956055,18.784192973728523,15.47292213995576,17.872457003230952,76935000,AVGO
2020-03-17,17.12812614440918,17.17105097175255,15.580233683730171,16.46793136152048,70662000,AVGO
2020-03-18,14.411800384521484,16.095336355117535,13.364418503883753,15.939088298149654,98993000,AVGO
2020-03-19,16.6937198638916,17.811499466261566,14.165409209418938,14.39205570437037,74438000,AVGO
2020-03-20,16.78277587890625,18.21990247263948,16.40646892538865,17.636670658892633,74044000,AVGO
2020-03-23,16.89191436767578,17.110189995177407,15.519396782303481,16.840401306262912,46921000,AVGO
2020-03-24,18.57613182067871,19.09562898146019,17.574683605526285,17.95448280531865,62970000,AVGO
2020-03-25,18.99434471130371,21.303701291143216,18.26705181293481,18.52636237042607,64442000,AVGO
2020-03-26,21.231239318847656,21.373555161964042,19.73474224090577,19.73474224090577,60213000,AVGO
2020-03-27,20.1416072845459,21.136943873384546,20.081362982438733,20.34329313782428,39448000,AVGO
2020-03-30,20.964065551757812,21.0732033731289,19.945155011307165,20.273441098381838,52343000,AVGO
2020-03-31,20.70125961303711,22.064173343996536,20.610458537810434,20.779838971783477,50191000,AVGO
2020-04-01,19.525190353393555,20.46639399791179,19.18031449471819,19.90586206603971,41858000,AVGO
2020-04-02,20.697769165039062,20.775475907304976,19.334856986862548,19.417801132249338,45049000,AVGO
2020-04-03,20.45329475402832,21.177095299732454,20.12937355148674,20.661092193006777,28960000,AVGO
2020-04-06,22.040599822998047,22.125290875021154,21.26528601504535,21.354341846983367,38868000,AVGO
2020-04-07,22.113069534301758,23.18087365445745,22.048460460668903,22.861318778298607,45892000,AVGO
2020-04-08,22.796714782714844,22.892754958900525,22.145379836735643,22.41866077503084,27565000,AVGO
2020-04-09,22.202999114990234,23.35549426655358,21.941941627273312,23.206194136762655,34828000,AVGO
2020-04-13,22.693681716918945,22.833377990038574,22.072032801943323,22.13314971326929,25729000,AVGO
2020-04-14,23.366846084594727,23.432327782578433,22.903228468726102,23.23500673498576,23094000,AVGO
2020-04-15,22.477149963378906,22.903224736246337,22.365392618605302,22.787975234653377,25926000,AVGO
2020-04-16,22.55137062072754,22.85433737185748,22.186412657080492,22.85433737185748,26896000,AVGO
2020-04-17,23.21405029296875,23.349381789283942,22.60811690315444,22.981806024512263,34089000,AVGO
2020-04-20,22.550493240356445,23.159918816817523,22.51818953651417,22.700667660662077,23801000,AVGO
2020-04-21,21.622386932373047,22.245782847053093,21.548174005312227,22.22570085963216,29138000,AVGO
2020-04-22,22.698041915893555,22.8944902807299,21.892168141342843,22.24402828722969,35438000,AVGO
2020-04-23,22.607242584228516,23.15467855438531,22.57144506221345,22.72249208686038,21659000,AVGO
2020-04-24,23.120624542236328,23.143324391082878,22.602874479442786,22.684073359195477,23373000,AVGO
2020-04-27,23.438440322875977,23.680290132877236,23.08046836527654,23.08046836527654,16588000,AVGO
2020-04-28,23.113643646240234,24.133428459874732,23.060385336095788,23.943964365461053,18988000,AVGO
2020-04-29,24.09937858581543,24.1840696489768,23.506542808996993,23.668066332066257,28871000,AVGO
2020-04-30,23.7152099609375,23.92737388866859,23.468993757777096,23.88197252007365,23379000,AVGO
2020-05-01,22.674470901489258,23.386049891970206,22.543505862000398,23.224526398777638,26836000,AVGO
2020-05-04,22.89798355102539,22.912826465118286,22.292050268159397,22.631687050771074,17046000,AVGO
2020-05-05,23.12586784362793,23.48122023756852,23.024588622772267,23.27255010438047,26462000,AVGO
2020-05-06,23.06562614440918,23.615681769763,23.016732607099723,23.4279645588435,22727000,AVGO
2020-05-07,23.3773193359375,23.61480432405566,23.22452706304878,23.57376773344505,18238000,AVGO
2020-05-08,24.012939453125,24.058340825302963,23.57638818187018,23.765850607600544,16757000,AVGO
2020-05-11,24.045246124267578,24.162240885445534,23.726562213492667,23.868005405918005,20851000,AVGO
2020-05-12,23.438440322875977,24.247806529170642,23.41836000083756,24.14827421140716,18764000,AVGO
2020-05-13,22.97569465637207,23.602582662990933,22.64478903459749,23.57988114347189,21927000,AVGO
2020-05-14,23.276918411254883,23.307476873268417,22.242292153040594,22.784489195969932,19912000,AVGO
2020-05-15,22.736465454101562,23.05514770785826,22.41865582334786,22.650027482783706,21650000,AVGO
2020-05-18,23.881969451904297,24.161361941114134,23.39914262036157,23.45327520657533,26531000,AVGO
2020-05-19,23.744022369384766,24.100249017604384,23.714336537814653,23.881973391240763,18702000,AVGO
2020-05-20,24.33162498474121,24.561251410916594,24.10461809303129,24.182324842699106,18605000,AVGO
2020-05-21,23.992855072021484,24.40321429181227,23.9797590680914,24.35257385647277,14847000,AVGO
2020-05-22,24.154386520385742,24.206772215069584,23.618301193343758,23.900313319936735,17452000,AVGO
2020-05-26,24.623239517211914,25.06590251389243,24.568234292579813,24.883424388119277,23573000,AVGO
2020-05-27,25.109554290771484,25.127889362470412,24.446868845129913,24.710545827641273,22812000,AVGO
2020-05-28,24.721025466918945,25.258857636324105,24.65903593045974,24.88342326448043,18543000,AVGO
2020-05-29,25.43086051940918,25.494596970201908,24.61363575408327,24.700073725457255,27300000,AVGO
2020-06-01,25.31909942626953,25.41601385533379,25.090345669413686,25.356642193621663,18444000,AVGO
2020-06-02,26.023693084716797,26.046394602515488,25.32783127993338,25.409902795607742,31847000,AVGO
2020-06-03,27.025144577026367,27.140394096020405,26.237607307441163,26.28475392958722,31926000,AVGO
2020-06-04,26.969263076782227,27.328107591548584,26.37642573305651,26.695109611119545,34997000,AVGO
2020-06-05,27.684337615966797,28.64737035080067,27.510590716792642,27.91308973956393,50958000,AVGO
2020-06-08,27.722755432128906,27.83800495271991,27.359544418069717,27.721008520775847,23916000,AVGO
2020-06-09,27.530670166015625,27.841495470219428,27.203256698834792,27.240801135569775,22335000,AVGO
2020-06-10,27.506223678588867,27.870307297906592,27.47653784421286,27.64679424773019,25914000,AVGO
2020-06-11,25.64738655090332,26.93957788213379,25.61682809589733,26.85837898798463,45115000,AVGO
2020-06-12,26.214906692504883,26.537955405240446,25.558334459943037,26.439294046561677,39439000,AVGO
2020-06-15,26.550174713134766,26.782418969511784,25.530389950239755,25.75652418097037,29824000,AVGO
2020-06-16,27.12904167175293,27.463439427338614,26.542316011433513,27.066177851294945,30387000,AVGO
2020-06-17,27.366527557373047,27.652031812213128,27.222466495477764,27.36478064609502,20279000,AVGO
2020-06-18,27.82665252685547,27.86245005230642,27.198891892943717,27.251277581356007,33625000,AVGO
2020-06-19,26.7072696685791,28.059524454402954,26.7072696685791,28.022476516364026,58465000,AVGO
2020-06-22,27.657289505004883,27.713743027179007,26.774310251287083,26.948082248194527,27195000,AVGO
2020-06-23,27.459699630737305,28.001307880876897,27.458818017621113,27.79136955141391,22419000,AVGO
2020-06-24,27.0777530670166,27.430591804345823,26.86075678088048,27.274460473800012,19096000,AVGO
2020-06-25,27.24358558654785,27.299157495129972,26.72755759655953,26.99748093926482,15029000,AVGO
2020-06-26,27.116559982299805,27.854875534278584,26.740787585142247,27.65993306680008,31425000,AVGO
2020-06-29,27.325618743896484,27.381190647829783,26.855459910516362,27.17477879611458,14516000,AVGO
2020-06-30,27.839879989624023,27.96866614416765,27.058340202978005,27.34061281691274,25125000,AVGO
2020-07-01,27.585834503173828,27.94925755304774,27.51614838657185,27.795772783421906,15661000,AVGO
2020-07-02,27.827529907226562,28.17242899803683,27.756078880921024,28.02864701496616,16638000,AVGO
2020-07-06,28.120386123657227,28.31444696918969,27.992481581560448,28.227120177563695,17561000,AVGO
2020-07-07,27.620241165161133,28.064818113856752,27.569960617813187,27.99248546230638,16150000,AVGO
2020-07-08,28.18919563293457,28.213010964215552,27.708452339806072,27.88663577143049,18023000,AVGO
2020-07-09,28.359439849853516,28.6090709460659,27.808127154479926,28.2280054738519,25225000,AVGO
2020-07-10,28.1777286529541,28.490872927203004,27.82488991559845,28.39560823470818,13280000,AVGO
2020-07-13,27.460580825805664,28.538504199999583,27.396187741425752,28.37531493272643,21549000,AVGO
2020-07-14,27.79313087463379,27.893690284431173,26.920736059134967,27.255934091792913,18363000,AVGO
2020-07-15,27.6784610748291,28.030418195209535,27.360023760316704,27.869875435799134,15253000,AVGO
2020-07-16,27.463228225708008,27.687280767396064,27.283279892415376,27.39883513926877,12929000,AVGO
2020-07-17,27.584077835083008,27.804602265992166,27.345029432735934,27.71110079562973,13354000,AVGO
2020-07-20,27.973962783813477,28.01983190295707,27.36796144324738,27.50821532249941,14323000,AVGO
2020-07-21,27.727855682373047,28.159201686924238,27.5805455462279,28.159201686924238,14312000,AVGO
2020-07-22,27.68022346496582,27.846059263048183,27.37766529063617,27.78695753615138,14404000,AVGO
2020-07-23,27.31591796875,27.882224853181523,27.202127623987163,27.64229484999892,19417000,AVGO
2020-07-24,26.973665237426758,27.425298480095197,26.831646448346028,27.044232984170822,15631000,AVGO
2020-07-27,27.5814266204834,27.606125244865137,27.12361877393074,27.195068125539684,20646000,AVGO
2020-07-28,27.111270904541016,27.53114922384316,27.006300062864714,27.449113781723383,13974000,AVGO
2020-07-29,27.24358558654785,27.45352390785809,27.119209160815686,27.21535882571581,16562000,AVGO
2020-07-30,27.530263900756836,27.603478159383375,26.992185535956594,26.992185535956594,21259000,AVGO
2020-07-31,27.940444946289062,28.085991879435788,27.468522794972912,27.75961497879846,24719000,AVGO
2020-08-03,28.335620880126953,28.534973098099936,27.987191940243612,28.05070172624763,20796000,AVGO
2020-08-04,28.96720314025879,28.98484549570674,28.261525747017007,28.271226855305475,25258000,AVGO
2020-08-05,29.06863784790039,29.24858782584613,28.73873628486927,28.954849216047794,22299000,AVGO
2020-08-06,29.035123825073242,29.186845387192534,28.704337237600136,28.912512317155507,14193000,AVGO
2020-08-07,28.750202178955078,29.085400167411922,28.357669065011947,28.967200099746172,14192000,AVGO
2020-08-10,28.876346588134766,29.044825530894187,28.58525276999916,28.59936867335005,11989000,AVGO
2020-08-11,28.582609176635742,29.402078622327306,28.470583747591657,28.894871816004414,19316000,AVGO
2020-08-12,29.4303035736084,29.627895943864306,28.699927525416165,28.74315012033003,18471000,AVGO
2020-08-13,29.05806541442871,29.41002088407837,28.91957474791147,29.304170095715932,15095000,AVGO
2020-08-14,28.91692352294922,29.095988546914565,28.756379102045134,28.93456251300139,10140000,AVGO
2020-08-17,29.1374454498291,29.267113214842876,29.021008608703585,29.06599442291065,10594000,AVGO
2020-08-18,28.9892578125,29.389732273538975,28.94515359987932,29.273295402453794,8857000,AVGO
2020-08-19,29.039539337158203,29.38179030688358,28.953975753492948,29.062471373601444,11273000,AVGO
2020-08-20,29.006013870239258,29.108338184335622,28.76167246658266,28.905456147115977,8910000,AVGO
2020-08-21,29.11098861694336,29.14980315178151,28.668176521012626,28.959270390087493,11508000,AVGO
2020-08-24,29.46206283569336,29.65524041730496,29.209780162179662,29.286524245926387,11996000,AVGO
2020-08-25,29.65082359313965,29.734623931367327,29.373845708441007,29.550265879214336,11140000,AVGO
2020-08-26,29.96220588684082,30.124513527853814,29.418836178728895,29.527331778794867,14844000,AVGO
2020-08-27,29.915454864501953,30.10598756790815,29.650822931777142,30.034536542280275,12552000,AVGO
2020-08-28,30.416484832763672,30.416484832763672,29.788433185099578,29.903106803075556,14589000,AVGO
2020-08-31,30.622020721435547,30.92457890292194,30.301820182772566,30.301820182772566,22229000,AVGO
2020-09-01,31.714937210083008,31.938109823770823,30.645836649558543,30.873417328682645,29205000,AVGO
2020-09-02,33.07954406738281,33.427973049026704,32.07042344976829,32.27242389591414,37053000,AVGO
2020-09-03,31.05777931213379,32.54058541239937,30.88753374672151,32.28566123581581,41795000,AVGO
2020-09-04,32.0157356262207,32.860785416536395,31.182153537153727,31.841081997812974,58514000,AVGO
2020-09-08,30.921051025390625,31.998092822094602,30.873416999702695,31.108053945960073,26685000,AVGO
2020-09-09,31.75816535949707,31.918709822709708,30.970454023090397,31.41679596358295,26273000,AVGO
2020-09-10,31.497940063476562,32.44619562037215,31.26065492976493,31.943400276703823,22851000,AVGO
2020-09-11,31.729055404663086,32.13217133544317,31.286239962607088,31.799621471027486,17362000,AVGO
2020-09-14,31.949586868286133,32.27508053426234,31.698189102536286,32.144531095521096,16447000,AVGO
2020-09-15,32.365047454833984,32.73640847620199,32.22743841396082,32.31123876984553,16618000,AVGO
2020-09-16,32.37651062011719,32.81403298920289,32.315645667400595,32.47707171653113,18498000,AVGO
2020-09-17,32.27771759033203,32.64820036705612,31.3144677547464,31.3144677547464,22862000,AVGO
2020-09-18,31.731693267822266,32.447075073397485,31.318872953270525,32.383565291138744,35295000,AVGO
2020-09-21,31.314224243164062,31.329355096334552,30.574517035721122,31.15577813215837,24198000,AVGO
2020-09-22,32.18655014038086,32.2052429858347,31.417467734317974,31.721897955265913,19500000,AVGO
2020-09-23,31.29642105102539,32.15273362178561,31.1593401392966,32.06105206080772,15542000,AVGO
2020-09-24,31.379201889038086,31.8287233619879,31.073885320896537,31.17269087614074,13611000,AVGO
2020-09-25,31.760177612304688,31.842069604142857,31.00177769933544,31.3373627083073,18183000,AVGO
2020-09-28,32.69483184814453,32.7954167139437,31.958686590862797,32.194573075817786,22192000,AVGO
2020-09-29,32.424224853515625,33.006378966993424,32.40019070330129,32.711741609816585,13722000,AVGO
2020-09-30,32.429561614990234,33.02417415008281,32.197237188117725,32.30761157966818,22403000,AVGO
2020-10-01,32.810550689697266,32.99836886708633,32.474075946139635,32.844374396396944,16016000,AVGO
2020-10-02,31.762845993041992,32.48297054654979,31.702319197491946,32.04502140455442,17100000,AVGO
2020-10-05,32.5880012512207,32.65476237975842,32.03611582015891,32.11978709671136,18923000,AVGO
2020-10-06,32.39929962158203,33.11319330876421,32.22483302318296,32.588900467335414,16672000,AVGO
2020-10-07,32.64497756958008,32.92270135283928,32.58444737407238,32.78828941191162,12747000,AVGO
2020-10-08,33.2315788269043,33.317032818358946,32.78472976628815,32.92536925679394,17045000,AVGO
2020-10-09,33.53156280517578,33.825310553030874,33.29122806043902,33.46302234313232,17253000,AVGO
2020-10-12,34.041603088378906,34.279268800817164,33.806606327391904,33.98463489690593,18839000,AVGO
2020-10-13,33.95793533325195,34.51961390384777,33.70157672150878,34.2178593388827,16731000,AVGO
2020-10-14,33.852020263671875,34.15822997345971,33.63393693280266,34.14042676748466,17298000,AVGO
2020-10-15,33.819068908691406,33.86891650168898,33.382009423848295,33.38468177096608,14361000,AVGO
2020-10-16,33.70514678955078,34.11727925672251,33.66063708072431,34.11727925672251,10295000,AVGO
2020-10-19,33.448768615722656,34.146638272669115,33.393579727315384,33.93567566521406,14803000,AVGO
2020-10-20,33.557369232177734,33.92677453359379,33.43007790185772,33.55914853319109,13297000,AVGO
2020-10-21,33.117645263671875,33.54580151244833,32.9627577686747,33.44877526432167,11896000,AVGO
2020-10-22,33.235145568847656,33.31881687553154,32.67791524374942,33.03130350839798,13547000,AVGO
2020-10-23,33.17728805541992,33.28588657137948,33.00282142575317,33.22535636234017,8868000,AVGO
2020-10-26,32.31563186645508,32.93160632776681,31.832286669733097,32.89956192391793,15509000,AVGO
2020-10-27,32.00941848754883,32.50611857363445,31.975594786232154,32.50611857363445,9620000,AVGO
2020-10-28,30.906545639038086,31.587502065777542,30.757002799536714,31.51095134430345,22331000,AVGO
2020-10-29,31.600839614868164,31.995172091133853,30.742744574140755,30.910983589632533,15697000,AVGO
2020-10-30,31.12195587158203,31.421041510967292,30.65819316301799,31.100590671275356,18530000,AVGO
2020-11-02,31.266155242919922,31.634674362367633,31.008013929169977,31.603519610405627,11757000,AVGO
2020-11-03,31.48958396911621,31.97738086118639,30.857585548275402,31.68452615402971,15457000,AVGO
2020-11-04,32.4571647644043,32.84437335796236,31.79044964486986,32.08775597657999,21277000,AVGO
2020-11-05,33.90274429321289,34.06118697610122,33.114079294013486,33.145234040279114,21783000,AVGO
2020-11-06,33.880489349365234,34.15198216415409,33.57339014020116,33.82975210496752,13545000,AVGO
2020-11-09,33.42830276489258,35.061708089846526,33.38112411726079,34.63533114676456,24088000,AVGO
2020-11-10,32.32364273071289,33.2200133828095,32.07707365312966,32.96365475154967,26784000,AVGO
2020-11-11,33.46213150024414,33.57073001295063,32.806098961475655,33.011720340280654,15133000,AVGO
2020-11-12,32.95296859741211,33.700686001727945,32.78206059792971,33.578735952188666,12160000,AVGO
2020-11-13,33.24671936035156,33.587645774911635,33.07581472328036,33.380241685338426,10997000,AVGO
2020-11-16,33.897403717041016,33.94725131212858,33.29121892991354,33.363317975315056,12100000,AVGO
2020-11-17,33.87871170043945,34.04249568957218,33.56092987834352,33.706024414472424,11950000,AVGO
2020-11-18,33.880489349365234,34.2650289009021,33.79147675903986,33.81550750984984,13517000,AVGO
2020-11-19,34.21073913574219,34.25613848961137,33.32238210059634,33.62235739749318,14555000,AVGO
2020-11-20,34.12172317504883,34.613078602033504,34.06564462189753,34.20895647995084,16140000,AVGO
2020-11-23,34.44839859008789,34.63977871430665,34.09234143948143,34.303304061817144,12212000,AVGO
2020-11-24,34.91395568847656,34.96558260560317,34.3754214754058,34.5926151415574,13455000,AVGO
2020-11-25,34.78932189941406,35.205016199714684,34.626427567771444,34.968240127309116,11787000,AVGO
2020-11-27,35.156063079833984,35.53170278446433,34.982486126873134,34.99583767777579,6846000,AVGO
2020-11-30,35.74622344970703,35.79785034626967,34.959337728723156,35.07327751523718,15454000,AVGO
2020-12-01,36.012386322021484,36.200204514766014,35.61627438507435,35.91358075049125,18181000,AVGO
2020-12-02,35.93760681152344,36.087149611378635,35.70438931425607,36.027509063316494,10031000,AVGO
2020-12-03,35.58778381347656,36.19664106281293,35.43646169855954,36.006150547492716,16120000,AVGO
2020-12-04,36.64527130126953,36.709363507067806,35.8183307416687,35.819223788032936,20083000,AVGO
2020-12-07,37.465091705322266,37.638668680951646,36.793035258677435,37.06630744938719,19707000,AVGO
2020-12-08,37.68940353393555,37.98225820954431,37.222082243070496,37.32177745178837,18121000,AVGO
2020-12-09,37.04939270019531,37.92884972042811,36.822406146509564,37.3386853599678,20908000,AVGO
2020-12-10,36.49928665161133,36.9630493151021,36.31858569976493,36.623905655910086,26244000,AVGO
2020-12-11,36.123653411865234,36.228689933674794,35.45248657414139,35.961648677260314,26664000,AVGO
2020-12-14,36.65595245361328,36.87848737458198,36.139669807071456,36.186848459902556,26116000,AVGO
2020-12-15,37.21317672729492,37.33156478059275,36.76187596723026,36.9657180216551,21207000,AVGO
2020-12-16,37.82202911376953,38.02230914442612,37.115256091136295,37.207830681278885,23160000,AVGO
2020-12-17,37.9288444519043,38.27688796242764,37.79087391667839,37.964450846676364,17152000,AVGO
2020-12-18,39.01150894165039,39.109358508396596,37.883966737475504,38.13532844955235,45243000,AVGO
2020-12-21,38.50160217285156,38.78169241524915,38.03657956461071,38.436066624443306,19096000,AVGO
2020-12-22,38.880435943603516,38.92083188841493,38.42259468846474,38.5015955405209,17929000,AVGO
2020-12-23,38.194576263427734,39.140774941581185,38.16046093462899,39.05100388866708,10533000,AVGO
2020-12-24,38.73320770263672,38.7816855758487,38.383993048573544,38.466582824516834,4123000,AVGO
2020-12-28,38.770912170410156,39.254786825084594,38.705380057739944,38.99175086970802,10625000,AVGO
2020-12-29,38.515960693359375,39.12551622738012,38.313974106539376,39.12551622738012,9593000,AVGO
2020-12-30,39.03573989868164,39.320316228929556,38.61111334398075,38.752057374883805,10553000,AVGO
2020-12-31,39.306846618652344,39.36519744791754,38.87593949407868,39.16859772039329,10211000,AVGO
2021-01-04,38.173038482666016,39.700965195009346,37.81574522007064,39.43972705133643,24171000,AVGO
2021-01-05,38.431583404541016,38.547387881433224,37.9198807624134,38.15777718424768,15069000,AVGO
2021-01-06,38.194576263427734,39.01329963549762,37.752895423052486,38.00066818647819,17226000,AVGO
2021-01-07,39.80419921875,39.91192517817996,38.656010417224216,38.78707808563706,21267000,AVGO
2021-01-08,40.006187438964844,40.396698766445745,39.37868036097035,40.12827937592475,15271000,AVGO
2021-01-11,40.0169563293457,40.28806738146098,39.537571224057416,39.55462888887465,11660000,AVGO
2021-01-12,40.342830657958984,40.8249108973601,40.002595128556976,40.197400447926825,13846000,AVGO
2021-01-13,40.5062141418457,40.71089584470207,40.227921818050426,40.424521591834186,13118000,AVGO
2021-01-14,40.58342361450195,41.160658319564625,40.5169908373955,40.71269681946055,19692000,AVGO
2021-01-15,40.02503204345703,40.39758840284094,39.55911571101012,40.23420331316168,18165000,AVGO
2021-01-19,41.22978210449219,41.24953488824275,40.24318397907573,40.24318397907573,18819000,AVGO
2021-01-20,41.46407699584961,41.815086048357244,40.84644311357859,41.25221407128096,14710000,AVGO
2021-01-21,41.907562255859375,42.14545863151203,41.33122482802441,41.484733536134705,15749000,AVGO
2021-01-22,41.7459716796875,41.973097857862456,41.508972534793934,41.62926999400009,16248000,AVGO
2021-01-25,41.72532653808594,42.19304080180621,40.9434101488516,42.15354208446911,14692000,AVGO
2021-01-26,41.642738342285156,41.92641749720312,41.464090027225396,41.53321449747443,10742000,AVGO
2021-01-27,39.92180252075195,41.022410699330514,39.63542823694094,40.89493537716724,21857000,AVGO
2021-01-28,40.55378341674805,41.15884919549072,40.13095481385953,40.894022261672184,16946000,AVGO
2021-01-29,40.442481994628906,41.124754430387235,40.184836224894035,40.38862072439046,22069000,AVGO
2021-02-01,41.900390625,42.13200301167047,40.71988421066593,40.9227680726254,17027000,AVGO
2021-02-02,42.81067657470703,42.81875507981731,42.01349695046314,42.171498675252494,16141000,AVGO
2021-02-03,41.76123809814453,42.95790476824489,41.70737340668565,42.81516624674335,17857000,AVGO
2021-02-04,42.24959182739258,42.297172468028755,41.06908579173246,41.29531129341849,15243000,AVGO
2021-02-05,41.83484649658203,42.814263230707844,41.77649223258285,42.58175025485756,12488000,AVGO
2021-02-08,42.4354248046875,42.500059689077936,41.79624353591448,42.08082332254399,17610000,AVGO
2021-02-09,42.60868835449219,42.658960694682186,42.069154504042984,42.37258643200858,12758000,AVGO
2021-02-10,42.19752502441406,42.865431332524615,41.78816165753673,42.84029516567492,14587000,AVGO
2021-02-11,42.94622802734375,43.032410152046616,42.12031999424493,42.524296563448374,17123000,AVGO
2021-02-12,43.658138275146484,43.72097871678515,42.63203776459419,42.945346165960935,13551000,AVGO
2021-02-16,43.91038131713867,44.41759767190171,43.72096282967882,44.06748578869472,15163000,AVGO
2021-02-17,43.31340026855469,43.64017046844089,42.647288359625065,43.470501326192284,14084000,AVGO
2021-02-18,43.383426666259766,43.576437536429026,42.653577024076625,43.11141493088345,16715000,AVGO
2021-02-19,43.984893798828125,44.44991633531823,43.69851955759381,43.741610620894434,17992000,AVGO
2021-02-22,42.76399230957031,43.68415757907396,42.67062890862993,43.44985355791194,16967000,AVGO
2021-02-23,42.36360549926758,42.60778934088527,40.94161063701632,42.2953782655002,21303000,AVGO
2021-02-24,43.169769287109375,43.21734651292828,41.53411337145361,41.984773429474934,15125000,AVGO
2021-02-25,41.04035568237305,43.0350987947935,40.865299752217524,42.6194514022749,23148000,AVGO
2021-02-26,42.18136978149414,42.710130005955556,41.361749140431975,41.97130126152424,22640000,AVGO
2021-03-01,43.95077896118164,43.988483210984285,42.53955786207437,43.06382843526112,24677000,AVGO
2021-03-02,43.13655090332031,44.065695454361844,43.054858344874,44.02170715365998,18546000,AVGO
2021-03-03,41.57001495361328,43.21554351197312,41.47216197859388,42.911214390007366,23991000,AVGO
2021-03-04,39.8221549987793,41.9237273204374,39.62824689768859,41.44523939841459,34575000,AVGO
2021-03-05,40.410160064697266,40.93622516967462,38.87146004228489,40.77912410799591,42414000,AVGO
2021-03-08,37.81663513183594,40.214457960999695,37.63798682284279,40.113012624727645,45243000,AVGO
2021-03-09,39.823055267333984,40.11930254106476,38.656014222414036,39.11295493219673,37884000,AVGO
2021-03-10,39.28351593017578,40.75937555716275,39.05998209032348,40.15969639295929,19914000,AVGO
2021-03-11,40.728851318359375,41.0663951455937,39.68749131803264,40.309614939954514,26170000,AVGO
2021-03-12,40.50262451171875,40.71089513538198,39.90563707825909,39.981045584648164,18906000,AVGO
2021-03-15,42.26216125488281,42.30345785511884,40.68396265448692,40.86261094576422,31241000,AVGO
2021-03-16,42.927371978759766,43.44984806554763,41.96052341872928,42.30704292343409,31190000,AVGO
2021-03-17,43.413047790527344,43.74341033997345,42.19393673202753,42.21997013240371,23754000,AVGO
2021-03-18,41.66787338256836,43.391502360707904,41.6319635893872,42.60240468914804,28728000,AVGO
2021-03-19,42.926368713378906,43.12722145683531,41.08431547086622,41.35121603464576,108602000,AVGO
2021-03-22,43.00054931640625,43.54339277799684,42.67393761451184,42.78612604553853,31805000,AVGO
2021-03-23,41.98543167114258,43.008694758097946,41.857864171201456,42.864840503321524,24712000,AVGO
2021-03-24,41.37111282348633,42.52194335311441,41.33492233764096,42.47308654235463,20882000,AVGO
2021-03-25,41.771915435791016,41.98181751720741,40.65094209836263,41.16211982832191,17537000,AVGO
2021-03-26,43.612159729003906,43.69901552394185,41.31411884922736,41.31411884922736,28925000,AVGO
2021-03-29,42.759891510009766,43.53254079405687,42.36632773530137,43.46378025032378,28410000,AVGO
2021-03-30,41.27069091796875,41.980008640961145,40.85993610710165,41.96915080377403,27935000,AVGO
2021-03-31,41.94924545288086,42.25776194575514,40.930507019843155,41.52763627239256,28684000,AVGO
2021-04-01,43.06117630004883,43.11817477069111,42.45047297681474,42.71013612772258,23528000,AVGO
2021-04-05,44.19481658935547,44.299767634880354,43.1398875691596,43.454737254419,22966000,AVGO
2021-04-06,43.77772521972656,44.171285539296115,43.2231162016156,43.7098689211169,18063000,AVGO
2021-04-07,43.6501579284668,43.78134586307841,43.24664398347584,43.42849722234408,12074000,AVGO
2021-04-08,43.92338943481445,44.149574803578865,43.438448639225484,44.149574803578865,18121000,AVGO
2021-04-09,43.88810348510742,43.90800721787073,43.11454993292441,43.42759109281654,16614000,AVGO
2021-04-12,43.7596321105957,43.91796118086262,43.30092820341391,43.60220728482819,23247000,AVGO
2021-04-13,43.8763427734375,44.17128869875492,43.45382934450335,43.87996320283239,15281000,AVGO
2021-04-14,43.183311462402344,44.25904836245006,42.992412330846726,43.65106472391163,18220000,AVGO
2021-04-15,43.42759704589844,43.63659144553458,43.13627151913291,43.57597599444368,18370000,AVGO
2021-04-16,43.31812286376953,43.58864039849194,43.13626961588984,43.471023028647146,16263000,AVGO
2021-04-19,41.79905700683594,43.13807398117443,41.62263269459195,43.1136455747019,26319000,AVGO
2021-04-20,41.370216369628906,41.80177574243643,41.12412378058948,41.619018241210625,19128000,AVGO
2021-04-21,41.5991096496582,41.648870708428866,40.94859890758498,41.185642120130865,25947000,AVGO
2021-04-22,41.175689697265625,41.72124592185173,40.62289261434166,41.17478200148733,27057000,AVGO
2021-04-23,42.17271423339844,42.32833057074801,41.39192326445715,41.48149178864034,22890000,AVGO
2021-04-26,42.69023513793945,42.86937221395809,41.94110641621665,42.25324338360115,18271000,AVGO
2021-04-27,42.19261169433594,42.90826243954472,42.0759020471592,42.85759714440175,13267000,AVGO
2021-04-28,41.54573059082031,42.158242391245686,41.26073824318167,42.10395665541755,15940000,AVGO
2021-04-29,42.187198638916016,42.494810929056165,41.53035464624692,42.494810929056165,14650000,AVGO
2021-04-30,41.27429962158203,41.68415010573687,41.06078060672145,41.591865410777494,19367000,AVGO
2021-05-03,40.72604751586914,41.603648170296005,40.557764794816755,41.59550306433231,15098000,AVGO
2021-05-04,40.21937942504883,40.50527946569913,39.56525167323864,40.46185156773561,23497000,AVGO
2021-05-05,40.155147552490234,40.8436573740308,40.02305535631283,40.75046840559388,16388000,AVGO
2021-05-06,40.58489990234375,40.631040536308554,39.79415525351345,40.15243284131002,13495000,AVGO
2021-05-07,40.9467887878418,41.471540495319516,40.64098503997234,41.12864201597779,11712000,AVGO
2021-05-10,39.455772399902344,40.58036597043149,39.42591507823515,40.56679540185035,25239000,AVGO
2021-05-11,39.814964294433594,39.96786446799829,38.27509436668346,38.45151870581669,17887000,AVGO
2021-05-12,38.21446990966797,38.98169030250099,37.9213359325522,38.83964798773687,29940000,AVGO
2021-05-13,38.95817565917969,39.33997397475269,38.50942182471281,38.89393632551104,21841000,AVGO
2021-05-14,39.955196380615234,40.271858003268555,39.08936148032356,39.48201761278281,16964000,AVGO
2021-05-17,39.803199768066406,40.00224401592131,39.160834088026675,40.00224401592131,15725000,AVGO
2021-05-18,39.24225616455078,40.21032924032209,39.200636760140256,40.16328091783065,17824000,AVGO
2021-05-19,39.96424102783203,40.03481006181222,38.51484411556366,38.54198525525263,21369000,AVGO
2021-05-20,41.16574478149414,41.55478396432559,40.290860468108185,40.32885945147411,21886000,AVGO
2021-05-21,40.8255615234375,41.436261429151116,40.6536584060985,41.436261429151116,13216000,AVGO
2021-05-24,41.54482650756836,41.83886820464433,41.28878724164024,41.33945254808384,14420000,AVGO
2021-05-25,41.57648849487305,41.88591267508702,41.30144976435983,41.790007538453004,9600000,AVGO
2021-05-26,41.66244125366211,41.808104000516764,41.213690931797814,41.687773905289006,9873000,AVGO
2021-05-27,42.31295394897461,42.381714499610204,41.586445218868995,41.61811103486466,19098000,AVGO
2021-05-28,42.7336540222168,42.94083989500474,42.31294911416542,42.522847720307986,19946000,AVGO
2021-06-01,42.369956970214844,43.246649770871244,42.26953059279326,43.01503544128208,16277000,AVGO
2021-06-02,42.860321044921875,43.21950284874194,42.474898893123566,42.688417947184085,13286000,AVGO
2021-06-03,42.05238342285156,42.50113718325204,41.9130538428712,42.41428139405744,20389000,AVGO
2021-06-04,42.975223541259766,43.28283580571296,42.47942486911013,42.56808915429007,23865000,AVGO
2021-06-07,41.96010208129883,42.92817871423278,41.84158392028009,42.79427459043531,24142000,AVGO
2021-06-08,41.93748474121094,42.73908372163009,41.93567625212875,42.34642760926292,16615000,AVGO
2021-06-09,41.97367477416992,42.26862070316505,41.77372629068189,42.26862070316505,12126000,AVGO
2021-06-10,42.40253448486328,42.48124519920489,41.63712231427671,42.11573011926702,15413000,AVGO
2021-06-11,42.58618927001953,42.715568734351194,42.26500639781932,42.381719534248056,14508000,AVGO
2021-06-14,43.05031204223633,43.05664520469655,42.1663785798386,42.56717975504602,14675000,AVGO
2021-06-15,42.58979797363281,43.11726237701652,42.39165800505165,43.116354681288655,11131000,AVGO
2021-06-16,42.13833999633789,42.62418509527508,41.752013572609755,42.54728288889366,20437000,AVGO
2021-06-17,42.62871551513672,42.996943291328705,41.97458764780208,42.05963151831858,20881000,AVGO
2021-06-18,41.93476486206055,42.50113596455984,41.664247361557834,42.275854846332024,28537000,AVGO
2021-06-21,42.364234924316406,42.43444503539079,41.801642713001435,42.05056947044697,18591000,AVGO
2021-06-22,42.34964370727539,42.726228662921734,42.06424319191749,42.54386326067558,13722000,AVGO
2021-06-23,42.55116653442383,42.662407053834215,42.22108678926363,42.29585700299196,17674000,AVGO
2021-06-24,42.86117935180664,43.18852507197447,42.728053193608964,42.84567643102471,12502000,AVGO
2021-06-25,42.14448547363281,43.07910252271355,41.943883180140205,42.978801375967244,19100000,AVGO
2021-06-28,43.111026763916016,43.42925584775641,42.44630715162218,42.49098632159813,13987000,AVGO
2021-06-29,43.50766372680664,43.52225184716625,42.92318584971862,43.071811456501145,14184000,AVGO
2021-06-30,43.479393005371094,43.638964911386566,43.08639727276032,43.59701971968196,15381000,AVGO
2021-07-01,42.8228874206543,43.5705825507884,42.758148719317035,43.5705825507884,11153000,AVGO
2021-07-02,42.6888542175293,43.63806308608134,41.552719808485094,43.47301972972085,37054000,AVGO
2021-07-06,43.15478515625,43.47118804665645,42.70069949451689,42.892181609605004,13870000,AVGO
2021-07-07,42.81376647949219,43.3444485131842,42.52472063555524,43.31162350170111,12581000,AVGO
2021-07-08,42.901302337646484,42.95419036367593,42.08613107055128,42.346915474598084,16011000,AVGO
2021-07-09,43.7839469909668,43.84777436462307,42.676081179174425,42.81650140121822,16782000,AVGO
2021-07-12,44.29183578491211,45.04591365933993,43.15296751200012,43.88789717269999,33142000,AVGO
2021-07-13,44.133174896240234,44.454134409928066,43.94989815809378,44.253535583455914,11806000,AVGO
2021-07-14,43.91251754760742,44.861726344960466,43.83592469139429,44.60641334591868,14020000,AVGO
2021-07-15,43.52499008178711,44.17329534510094,43.140199704103985,44.066611452003364,12624000,AVGO
2021-07-16,42.67973709106445,43.793074594561446,42.605881670786424,43.68183058517361,13980000,AVGO
2021-07-19,42.46088790893555,42.488241502003596,41.724132236437754,42.26119694021267,14938000,AVGO
2021-07-20,42.72713851928711,43.06086347213108,42.24204705292576,42.66331115244096,20727000,AVGO
2021-07-21,43.67816925048828,43.701877551704214,42.718929157160105,42.82196774385605,13660000,AVGO
2021-07-22,43.43289566040039,43.675439695387986,43.26694447856678,43.45751528867577,12583000,AVGO
2021-07-23,44.05476379394531,44.09397502619001,43.47849120438268,43.77027452985756,13489000,AVGO
2021-07-26,43.97178268432617,44.09761479290109,43.73835535752514,43.96448862385289,11160000,AVGO
2021-07-27,43.344444274902344,43.932570890764694,42.655105187837314,43.836829833996056,14715000,AVGO
2021-07-28,43.553260803222656,43.68365301845531,43.24962332792403,43.46663643402389,8359000,AVGO
2021-07-29,44.14228820800781,44.29912266191738,43.53410208132306,43.62802048913899,9162000,AVGO
2021-07-30,44.25992202758789,44.345631588668375,43.72832865800344,43.94625306938344,11548000,AVGO
2021-08-02,44.19425964355469,45.09878907625953,44.08757924462274,44.59272675996968,15619000,AVGO
2021-08-03,44.38666915893555,44.475116174098844,43.7638912829755,44.26813109735973,11135000,AVGO
2021-08-04,44.478759765625,44.67753945059309,44.13318058068503,44.54532459433702,12123000,AVGO
2021-08-05,44.4669075012207,44.71857174805035,44.213420608640575,44.71857174805035,8372000,AVGO
2021-08-06,44.262657165527344,44.50793865890881,44.135002404163416,44.22983215236682,9964000,AVGO
2021-08-09,44.19425964355469,44.390301833453734,43.85870857069631,44.3592994729816,5952000,AVGO
2021-08-10,43.973609924316406,44.355662873577124,43.56967131474916,44.3055122934278,9319000,AVGO
2021-08-11,44.09122848510742,44.31189031863032,43.74838332230508,44.206117754504184,9816000,AVGO
2021-08-12,44.15597152709961,44.2234476747369,43.469369811201034,43.97543222265267,8702000,AVGO
2021-08-13,44.329219818115234,44.5854406510919,43.95992887276621,44.00552283815757,8582000,AVGO
2021-08-16,44.509761810302734,44.57997192985068,44.168739242023356,44.207950472029005,9188000,AVGO
2021-08-17,43.6480827331543,44.334687868600476,43.267852465031176,44.277239754833516,16499000,AVGO
2021-08-18,42.76179122924805,43.50128092785278,42.70525791502068,43.462073180484865,15616000,AVGO
2021-08-19,43.17758560180664,43.38730462254203,42.18643165893483,42.52289411054206,14044000,AVGO
2021-08-20,43.327125549316406,43.423781422359596,42.895833325258636,43.112849899860535,10007000,AVGO
2021-08-23,43.990928649902344,44.33195117750632,43.375448414983225,43.432893051398025,15707000,AVGO
2021-08-24,43.897926330566406,44.04472929462337,43.78212225326873,43.98637333376604,9429000,AVGO
2021-08-25,44.078468322753906,44.33924925622447,43.910694490240616,43.910694490240616,10017000,AVGO
2021-08-26,44.29092025756836,44.507022003173766,43.82224298795782,44.041078701694275,10836000,AVGO
2021-08-27,45.220977783203125,45.2665682640596,44.37298162161591,44.49789891306312,16459000,AVGO
2021-08-30,45.48997116088867,46.30696508831336,45.431615197143614,45.59118364423217,19614000,AVGO
2021-08-31,45.3367805480957,45.70880542902089,44.92554792131675,45.70880542902089,17378000,AVGO
2021-09-01,44.96749496459961,45.52188180053304,44.942875337508035,45.251069380856734,12586000,AVGO
2021-09-02,44.852596282958984,45.2246211300197,44.69393919026598,45.20729556540646,16991000,AVGO
2021-09-03,45.379638671875,46.1382731020655,45.13891729538883,45.21824411260329,25191000,AVGO
2021-09-07,45.280250549316406,45.37234284484353,44.770539380928064,45.37234284484353,12398000,AVGO
2021-09-08,45.07874298095703,45.58115667822745,44.50703048285639,45.55654052536515,13987000,AVGO
2021-09-09,44.99757766723633,45.47263763418408,44.93922171370475,44.93922171370475,13174000,AVGO
2021-09-10,45.42250061035156,46.13737081973913,45.27296365222183,45.32220291577198,16110000,AVGO
2021-09-13,45.49635314941406,45.81640483944415,44.9766139426968,45.77354832055159,14927000,AVGO
2021-09-14,45.76169204711914,46.08538901326139,45.44164037192065,45.77354619934846,14134000,AVGO
2021-09-15,46.47929763793945,46.566833320136446,45.53829775014973,45.784490551954576,23346000,AVGO
2021-09-16,46.26137924194336,46.42550779779683,45.61033643416877,46.065336993470126,17569000,AVGO
2021-09-17,46.138275146484375,46.2859929147357,45.68236332298817,45.95317575311775,34470000,AVGO
2021-09-20,45.118858337402344,45.86473083812471,44.53711785721584,45.50000344970568,30105000,AVGO
2021-09-21,45.09773254394531,45.35124113822321,44.73125018798423,45.32735908135404,16935000,AVGO
2021-09-22,45.9794921875,46.200853180603815,45.210704480883976,45.39716039439711,20610000,AVGO
2021-09-23,46.32025909423828,46.59489219934022,45.97949134095886,46.155845731002245,18370000,AVGO
2021-09-24,46.37721252441406,46.43048464715505,46.00154314899177,46.13380895807817,10605000,AVGO
2021-09-27,46.370784759521484,46.45987997053051,45.68465913382508,45.90510215728868,9831000,AVGO
2021-09-28,45.10048294067383,46.05848403094191,45.05639434410727,45.64974913911359,20124000,AVGO
2021-09-29,44.95903396606445,45.39899492589416,44.79094509546325,45.340211297976865,15783000,AVGO
2021-09-30,44.541114807128906,45.42196179044014,44.49978371588187,45.42196179044014,15735000,AVGO
2021-10-01,44.76340103149414,44.883725822401814,43.858671847432774,44.80932564156452,16052000,AVGO
2021-10-04,43.716304779052734,44.69083713408199,43.42513707318819,44.54112227362607,20093000,AVGO
2021-10-05,44.586124420166016,44.98751185148433,43.65935277158943,43.71538240237769,16557000,AVGO
2021-10-06,44.89474868774414,44.94710632102098,44.06074761578054,44.37579389805898,12042000,AVGO
2021-10-07,45.366851806640625,45.91612156686617,45.24836653772011,45.24836653772011,13261000,AVGO
2021-10-08,45.26856231689453,45.74159228616797,45.12435551972269,45.63320856391133,10279000,AVGO
2021-10-11,45.22173309326172,45.887648654001964,45.08487377010875,45.120696855616075,11186000,AVGO
2021-10-12,44.573265075683594,45.622197499633906,44.27383188302984,45.54320731843372,20991000,AVGO
2021-10-13,44.54846954345703,44.58245312424523,44.04696733516603,44.19576419312379,16424000,AVGO
2021-10-14,45.70486068725586,45.8472315112838,45.082115783681,45.17764049944094,19233000,AVGO
2021-10-15,46.22382736206055,46.46355544515908,46.02451237635395,46.32945361782413,25103000,AVGO
2021-10-18,46.23392868041992,46.29087631948805,45.80223313088035,45.96113501849363,16042000,AVGO
2021-10-19,46.87963104248047,46.92371964066297,46.08787578199386,46.322095802871715,16383000,AVGO
2021-10-20,46.787776947021484,47.158852758868235,46.70052125855795,46.935655770119254,13458000,AVGO
2021-10-21,47.22499084472656,47.28377447689716,46.71521969109363,46.79053786222906,11787000,AVGO
2021-10-22,47.340736389160156,47.889084795330305,47.12121132403697,47.27919523001656,15367000,AVGO
2021-10-25,47.95245361328125,48.17565064678146,47.31960360151208,47.531777607628236,12416000,AVGO
2021-10-26,49.03628921508789,49.13916145630484,48.1297240855406,48.242697848263965,24043000,AVGO
2021-10-27,48.047969818115234,49.238351449730665,47.93315656406425,48.847987086721794,23500000,AVGO
2021-10-28,48.64133071899414,48.676232298789785,48.07736589827654,48.142582553706355,11872000,AVGO
2021-10-29,48.8342170715332,48.87830567575817,48.08379630191787,48.08379630191787,15564000,AVGO
2021-11-01,48.5017204284668,48.91780292638595,48.21514624027209,48.712058433473786,16896000,AVGO
2021-11-02,49.33020782470703,49.67464761248125,48.375878640579344,48.446603301999254,16262000,AVGO
2021-11-03,49.8170166015625,49.947446406334926,49.02710076792607,49.512071893195696,14038000,AVGO
2021-11-04,50.39108657836914,50.43242117926073,49.68383638556009,49.94836802056164,15956000,AVGO
2021-11-05,51.33714294433594,51.40603160471107,50.50038450630302,50.51783704774692,18674000,AVGO
2021-11-08,51.33990478515625,51.79364637422644,51.26183259859371,51.617291949396275,17231000,AVGO
2021-11-09,51.23427200317383,51.61085938508981,50.989950432066905,51.361944302155536,15838000,AVGO
2021-11-10,50.40485382080078,51.5190027716594,50.338722676806306,50.91278893896875,18450000,AVGO
2021-11-11,51.013832092285156,51.171815961982205,50.40853617883012,50.76491701128651,14157000,AVGO
2021-11-12,51.73210144042969,51.97275100174367,50.939431595986306,51.290300912843996,13592000,AVGO
2021-11-15,51.9663200378418,52.14267444485279,51.420729284863526,52.14267444485279,13972000,AVGO
2021-11-16,52.24187469482422,52.31168136032287,51.6880148827794,51.81201517851787,13194000,AVGO
2021-11-17,52.3217887878418,52.47977267004658,51.812935558787345,52.18401145376793,12532000,AVGO
2021-11-18,52.79664611816406,52.97300051572542,52.321780052982945,52.45588185418031,12712000,AVGO
2021-11-19,52.237274169921875,53.01708485834873,51.981008111596694,52.93166167096624,19612000,AVGO
2021-11-22,50.81910705566406,52.54222407499662,50.74562838622837,52.509158498559415,25898000,AVGO
2021-11-23,50.98811721801758,51.05608437843037,50.3828212667447,50.74012012311825,17109000,AVGO
2021-11-24,51.3196907043457,51.3518382766717,50.27810235333824,50.81451306615608,12084000,AVGO
2021-11-26,50.204627990722656,51.18834729199659,49.904276788167756,50.680412101908125,14219000,AVGO
2021-11-29,51.83498001098633,52.12982323641014,50.85585411372602,51.08731667978738,18703000,AVGO
2021-11-30,50.8558464050293,51.89467729356309,50.70153805104502,51.73669342951229,22574000,AVGO
2021-12-01,50.955047607421875,52.21523602617111,50.82369980142219,51.75598296169567,21980000,AVGO
2021-12-02,50.74287414550781,51.35459961237173,49.966738787462056,50.15686674017608,22619000,AVGO
2021-12-03,51.263671875,52.263007839804914,50.55458562760807,51.89009241845262,20305000,AVGO
2021-12-06,51.89376449584961,52.205138743548,51.064353506188986,51.86345292218516,22482000,AVGO
2021-12-07,54.22860336303711,54.47384293277918,52.53855192476936,52.53855192476936,29562000,AVGO
2021-12-08,54.059593200683594,54.27820019964364,53.49654992375445,54.27820019964364,17998000,AVGO
2021-12-09,53.587486267089844,54.21390674817396,53.49839105620168,53.49839105620168,29080000,AVGO
2021-12-10,58.020198822021484,59.220685693587946,56.817875947160715,57.312948629352704,57087000,AVGO
2021-12-13,57.099849700927734,58.27186436409975,57.06035461194827,58.23328727665618,26898000,AVGO
2021-12-14,56.479862213134766,56.820626506185505,55.628405225569374,56.74898383999859,35956000,AVGO
2021-12-15,58.77153015136719,58.86337935793257,56.06010050875582,56.54047809589706,29092000,AVGO
2021-12-16,57.00984573364258,58.84502220062349,56.166657682485905,58.54191346118056,42748000,AVGO
2021-12-17,58.32145690917969,58.783467428590214,56.49730389274191,56.72050088420226,50661000,AVGO
2021-12-20,59.246402740478516,59.34376697457864,57.41490189019604,57.52604315641369,32770000,AVGO
2021-12-21,59.73725509643555,60.035828638119916,58.54110612902101,59.909187361475304,36534000,AVGO
2021-12-22,60.565494537353516,60.746679639045496,59.092031787018655,59.46733270092195,28383000,AVGO
2021-12-23,61.452911376953125,62.00106493122295,60.65146821314196,60.65146821314196,23596000,AVGO
2021-12-27,62.3292121887207,62.51593346043902,61.42146724814509,61.45290011972874,19442000,AVGO
2021-12-28,61.84112548828125,62.65088319712725,61.659023625348176,62.63146774347887,17247000,AVGO
2021-12-29,62.17485427856445,62.5806536567416,61.85224588865594,61.915104593169204,14797000,AVGO
2021-12-30,61.478790283203125,62.46048052299095,61.36416642749204,62.220139270374325,11473000,AVGO
2021-12-31,61.50928497314453,62.05466680811397,61.31147016053064,61.6534868867071,12046000,AVGO
2022-01-03,61.31610107421875,62.09073073939471,61.12198172086228,61.59341846614185,22591000,AVGO
2022-01-04,62.018619537353516,62.136014997449905,60.75313794605379,61.27541586224374,21103000,AVGO
2022-01-05,59.4377555847168,62.04543598529813,59.34623563210413,62.04543598529813,34961000,AVGO
2022-01-06,58.88589096069336,59.96002141872039,58.64555325250899,59.17522220024668,28581000,AVGO
2022-01-07,57.23309326171875,59.15210985027925,57.1693106993415,58.776808993558085,27832000,AVGO
2022-01-10,57.41890335083008,57.50024658302486,55.79291321367895,56.281914112092856,29793000,AVGO
2022-01-11,57.50117111206055,58.05117588091974,56.80973251550991,56.8993976622485,19037000,AVGO
2022-01-12,57.496551513671875,58.3275691850772,57.287639608558266,58.00588469767921,18806000,AVGO
2022-01-13,55.20316696166992,58.040091847852175,54.92215406075691,58.0021953758586,30048000,AVGO
2022-01-14,55.127357482910156,55.49803195525394,54.72340238889017,55.072817180360275,25661000,AVGO
2022-01-18,53.409847259521484,54.63465366305329,53.243458278787706,54.38322244419048,35825000,AVGO
2022-01-19,52.13235855102539,54.05137531997482,52.07319887888965,53.76019632929657,22692000,AVGO
2022-01-20,50.63024139404297,52.70270600900604,50.54242399111433,52.50488764702027,25225000,AVGO
2022-01-21,49.29081344604492,51.34016706387471,49.11610251771722,50.530409098361524,38010000,AVGO
2022-01-24,50.06266784667969,50.24107425844166,47.45775933362236,49.07450352717779,54256000,AVGO
2022-01-25,49.37493133544922,50.4157847453524,48.45794404427489,48.807358844993466,38158000,AVGO
2022-01-26,51.499168395996094,53.075237772817225,50.84747743455911,51.02588388274939,49715000,AVGO
2022-01-27,50.13014221191406,52.71379085428698,50.01182287960684,52.66387345343637,34183000,AVGO
2022-01-28,51.77461624145508,51.81159235487765,49.213154695940126,50.22720150970666,30254000,AVGO
2022-01-31,54.157684326171875,54.202978838802096,51.395628824841495,51.70991879107108,40288000,AVGO
2022-02-01,54.78995895385742,54.89903603744691,53.227754938628834,54.15675966035219,25719000,AVGO
2022-02-02,55.779972076416016,55.90661334783129,54.87407829494209,55.370473713432666,24443000,AVGO
2022-02-03,53.69270706176758,55.37230975378952,53.625229007042286,55.06264274867531,30602000,AVGO
2022-02-04,54.553314208984375,55.14214636362657,53.25733055486351,53.27951763591825,20548000,AVGO
2022-02-07,54.31945037841797,55.608963465117405,53.99868976790656,54.5533174600144,18671000,AVGO
2022-02-08,55.48324966430664,55.633925775465826,54.260294219238,54.388783246582214,14570000,AVGO
2022-02-09,56.51115417480469,56.54628254397443,55.6071082098749,56.14232745594211,22004000,AVGO
2022-02-10,54.66424560546875,56.81620569705702,54.40634016814881,55.02844945277528,24920000,AVGO
2022-02-11,53.00589370727539,55.440717548059254,52.60471380499472,54.6642367916023,27281000,AVGO
2022-02-14,53.482887268066406,53.87389757915541,52.696236696765325,53.15195698223157,19291000,AVGO
2022-02-15,55.718955993652344,56.02122849852644,54.37675407874535,54.44885503308746,34284000,AVGO
2022-02-16,55.20500946044922,55.53778749291356,54.28155147823176,54.91382691892445,22931000,AVGO
2022-02-17,53.52171325683594,54.684585147492065,53.5115435890524,54.51080160471253,21424000,AVGO
2022-02-18,53.61322021484375,54.32961398994426,52.99295870477831,53.701037613729866,19708000,AVGO
2022-02-22,53.37934875488281,54.557936934482846,52.67219725761745,53.61321934804692,20204000,AVGO
2022-02-23,52.2451286315918,54.08279843571963,52.20352962272417,53.6353966346594,22416000,AVGO
2022-02-24,53.61414337158203,54.14011683137205,50.75040900505224,50.987051220881206,35316000,AVGO
2022-02-25,54.35456848144531,54.48120973663343,53.059512311033934,53.59842702480573,22380000,AVGO
2022-02-28,54.30188751220703,54.75113715265247,53.279522105824185,53.70658466335348,25005000,AVGO
2022-03-01,52.70085906982422,54.318527309733426,52.2553049299284,54.05692637128706,24898000,AVGO
2022-03-02,54.14842987060547,54.58751328951788,53.020686605565814,53.10757659444639,21771000,AVGO
2022-03-03,53.48473358154297,54.88054860200344,53.09002073223817,54.87870085388813,26454000,AVGO
2022-03-04,55.09222412109375,56.00921130490496,53.98481664820792,54.796422258733536,44757000,AVGO
2022-03-07,52.75446319580078,55.350125761223076,52.68975675907276,55.192982565236825,26494000,AVGO
2022-03-08,53.239768981933594,55.097774781472246,52.0990808098402,52.89035067121564,26993000,AVGO
2022-03-09,55.18743896484375,55.61450499801103,54.26120946628472,54.426674589521596,22560000,AVGO
2022-03-10,54.32868576049805,54.540369259128994,53.27859018529854,54.12809580164976,19323000,AVGO
2022-03-11,53.415401458740234,54.9480273371831,53.347923393674414,54.72340253457243,19813000,AVGO
2022-03-14,52.48639678955078,53.612295951186,52.20446006213706,53.33313084580178,25234000,AVGO
2022-03-15,54.79365921020508,55.16340983288988,53.15565517138153,53.36179192811602,28260000,AVGO
2022-03-16,56.121070861816406,56.17560764032055,53.9894430789607,55.15324227574765,29454000,AVGO
2022-03-17,55.709716796875,56.10997640440915,55.243830397140954,55.899216759951805,18174000,AVGO
2022-03-18,56.4251823425293,56.68400808396091,55.09222272168398,55.82987961100034,41538000,AVGO
2022-03-21,55.9580078125,56.35911022658985,54.80123148913467,56.35911022658985,25789000,AVGO
2022-03-22,56.89329147338867,57.09430774279749,55.77560153856847,55.99802479991582,19262000,AVGO
2022-03-23,55.7802619934082,56.8960918114626,55.75978867061416,56.582466918867745,13839000,AVGO
2022-03-24,58.2976188659668,58.37113750584974,56.02408270697555,56.45496321109799,26016000,AVGO
2022-03-25,58.524696350097656,58.668013153196966,57.70573862513929,58.35811231074587,14538000,AVGO
2022-03-28,58.89787292480469,58.936962872760965,57.306492068336745,58.24643296022592,14427000,AVGO
2022-03-29,59.69729995727539,60.05465832033279,58.629861275309004,59.560493993964705,23001000,AVGO
2022-03-30,58.731292724609375,59.95972744942738,58.38137538482262,59.455324760147285,18626000,AVGO
2022-03-31,58.60007858276367,59.467431072616556,58.44838712798969,58.67453090295651,21731000,AVGO
2022-04-01,58.34880447387695,59.055153566291025,57.5773078334027,58.787129503109306,16267000,AVGO
2022-04-04,59.08121109008789,59.25523964163183,58.119866735314595,58.296685651019075,16484000,AVGO
2022-04-05,57.15201187133789,58.84018230338208,57.0477814676098,58.58798093719519,19778000,AVGO
2022-04-06,56.024085998535156,56.916562365230455,55.25817359844655,56.031530520090634,23742000,AVGO
2022-04-07,56.12179946899414,56.54895949342814,55.20884982167921,55.82213707693209,16583000,AVGO
2022-04-08,54.62813186645508,55.70673537042185,54.53227611656416,55.59412678605314,20464000,AVGO
2022-04-11,54.033470153808594,54.84032930692278,53.923655458287755,54.21680350350269,23512000,AVGO
2022-04-12,54.448524475097656,55.70674092667741,54.178640154330445,54.824499441228156,17350000,AVGO
2022-04-13,55.143714904785156,55.53178859416472,54.53973231406919,54.76773634557845,20266000,AVGO
2022-04-14,53.404354095458984,55.56435527292506,53.3122223701405,55.37171362901777,27385000,AVGO
2022-04-18,54.581607818603516,55.02086655488517,53.31129265496391,53.31129265496391,21375000,AVGO
2022-04-19,55.61647415161133,55.716980526762136,53.91713858856832,53.91713858856832,16581000,AVGO
2022-04-20,55.62577438354492,57.0877974873682,55.38474157704784,56.22882323554954,13920000,AVGO
2022-04-21,55.1613883972168,57.31487514981279,54.968750305591456,56.35353073424998,20352000,AVGO
2022-04-22,54.62348556518555,55.72070230411628,54.55927168224141,54.9175672566565,21064000,AVGO
2022-04-25,54.71002960205078,54.79192643825478,53.15029052897722,54.115355405833725,26959000,AVGO
2022-04-26,52.1219367980957,54.48481418758216,52.08843467976867,54.33032884466392,35809000,AVGO
2022-04-27,52.07261657714844,53.05350415935652,51.650110700125886,51.72362934268813,19313000,AVGO
2022-04-28,53.8780517578125,54.443874493280994,51.926514825700544,52.668229928934245,22334000,AVGO
2022-04-29,51.59334182739258,53.8166231331261,51.50121010545129,53.28988685154491,26108000,AVGO
2022-05-02,53.63701248168945,53.75706560159652,51.77854105239433,51.84926933426169,26725000,AVGO
2022-05-03,54.085575103759766,54.6048668425302,53.21077819175195,53.605369763604706,17064000,AVGO
2022-05-04,56.17857360839844,56.2167298892199,53.4164536460378,54.1432796745065,23896000,AVGO
2022-05-05,53.97575759887695,55.63972691709609,53.44529733115035,55.30097814685829,32806000,AVGO
2022-05-06,53.98599624633789,54.90546385121923,52.993013550039656,53.50579089789299,20745000,AVGO
2022-05-09,52.38717269897461,53.79056618847862,52.140555615982485,53.3140813084614,30074000,AVGO
2022-05-10,54.10605239868164,55.014351497636476,53.21357601466093,54.02229531691343,29271000,AVGO
2022-05-11,52.777099609375,54.41315459406135,52.66077054408651,53.47228363717418,26660000,AVGO
2022-05-12,53.192169189453125,53.382016906020425,51.953495999514224,52.43184110162749,25518000,AVGO
2022-05-13,54.743534088134766,55.05529516169678,53.37177897431482,53.70215667624186,19449000,AVGO
2022-05-16,54.22517013549805,54.827292403815534,53.757993575303324,54.384309650862114,14189000,AVGO
2022-05-17,56.59642791748047,56.675534397202306,55.24328926957235,55.41452393020616,24676000,AVGO
2022-05-18,53.0991096496582,55.9049666945593,52.690562657912295,55.83796244605423,35024000,AVGO
2022-05-19,50.83208084106445,52.185222832802765,50.15737363802049,51.92929745229281,34884000,AVGO
2022-05-20,50.55104064941406,51.64918758004901,47.689344228904204,51.5477475309236,40281000,AVGO
2022-05-23,48.984779357910156,49.841889773339176,47.85871120586029,48.7651500059509,58586000,AVGO
2022-05-24,48.78376770019531,49.218375869891084,48.03833207875302,49.01270540458946,25060000,AVGO
2022-05-25,49.4752197265625,50.01684858672493,48.75584182728654,48.75584182728654,17842000,AVGO
2022-05-26,51.246219635009766,51.61009592455691,49.111345963271994,49.46684760973301,39743000,AVGO
2022-05-27,54.28194808959961,54.48482819454331,52.11636591810444,52.309937707181234,37301000,AVGO
2022-05-31,53.988792419433594,54.63092767038671,53.604439260251546,54.395479143395114,30009000,AVGO
2022-06-01,53.38294982910156,54.994807687017975,52.89995054459181,54.68211292851281,18345000,AVGO
2022-06-02,53.673309326171875,53.76916508923045,52.87203452683485,53.767304846282315,29488000,AVGO
2022-06-03,52.424400329589844,53.00883611362342,52.20663120524626,52.94090174624969,20562000,AVGO
2022-06-06,52.22990036010742,53.29919572003092,51.886497374543666,53.18752078937913,14557000,AVGO
2022-06-07,53.32432174682617,53.46856867623866,51.88556228832924,52.16568505393817,15895000,AVGO
2022-06-08,52.614234924316406,53.629554546177154,52.31457258535276,53.21542339477962,24004000,AVGO
2022-06-09,51.76365280151367,53.38481193028123,51.736661528348385,52.22338486565035,18787000,AVGO
2022-06-10,50.372352600097656,51.28158180994949,50.22810567486993,51.19317057186446,24018000,AVGO
2022-06-13,48.171417236328125,49.60272884503573,48.022516126383806,49.023877244536195,31619000,AVGO
2022-06-14,48.40871810913086,48.85542491576427,47.889426327782154,48.85542491576427,24380000,AVGO
2022-06-15,49.01735305786133,49.679961622308575,47.975972067671584,49.244426938939625,19141000,AVGO
2022-06-16,46.26919937133789,47.874543054066876,45.81319129514458,47.643745101170964,37244000,AVGO
2022-06-17,46.406002044677734,46.565138024203044,45.402777248219955,46.06631954057475,43504000,AVGO
2022-06-21,47.27115249633789,47.94113357497047,47.18858028417951,47.30024320069939,21901000,AVGO
2022-06-22,46.55144500732422,47.27115632209238,46.37315659584343,46.57115022948133,24721000,AVGO
2022-06-23,46.59648513793945,47.08160944267787,46.07382605470887,47.08160944267787,16707000,AVGO
2022-06-24,47.77035140991211,48.024643593174304,47.05345370465198,47.38656676424521,21201000,AVGO
2022-06-27,47.45319366455078,48.2348376834434,47.1820133103414,48.212318964765345,13207000,AVGO
2022-06-28,46.77195739746094,48.245163477147926,46.740053193060554,48.10065851454906,15667000,AVGO
2022-06-29,46.01752853393555,46.53549492728178,45.66658583657301,46.49327098184933,14444000,AVGO
2022-06-30,45.58588409423828,46.32999334980895,45.10732462332109,45.79419745885821,18890000,AVGO
2022-07-01,44.83802032470703,45.441375957799316,44.048870044456756,44.98534236098641,21315000,AVGO
2022-07-05,44.693511962890625,44.75262762350537,43.53089681177432,44.29002207516342,20711000,AVGO
2022-07-06,45.28561019897461,45.702236902177006,44.61844262666397,45.09043366090658,22975000,AVGO
2022-07-07,46.780399322509766,47.047828348150816,45.80170308668541,45.80170308668541,21319000,AVGO
2022-07-08,46.794471740722656,46.88267810572933,45.97904788845347,46.25961371491191,12713000,AVGO
2022-07-11,45.30906295776367,46.13105514678221,45.132653822292184,45.931189463114706,21449000,AVGO
2022-07-12,45.169254302978516,46.22301645696106,45.047268072453484,45.774489134278234,21159000,AVGO
2022-07-13,45.20303726196289,45.56993023158798,44.31723654550692,44.56965309547914,17665000,AVGO
2022-07-14,45.47610092163086,45.66752257948187,44.4242106872735,45.27060103612445,19957000,AVGO
2022-07-15,46.397544860839844,46.42381848489015,45.61590096583049,46.056925580543,18714000,AVGO
2022-07-18,46.07851028442383,47.1435371381628,45.80920561557572,46.93240671638215,18042000,AVGO
2022-07-19,47.76191329956055,47.98242206661841,46.53173833269945,46.61712762604824,27257000,AVGO
2022-07-20,48.021827697753906,48.5698260954373,47.33683417504103,47.81257652146383,27412000,AVGO
2022-07-21,48.576393127441406,48.58858852819832,47.4822791869197,48.09502022054695,13912000,AVGO
2022-07-22,48.09220504760742,48.774385080732436,47.5442102232502,48.68242738837923,17867000,AVGO
2022-07-25,48.1475715637207,48.16727678440554,47.530137736082494,47.89890993419585,15061000,AVGO
2022-07-26,47.95802307128906,48.494756743449734,47.75439888875314,48.290198307993194,17958000,AVGO
2022-07-27,49.52506637573242,49.750271461231485,48.50602186519348,48.62519102527351,25699000,AVGO
2022-07-28,50.07118225097656,50.344241832974326,48.84851362241352,49.600132637000144,14867000,AVGO
2022-07-29,50.24665832519531,50.46717067487266,49.75777910985404,49.91823796153554,18482000,AVGO
2022-08-01,50.33016586303711,50.651079948045236,49.77372339772435,49.86662250035579,11485000,AVGO
2022-08-02,49.84598159790039,50.595721434521025,49.47252021814388,50.034589742598136,13072000,AVGO
2022-08-03,51.30323791503906,51.42146924658315,50.119041775486984,50.22882903463893,19228000,AVGO
2022-08-04,51.87187957763672,51.90472161653482,51.14090706936631,51.45994555273947,16293000,AVGO
2022-08-05,51.744266510009766,51.796813772427505,50.97857271547448,51.13058750705189,14357000,AVGO
2022-08-08,51.189697265625,51.88970332178407,50.55255820287621,51.54814615551354,13722000,AVGO
2022-08-09,49.99517822265625,50.60979857125438,49.52131507954384,50.58540060791001,20072000,AVGO
2022-08-10,51.647605895996094,51.70484588972822,50.599470772196995,51.2394232804464,19519000,AVGO
2022-08-11,51.18031692504883,52.33823950513742,51.06959182668327,51.979790579225664,14268000,AVGO
2022-08-12,52.381404876708984,52.398293022515816,51.20095999585163,51.40364280212975,18399000,AVGO
2022-08-15,52.449893951416016,52.52777699866377,51.656051000762325,52.00605579715378,14329000,AVGO
2022-08-16,51.76396560668945,52.354184406418696,51.234738135186554,52.314773964269975,14782000,AVGO
2022-08-17,50.53848648071289,51.11275500376828,49.830032731993185,51.080850799208136,19022000,AVGO
2022-08-18,52.40203857421875,52.600028602630864,50.82373460297078,50.99076184309528,23459000,AVGO
2022-08-19,51.461814880371094,52.13273380339101,51.4092676246054,51.68983345935821,16923000,AVGO
2022-08-22,49.615142822265625,50.96073187060267,49.45562540511678,50.91193952895569,18555000,AVGO
2022-08-23,49.71179962158203,50.4474648062614,49.630161658225575,50.09370507106803,9003000,AVGO
2022-08-24,49.81126022338867,49.8544255732432,49.11688477294666,49.691153236986914,11883000,AVGO
2022-08-25,51.62133026123047,51.65417229250157,49.94450384259526,50.056166748917,17345000,AVGO
2022-08-26,48.874794006347656,51.70203707256968,48.79409745048203,51.50029210339195,25682000,AVGO
2022-08-29,48.24797439575195,49.05119929912216,48.04341594501599,48.79409359206821,16580000,AVGO
2022-08-30,47.516998291015625,48.597975450886075,47.04782435049263,48.4975701085424,18282000,AVGO
2022-08-31,46.83387756347656,47.87075147897776,46.59272220145567,47.87075147897776,32445000,AVGO
2022-09-01,46.16765213012695,46.28775910691711,45.11951705207936,46.11698054511648,31930000,AVGO
2022-09-02,46.93803787231445,48.776261057726906,46.75787739573036,48.60642031756752,40426000,AVGO
2022-09-06,46.748497009277344,47.292740566694555,46.01376963856953,46.77946338095407,24738000,AVGO
2022-09-07,47.39877700805664,47.802266968688684,46.83107684937989,47.19046361981883,20440000,AVGO
2022-09-08,48.036842346191406,48.11284614542928,46.79540639082566,47.16136148049189,22535000,AVGO
2022-09-09,49.0192985534668,49.354287311657,48.366205601625396,48.366205601625396,23019000,AVGO
2022-09-12,49.64423370361328,49.85067139274239,49.22198000059576,49.42747627773567,18157000,AVGO
2022-09-13,47.2598991394043,48.63176204122455,47.075042319022245,48.21607312789713,35136000,AVGO
2022-09-14,47.92612075805664,48.13724760837537,47.177318802459595,47.58643926899479,20605000,AVGO
2022-09-15,46.930538177490234,48.0021300209849,46.66217130032793,47.755347611154676,36574000,AVGO
2022-09-16,47.15198516845703,47.263648089305825,45.9659133998003,46.70345424052122,59012000,AVGO
2022-09-19,47.09005355834961,47.235499930262264,46.393802388100525,46.393802388100525,17948000,AVGO
2022-09-20,46.26618957519531,46.80761609500668,45.95278166436405,46.54206270425289,17132000,AVGO
2022-09-21,45.62086868286133,47.299454581305746,45.585856257741696,46.458268434457224,20669000,AVGO
2022-09-22,45.192230224609375,45.72210894893081,44.756022363876944,45.648304927975765,23540000,AVGO
2022-09-23,44.34725570678711,45.22818265500697,43.71518405209853,44.940532155295685,29649000,AVGO
2022-09-26,43.73979187011719,44.78441464543808,43.64990017573319,44.37564638676858,19361000,AVGO
2022-09-27,43.975399017333984,44.46175411476235,43.19571919088706,44.42958599622261,17850000,AVGO
2022-09-28,44.08989334106445,44.35388704145818,43.180577294728906,43.652739726686356,27605000,AVGO
2022-09-29,42.59203338623047,43.65558099255121,42.09526840110405,43.611107990489515,39997000,AVGO
2022-09-30,42.012943267822266,43.319668232868764,41.97793084544635,42.49077981410766,27202000,AVGO
2022-10-03,43.22126388549805,43.615835858270486,42.29302315872882,42.50781535720083,21479000,AVGO
2022-10-04,45.40513610839844,45.43352144277363,44.08043182478147,44.33023287396375,27277000,AVGO
2022-10-05,45.872562408447266,46.18386619101051,44.61031030383407,44.71344897022588,18493000,AVGO
2022-10-06,45.371063232421875,46.33620409853138,45.29725921319378,45.77699075246838,17250000,AVGO
2022-10-07,43.57136154174805,44.78819484506804,43.43321407063871,44.6973574594976,28425000,AVGO
2022-10-10,41.4158821105957,43.53540430578933,40.86139721262353,43.52594373230082,33454000,AVGO
2022-10-11,40.75920486450195,41.510499233971906,40.26906345275087,41.179325043280606,28046000,AVGO
2022-10-12,40.741233825683594,41.22853463485292,40.499001965868004,40.900197468507635,15046000,AVGO
2022-10-13,41.44143295288086,41.990236487871464,39.274596925637184,39.496958316622376,27980000,AVGO
2022-10-14,40.41288757324219,42.008208650466244,40.34759843325728,41.94386520678143,22816000,AVGO
2022-10-17,41.195404052734375,41.75083453824727,41.00805513624764,41.590925249980565,24120000,AVGO
2022-10-18,41.144317626953125,42.44252410801918,40.70243197956554,42.41035238418551,20341000,AVGO
2022-10-19,41.188785552978516,41.472653269739595,40.770560377021596,40.9929217373714,12702000,AVGO
2022-10-20,40.71567916870117,41.84073298404503,40.51129685875791,41.17270317936426,23402000,AVGO
2022-10-21,42.55417251586914,42.6421728000173,40.60875261649401,40.88504752012014,26980000,AVGO
2022-10-24,43.196659088134766,43.411451275405355,42.684755816272386,42.83804164511303,25287000,AVGO
2022-10-25,43.53255844116211,43.9290217228714,43.22598322282256,43.33574534461555,18246000,AVGO
2022-10-26,43.637596130371094,44.63869153953837,43.08500624913799,43.33575294961549,29291000,AVGO
2022-10-27,43.09067916870117,44.54501203288348,43.044314785046005,44.098397948148474,18512000,AVGO
2022-10-28,44.7465705871582,44.88282308046688,43.114345271335125,43.238300100007194,23094000,AVGO
2022-10-31,44.48351287841797,44.73804235615812,43.99999494319533,44.1741005271592,19259000,AVGO
2022-11-01,44.273460388183594,45.118429385197174,43.82590049422774,45.02097211196776,16324000,AVGO
2022-11-02,43.150299072265625,45.46095675244875,43.12096443461248,44.49865646964721,21070000,AVGO
2022-11-03,42.02334976196289,42.85034318290368,41.76219679445114,42.6686720241383,23887000,AVGO
2022-11-04,44.027435302734375,44.36712799015221,42.89008383394999,43.2288308250114,28891000,AVGO
2022-11-07,44.96609115600586,45.20453662805886,43.67450790618999,44.16653721405303,17687000,AVGO
2022-11-08,45.6180305480957,46.25105162031062,44.80333829363902,45.53665733610988,20743000,AVGO
2022-11-09,44.4220085144043,45.32375528251962,44.38037621637272,45.27644158713225,23695000,AVGO
2022-11-10,47.932472229003906,47.98924288708098,46.09870561683542,46.45921084611477,33970000,AVGO
2022-11-11,49.022518157958984,49.10862707480229,47.5000586540009,47.76499806112276,26728000,AVGO
2022-11-14,48.561710357666016,49.67824585139787,48.540894206008076,48.7670420037929,21608000,AVGO
2022-11-15,49.62146759033203,50.392632437323094,48.81623601726524,50.145668525678516,23315000,AVGO
2022-11-16,48.42072296142578,49.06509597647187,48.28352117633214,48.89288537515074,25405000,AVGO
2022-11-17,48.45667266845703,48.51628402454091,47.607917409381564,47.783914388569805,20375000,AVGO
2022-11-18,48.74527359008789,48.98845112924214,48.35164729687792,48.90707792055155,14536000,AVGO
2022-11-21,48.96100997924805,49.28366932421732,48.362055680424156,48.53521197240955,18622000,AVGO
2022-11-22,50.1541862487793,50.17594809327869,49.1095635698881,49.48426506526664,18920000,AVGO
2022-11-23,50.49386978149414,51.235703510567596,50.035903743747866,50.182566070613305,13964000,AVGO
2022-11-25,50.14094543457031,50.58282751989436,50.1002588296106,50.21474946327961,7455000,AVGO
2022-11-28,49.412349700927734,50.03212006764213,48.847458595357665,49.699050887025656,23505000,AVGO
2022-11-29,49.33477020263672,49.7567818518812,48.714054002339275,49.48711035844399,12694000,AVGO
2022-11-30,52.139347076416016,52.19895843164371,48.99790987029684,49.592132029892035,47349000,AVGO
2022-12-01,52.112850189208984,52.27086809785886,51.28112474262285,52.139344123365184,23006000,AVGO
2022-12-02,51.17137145996094,51.35115123020911,50.72475731872884,50.8165404013853,19320000,AVGO
2022-12-05,50.210018157958984,51.046475861528506,49.722717368212464,50.884671526086834,18548000,AVGO
2022-12-06,49.75394058227539,50.487255966559644,49.36882917656544,50.210961011300405,19655000,AVGO
2022-12-07,49.06130599975586,49.67634794189535,48.82948405336157,49.16539035392053,16524000,AVGO
2022-12-08,50.25164794921875,50.37843984247103,49.23919336733592,49.27988357750568,27514000,AVGO
2022-12-09,51.54228973388672,52.29169280225364,51.19029574289843,52.13083777841803,37028000,AVGO
2022-12-12,52.66922378540039,52.691934934829426,51.30761963038347,51.54511934591612,23416000,AVGO
2022-12-13,54.03273010253906,55.054641724063984,53.46405251901424,54.48502205363731,40414000,AVGO
2022-12-14,54.35444641113281,55.415153295286366,53.71953395119153,53.79712437659985,35218000,AVGO
2022-12-15,52.79886245727539,53.602199075155944,52.77047712674424,53.34577457537677,36876000,AVGO
2022-12-16,52.601104736328125,52.96918278273747,52.12421384755645,52.74682139678613,49549000,AVGO
2022-12-19,52.44081115722656,53.094374950971876,52.06775117273545,52.85966515653604,25092000,AVGO
2022-12-20,51.905555725097656,52.38070413091435,51.609779955275876,52.01527647027759,29831000,AVGO
2022-12-21,53.547584533691406,53.61246485307417,52.18511238523509,52.253807053025405,25619000,AVGO
2022-12-22,52.77092742919922,52.94743928763489,52.20895897823968,52.795735248798316,27553000,AVGO
2022-12-23,52.70796585083008,52.82150459036184,52.2328174177994,52.47611679659342,13761000,AVGO
2022-12-27,52.813873291015625,53.24990282340914,52.184160022676195,52.62400390356677,16677000,AVGO
2022-12-28,51.98856735229492,53.217464586841544,51.75576469796487,52.632595369717386,15410000,AVGO
2022-12-29,53.22127151489258,53.67829083575667,52.52381723630647,52.652624277689796,18176000,AVGO
2022-12-30,53.34721755981445,53.39683320548236,52.28624637621877,52.64976323672149,14376000,AVGO
2023-01-03,52.808143615722656,54.152486606967415,52.55148675505354,53.90728007010199,20173000,AVGO
2023-01-04,53.4531135559082,54.208772940647584,53.0514350919015,53.715495539473594,17074000,AVGO
2023-01-05,52.955081939697266,53.414965720257975,52.5829791317972,53.02091584936995,16277000,AVGO
2023-01-06,56.14276123046875,56.387967768027366,53.64966977405609,53.72790758752717,35261000,AVGO
2023-01-09,55.04172134399414,57.40600955687825,53.483658276104485,56.51200708234033,37739000,AVGO
2023-01-10,54.854713439941406,54.87379610006892,52.47516068068315,54.5751595663815,44635000,AVGO
2023-01-11,55.16097640991211,55.18005906799861,54.08569428623415,54.67056337998815,22502000,AVGO
2023-01-12,55.52355194091797,55.82600649717772,54.74308815852321,54.9176892412295,19514000,AVGO
2023-01-13,55.243038177490234,55.522592051380215,55.02072864440514,55.06652630083621,19647000,AVGO
2023-01-17,55.26594161987305,55.84985725779131,54.81750815325397,54.85185912931032,15835000,AVGO
2023-01-18,54.79365158081055,56.05975679197552,54.73926800078603,55.64471711984761,15703000,AVGO
2023-01-19,53.73744583129883,54.39005967989734,53.459799142510946,54.30037154470371,22692000,AVGO
2023-01-20,54.45875549316406,54.51409629847392,53.34530795340727,53.71932153410087,22950000,AVGO
2023-01-23,55.49396514892578,55.79546607785813,54.36334576454249,54.57515855649964,23429000,AVGO
2023-01-24,55.8183708190918,55.97675364148166,54.92150752331099,55.18961474469403,13825000,AVGO
2023-01-25,55.88039016723633,56.00346842583925,54.96062622422806,55.11614464485273,13766000,AVGO
2023-01-26,57.11119079589844,57.30010295316138,55.9357236231573,56.331680651298406,24525000,AVGO
2023-01-27,56.387020111083984,57.17511621130476,56.31069310332191,56.60932966399551,19344000,AVGO
2023-01-30,55.47679901123047,56.2553519560523,55.31555543306641,55.624685090142535,16984000,AVGO
2023-01-31,55.81645584106445,56.028268632753495,55.40905215631442,55.53594838599066,23719000,AVGO
2023-02-01,57.50905227661133,58.03858426758416,55.596058360030604,55.67906411015863,26553000,AVGO
2023-02-02,57.79718780517578,58.50036722025385,57.222811787200186,57.97465325600286,24188000,AVGO
2023-02-03,57.019596099853516,58.01377982302016,56.888881871858295,57.05585060854262,19093000,AVGO
2023-02-06,57.37070846557617,57.55389546064859,56.508192566462874,56.61123456875759,18709000,AVGO
2023-02-07,58.625362396240234,58.869615358446225,57.219957006198726,57.30964514779941,24025000,AVGO
2023-02-08,57.40982437133789,58.21795664587933,57.30582514773114,57.88401555379763,15290000,AVGO
2023-02-09,57.19038009643555,58.67115887296374,56.81541291738725,58.4488493372652,18837000,AVGO
2023-02-10,56.6026496887207,57.09974155431607,56.257261887864495,56.89460749340669,21035000,AVGO
2023-02-13,57.35353088378906,57.387878216632714,56.62363641219146,56.76961530651098,19847000,AVGO
2023-02-14,57.46706771850586,57.77906174428729,56.60932345427851,56.69042202851892,17571000,AVGO
2023-02-15,57.980384826660156,58.036675582538756,56.93181390358012,57.13790518515711,12683000,AVGO
2023-02-16,57.298194885253906,58.09964843975133,57.203738808095686,57.31823113312521,17449000,AVGO
2023-02-17,56.825904846191406,57.32776824874543,56.52631472772983,57.24666967355608,14215000,AVGO
2023-02-21,55.485374450683594,56.58737157038706,55.32317731602805,56.29255305541157,22737000,AVGO
2023-02-22,54.973026275634766,55.63326887609599,54.5847015854642,55.553123883663915,23475000,AVGO
2023-02-23,55.701019287109375,55.905199777108315,54.73545765157545,55.88707070135501,18939000,AVGO
2023-02-24,55.123779296875,55.36134988419277,54.728775839083525,55.10278582104811,15353000,AVGO
2023-02-27,55.85843276977539,56.273472409790706,55.74489404352705,55.898508901037474,18321000,AVGO
2023-02-28,56.701873779296875,57.11118828825497,55.546442905472325,55.86893367611284,27822000,AVGO
2023-03-01,56.63317108154297,57.0758793016675,56.32117707211069,56.6742007996789,15484000,AVGO
2023-03-02,57.11787033081055,57.33636188962324,55.9233204805645,56.23436094506741,27525000,AVGO
2023-03-03,60.372337341308594,60.65570919388692,58.74939409063562,58.93544547150181,46088000,AVGO
2023-03-06,60.38759994506836,61.44952461604215,60.2740612184483,60.58605522981544,24983000,AVGO
2023-03-07,59.64625930786133,60.660479221177376,59.48978731774663,60.57365548308834,19334000,AVGO
2023-03-08,60.32463073730469,60.36947116425462,59.50504818686307,59.89718718361738,20912000,AVGO
2023-03-09,59.39533615112305,61.295930071250154,59.3342738135193,60.11664479561532,21775000,AVGO
2023-03-10,58.661617279052734,60.12426693032799,58.46984073469381,59.93630837376646,26098000,AVGO
2023-03-13,58.818092346191406,59.57374823946352,57.90310005773359,57.9231363055178,22364000,AVGO
2023-03-14,60.343719482421875,60.430546868601006,59.0117802447286,59.47834277855306,25893000,AVGO
2023-03-15,59.731178283691406,60.115684984888155,58.79233174651275,59.88669669302309,22963000,AVGO
2023-03-16,60.729183197021484,60.78356678183295,58.9459461061896,59.33141005456521,31716000,AVGO
2023-03-17,60.20155334472656,61.02208954328456,59.83040415330096,60.72917816756575,79303000,AVGO
2023-03-20,61.41709518432617,61.51536561139357,60.261664259676756,60.37043142421313,25857000,AVGO
2023-03-21,61.1902961730957,62.13589632533336,60.95773885340148,61.79955536658645,25000000,AVGO
2023-03-22,60.63005065917969,62.31945019480579,60.606028397751416,61.20471535413144,25799000,AVGO
2023-03-23,61.428619384765625,62.2886954478483,60.68866561542341,61.39690619008946,27162000,AVGO
2023-03-24,61.13456344604492,61.43534942138322,60.40229690794389,61.31330622031361,17228000,AVGO
2023-03-27,60.23796844482422,61.416129639492794,60.15628616030419,61.40652146842525,14707000,AVGO
2023-03-28,60.03232192993164,60.20914013759481,59.471110895234744,60.08325146841206,12439000,AVGO
2023-03-29,60.10919952392578,60.926993832140944,60.026556787370644,60.80879243054922,26395000,AVGO
2023-03-30,60.90200424194336,61.12302882729913,60.474369160257396,60.803983304391274,21523000,AVGO
2023-03-31,61.650604248046875,61.71595153815889,60.148595355144145,60.59352953234402,22097000,AVGO
2023-04-03,61.73998260498047,61.87740034991181,61.160511997432806,61.40652297338642,15682000,AVGO
2023-04-04,60.96542739868164,61.91007072924889,60.73383053854362,61.80532297798524,13429000,AVGO
2023-04-05,60.44650650024414,60.70500700556954,60.12842140115903,60.651192446913676,16908000,AVGO
2023-04-06,59.834354400634766,60.38787812141318,59.48167479796628,59.980423516685875,14493000,AVGO
2023-04-10,60.29082107543945,60.33694836028699,59.239512692303485,59.39326908651473,15400000,AVGO
2023-04-11,59.73154067993164,60.6262114081242,59.65946656093029,60.61659957047497,16518000,AVGO
2023-04-12,59.2635383605957,60.30331773169947,59.221256541154474,60.28602229003797,14112000,AVGO
2023-04-13,59.98811340332031,60.205296185983805,59.302934624944896,59.49128922965472,17265000,AVGO
2023-04-14,59.53644943237305,60.35232275307518,59.120347110374766,59.62678309536315,17465000,AVGO
2023-04-17,60.287940979003906,60.38211645165767,59.37020484712665,59.44708487875354,13201000,AVGO
2023-04-18,60.76457977294922,61.07017164190011,60.26583472179273,60.69731158366334,16806000,AVGO
2023-04-19,60.97407913208008,61.19414326975848,60.11400303942848,60.23316488679691,19060000,AVGO
2023-04-20,60.83185577392578,61.7649701556255,60.266802911363484,60.3359920104163,20239000,AVGO
2023-04-21,60.82033157348633,60.90681978715164,59.771904386606096,60.59930695319545,14807000,AVGO
2023-04-24,60.9779167175293,61.392098137331665,60.713649879993596,60.891428522409655,12338000,AVGO
2023-04-25,59.77477264404297,61.117258730126764,59.74786536861227,60.92506233454688,23670000,AVGO
2023-04-26,59.21452713012695,59.88144636982537,58.956987090848926,59.57777904506558,17179000,AVGO
2023-04-27,59.42786407470703,59.589307739950684,57.96910105279364,59.21452675539461,18250000,AVGO
2023-04-28,60.205299377441406,60.232206655848934,59.05789091128948,59.49129238326311,16183000,AVGO
2023-05-01,61.30561065673828,61.40555249080045,60.17646185484579,60.20529369744928,17030000,AVGO
2023-05-02,58.84455108642578,60.205296820983115,58.14111274386765,60.13418315999356,28357000,AVGO
2023-05-03,58.92719268798828,59.768048752218526,58.850316325496244,59.28275365442716,19816000,AVGO
2023-05-04,58.63505554199219,59.00022835172131,57.78267039024771,58.61968100237462,17684000,AVGO
2023-05-05,60.55317306518555,60.68290353863031,58.94353494838836,59.191466822996006,24876000,AVGO
2023-05-08,60.45130920410156,60.611796096538356,59.636399881939965,60.52050196991952,13934000,AVGO
2023-05-09,59.43747329711914,59.9717770224053,59.18281095634918,59.84300334340362,16990000,AVGO
2023-05-10,60.183189392089844,60.349438967362104,59.414407453913796,59.77861979877995,19174000,AVGO
2023-05-11,60.31773376464844,60.395574252158006,59.387508046084314,60.21298966322568,14430000,AVGO
2023-05-12,60.65214920043945,60.801099669231206,59.98523000162211,60.385957791184566,11942000,AVGO
2023-05-15,61.483394622802734,61.504535530720354,60.3946067053929,60.721339492247246,14614000,AVGO
2023-05-16,61.640995025634766,62.16665472022025,61.380573636292446,61.54681955417919,14967000,AVGO
2023-05-17,63.18144989013672,63.51106038600626,61.94274729658843,62.20893873003673,24133000,AVGO
2023-05-18,65.14470672607422,65.28500577581678,63.040162326486836,63.040162326486836,26389000,AVGO
2023-05-19,65.56275939941406,65.82222771085544,65.1937483911305,65.34654069433587,22968000,AVGO
2023-05-22,65.18988037109375,65.79626181832168,64.78146900908288,65.48105813327419,17796000,AVGO
2023-05-23,65.9711685180664,67.17143106557776,65.5406520724839,66.36901498269667,36088000,AVGO
2023-05-24,65.30136108398438,65.76070566034026,64.96790149734997,65.48490242543386,23021000,AVGO
2023-05-25,70.0361099243164,70.38110231768925,66.38151469841081,67.21179859130001,49263000,AVGO
2023-05-26,78.10160064697266,78.31781932235704,71.78701235145829,71.8264054864093,82500000,AVGO
2023-05-30,77.19923400878906,88.58106322695821,76.76390800317459,80.2532245379708,116912000,AVGO
2023-05-31,77.64321899414062,78.96072266981628,75.92979703248744,76.38818126903122,89998000,AVGO
2023-06-01,75.91249084472656,77.43468026832609,75.4521784403528,76.93784874942975,80792000,AVGO
2023-06-02,78.03144073486328,79.16251415360533,75.64821848228698,75.97879674261718,62815000,AVGO
2023-06-05,77.09929656982422,77.76236664856097,76.34780639412084,77.76236664856097,26222000,AVGO
2023-06-06,75.91728973388672,77.07046082248776,74.60843768896818,77.07046082248776,37823000,AVGO
2023-06-07,76.1700439453125,77.40201622837549,75.6780219262921,75.90001067134715,28957000,AVGO
2023-06-08,77.28189086914062,77.35973136103429,75.80006216629572,76.3891410023304,21909000,AVGO
2023-06-09,77.32223510742188,78.58400303465685,77.25112511703121,77.43563424355676,19241000,AVGO
2023-06-12,82.19825744628906,82.45195570385461,77.94688523212464,77.94688523212464,51065000,AVGO
2023-06-13,81.7907943725586,82.9574191768179,80.81828321965625,82.75273323790782,38990000,AVGO
2023-06-14,85.15997314453125,85.38676408675607,81.41600536278493,82.25013090821919,43524000,AVGO
2023-06-15,84.89571380615234,85.33199293903807,83.70313490596874,84.98988927521289,33814000,AVGO
2023-06-16,83.4234848022461,85.52226693482066,83.16786568740649,85.45788009797795,68299000,AVGO
2023-06-20,83.41582489013672,84.28454887982468,82.74121458484966,82.8997769300883,27535000,AVGO
2023-06-21,81.89226531982422,83.6640887709891,81.59663955551466,83.08443142126839,23229000,AVGO
2023-06-22,81.38699340820312,82.01302747273857,80.69913355061037,81.64398173685554,23464000,AVGO
2023-06-23,79.42774963378906,80.76772866514906,79.10894287106244,80.57354643122233,37413000,AVGO
2023-06-26,79.37751007080078,80.86239776803755,79.24129137632686,79.70308314334055,21372000,AVGO
2023-06-27,81.96376037597656,82.11833961202674,79.31665360993827,80.05861477904564,24923000,AVGO
2023-06-28,81.91931915283203,82.94241518905487,80.86820692098453,81.02954512304412,19445000,AVGO
2023-06-29,83.33271789550781,83.35879558323046,81.77149876899671,82.54824237769868,23386000,AVGO
2023-06-30,83.80223083496094,84.49202913485567,83.50274282904847,83.90753663188137,23145000,AVGO
2023-07-03,84.67269897460938,84.7007151708213,83.55975355313666,83.91721250280494,9038000,AVGO
2023-07-05,83.2641372680664,84.7171542209157,83.2535160254076,83.7993565008392,14440000,AVGO
2023-07-06,81.92511749267578,82.49511180355377,81.57055526319155,81.63528512971679,23939000,AVGO
2023-07-07,81.80435943603516,82.8902542294062,81.60244528725113,82.1598798803824,19409000,AVGO
2023-07-10,84.79732513427734,84.93644053851098,81.95216672365899,81.95216672365899,30622000,AVGO
2023-07-11,85.21467590332031,85.30645639268693,83.53172894089673,85.12386098126073,25498000,AVGO
2023-07-12,85.97789001464844,86.71598879206591,85.20983653994594,85.8861095297584,28197000,AVGO
2023-07-13,86.01750183105469,86.84640816929921,84.84948973957017,86.84640816929921,25912000,AVGO
2023-07-14,85.8455581665039,87.27248271658,85.61175814931107,85.61175814931107,18510000,AVGO
2023-07-17,87.94873809814453,88.2250377724986,85.96146783722995,86.08029895684624,26819000,AVGO
2023-07-18,87.28020477294922,87.90526595262692,86.78072632477097,87.52655714029905,24513000,AVGO
2023-07-19,87.08118438720703,87.52558862333422,85.56054841383212,86.68508063304857,24118000,AVGO
2023-07-20,85.82234954833984,87.62508582541216,85.59628149553878,86.22810894016595,28268000,AVGO
2023-07-21,86.63484191894531,88.02601804001813,86.35274147717095,87.38259641212767,74287000,AVGO
2023-07-24,87.1024398803711,87.47438973225657,86.39139158237971,87.0261231975258,19992000,AVGO
2023-07-25,88.68684387207031,89.18824607868814,87.00872455611314,87.00872455611314,20042000,AVGO
2023-07-26,86.28125,87.97481831077792,85.75569389250334,87.8183153188915,19877000,AVGO
2023-07-27,86.32374572753906,87.90042121348812,85.5962755744994,87.76999592844362,21922000,AVGO
2023-07-28,86.92854309082031,87.29276840795991,86.36434211691021,86.88313930748367,18791000,AVGO
2023-07-31,86.81839752197266,87.04543114899546,86.07933311766202,86.70729831217736,14952000,AVGO
2023-08-01,88.88101959228516,88.94091425068125,86.72661772208433,86.85028404974487,19683000,AVGO
2023-08-02,86.2049331665039,88.20475585656031,86.01074356462485,88.13712928716684,26877000,AVGO
2023-08-03,85.49775695800781,86.49766473173179,85.12097926115598,85.65619847315955,18281000,AVGO
2023-08-04,85.17604064941406,86.33245872946576,84.37610858493794,85.49775149655203,21156000,AVGO
2023-08-07,86.66478729248047,86.69473462007635,85.5257569398588,85.75858396031134,11146000,AVGO
2023-08-08,85.3219223022461,86.04069510774761,84.37900518328847,85.9914290573977,14081000,AVGO
2023-08-09,82.18885803222656,85.35765847662809,81.99467580195889,85.27941066654945,24672000,AVGO
2023-08-10,81.43240356445312,83.22934648398245,80.86916823792403,82.41975144334084,20186000,AVGO
2023-08-11,80.1629409790039,80.80443142886242,79.55623306238469,80.57353555341123,20331000,AVGO
2023-08-14,82.51444244384766,82.52216698311668,79.93302377448542,80.2953105627972,17688000,AVGO
2023-08-15,81.39570617675781,82.56468413856477,80.8102553137001,82.04202464770599,14035000,AVGO
2023-08-16,80.4749984741211,82.5530687852641,80.37548607845989,81.90481934551836,16003000,AVGO
2023-08-17,79.9059829711914,81.09621816115568,79.8972854927007,80.81508322506029,19228000,AVGO
2023-08-18,79.78424835205078,80.00935086946937,78.44716593326227,79.22004739270818,17759000,AVGO
2023-08-21,83.58100128173828,83.79354401843459,80.35713424139328,80.57836708374103,30012000,AVGO
2023-08-22,82.6777114868164,84.50942970809761,82.20335254412151,84.37997733911598,17079000,AVGO
2023-08-23,84.68621826171875,84.84176305166382,82.11833247182277,82.19272538112077,19692000,AVGO
2023-08-24,82.5492172241211,87.90140156945142,82.35600055289356,87.17586242882878,30934000,AVGO
2023-08-25,82.29415893554688,83.99642461119824,80.92712938328195,82.79653402234545,24181000,AVGO
2023-08-28,83.18877410888672,83.48343431452196,81.83913204136141,82.73567240488153,14306000,AVGO
2023-08-29,85.9759521484375,86.25708700875678,82.738559887435,82.92984539671626,27822000,AVGO
2023-08-30,86.20299530029297,86.8242015466961,84.93065021889339,86.21362391215003,23234000,AVGO
2023-08-31,89.16021728515625,89.23556838670643,86.34693750995567,86.75656652968091,55203000,AVGO
2023-09-01,84.29398345947266,87.1294787922199,83.53463477851344,87.1294787922199,65017000,AVGO
2023-09-05,84.26017761230469,85.30646199242783,83.7606991935613,84.00318927691168,24808000,AVGO
2023-09-06,84.26982879638672,84.76254084654391,83.7355826100284,84.2920515862086,20142000,AVGO
2023-09-07,82.7975082397461,83.24770588539702,81.20247933424889,83.03612869162487,27789000,AVGO
2023-09-08,82.84773254394531,83.16461552292876,82.12992537537251,82.6013802038224,16810000,AVGO
2023-09-11,83.00135040283203,83.95392315195117,81.69808505925201,83.93170036096566,15710000,AVGO
2023-09-12,81.58891296386719,82.9172977351439,81.31260592417853,82.1415196725016,16680000,AVGO
2023-09-13,82.40140533447266,82.99845768091498,81.5618702640169,81.84686743730109,17413000,AVGO
2023-09-14,84.208984375,84.69493017437429,82.60139556542107,82.99073301956945,19648000,AVGO
2023-09-15,82.28064727783203,83.87277957900739,81.43241468651989,83.87277957900739,50190000,AVGO
2023-09-18,82.11833953857422,82.72988276880386,81.1522414263557,81.40149786450338,16541000,AVGO
2023-09-19,82.0410385131836,82.2178331458862,81.00731397167424,81.73092188780505,13126000,AVGO
2023-09-20,80.67823028564453,82.56461232501591,80.65686469796348,82.56461232501591,13681000,AVGO
2023-09-21,78.52083587646484,79.89433999544706,77.2318455107355,77.23378716308136,53654000,AVGO
2023-09-22,80.53348541259766,80.67919084650288,78.71704755735598,78.80058306678987,27764000,AVGO
2023-09-25,81.0007095336914,81.45433727527359,79.94387272795277,80.4285817253255,15648000,AVGO
2023-09-26,79.28141784667969,80.64908964356023,78.79767960442652,80.54223947386316,17641000,AVGO
2023-09-27,79.34164428710938,80.008965070592,78.1342476599793,79.5796301201278,15352000,AVGO
2023-09-28,80.81713104248047,81.48348835994268,79.13474111431418,79.6680137226369,16180000,AVGO
2023-09-29,80.67919921875,81.98665013342396,79.93416792830598,81.24938545254095,16481000,AVGO
2023-10-02,81.10369110107422,81.4543520565152,79.99147995348092,80.53155577799889,14676000,AVGO
2023-10-03,79.1493148803711,81.18139502527814,78.57426707311927,80.33145517196161,18761000,AVGO
2023-10-04,80.0215835571289,80.67919599844129,79.29209292581146,79.68355078254382,16417000,AVGO
2023-10-05,80.02645111083984,80.4897871923857,79.21244666655846,79.66219118089403,11474000,AVGO
2023-10-06,82.10515594482422,82.40918757718178,78.84721151848653,79.59322103072643,21103000,AVGO
2023-10-09,83.13673400878906,83.20764878271694,81.38342940123032,81.63889748429462,15760000,AVGO
2023-10-10,83.38249969482422,84.75599646045205,83.12119922562373,83.26010148303956,14718000,AVGO
2023-10-11,84.95125579833984,85.02701730823225,83.20183412302826,83.50878570067019,14334000,AVGO
2023-10-12,87.96633911132812,89.16402737746562,85.1328828171779,85.1328828171779,43871000,AVGO
2023-10-13,85.78855895996094,89.93918209789035,85.68267961114339,88.29661077361166,28312000,AVGO
2023-10-16,87.67202758789062,88.95616391567731,86.5452466312605,86.5452466312605,21150000,AVGO
2023-10-17,85.90705108642578,86.7404719275888,84.11974545036458,85.97990009689744,33008000,AVGO
2023-10-18,86.16252899169922,86.99789899130377,85.01340427098204,85.47480609294563,20404000,AVGO
2023-10-19,84.2975082397461,86.4014737601073,84.0876986299267,86.16155371813444,26620000,AVGO
2023-10-20,82.91818237304688,84.98426352008477,82.74430814559322,84.98426352008477,26953000,AVGO
2023-10-23,83.7525863647461,84.85799431217205,81.86814594592421,83.3387846514153,16456000,AVGO
2023-10-24,85.58747863769531,85.77106853475391,83.8399989567313,83.92548353520671,14972000,AVGO
2023-10-25,82.52963256835938,85.35629288229066,82.18480402133189,85.19504681467356,21432000,AVGO
2023-10-26,80.30718231201172,82.99493348239274,79.49026531994872,82.36257724192943,27917000,AVGO
2023-10-27,81.43492889404297,81.61463551878768,80.48105125823264,80.62287342317714,18236000,AVGO
2023-10-30,81.71563720703125,82.51021023613316,80.34601643183345,81.7010674039663,20889000,AVGO
2023-10-31,81.72728729248047,82.12846078152076,80.87540595272131,81.97206885535341,14747000,AVGO
2023-11-01,82.85116577148438,82.93762118534913,81.16391418692963,81.7884963766354,18684000,AVGO
2023-11-02,84.63457489013672,85.52823151923639,83.53694100760724,83.73120999908409,18759000,AVGO
2023-11-03,85.73997497558594,86.20817254007382,84.61125993594611,85.23681284948144,18041000,AVGO
2023-11-06,85.5602798461914,86.05178467134704,84.62583373617214,85.63118720976743,12870000,AVGO
2023-11-07,87.21063232421875,87.59432363497142,85.10666642424383,85.70502892514158,19365000,AVGO
2023-11-08,88.50350189208984,88.6764052950968,87.32524497879527,87.422379473811,15280000,AVGO
2023-11-09,88.52777862548828,90.31702593517154,88.25385744976599,88.63657043490345,24486000,AVGO
2023-11-10,93.00965118408203,93.14855345482476,89.19123569101423,89.53413006037856,36272000,AVGO
2023-11-13,91.98098754882812,92.51231859010964,91.35445623756917,92.28404841138904,16893000,AVGO
2023-11-14,94.5094223022461,94.8795146013573,92.78914786326875,93.47784161677615,23886000,AVGO
2023-11-15,94.74644470214844,95.36326030827304,93.92176110289398,95.14566923029219,16099000,AVGO
2023-11-16,93.20683288574219,94.0956280063344,92.32969509081799,93.6390877072544,26198000,AVGO
2023-11-17,94.9727554321289,95.57111040458567,92.37630689695351,93.07665789970407,19789000,AVGO
2023-11-20,96.71926879882812,97.12335484381366,94.51331441936557,94.51331441936557,18674000,AVGO
2023-11-21,95.30982971191406,96.26175820045464,94.38023763804426,94.70758394608106,43344000,AVGO
2023-11-22,94.41616821289062,95.96937897263696,94.31903371649062,95.5516939683186,33743000,AVGO
2023-11-24,95.08348083496094,95.17964448945969,93.90619492327639,94.70368034718297,23158000,AVGO
2023-11-27,92.30249786376953,95.29136800850041,92.21410079977291,94.81928707509591,96962000,AVGO
2023-11-28,91.92464447021484,92.36272427887718,90.74055505521912,91.30200391256453,39025000,AVGO
2023-11-29,91.38843536376953,93.1951650091344,91.24661323023324,92.11792596912278,34843000,AVGO
2023-11-30,89.92169952392578,91.54289797720861,89.20677856712062,91.40496652930247,49571000,AVGO
2023-12-01,90.33645629882812,90.71528600656518,88.1994678238557,89.60405318532139,29612000,AVGO
2023-12-04,89.750732421875,90.43068130159807,89.01929269946729,89.42726943818809,25009000,AVGO
2023-12-05,88.69679260253906,89.09990776332226,87.99061665703174,88.54915292548928,37066000,AVGO
2023-12-06,87.77594757080078,89.45931561359748,87.72349331627547,89.40006557616744,24813000,AVGO
2023-12-07,89.58462524414062,89.76530266942235,87.77595380424901,87.96051453432351,43517000,AVGO
2023-12-08,91.72550964355469,92.35009182470907,88.44522854334747,90.12664773639926,69668000,AVGO
2023-12-11,99.97623443603516,100.97381390369837,92.87073549123343,92.96009596386611,101184000,AVGO
2023-12-12,104.15696716308594,104.84760997956903,99.5235841061842,99.85482112318685,90242000,AVGO
2023-12-13,105.84811401367188,106.82821130747152,103.21086814733563,103.74123572813325,71654000,AVGO
2023-12-14,107.47998809814453,108.93411525959097,105.90541179287632,106.08997251875692,66964000,AVGO
2023-12-15,109.73839569091797,111.69471417246307,106.32697923348292,106.38526585801499,118544000,AVGO
2023-12-18,111.41497039794922,111.88316803325132,108.66019532166354,108.8700123666431,54741000,AVGO
2023-12-19,111.20321655273438,112.26491309311007,110.51330662605854,111.4393633667827,36020000,AVGO
2023-12-20,108.35380554199219,111.37691508274693,108.24451346996784,110.53184466017119,34523000,AVGO
2023-12-21,110.00391387939453,110.79726407637895,108.80462704936477,110.52695978777783,24106000,AVGO
2023-12-22,109.48576354980469,110.4635404861313,108.66118908805228,110.07125787422588,19089000,AVGO
2023-12-26,110.45280456542969,110.80507791474872,109.58724563597134,109.70629805114899,16793000,AVGO
2023-12-27,109.89462280273438,111.20223386295541,109.58138340700489,110.85386168430898,20055000,AVGO
2023-12-28,109.52772521972656,110.4869642112559,109.19984898810576,110.43329346298718,21247000,AVGO
2023-12-29,108.92660522460938,109.7199554208203,108.77242747631888,109.43501433432061,20558000,AVGO
2024-01-02,105.91423797607422,107.53605635946798,105.10527564244013,106.57194097792315,28831000,AVGO
2024-01-03,103.29901885986328,104.90132392601956,102.97992027497097,104.43292404107754,34735000,AVGO
2024-01-04,102.36515808105469,104.3646222863133,102.20512113461977,103.23851936451828,25658000,AVGO
2024-01-05,102.39151763916016,102.99457468386245,101.63330008152434,102.61791157600557,22475000,AVGO
2024-01-08,104.88668823242188,105.1940758928081,102.65692161050563,103.09604790319507,33110000,AVGO
2024-01-09,105.63221740722656,106.22357086082677,103.8971984352045,103.98599451528872,23225000,AVGO
2024-01-10,105.44486236572266,105.67808330428771,103.69130535283057,105.42339853485107,17643000,AVGO
2024-01-11,107.33893585205078,107.46774116350818,104.85350183192182,105.8107901133978,25757000,AVGO
2024-01-12,108.09032440185547,108.87196370292406,107.34186730430211,108.52164093280736,26882000,AVGO
2024-01-16,108.80074310302734,109.90147368083747,107.20721542543022,108.54507557215072,26145000,AVGO
2024-01-17,107.69902801513672,108.62020836542158,106.38557248416691,107.95469554180025,18314000,AVGO
2024-01-18,111.6257553100586,111.88337341714316,109.47601436162122,109.77070839198647,32228000,AVGO
2024-01-19,118.19207763671875,118.75805120142293,112.80551258775012,112.9333500547597,53077000,AVGO
2024-01-22,119.099609375,120.15642949409673,117.90129026552242,118.68488019694277,31222000,AVGO
2024-01-23,119.66655731201172,119.73193898744836,117.44264972664332,119.14839524998544,16952000,AVGO
2024-01-24,122.3559341430664,125.34977002660064,120.12519216817962,121.22690536936949,34805000,AVGO
2024-01-25,120.02662658691406,125.00334632819579,119.9095247588376,125.00334632819579,36356000,AVGO
2024-01-26,117.57535552978516,119.16888299786315,117.12159988425736,119.02153227698163,25818000,AVGO
2024-01-29,118.83319091796875,119.4089248185861,117.58608511839792,118.554101579371,21526000,AVGO
2024-01-30,117.89543914794922,119.83147977440542,117.51779333478086,118.73562570198546,20683000,AVGO
2024-01-31,115.14750671386719,116.8278797699466,114.59226129494876,116.06966229610765,27400000,AVGO
2024-02-01,117.10013580322266,117.40068900489214,115.06066233120536,115.86474079144587,19411000,AVGO
2024-02-02,119.47431945800781,120.48430328666687,117.60170997495365,117.95300805057731,26689000,AVGO
2024-02-05,121.30496215820312,121.758725248564,119.26060491590654,119.72998009507096,22045000,AVGO
2024-02-06,119.30940246582031,124.13583853168394,118.26429332804723,123.30248650119036,25354000,AVGO
2024-02-07,122.66722106933594,122.90629374601421,119.704609410331,120.41696587902204,25768000,AVGO
2024-02-08,124.39443969726562,126.46416956187247,123.44301048024921,123.63719748496332,29326000,AVGO
2024-02-09,125.24143981933594,125.46685842518505,121.8797260957638,122.17637811269567,26293000,AVGO
2024-02-12,123.44203186035156,125.88843218446802,122.85653754605418,125.88258044265962,24778000,AVGO
2024-02-13,122.13929748535156,122.55109331750779,119.74266688589918,120.52625676025332,31907000,AVGO
2024-02-14,123.1707534790039,124.22269714154905,121.13127998422972,123.8557869705519,27306000,AVGO
2024-02-15,123.44886016845703,124.90576512680437,121.47573631286461,124.90088867554105,21873000,AVGO
2024-02-16,121.53721618652344,124.48421591673936,121.23568769235796,122.86043944970231,21268000,AVGO
2024-02-20,119.68997192382812,120.77997417364107,118.32478892461906,120.5984659578985,26329000,AVGO
2024-02-21,119.77780151367188,119.83634870910747,117.35677373090205,118.85564596074215,20579000,AVGO
2024-02-22,127.33558654785156,127.92889063993911,124.56130995462613,125.07264499017244,40819000,AVGO
2024-02-23,126.50320434570312,128.77201270510557,125.76646551694934,127.67420797246425,23115000,AVGO
2024-02-26,127.74835968017578,128.69101134490091,126.99990247762517,127.83326205889983,16282000,AVGO
2024-02-27,126.4895248413086,128.0225470191409,126.09821756901596,127.7483341300031,12126000,AVGO
2024-02-28,125.82500457763672,126.71301014415646,125.19559240247396,126.17435208428829,10967000,AVGO
2024-02-29,126.90523529052734,127.67711427997185,125.61616953398924,127.18041605412084,27536000,AVGO
2024-03-01,136.5347137451172,137.3729423343744,128.8090886397347,129.38775597545373,44488000,AVGO
2024-03-04,136.83621215820312,140.3404076200568,135.17047600490335,136.92306510342704,34854000,AVGO
2024-03-05,131.02908325195312,136.12778212255077,130.01618093328784,136.12778212255077,36040000,AVGO
2024-03-06,131.73654174804688,136.11117242798898,131.44964264069716,135.79403187954384,43196000,AVGO
2024-03-07,137.2997589111328,138.01210803820155,133.97023661948515,134.85824224729657,62832000,AVGO
2024-03-08,127.70833587646484,137.88426152138396,127.0116063688822,136.05458717765524,74025000,AVGO
2024-03-11,126.18604278564453,126.76177670960024,122.2280916848748,124.70376542579695,31105000,AVGO
2024-03-12,126.06505584716797,127.61759887936293,122.88385991485055,127.54049883121101,42789000,AVGO
2024-03-13,122.74625396728516,125.18678733726615,122.20857128367759,125.18678733726615,37838000,AVGO
2024-03-14,123.17562866210938,124.23538208119407,121.75483170754039,123.20197639016544,38029000,AVGO
2024-03-15,120.56333923339844,123.6732941168228,120.03346628088153,122.31592090016687,88823000,AVGO
2024-03-18,120.73312377929688,123.23514515665929,120.1925152129138,122.36666040574553,25737000,AVGO
2024-03-19,120.80827331542969,121.02880803256969,117.49143772121218,118.7531804030709,24491000,AVGO
2024-03-20,125.04571533203125,126.2207114257337,120.20362188813044,121.42174341512153,40946000,AVGO
2024-03-21,132.10159301757812,137.55126318972412,128.9656532182899,130.17298592884723,72468000,AVGO
2024-03-22,132.63766479492188,134.8671185514162,131.9203230131832,132.2976108163819,38624000,AVGO
2024-03-25,132.45240783691406,133.12466506116706,131.069642749361,131.81052084249086,21237000,AVGO
2024-03-26,130.48362731933594,135.23164137720266,130.38758202391176,133.73715983266285,23522000,AVGO
2024-03-27,129.23318481445312,132.2975878656336,127.00764921996868,132.2975878656336,25583000,AVGO
2024-03-28,129.88778686523438,130.34642068675666,128.52757145194647,129.1518134888305,19856000,AVGO
2024-04-01,132.3230743408203,133.56961477980906,129.8878180337213,129.91427049451363,17252000,AVGO
2024-04-02,131.19610595703125,131.54987211979767,127.73186523811599,128.94507472681866,24694000,AVGO
2024-04-03,133.59213256835938,134.92589567856345,129.87407443983668,130.14161958886712,28650000,AVGO
2024-04-04,129.11265563964844,137.58753685238446,128.86766008815005,135.75889268778866,27014000,AVGO
2024-04-05,131.26173400878906,133.3981027346553,128.78924410744025,129.94563074609113,19438000,AVGO
2024-04-08,130.93539428710938,131.56258216260014,128.94112734858084,130.69530348461836,17139000,AVGO
2024-04-09,130.7374725341797,133.2266207909004,128.24439154852237,133.01984597821794,17986000,AVGO
2024-04-10,129.58990478515625,130.90111844730902,128.91470159995382,129.65164713249428,17467000,AVGO
2024-04-11,135.47862243652344,136.40078007149594,129.71535030306586,130.6002741169762,31713000,AVGO
2024-04-12,131.7164306640625,133.91551337280941,130.9863489020159,132.49454254694504,27823000,AVGO
2024-04-15,128.44529724121094,134.25757188403185,127.985691295604,134.25757188403185,24370000,AVGO
2024-04-16,130.24551391601562,130.95697892624395,128.47566638494928,128.9048870842829,18923000,AVGO
2024-04-17,125.6954345703125,132.0035753769536,125.57685459236589,131.62236990686623,24718000,AVGO
2024-04-18,123.37877655029297,126.67739388389786,123.03283847988179,126.22170576625062,24888000,AVGO
2024-04-19,118.05941009521484,123.47772981958946,117.35871908971983,123.37875367299127,44797000,AVGO
2024-04-22,119.99488830566406,120.85139320599717,117.65077277913981,119.99880608081332,25162000,AVGO
2024-04-23,122.41838073730469,123.27194728604381,120.34376183486977,120.35846096800124,22025000,AVGO
2024-04-24,123.1661148071289,125.98846068480513,122.00385891744092,123.85994234318306,20108000,AVGO
2024-04-25,126.85083770751953,128.18458585940445,123.18374057345619,124.69781852148944,30410000,AVGO
2024-04-26,131.7164306640625,132.86888440404553,127.70439033381199,128.37763445909104,24100000,AVGO
2024-04-29,131.182373046875,132.58963199186638,129.9162437365965,131.7174484568062,13372000,AVGO
2024-04-30,127.42414093017578,132.1359090765106,127.30458896116947,130.22787759518042,22113000,AVGO
2024-05-01,121.79806518554688,126.64995330670973,121.65008692310529,125.2740590188251,30958000,AVGO
2024-05-02,121.37764739990234,123.91383860907672,119.88219373084911,123.11319190279205,29480000,AVGO
2024-05-03,125.25249481201172,125.81794791817286,122.21748999396577,123.37975336197228,24898000,AVGO
2024-05-06,128.40805053710938,128.4531199079158,124.95459130738935,126.04726186597199,16287000,AVGO
2024-05-07,127.70244598388672,129.25865497346888,127.080147809463,129.00875476463168,12413000,AVGO
2024-05-08,129.88389587402344,131.11279132877465,126.26971825937542,126.76069625165233,13918000,AVGO
2024-05-09,127.95330047607422,129.5153859121719,127.59364280540278,129.14496183858662,12170000,AVGO
2024-05-10,130.61199951171875,131.70957456453263,128.89801793537498,128.89801793537498,16300000,AVGO
2024-05-13,131.0736083984375,133.11980875465582,130.34841617490824,132.1016057960284,18507000,AVGO
2024-05-14,135.24049377441406,135.4325694544279,129.9260460649335,130.56694630980644,19420000,AVGO
2024-05-15,140.74209594726562,141.01453085605556,134.25559108752438,135.23753209172378,32757000,AVGO
2024-05-16,138.38619995117188,141.64659609910947,137.6933519378965,139.74544352087707,28395000,AVGO
2024-05-17,136.73593139648438,139.11140409649937,135.41196263891115,138.41463824798026,18174000,AVGO
2024-05-20,138.5723876953125,138.85756280192885,136.5271598607813,136.80548633865084,27170000,AVGO
2024-05-21,137.1190948486328,138.11769386593784,136.55658009394242,137.0681338649552,15333000,AVGO
2024-05-22,136.43702697753906,137.6874850945575,135.65107941905717,136.80647915271814,21002000,AVGO
2024-05-23,136.53993225097656,140.03944778446186,135.0415476297657,139.98359705434905,31039000,AVGO
2024-05-24,137.96578979492188,138.52830451682976,136.4154574716201,137.17691142103243,16730000,AVGO
2024-05-28,138.41758728027344,138.88112593970175,136.4664452640947,138.17749641554292,22919000,AVGO
2024-05-29,136.2831573486328,137.10928444292566,135.53151283360535,137.10928444292566,26861000,AVGO
2024-05-30,133.67742919921875,135.50999130082835,132.85031493322282,135.1395521326126,21717000,AVGO
2024-05-31,130.19552612304688,133.52747445039338,128.109146250586,133.41085334303474,73091000,AVGO
2024-06-03,129.54383850097656,132.59158348444382,127.64561660861094,132.56218521718694,26278000,AVGO
2024-06-04,130.41798400878906,130.53264622585036,128.08464976094552,129.39683532061744,23048000,AVGO
2024-06-05,138.48031616210938,138.60378590952507,131.3705402162137,131.9056156639279,32947000,AVGO
2024-06-06,137.3219757080078,139.42109607447256,136.04506489966516,139.34073680984858,20172000,AVGO
2024-06-07,137.8482208251953,139.64746675075793,136.90547242402,137.95993724344837,17859000,AVGO
2024-06-10,141.16346740722656,142.0042936566099,138.09220111946487,138.1578612308119,31042000,AVGO
2024-06-11,143.17831420898438,143.5683571131692,138.787998815963,140.94102547879248,34844000,AVGO
2024-06-12,146.55728149414062,147.5656897801049,144.6845403383081,146.99729843176812,56697000,AVGO
2024-06-13,164.5380401611328,170.11022372405344,161.94402406134134,167.57696305397164,89061000,AVGO
2024-06-14,170.03082275390625,171.22640218691026,164.84280592494906,165.30927540005425,69705000,AVGO
2024-06-17,179.2259979248047,180.61072222216472,174.29767558185773,176.39679577682773,87528000,AVGO
2024-06-18,176.64373779296875,181.45545363933093,174.92779709859306,180.27653226608072,86797000,AVGO
2024-06-20,169.98377990722656,176.86228691377855,168.77448825785663,176.73585641464507,68157000,AVGO
2024-06-21,162.54278564453125,167.96893436253492,161.83621038046263,166.1716474600927,99289000,AVGO
2024-06-24,156.52915954589844,163.29187413807247,156.37678121820153,161.4289073242305,58575000,AVGO
2024-06-25,155.406494140625,157.88881521757884,153.7558786564692,157.30780336741915,53329000,AVGO
2024-06-26,156.508544921875,159.08228101611766,154.6986657028687,157.06104021010248,46479000,AVGO
2024-06-27,155.98355102539062,157.8474929080296,154.44403187562435,156.50851972005998,31649000,AVGO
2024-06-28,157.83863830566406,161.15167430901306,155.9186684106431,156.8899564756845,69377000,AVGO
2024-07-01,161.30604553222656,162.08760336625176,156.6560156828897,158.10116488567505,47623000,AVGO
2024-07-02,162.94583129882812,163.1149205512913,159.4578104364042,161.30603156996372,32539000,AVGO
2024-07-03,169.99856567382812,169.99856567382812,163.63205142361485,164.17668630085058,39954000,AVGO
2024-07-05,167.4513397216797,173.5622539935585,166.73271041208397,172.5880107016743,45240000,AVGO
2024-07-08,171.63442993164062,172.719769435847,167.6175097022567,167.6175097022567,36398000,AVGO
2024-07-09,170.40065002441406,174.10397822909152,167.67257033242802,172.68635544295833,37802000,AVGO
2024-07-10,171.51939392089844,173.6625462989013,169.71739022721854,171.64819097496567,41074000,AVGO
2024-07-11,167.7108917236328,173.50327884136524,164.02921016139518,173.4826377113185,51026000,AVGO
2024-07-12,167.19180297851562,169.6731335972809,166.2716226854534,168.21028364424967,30453000,AVGO
2024-07-15,168.52194213867188,170.57660463829993,166.39845587071287,167.12595070348252,22999200,AVGO
2024-07-16,166.51644897460938,169.88845383890944,163.58681836270804,169.48538174118295,22244900,AVGO
2024-07-17,153.34298706054688,160.08701202299122,152.97924710656937,159.5659734399553,43343400,AVGO
2024-07-18,157.8062286376953,158.77948194642119,151.29813716517035,156.20378086563406,37973500,AVGO
2024-07-19,154.68980407714844,161.1782136804507,154.46368171915321,159.1038853146595,26309500,AVGO
2024-07-22,158.33706665039062,160.2344452645972,155.23048700276047,157.52109709099807,28813300,AVGO
2024-07-23,161.0012664794922,162.53489031832814,157.19668349380453,157.68823036526834,21570200,AVGO
2024-07-24,148.78140258789062,158.68116372190414,148.54546969148703,157.63908676060166,37162600,AVGO
2024-07-25,146.73658752441406,150.95406868145363,143.05982600381995,148.70277528971903,30872100,AVGO
2024-07-26,149.06651306152344,150.98354291178117,147.38541611540793,150.90489361012695,20839900,AVGO
2024-07-29,147.68035888671875,152.37954627500477,146.62844127010337,149.449930811367,16625800,AVGO
2024-07-30,141.09364318847656,150.87542466387674,140.9265190226611,150.6886344194881,31102300,AVGO
2024-07-31,157.9635009765625,158.60252093246325,148.447160410259,148.90921568577377,45827500,AVGO
2024-08-01,144.53445434570312,156.22343900093946,143.69881861728572,154.83727314591238,40320000,AVGO
2024-08-02,141.3885498046875,142.89268203658247,137.23989299490057,139.53048822324303,33745800,AVGO
2024-08-05,139.677978515625,142.96150843337438,126.32756199285711,127.41879678598004,41309300,AVGO
2024-08-06,141.48687744140625,146.39252158138507,137.8789244970892,139.33389932185477,24751300,AVGO
2024-08-07,133.9661865234375,147.56237458265355,133.5336228829584,145.7436451854082,29749800,AVGO
2024-08-08,143.27610778808594,143.79714634557146,136.06018729231644,138.8128531625633,27583200,AVGO
2024-08-09,145.75347900390625,147.02167838562457,141.6736458009603,141.76212064131627,18438700,AVGO
2024-08-12,146.107421875,148.57499735464776,143.89546042957312,145.57655772845993,17778500,AVGO
2024-08-13,153.5199432373047,153.73622509003545,147.27729112596387,148.9878798700647,22053600,AVGO
2024-08-14,155.02406311035156,157.54078082828835,152.10427333580841,155.3484858631698,20184200,AVGO
2024-08-15,163.32139587402344,163.85225998442917,157.62927374144294,158.47473510306878,27945000,AVGO
2024-08-16,162.91830444335938,163.2820443462105,159.9296909146134,161.68943720311006,19296900,AVGO
2024-08-19,164.87469482421875,164.99266129929282,157.70793144700068,162.07287103462227,20441700,AVGO
2024-08-20,163.14442443847656,165.52350979958015,161.37485247543447,164.22583369389727,19417500,AVGO
2024-08-21,162.97731018066406,163.65564739110278,160.12634378984762,162.32846458799895,16097700,AVGO
2024-08-22,159.59544372558594,169.5050310193637,158.75982299694877,167.95174101688292,30044500,AVGO
2024-08-23,163.54750061035156,165.43503908447633,160.69653432148885,162.239983932796,18848000,AVGO
2024-08-26,156.9214630126953,162.8986764673663,155.97770115190872,162.17119649151502,18521200,AVGO
2024-08-27,158.66151428222656,159.2906937399708,153.19551493041945,154.93559522793927,16683100,AVGO
2024-08-28,155.5057830810547,159.53647399827534,153.60841908886368,157.37367045766857,18063600,AVGO
2024-08-29,154.2769012451172,160.44090350788034,152.782609485094,155.8105401580159,23519300,AVGO
2024-08-30,160.06732177734375,160.48021932697102,156.0268061121392,158.39605050398958,25158500,AVGO
2024-09-03,150.2069091796875,158.02251762285726,148.82075819239526,157.66860322165402,37179100,AVGO
2024-09-04,151.51441955566406,155.12237218968338,146.62844191484464,147.7590088442847,20324100,AVGO
2024-09-05,150.23643493652344,153.71658115768867,147.57224354905892,148.02447339741673,31548500,AVGO
2024-09-06,134.68385314941406,141.07396297037167,134.290621622299,140.82818951571946,76634600,AVGO
2024-09-09,138.4392852783203,139.1962567538257,132.6193563964344,136.75818816870392,39516700,AVGO
2024-09-10,145.70433044433594,147.32642912211708,138.65553509692174,138.8324997713237,36067500,AVGO
2024-09-11,155.59426879882812,156.18411611197098,142.58792628256415,145.8812967006935,39700800,AVGO
2024-09-12,161.77792358398438,163.50817838220144,154.1786122284463,155.4271456338285,43530700,AVGO
2024-09-13,164.85501098632812,165.23841698984117,161.2667094141873,163.9210748240088,29850000,AVGO
2024-09-16,161.24703979492188,162.7020143331397,157.698070785568,162.39725767319067,26126900,AVGO
2024-09-17,159.72323608398438,163.21322175072004,157.9831560190135,162.69218328507205,19844300,AVGO
2024-09-18,158.93678283691406,164.6387302355115,158.63202613988793,161.0012859470203,26557600,AVGO
2024-09-19,165.1309051513672,167.67563124331426,163.39497462243494,165.38734481638784,32453100,AVGO
2024-09-20,168.76060485839844,169.6680241565947,164.19390470265412,164.89418864846994,91758500,AVGO
2024-09-23,170.575439453125,170.95024862951573,166.04820092316606,169.64828941689086,29431100,AVGO
2024-09-24,172.449462890625,173.58374832473666,169.3326649858136,170.44721965972357,34223400,AVGO
2024-09-25,173.12017822265625,174.71802369086842,171.38423247925462,172.2620632062572,16613800,AVGO
2024-09-26,175.655029296875,177.78549992605798,172.6072814816097,176.0594271112419,24340000,AVGO
2024-09-27,170.32887268066406,176.02984356638336,169.41158041799713,175.73394235100173,20580900,AVGO
2024-09-30,170.14146423339844,170.55571990551266,167.31070961553766,169.52007320014678,16902000,AVGO
2024-10-01,165.1802215576172,169.8948644886151,163.53305689805725,169.80609865041248,23770400,AVGO
2024-10-02,168.32662963867188,170.47681604367028,164.73639867653355,165.2591509694978,14317800,AVGO
2024-10-03,169.539794921875,172.54809612463393,166.87671428588638,167.30082779062033,13072300,AVGO
2024-10-04,174.22486877441406,174.48130847658842,170.24011275902623,173.88952107537955,17921400,AVGO
2024-10-07,172.68618774414062,175.87202075068134,171.48286721842052,172.42974806085093,15588300,AVGO
2024-10-08,178.25892639160156,179.1170413655262,172.4987786467154,173.02153090488926,20774200,AVGO
2024-10-09,183.40757751464844,183.8711525979117,174.00787857130882,176.7893290708885,25504100,AVGO
2024-10-10,183.15110778808594,183.76262586145086,180.0343100945086,181.05022594871906,16318000,AVGO
2024-10-11,178.9986572265625,180.09348102781436,174.97444041791132,178.66330958838128,23070000,AVGO
2024-10-14,179.8173370361328,182.42124064197333,177.66715063403342,180.79380653213337,17195800,AVGO
2024-10-15,173.57388305664062,179.21567670972908,170.99956806790564,178.3181152080648,27657500,AVGO
2024-10-16,174.4023895263672,176.7991574917182,172.93275652302304,176.0692699172097,15285100,AVGO
2024-10-17,179.04798889160156,182.973567229094,178.21947759326522,178.8901729156823,25232400,AVGO
2024-10-18,177.430419921875,180.21187017156402,176.23695724980777,179.8272031210922,17835200,AVGO
2024-10-21,177.529052734375,179.23539471654794,175.8128378472892,176.92739249092767,13695100,AVGO
2024-10-22,176.92738342285156,178.21946968677898,174.98431757475703,176.21722661288,12062600,AVGO
2024-10-23,171.13766479492188,176.53287697274038,170.21052966459413,175.1618824644014,19513700,AVGO
2024-10-24,169.0071563720703,171.91681833746003,167.18244519792967,171.87735682495943,20485200,AVGO
2024-10-25,170.63462829589844,174.3826751644532,170.35845784717804,171.80836022804044,19977700,AVGO
2024-10-28,169.6680145263672,171.59134961719008,169.00717708747723,170.63461099890603,13195800,AVGO
2024-10-29,176.789306640625,177.76576101326683,168.86909980615744,170.08227814346148,23702300,AVGO
2024-10-30,174.22486877441406,176.7400066174959,173.21881062714903,175.04352231040644,17911500,AVGO
2024-10-31,167.44879150390625,172.0647960870776,165.09146983682643,172.0647960870776,26086600,AVGO
2024-11-01,166.6103973388672,168.98744962447387,165.20981444925678,165.95941774153633,17847000,AVGO
2024-11-04,166.24546813964844,170.0921385598425,166.1172407755886,166.96548284903653,13621300,AVGO
2024-11-05,171.52232360839844,172.01548729335664,167.72497226431705,167.72497226431705,13441800,AVGO
2024-11-06,177.09506225585938,177.74604185844208,173.55415101023954,177.17397024255058,24300800,AVGO
2024-11-07,181.29681396484375,182.34231846805935,179.3044286557922,179.50170615087126,18970600,AVGO
2024-11-08,181.12913513183594,182.5198601628718,179.34388522185745,180.48802844101428,13503200,AVGO
2024-11-11,176.46383666992188,181.11930314716273,174.40241604021355,180.89243701171537,17036700,AVGO
2024-11-12,173.8105926513672,177.10492211976333,170.83188008315716,176.4539425097948,15862000,AVGO
2024-11-13,171.20669555664062,173.18920802335506,170.24009901094587,172.3212502283101,17472500,AVGO
2024-11-14,168.0504608154297,173.16950223411854,167.5474242285215,172.38043733419605,20638900,AVGO
2024-11-15,162.58619689941406,166.82740751803183,161.1954717226997,166.1665699989925,20836200,AVGO
2024-11-18,163.4048309326172,164.07554127733505,160.0020049878093,163.39497307834162,17856900,AVGO
2024-11-19,163.0892333984375,164.51940504639526,162.06344452599592,164.3813198193544,18003400,AVGO
2024-11-20,161.01792907714844,163.27661193493515,158.6606074709197,163.27661193493515,17196700,AVGO
2024-11-21,161.69850158691406,164.06568111052036,158.40417198401119,163.9769152646712,24835300,AVGO
2024-11-22,161.98452758789062,162.65523797517048,160.17954683041586,162.0535777226789,17332500,AVGO
2024-11-25,162.5664825439453,164.9435200411516,160.66286291488044,163.1385391680569,26850600,AVGO
2024-11-26,162.48756408691406,164.09526734455116,160.46559012100516,162.3494788675435,16308800,AVGO
2024-11-27,157.48687744140625,160.9686115899544,155.38599548627428,160.9686115899544,19722700,AVGO
2024-11-29,159.8639373779297,160.46559765848292,156.9049553522897,157.3882611678688,11024000,AVGO
2024-12-02,164.2333526611328,166.0777949390114,160.5247674457285,160.72202989492314,21472400,AVGO
2024-12-03,165.85092163085938,165.96929113536993,161.78725816310546,162.2311024170814,17024400,AVGO
2024-12-04,168.22796630859375,172.99192853265495,166.255311891185,171.0685934857132,32748200,AVGO
2024-12-05,168.1392059326172,170.04281028316504,166.88656612283535,168.41537635601108,18490000,AVGO
2024-12-06,177.07534790039062,178.20961833256297,167.01481194275772,167.77428821612654,27830800,AVGO
2024-12-09,176.49339294433594,178.31808924838717,173.61331930402648,176.50325079835523,20886300,AVGO
2024-12-10,169.46087646484375,176.05940794370028,167.40931405085325,175.37883975706896,27762600,AVGO
2024-12-11,180.69512939453125,182.34229391556264,174.0176904295106,177.5487434036973,41295200,AVGO
2024-12-12,178.18988037109375,179.5115552427107,173.5837340288521,178.45617788616346,46967200,AVGO
2024-12-13,221.72637939453125,225.57304983309507,208.2235562894247,210.97540282621878,121336600,AVGO
2024-12-16,246.5818328857422,248.43613308509438,227.65420898540688,228.620805556274,111623200,AVGO
2024-12-17,236.94540405273438,239.1547826320025,230.60332671137238,237.35965971444207,70382100,AVGO
2024-12-18,220.56248474121094,236.57058611267252,216.22265105976317,236.13659973449597,53960100,AVGO
2024-12-19,215.33497619628906,224.93193629197148,214.60508860051337,224.7938510765717,40845200,AVGO
2024-12-20,217.7711944580078,227.14130365797496,215.91690939780733,217.34708094987556,131910400,AVGO
2024-12-23,229.7871856689453,230.8255920971575,222.64682105758146,224.1896118439952,40643800,AVGO
2024-12-24,237.0363311767578,237.58026771509478,232.21016765870442,237.47148040742738,22827200,AVGO
2024-12-26,242.6536865234375,244.55250716516346,234.97928454348445,237.35280657302064,28459000,AVGO
2024-12-27,239.08351135253906,243.06905947622363,233.74307907930736,242.9306042718209,29282200,AVGO
2024-12-30,232.98153686523438,236.1363533421256,229.06520932035613,232.11123850182065,27316800,AVGO
2024-12-31,229.28280639648438,234.8408281845078,228.75865349179406,233.27825373808736,17927700,AVGO
2025-01-02,229.42124938964844,236.85830778855365,227.70045129995046,233.55515171083866,31525800,AVGO
2025-01-03,229.9849853515625,233.88152971570196,226.4741386986179,231.01350755125367,24973200,AVGO
2025-01-06,233.8024139404297,239.0835104037431,230.72671647080966,233.89141762351704,34028400,AVGO
2025-01-07,226.1180877685547,236.85830198187406,225.0895656648972,236.85830198187406,25928600,AVGO
2025-01-08,226.78070068359375,229.90584940055177,223.56654829133555,227.1663983670454,18756500,AVGO
2025-01-10,221.8358612060547,225.31703987722108,218.80961538069084,224.79288697755925,23864000,AVGO
2025-01-13,222.8050537109375,226.73126597766623,217.08880808597186,217.56352457040464,23772100,AVGO
2025-01-14,222.22154235839844,227.72021280681963,220.63919950969625,224.07092640654972,18143100,AVGO
2025-01-15,225.4851531982422,227.79933930671848,223.09184768129438,226.0290896999313,21745600,AVGO
2025-01-16,226.87962341308594,235.96826061193516,226.68183242064174,232.6255370048323,23471900,AVGO
2025-01-17,234.82102966308594,235.4737534582526,230.09375446260756,234.46499987394813,31196600,AVGO
2025-01-21,237.65936279296875,240.07245185014168,234.78145665885756,238.83623943072797,30903200,AVGO
2025-01-22,238.2527618408203,244.2657011385912,238.03518723767354,244.0283429104808,29610500,AVGO
2025-01-23,237.6297149658203,237.748386539149,233.51559606492995,235.78034585918525,17653900,AVGO
2025-01-24,242.00096130371094,246.8370241064407,239.24174158284657,242.00096130371094,25387800,AVGO
2025-01-27,199.90049743652344,216.0206952760911,194.06556577606568,211.04617771908858,90569400,AVGO
2025-01-28,205.0728302001953,207.63425900833573,196.69625266828925,205.71565469659075,50316000,AVGO
2025-01-29,204.07395935058594,209.11769714341634,200.53344504704296,206.5364849180351,32533700,AVGO
2025-01-30,213.28126525878906,219.51177902674007,211.34287749679922,216.1591714649617,42449500,AVGO
2025-01-31,218.82940673828125,224.29840989628212,213.91422439266245,217.23716435744015,41104700,AVGO
2025-02-03,215.32843017578125,218.50303046106163,211.15497564023354,213.08347917949365,24507300,AVGO
2025-02-04,219.97659301757812,220.5699810622988,212.92524707778153,216.9305786534341,23768500,AVGO
2025-02-05,229.4410400390625,235.30562489662833,224.99067503830483,231.3596442538667,29196000,AVGO
2025-02-06,228.80807495117188,232.210133796128,226.03895623384832,231.91343981025707,21169500,AVGO
2025-02-07,222.38967895507812,233.05077434228005,221.63806718804454,232.40794987880912,22117500,AVGO
2025-02-10,232.44749450683594,233.21890496468305,224.61485417558436,224.9214324510127,23901600,AVGO
2025-02-11,232.44749450683594,235.26606495022816,227.43342461897655,229.91573380467187,18476200,AVGO
2025-02-12,233.74307250976562,233.87162835207147,227.4631067862131,227.8191366004544,16397300,AVGO
2025-02-13,233.19912719726562,234.33643665219162,228.18504209298325,233.45625396268352,20962000,AVGO
2025-02-14,230.46957397460938,233.1398051838795,226.37523856834332,231.9431447827226,16988800,AVGO
2025-02-18,226.0093231201172,229.63884137350172,221.82598405614877,227.56201333381202,26080500,AVGO
2025-02-19,226.20709228515625,226.54335353669651,221.9248505936947,225.33680899127393,16375500,AVGO
2025-02-20,224.23904418945312,226.45432714341382,220.29304879198565,226.1279652602714,16104000,AVGO
2025-02-21,216.24819946289062,225.2379337913994,213.25162135338772,223.16109060498803,24883600,AVGO
2025-02-24,205.6365203857422,217.0591266554957,205.2508226977472,216.18884333594642,33050400,AVGO
2025-02-25,200.30596923828125,206.3386920358868,198.70384273059886,204.71678190365114,33100800,AVGO
2025-02-26,210.59127807617188,211.18465103276202,203.7278237358365,204.62779007405584,21368300,AVGO
2025-02-27,195.61825561523438,216.83165764369278,195.2226585880481,214.88338566994062,27572900,AVGO
2025-02-28,197.2302703857422,198.9708671600704,191.0195402912148,193.60075247088662,39747200,AVGO
2025-03-03,185.30331420898438,201.80922682649998,182.49464287703836,201.74989103773126,37435600,AVGO
2025-03-04,185.41209411621094,191.81073131806144,178.48930401384894,187.13290737422975,37910500,AVGO
2025-03-05,189.46688842773438,191.93931361064588,185.03630672529292,189.7437988409816,25644500,AVGO
2025-03-06,177.47067260742188,184.7692764116702,175.65097133556938,179.0431313665612,56864100,AVGO
2025-03-07,192.80960083007812,193.32385437290472,179.5573935702602,185.65933675403647,74528900,AVGO
2025-03-10,182.41549682617188,189.86243903897844,178.4398335638403,187.5087009154197,44217100,AVGO
2025-03-11,187.99330139160156,193.46230421783983,183.30559330653128,185.97580925595483,42153200,AVGO
2025-03-12,192.08763122558594,197.77420849914202,190.3272659029238,194.0556868797909,30409700,AVGO
2025-03-13,189.24929809570312,194.15459589124757,187.38014541619106,191.01954773991395,27236100,AVGO
2025-03-14,193.3831787109375,195.32156646605918,191.06899263376465,194.03590250413518,25900900,AVGO
2025-03-17,192.3546600341797,194.55017458473915,185.43187021289816,185.97580671695283,26830600,AVGO
2025-03-18,186.58897399902344,190.76242873844913,184.8384928182443,188.33945517980257,24951000,AVGO
2025-03-19,193.41285705566406,196.08307285688025,184.83847445624482,187.2515635074346,37962700,AVGO
2025-03-20,189.008544921875,192.28202449061752,187.4214138622241,189.98067915647198,31430000,AVGO
2025-03-21,190.1195526123047,190.52626090469866,185.86402464778783,186.69728472239078,43086500,AVGO
2025-03-24,189.7128448486328,195.10912374611092,189.13750473157765,192.73833376756608,33180300,AVGO
2025-03-25,186.74685668945312,190.06002297642868,186.17151661729744,189.355722934402,23417300,AVGO
2025-03-26,177.82911682128906,186.54846030143077,176.15269781967885,185.1597188933108,30578500,AVGO
2025-03-27,170.60763549804688,176.9462752554903,169.08993408683833,176.23206104596315,32151700,AVGO
2025-03-28,167.76071166992188,171.90712324830164,165.13201680928688,170.54812418074758,30391500,AVGO
2025-03-31,166.08428955078125,166.5902001599504,159.32902671951672,163.16793224400578,35656400,AVGO
2025-04-01,167.16554260253906,167.35401791946424,162.10652725744052,165.0328139179336,20472400,AVGO
2025-04-02,170.7068328857422,172.03605908010312,164.16980326455987,164.74514336424164,19523700,AVGO
2025-04-03,152.77215576171875,162.11644170984493,152.46464977511778,159.24967037905935,44354900,AVGO
2025-04-04,145.11419677734375,151.5718827538793,138.05142816767963,146.9790912405844,72302200,AVGO
2025-04-07,152.90110778808594,159.14054560589818,136.99003504853414,143.32867517641293,68503500,AVGO
2025-04-08,154.7759246826172,168.4154105573576,151.8595521901617,166.27276768908646,58888200,AVGO
2025-04-09,183.661865234375,185.82435152488372,156.24402018806086,159.209993744844,72708300,AVGO
2025-04-10,170.91517639160156,175.52779689630788,165.0625873746257,173.8910644942894,51212200,AVGO
2025-04-11,180.47767639160156,181.19189066865954,171.9170343799594,172.22454036166394,33964100,AVGO
2025-04-14,176.92645263671875,184.50504641072408,174.406874254241,183.59244262115936,25748300,AVGO
2025-04-15,177.51168823242188,180.7950817204984,176.64868569182622,178.28541777974488,17242400,AVGO
2025-04-16,173.2065887451172,174.66477496583272,165.57839399303128,169.060177240944,34638600,AVGO
2025-04-17,169.6156768798828,174.83339429025574,168.55426971728085,174.83339429025574,22501800,AVGO
2025-04-21,164.8740997314453,166.64970601058192,160.31106601241103,165.64782929845984,23469800,AVGO
2025-04-22,168.21702575683594,169.1494730571671,163.89206805514885,166.08429700612876,18504900,AVGO
2025-04-23,175.48809814453125,178.99963890745144,174.40686259899212,176.35110071843806,24380500,AVGO
2025-04-24,186.6377410888672,187.054378664856,176.8669194006283,178.24574669063404,27576900,AVGO
2025-04-25,190.7643280029297,191.81580595268252,185.3878924478258,185.41765011537368,21242300,AVGO
2025-04-28,190.9230499267578,191.54799123154527,186.17154041996957,188.99863998947146,16385800,AVGO
2025-04-29,189.63348388671875,191.69676786167108,188.57209180092053,190.17906633088964,14630000,AVGO
2025-04-30,190.9230499267578,191.6471784135418,182.54096867254592,184.40584813725602,22768900,AVGO
2025-05-01,195.74398803710938,199.7812680795465,194.6627524006387,196.54747534744348,24939700,AVGO
2025-05-02,202.00326538085938,204.02686244621472,199.46384351996315,202.2611702105557,17766800,AVGO
2025-05-05,199.1067352294922,201.59655591831608,198.3925209432048,198.6405115943838,14025400,AVGO
2025-05-06,198.48178100585938,200.2871600941004,194.3651425191122,194.86112378913703,16348800,AVGO
2025-05-07,203.1638641357422,204.57244925613443,196.8351377032043,197.6882261717403,20253700,AVGO
2025-05-08,206.10008239746094,209.46283514890078,202.05287300115435,206.32822956703362,18460900,AVGO
2025-05-09,206.526611328125,208.2724752000121,204.86012141712166,207.64753391531178,13289200,AVGO
2025-05-12,219.799072265625,220.01730524607564,214.14488853610334,217.7258740874917,25437700,AVGO
2025-05-13,230.55194091796875,233.38895450086977,220.2156926556064,220.2156926556064,28790500,AVGO
2025-05-14,230.25436401367188,231.62327730555495,226.51467574492406,228.37955522251184,19751400,AVGO
2025-05-15,230.7701873779297,232.57556664349488,226.23692599544285,228.3101242751006,18803700,AVGO
2025-05-16,226.7725830078125,230.7701912937997,224.57042470434698,230.45277111521716,23094600,AVGO
2025-05-19,228.77633666992188,229.3913486313337,219.8189157050691,220.0669063522381,15355500,AVGO
2025-05-20,229.81787109375,229.90715922469198,224.52079482985414,224.6695982906595,11787200,AVGO
2025-05-21,227.88356018066406,234.59915111236128,225.99883732555242,226.55433395080016,17642900,AVGO
2025-05-22,228.6771240234375,231.8117292946869,225.6020340830357,226.50472363061684,14340200,AVGO
2025-05-23,226.8816680908203,228.79614848320972,224.3620748214904,225.11597602151673,15385600,AVGO
2025-05-27,233.75599670410156,234.5793275350357,229.27233634191802,230.99834169743016,17941700,AVGO
2025-05-28,237.50558471679688,239.05305900027113,232.54577199528856,235.24391132668086,20443000,AVGO
2025-05-29,240.0251922607422,244.09224498753431,235.49191589964445,243.9335273383775,20743700,AVGO
2025-05-30,240.1243896484375,241.21553940766836,233.01200461099728,239.28121539872237,27088600,AVGO
2025-06-02,246.71102905273438,247.99065416833773,241.23539117057595,241.29490650579262,19197000,AVGO
2025-06-03,254.7855987548828,255.80731901754143,247.39546530814795,248.07000774400734,30380200,AVGO
2025-06-04,258.9815673828125,263.2966104989245,255.5196277951951,255.985851401254,31536000,AVGO
2025-06-05,257.8408203125,262.7609763938835,256.9778177310192,260.8365666104986,41970900,AVGO
2025-06-06,244.9453125,253.26789307302678,244.1517545452877,249.12148161976054,41146700,AVGO
2025-06-09,242.31661987304688,246.17535373631114,239.17210028429176,243.08043530420346,25334100,AVGO
2025-06-10,242.66380310058594,244.30053525126982,239.4597531706743,242.25709482299632,25491300,AVGO
2025-06-11,250.87725830078125,252.72230929443907,241.84047864339416,244.3799004118377,24599000,AVGO
2025-06-12,254.01185607910156,255.81723517575236,247.49465489526634,248.17911147287248,20410900,AVGO
2025-06-13,246.70108032226562,251.95848480406812,246.35390251544436,248.64533355782382,19028400,AVGO
2025-06-16,250.07376098632812,253.13892158506687,247.56409698509125,248.33782655106128,20363000,AVGO
2025-06-17,247.36570739746094,251.9188272106191,245.92736466237153,248.93301011342908,22014300,AVGO
2025-06-18,249.24050903320312,253.58530991844873,247.40538736669419,248.87348772713085,30435500,AVGO
2025-06-20,248.5644073486328,252.07427588432242,242.7775893178268,251.7660461241791,42134900,AVGO
2025-06-23,252.32286071777344,252.7603540103977,245.0545489994035,247.6894310957433,19747000,AVGO
2025-06-24,262.26580810546875,264.3538386650651,257.294321222405,257.294321222405,32764900,AVGO
2025-06-25,263.14080810546875,268.33104189049055,261.9277640302399,264.48311570123377,18894200,AVGO
2025-06-26,268.62933349609375,270.1207795493839,262.62376889198543,263.56833318627395,23569600,AVGO
2025-06-27,267.8139953613281,270.2997387184157,265.35807971078367,268.7585596308933,27477600,AVGO
2025-06-30,274.0780334472656,276.1262833738648,270.5781180183342,273.163296961128,24708400,AVGO
2025-07-01,263.2302551269531,272.9346063976945,261.16213011269514,272.83517059987884,28847600,AVGO
2025-07-02,268.3608703613281,270.4489010336063,261.2317747786756,262.48456890720286,17582100,AVGO
2025-07-03,273.6107482910156,274.2272078173821,268.5796059289009,269.1861431149877,10592700,AVGO
2025-07-07,272.616455078125,275.97718516023826,271.10513394699154,273.5610497498013,16760600,AVGO
2025-07-08,270.25,274.774071021526,269.60371280936664,274.774071021526,14869400,AVGO
2025-07-09,276.31524658203125,277.85642578711236,271.16479323572867,271.40341490627577,20133000,AVGO
2025-07-10,273.8294677734375,279.5765048995926,271.1448832948377,278.1944474442471,17891600,AVGO
2025-07-11,272.8153076171875,274.89338540599704,270.33951696310925,272.5766859667356,14274700,AVGO
2025-07-14,274.02838134765625,276.77262165660363,268.04269132118327,272.5667628927675,11934200,AVGO
2025-07-15,279.337890625,281.74407313940566,276.2655155571406,278.2143298019854,17918400,AVGO
2025-07-16,279.2086181640625,279.9046384009573,274.0979458979762,278.51259792716763,15031000,AVGO
2025-07-17,284.8164978027344,286.6360486644115,278.3137844147582,279.536781120835,17231100,AVGO
2025-07-18,281.7242126464844,285.89032104645884,279.39756044627137,285.4727028006807,15012400,AVGO
2025-07-21,286.5664367675781,288.883166634135,282.01256816006986,282.34067294130205,17726800,AVGO
2025-07-22,277.00128173828125,286.35762299184444,274.85359592461697,286.009612867416,16564800,AVGO
2025-07-23,282.0722351074219,282.3804648775155,271.4431933505695,275.2016363524508,20556200,AVGO
2025-07-24,287.0635681152344,289.5393890528269,281.8832876219723,288.1374262033228,16413800,AVGO
2025-07-25,288.5251770019531,290.9214370844405,285.63176828019976,286.4272243091522,12476200,AVGO
2025-07-28,292.6217041015625,293.7651703528697,288.93286935192975,290.7922005804378,13683400,AVGO
2025-07-29,295.72393798828125,300.46672553316387,293.1884614813502,295.80346842694934,19210800,AVGO
2025-07-30,300.8942565917969,301.530621455179,294.11314144117125,295.4554489207362,16738900,AVGO
2025-07-31,292.025146484375,305.1995864915155,288.5749334348008,301.07322817670536,25488500,AVGO
2025-08-01,286.9939880371094,290.9711772481987,280.004048868816,284.90595763257835,21428100,AVGO
2025-08-04,296.0221862792969,296.77786191913117,289.7382202113621,290.5336762384363,17164600,AVGO
2025-08-05,291.259521484375,299.48238015902194,289.78798079577285,296.1116975078201,18477500,AVGO
2025-08-06,299.94970703125,301.0831902773515,290.23540210982287,291.22969949995144,17392100,AVGO
2025-08-07,302.02777099609375,308.57023417002836,298.1698924454774,304.42403123693634,16319400,AVGO
2025-08-08,303.2308654785156,306.1143217384544,300.82465252896566,302.31609856102506,12458700,AVGO
2025-08-11,302.16693115234375,306.55178570882026,299.57182986944326,303.31036693228316,12396400,AVGO
2025-08-12,311.0460510253906,311.65258823506815,302.93261071587807,304.88142517840953,17609600,AVGO
2025-08-13,307.3273620605469,315.54026782243,303.01211523379976,314.9436833480101,17371200,AVGO
2025-08-14,309.4552001953125,312.3784370682503,305.2493111409307,305.25926382517076,15717600,AVGO
2025-08-15,304.5930480957031,309.72362608883367,298.0505848508301,309.25630511823226,22806900,AVGO
2025-08-18,304.0163879394531,304.42405352165923,297.29492769042946,300.97384027084104,14724700,AVGO
2025-08-19,293.2282409667969,301.17266724150545,290.7226225185964,300.69542392387547,20149600,AVGO
2025-08-20,289.50958251953125,293.8049241553724,280.26259864638365,293.77509644760784,23600500,AVGO
2025-08-21,287.9485168457031,290.7226149312188,284.53808423877217,288.4058851276779,14946300,AVGO
2025-08-22,292.32342529296875,298.37869260424026,287.361891151843,290.08625622184906,16301300,AVGO
2025-08-25,292.5521240234375,296.698327034538,290.0464752489418,291.1402084168925,15124700,AVGO
2025-08-26,296.310546875,298.537763107986,292.3134523254253,292.6714151306097,25689100,AVGO
2025-08-27,298.53778076171875,299.4624700191788,292.1046756627868,295.8332907430747,13830300,AVGO
2025-08-28,306.889892578125,309.2264975835595,300.6059256020137,301.2025101226533,18907100,AVGO
2025-08-29,295.6941223144531,305.2592585756986,291.98538203906287,305.2592585756986,21610700,AVGO
2025-09-02,296.53924560546875,297.0065665952241,285.53239649535607,287.6900048517968,19693000,AVGO
2025-09-03,300.6656188964844,302.71386920527823,294.70975656854796,300.5661830832949,18529400,AVGO
2025-09-04,304.35443115234375,307.01914082260106,300.5263802075415,303.32035339092016,31220800,AVGO
2025-09-05,332.98028564453125,354.3079476159462,329.53007229950344,353.7511434746924,78401600,AVGO
2025-09-08,343.67889404296875,352.1503274045484,339.3039915032845,340.7954376197825,43535600,AVGO
2025-09-09,334.7501220703125,348.9785155669414,333.9148855443519,347.5566472108421,26972300,AVGO
2025-09-10,367.4624938964844,370.8430989555386,348.5509381089459,349.51540779149104,51086800,AVGO
2025-09-11,357.57916259765625,372.09591004790576,356.7141287538608,369.0632849093324,29430900,AVGO
2025-09-12,357.8177795410156,362.31202294585194,355.12324224091253,360.84045195630114,31949800,AVGO
2025-09-15,362.01373291015625,363.4156958706093,354.307928141354,357.8177967126278,21792200,AVGO
2025-09-16,357.9470520019531,363.60460644580115,354.9542072183349,363.34607942053117,21306500,AVGO
2025-09-17,344.1959533691406,357.87746531965445,339.5525710377554,356.80363745055035,45197100,AVGO
2025-09-18,343.380615234375,348.70011242524,341.8295137084828,348.00409210361323,24663900,AVGO
2025-09-19,342.9729309082031,344.2953330347468,334.5114507356632,342.6845761800293,41240100,AVGO
2025-09-22,337.4351806640625,345.28367325298416,336.5885737516059,341.0606084270775,28660000,AVGO
2025-09-23,337.5845642089844,343.8394489551671,335.67222901216985,338.8793532849425,21944100,AVGO
2025-09-24,337.95306396484375,338.71997371776,332.4750589983509,338.4012765294073,19677300,AVGO
2025-09-25,334.7559509277344,336.7081044280019,325.9911236613484,331.65837193110127,21678200,AVGO
2025-09-26,333.19219970703125,337.7239919137433,329.2579837594843,336.08059640996515,15464700,AVGO
2025-09-29,326.5887145996094,339.68612138090174,326.2401081782098,334.656328600332,21336000,AVGO
2025-09-30,328.5906677246094,329.72609296966556,323.3118446022923,328.7998194074157,20109500,AVGO
2025-10-01,332.0567932128906,336.59855541282326,323.2023295934908,326.837727221675,21122700,AVGO
2025-10-02,336.8276062011719,346.21988820563433,333.9093306066824,346.21988820563433,19917600,AVGO
2025-10-03,337.016845703125,343.0227303782379,334.3973582704928,340.13433362422603,14749100,AVGO
2025-10-06,334.1483459472656,342.75380866679006,333.2220723671261,334.57664945247484,18465700,AVGO
2025-10-07,335.0646667480469,336.7578500424013,325.2739608698581,335.6821824433723,18086700,AVGO
2025-10-08,344.11834716796875,345.1541967237403,331.28984936250185,332.48506272651053,21478300,AVGO
2025-10-09,343.6402282714844,345.9210789009516,339.03870886032774,344.36731988927625,17643700,AVGO
2025-10-10,323.331787109375,349.1979325045112,322.75408954786695,344.0087761645016,28941000,AVGO
2025-10-13,355.2735595703125,357.9428348856006,342.1462436328903,351.35925264203496,45984300,AVGO
2025-10-14,342.7538146972656,349.267669476328,338.2917194609827,348.7298204480106,22078000,AVGO
2025-10-15,349.92498779296875,357.96272246505765,346.1103176658243,353.05244525324514,23918500,AVGO
2025-10-16,352.7337341308594,361.78737921559485,348.09236600682163,355.3731305974428,20317200,AVGO
2025-10-17,347.9329833984375,349.56643947544666,339.417187803511,348.2118624365201,20937900,AVGO
2025-10-20,347.8433532714844,355.16396614831154,346.4489580557878,352.3851150572024,15640200,AVGO
2025-10-21,341.2897033691406,349.6959541684103,339.94509595160935,348.6003469987353,16092600,AVGO
2025-10-22,338.9391174316406,346.6183067837734,334.16829467718156,345.91112421133204,19268800,AVGO
2025-10-23,342.9131774902344,345.1840584530217,339.03871918336426,339.03871918336426,12859200,AVGO
2025-10-24,352.7138366699219,356.8671437910621,349.47683344124437,351.1003199238364,16143700,AVGO
2025-10-27,360.6021423339844,361.2993551775869,353.66001429366173,360.09420250359625,20065800,AVGO
2025-10-28,371.4784851074219,372.56412252342585,361.0802324898972,361.169868930242,21056000,AVGO
2025-10-29,384.43646240234375,384.9344628835344,371.69760158273596,371.69760158273596,24975200,AVGO
2025-10-30,374.9645080566406,384.8547909652582,368.58013782259627,384.8547909652582,24295300,AVGO
2025-10-31,368.15185546875,377.30510711464575,363.6399721426167,376.75728832587123,21598400,AVGO
2025-11-03,361.1001281738281,373.3509579573757,360.5324307393669,370.5123492029235,17198900,AVGO
2025-11-04,350.5325622558594,367.47454744020746,349.5963189699949,357.0862348613752,24047500,AVGO
2025-11-05,357.54443359375,363.41086341015694,348.6899705182648,349.48678951919794,17087600,AVGO
2025-11-06,354.16796875,362.0463397915529,351.29948119455554,358.6698820328004,19896900,AVGO
2025-11-07,348.0325927734375,353.08232471234805,335.9212179877443,352.77356686003935,21903200,AVGO
2025-11-10,356.9568176269531,358.56036466797076,353.1919046182223,356.4687564616332,16409000,AVGO
2025-11-11,350.552490234375,360.4428028921463,348.2716699151433,357.53446670774576,16446800,AVGO
2025-11-12,353.7994689941406,357.4348664885674,350.2736170175513,356.6081990499921,12190500,AVGO
2025-11-13,338.6203918457031,352.1361007553853,332.8236593997151,350.17397779599213,22616600,AVGO
2025-11-14,341.0904541015625,343.3613349004467,327.74404833985596,330.14441411689927,18500800,AVGO
2025-11-17,341.2796936035156,350.7915201932923,336.17020425351814,338.46102450242506,14799600,AVGO
2025-11-18,339.1383361816406,346.57846477272454,334.16830098149796,341.8275510056133,21726800,AVGO
2025-11-19,353.0026550292969,358.25156886971325,336.44909441350086,339.347460701947,21851900,AVGO
2025-11-20,345.43304443359375,374.57601052051825,343.79958834409007,364.5363346772143,28867000,AVGO
2025-11-21,338.8395080566406,347.2059092836678,330.47307643407913,343.77966385998917,30280300,AVGO
2025-11-24,376.448486328125,380.4723384179547,346.2696716432394,346.3393990001815,47262400,AVGO
2025-11-25,383.490234375,386.5778433170829,370.2633433262028,383.39062820353877,33507600,AVGO
2025-11-26,395.9801025390625,398.2708925516895,381.7273314642951,384.0081517409119,28693000,AVGO
2025-11-28,401.3485107421875,401.38835928859874,395.57171772949863,397.752962113603,13365500,AVGO
2025-12-01,384.5360107421875,393.83868581507573,383.55994932184797,393.27095801210174,23252000,AVGO
2025-12-02,380.0440979003906,391.92638219264916,378.271217387361,386.7571347201425,22207000,AVGO
2025-12-03,379.0879211425781,380.7711652425636,369.1677598209674,378.4803751302536,21336400,AVGO
2025-12-04,379.5062561035156,382.35483474134327,375.02425164733893,379.1576496778165,15845900,AVGO
2025-12-05,388.6794128417969,391.9562645778702,383.60977149932444,384.6257119524167,24779900,AVGO
2025-12-08,399.4959716796875,405.6612197534834,395.81075614894235,400.8704578008361,30410600,AVGO
2025-12-09,404.66522216796875,405.30264695088596,393.92833346962834,397.1553667228235,24546000,AVGO
2025-12-10,411.3185119628906,412.9519377089591,397.9621356270513,400.591592714844,31531000,AVGO
2025-12-11,404.7449035644531,407.66317907015735,392.61361921715974,403.2110535816976,45681600,AVGO
2025-12-12,358.4906005859375,380.47234798569394,353.72971744738294,378.4404976165911,95588500,AVGO
2025-12-15,338.4510803222656,360.5523438301254,336.1602902959243,360.44279831550426,65894900,AVGO
2025-12-16,339.93511962890625,346.11033781431183,333.7200832894025,334.67623571189444,58061100,AVGO
2025-12-17,324.7162170410156,345.22387284443886,320.13463701193336,345.22387284443886,73300900,AVGO
2025-12-18,328.560791015625,334.6861906441596,322.335785215176,334.6563118321389,54501900,AVGO
2025-12-19,338.99884033203125,342.07650975758594,331.2499548064838,332.00692519159463,159095200,AVGO
2025-12-22,340.7352600097656,345.5152112478357,336.5141036420898,345.3056593647258,28739600,AVGO
2025-12-23,348.5887756347656,349.37710000083763,337.83134263055865,340.09657987546063,28232600,AVGO
2025-12-24,349.48687744140625,352.1213352312898,346.41333827759297,349.95589479748145,11424400,AVGO
2025-12-26,351.39288330078125,352.51053390724485,347.02204717974354,350.325115846726,15028100,AVGO
2025-12-29,348.65863037109375,349.5966346351222,343.9684567824758,347.99001949427986,21946900,AVGO
2025-12-30,349.1176452636719,351.9417076647023,348.56877833761786,349.2373891882818,16633600,AVGO
2025-12-31,345.3755187988281,349.1476049485987,344.6969495441743,348.9979250326745,15346100,AVGO
