Date,Close,High,Low,Open,Volume,Ticker
,GOOGL,GOOGL,GOOGL,GOOGL,GOOGL,
2018-01-02,53.22063064575195,53.357995537474515,52.21940716939454,52.21940716939454,31766000,GOOGL
2018-01-03,54.128623962402344,54.3557468698066,53.23153936524892,53.25633216250734,31318000,GOOGL
2018-01-04,54.33888626098633,54.751476560448786,54.26450408287468,54.40484274679612,26052000,GOOGL
2018-01-05,55.05943298339844,55.22258571487363,54.63841320373191,54.720237383951606,30250000,GOOGL
2018-01-08,55.25382614135742,55.49929868498433,55.04505284208835,55.094642223098475,24644000,GOOGL
2018-01-09,55.18340301513672,55.46358847346012,54.95578448937712,55.46358847346012,26808000,GOOGL
2018-01-10,55.051998138427734,55.18291607811487,54.74652420696688,54.896283615302465,20734000,GOOGL
2018-01-11,55.14671325683594,55.28556503634139,54.87049658472819,55.15960717685105,22424000,GOOGL
2018-01-12,56.069091796875,56.10132281445176,54.94637108166763,55.05001429043601,38586000,GOOGL
2018-01-16,56.071571350097656,56.97312049204504,55.871227516712395,56.54813187080861,36462000,GOOGL
2018-01-17,56.48812484741211,56.499032467639545,55.71402053627322,56.3522468478117,27830000,GOOGL
2018-01-18,56.332908630371094,56.5620140670971,55.762125662718006,56.50052202410961,27498000,GOOGL
2018-01-19,56.70632553100586,56.72021070996429,56.16083473617007,56.43506891231279,30552000,GOOGL
2018-01-22,57.73085021972656,57.865736957272645,56.62300605798091,56.72218859541978,29550000,GOOGL
2018-01-23,58.32643508911133,58.44247659523314,57.884091874682795,58.051209652613295,39138000,GOOGL
2018-01-24,58.08443069458008,58.86597325427586,57.89152509119523,58.763321307092504,37128000,GOOGL
2018-01-25,58.62247848510742,58.764307809619446,58.11170071877717,58.55156571456486,29984000,GOOGL
2018-01-26,58.891265869140625,58.891265869140625,57.922772751632536,58.88977898213961,42170000,GOOGL
2018-01-29,58.837711334228516,59.408989965944905,58.71770101469446,58.91308855982993,31494000,GOOGL
2018-01-30,58.38594436645508,58.90961613703098,58.244115018829305,58.4033027319393,37338000,GOOGL
2018-01-31,58.62644958496094,58.82977095493848,58.124596903147186,58.70529620480337,36022000,GOOGL
2018-02-01,58.595218658447266,58.8858199697339,57.98873138741707,58.31751505277034,73514000,GOOGL
2018-02-02,55.50128173828125,56.10132195619659,55.10307223257932,55.908911977935325,117842000,GOOGL
2018-02-05,52.68406677246094,55.29250913268484,52.403885060973224,54.579401181234864,83550000,GOOGL
2018-02-06,53.77703094482422,53.92332093628484,51.07833510949319,51.275209521008335,76630000,GOOGL
2018-02-07,52.33792495727539,53.88116972799256,52.298747569900236,53.803809994563316,51942000,GOOGL
2018-02-08,49.97248077392578,52.7604354198397,49.823213214703266,52.55910033343243,66792000,GOOGL
2018-02-09,51.88467025756836,52.15493558662901,49.44136332550892,50.87352667351269,98360000,GOOGL
2018-02-12,52.295780181884766,52.841766609935185,51.84599874927794,52.40041465388367,56240000,GOOGL
2018-02-13,52.27494812011719,52.62604638340829,51.91690726786351,52.069644225040435,31586000,GOOGL
2018-02-14,53.19533920288086,53.33270409658668,52.05972837561951,52.28387374049977,41304000,GOOGL
2018-02-15,54.12069320678711,54.256571212523454,52.9240821910196,53.728435037863214,37396000,GOOGL
2018-02-16,54.32599639892578,54.96124517382604,54.13011323977028,54.22086252426643,39948000,GOOGL
2018-02-20,54.7271842956543,55.35697742181171,54.05325370420619,54.190122977680886,33754000,GOOGL
2018-02-21,55.23101806640625,56.3443180642119,54.92157532240857,55.000425732948564,41486000,GOOGL
2018-02-22,55.04009246826172,55.811714885519635,54.80454007218007,55.49979401074562,28010000,GOOGL
2018-02-23,55.942138671875,55.987267393103004,54.96769426169726,55.474503270089066,25292000,GOOGL
2018-02-26,56.71623992919922,56.74103272715342,56.004123275614624,56.12908987357392,30912000,GOOGL
2018-02-27,55.417476654052734,56.74351877326241,55.381772449677165,56.71624404513445,42964000,GOOGL
2018-02-28,54.7435417175293,55.920316181710014,54.69792115357458,55.64013070449734,49292000,GOOGL
2018-03-01,53.13137435913086,55.10803748277774,52.927061699421415,55.02224826091722,55338000,GOOGL
2018-03-02,53.76265335083008,53.899026988063376,52.07510100225839,52.46537287912138,50162000,GOOGL
2018-03-05,54.28929901123047,54.60766685300695,53.17401652362872,53.464617792333975,28648000,GOOGL
2018-03-06,54.59377670288086,54.82834160824872,54.27640014796475,54.65328622571274,23382000,GOOGL
2018-03-07,55.294986724853516,55.35251373694703,54.04878630713491,54.19309379120403,30748000,GOOGL
2018-03-08,56.00611114501953,56.108263680275236,55.40210212118872,55.40210212118872,33862000,GOOGL
2018-03-09,57.566219329833984,57.57415317734512,56.24960168630339,56.507964384844236,42662000,GOOGL
2018-03-12,57.81863021850586,58.42511738881455,57.484886534640694,57.77498838527019,44306000,GOOGL
2018-03-13,56.528297424316406,58.4171887778618,56.26348776106414,58.1112154225278,43140000,GOOGL
2018-03-14,56.97361373901367,57.512657541407506,56.64929456873817,56.82038115055427,41870000,GOOGL
2018-03-15,57.058902740478516,57.648530918307635,56.317532656728815,57.007330847302676,33382000,GOOGL
2018-03-16,56.25604248046875,57.366364833295336,56.10429678609737,57.29396517219304,58656000,GOOGL
2018-03-19,54.55262756347656,55.50971364000211,53.99969477458665,55.42987575383927,63656000,GOOGL
2018-03-20,54.34087371826172,54.82437680342682,53.6773551646342,54.46980535202091,54598000,GOOGL
2018-03-21,54.25161361694336,54.980589276264126,53.91489614445986,54.18070083702967,44898000,GOOGL
2018-03-22,52.22585678100586,53.75174331979084,52.05179263650617,53.55784644884805,69312000,GOOGL
2018-03-23,50.90675735473633,52.90176997836697,50.823446283165815,52.13758574321913,49880000,GOOGL
2018-03-26,52.27246856689453,52.529348153609014,50.11480262154062,52.09939946393313,65984000,GOOGL
2018-03-27,49.934288024902344,52.79068070964248,49.472108384549784,52.7589415418127,60816000,GOOGL
2018-03-28,49.84701919555664,50.829401328072805,48.79670183550129,49.68486148491231,77698000,GOOGL
2018-03-29,51.43191146850586,51.972941540520445,49.79047919799269,50.14604189126443,69338000,GOOGL
2018-04-02,50.21646499633789,51.550441007196596,49.30499947102769,50.95982148638136,65068000,GOOGL
2018-04-03,50.5164794921875,50.82989103838948,49.45376396334763,50.39101726128376,51322000,GOOGL
2018-04-04,51.0634651184082,51.213723943837955,49.41707256609332,49.50236615694031,50724000,GOOGL
2018-04-05,51.208763122558594,51.90649525559335,50.78030509168495,51.89062756065063,35836000,GOOGL
2018-04-06,50.083560943603516,51.37538191226471,49.90007607203774,50.73566868177713,40134000,GOOGL
2018-04-09,50.58639907836914,51.80135579887167,50.54226162110507,50.58391715037624,33220000,GOOGL
2018-04-10,51.400177001953125,51.633746876732836,50.35432045290916,51.090734279213066,36620000,GOOGL
2018-04-11,50.83286666870117,51.36893671133409,50.54226917817933,51.177022357273046,34060000,GOOGL
2018-04-12,51.43935775756836,51.804341241532015,50.88196805941184,51.15074654456522,32896000,GOOGL
2018-04-13,51.37736129760742,52.21741830032065,51.0852769479233,51.91541758840648,25410000,GOOGL
2018-04-16,51.87624740600586,52.140561438040635,51.272238331440306,51.8489726768016,29776000,GOOGL
2018-04-17,53.52560806274414,53.80529791473153,52.42123702824209,52.625054032184096,54584000,GOOGL
2018-04-18,53.32874298095703,53.656531576402124,53.08723923405093,53.50825905100342,31126000,GOOGL
2018-04-19,54.02597427368164,54.425670654393286,53.012848144162085,53.012848144162085,39884000,GOOGL
2018-04-20,53.424442291259766,54.28879641811163,53.16558022751411,53.76909355838795,42434000,GOOGL
2018-04-23,53.25038528442383,53.954072501464275,52.89680886618381,53.70512676619585,69590000,GOOGL
2018-04-24,50.71285629272461,52.788202259057215,50.22786633995534,52.525870774400595,128220000,GOOGL
2018-04-25,50.7302131652832,51.3788514546625,50.433660591245754,51.065439929974254,57860000,GOOGL
2018-04-26,51.737884521484375,52.16981568812195,50.60425248870009,51.23751872622358,50926000,GOOGL
2018-04-27,51.14974594116211,52.15394698774903,50.95833100583306,51.84847307083429,40746000,GOOGL
2018-04-30,50.51152420043945,51.49291119658889,50.4976390221724,51.297031813913144,34492000,GOOGL
2018-05-01,51.61093521118164,51.65953333511568,50.11628846472264,50.3984564742984,35326000,GOOGL
2018-05-02,50.881961822509766,51.77111261726517,50.7386455999112,51.27620250432645,34698000,GOOGL
2018-05-03,50.89435958862305,51.11206178747579,49.98140719485577,50.8482433914451,39282000,GOOGL
2018-05-04,52.11923599243164,52.16287782750015,50.485241799708824,50.562601539773475,36892000,GOOGL
2018-05-07,52.53876495361328,52.81349473022608,52.08303224033629,52.26254829014382,34400000,GOOGL
2018-05-08,52.49562072753906,52.82489994498031,52.150969446253896,52.79464766280065,26030000,GOOGL
2018-05-09,54.00118637084961,54.25161902281373,52.67018782626687,52.76887475661845,47160000,GOOGL
2018-05-10,54.820411682128906,55.01579922866569,54.24566364329505,54.30120435903891,36414000,GOOGL
2018-05-11,54.716766357421875,54.995960595802366,54.411292432619845,54.56948509726962,30504000,GOOGL
2018-05-14,54.87644577026367,55.449211230043865,54.78718337501046,54.825365721168026,39338000,GOOGL
2018-05-15,53.79885482788086,54.50551583478358,53.496850300827376,54.39542566367748,35738000,GOOGL
2018-05-16,53.760169982910156,54.27045594367207,53.63818093955972,53.80976314670501,25628000,GOOGL
2018-05-17,53.619834899902344,54.10284238278998,53.37981804544918,53.62975504669495,25738000,GOOGL
2018-05-18,53.04359817504883,53.24642394515958,52.797633763463644,52.86309084433973,35482000,GOOGL
2018-05-21,53.75620651245117,54.21689932279822,53.45817080919839,53.50776019100628,25180000,GOOGL
2018-05-22,53.32476806640625,54.14251043510209,53.17351800083077,54.0433316768412,22226000,GOOGL
2018-05-23,53.8529052734375,53.954070332903406,52.91069191788155,53.06144635744468,23740000,GOOGL
2018-05-24,53.827613830566406,53.910429269372564,53.1755060953026,53.89952164864626,20604000,GOOGL
2018-05-25,53.759674072265625,54.03192570903824,53.686283151739836,53.882162527365246,22224000,GOOGL
2018-05-29,52.96574020385742,53.623803084012096,52.718285133936725,53.35898964912242,36076000,GOOGL
2018-05-30,53.431888580322266,53.50726580445433,52.89036283283215,53.234022894047186,28686000,GOOGL
2018-05-31,54.54915237426758,55.04505375948819,53.45817084015315,53.65652836749955,79368000,GOOGL
2018-06-01,56.28480911254883,56.4415148938306,55.14473000386579,55.187380581436216,63202000,GOOGL
2018-06-04,57.179412841796875,57.418438425591134,56.38398509535584,56.45837105864911,44754000,GOOGL
2018-06-05,57.07923889160156,57.579109082894355,56.90270039283215,57.25974998898025,32964000,GOOGL
2018-06-06,56.87740707397461,57.26222701862071,56.35026594935218,57.16602203245919,34934000,GOOGL
2018-06-07,56.25604248046875,56.823847870270626,55.84444344559635,56.75987768476072,36108000,GOOGL
2018-06-08,56.17124938964844,56.472258876258145,55.70113204704333,56.096863422878286,27284000,GOOGL
2018-06-11,56.57738494873047,56.9165843277191,56.1062801650855,56.182648642397005,24796000,GOOGL
2018-06-12,56.938899993896484,56.96667034977643,56.5833372860979,56.5833372860979,26092000,GOOGL
2018-06-13,56.742523193359375,57.308349889397284,56.7003720290939,57.14172396484692,34302000,GOOGL
2018-06-14,57.5300178527832,57.82160660348666,57.05841362577938,57.13825529447141,35422000,GOOGL
2018-06-15,57.48836135864258,57.71845805977032,57.21164904913898,57.520592376234816,44438000,GOOGL
2018-06-18,58.693904876708984,58.72117960789374,57.078256342651656,57.162063052385804,33038000,GOOGL
2018-06-19,58.4514045715332,58.65571343900531,57.604404877641464,58.02592031687286,47282000,GOOGL
2018-06-20,58.71819305419922,59.582055430097064,58.61703177653395,58.680010706447035,51686000,GOOGL
2018-06-21,57.99269104003906,59.028627478081944,57.69713348494236,58.7896056767175,44966000,GOOGL
2018-06-22,57.985252380371094,58.268411642139256,57.50720121442879,58.094351288368564,34220000,GOOGL
2018-06-25,56.49705505371094,57.32570510767071,55.535996390812166,57.27661135364629,57682000,GOOGL
2018-06-26,56.16678237915039,56.87343957261279,55.98726632248707,56.73806097837221,34688000,GOOGL
2018-06-27,55.38920974731445,56.84071407841611,55.377307084911294,56.33439691500152,34538000,GOOGL
2018-06-28,55.87717819213867,56.23521906056949,54.85016682481249,55.16357460022306,29726000,GOOGL
2018-06-29,55.996681213378906,56.60019454988772,55.88907298645991,56.15140445505855,31562000,GOOGL
2018-07-02,56.63739013671875,56.681031969084565,54.876446930042064,55.31036062491598,23216000,GOOGL
2018-07-03,55.356475830078125,57.02419157816207,55.264735289782664,56.999894409332576,16448000,GOOGL
2018-07-05,56.59672927856445,56.73806299233003,55.69567577703907,55.76907048507362,28594000,GOOGL
2018-07-06,57.280582427978516,57.33612314449367,56.39589221238666,56.62053700692371,21820000,GOOGL
2018-07-09,57.88557434082031,57.91780914101105,57.387194819139,57.5245597123931,21584000,GOOGL
2018-07-10,57.87862777709961,58.194021818057855,57.65150487130604,58.01996147583568,21334000,GOOGL
2018-07-11,58.092864990234375,58.53818194817805,57.29495909360109,57.30735360137686,33252000,GOOGL
2018-07-12,59.570648193359375,59.60684802511169,58.17418898558907,58.261468868395724,44148000,GOOGL
2018-07-13,59.72735595703125,60.02588729269595,59.27459698855449,59.6470186605164,32612000,GOOGL
2018-07-16,59.3350944519043,59.940094719942486,59.180866827730966,59.69710032807328,26784000,GOOGL
2018-07-17,60.15680694580078,60.43847933719523,58.6155445322406,58.65224377865796,40162000,GOOGL
2018-07-18,60.148372650146484,60.57881315843189,59.73429546433919,59.93116609674343,38948000,GOOGL
2018-07-19,59.463539123535156,60.32541524847211,59.39560011669375,59.83794332123069,38338000,GOOGL
2018-07-20,59.403038024902344,60.042255657242656,59.33906405036968,59.47048140239475,37938000,GOOGL
2018-07-23,60.053653717041016,60.2569750899335,59.11193600879437,59.29294272859195,65446000,GOOGL
2018-07-24,62.39183807373047,63.22743075179263,61.69707970330851,63.02906942804267,107600000,GOOGL
2018-07-25,63.274044036865234,63.38809924001521,61.94056369068938,62.117601610181076,51104000,GOOGL
2018-07-26,63.74811553955078,63.84233800007212,62.632337581099556,62.83962396750508,54686000,GOOGL
2018-07-27,62.13098907470703,64.04268678664052,61.71442994578182,63.92764032936621,48362000,GOOGL
2018-07-30,60.997859954833984,62.1309965671997,60.706766806858006,61.742207747756254,43896000,GOOGL
2018-07-31,60.858009338378906,61.55177639947601,60.31103168905278,61.080667817479224,39382000,GOOGL
2018-08-01,61.144142150878906,61.78434718993217,60.744941414022826,61.44763353400371,36994000,GOOGL
2018-08-02,61.54780578613281,61.71046288718155,60.40376172708883,60.425580751599156,34704000,GOOGL
2018-08-03,61.4005241394043,61.81509695272373,60.96710607545385,61.748644838272185,21264000,GOOGL
2018-08-06,61.376220703125,61.61375938365865,61.02214868767931,61.57160822349324,22114000,GOOGL
2018-08-07,62.27727508544922,62.78507909799041,62.07693127257693,62.08734326383379,42506000,GOOGL
2018-08-08,62.54952621459961,63.06476465719997,62.09279847094709,62.32091263658967,34344000,GOOGL
2018-08-09,62.704750061035156,63.076676123256064,62.48853852663434,62.61896084125917,27326000,GOOGL
2018-08-10,62.11214065551758,62.54308056962345,61.84683539663848,62.44290677016618,26602000,GOOGL
2018-08-13,61.920230865478516,62.77962882865743,61.840392980843816,62.047183771312895,27500000,GOOGL
2018-08-14,62.39134216308594,62.51283558847085,61.46896522772565,62.11165228168397,28080000,GOOGL
2018-08-15,61.105960845947266,62.085860958793766,60.809412028021946,61.70401855503376,37052000,GOOGL
2018-08-16,60.7013053894043,61.675257970750934,60.48162067754189,61.59045622905311,32176000,GOOGL
2018-08-17,60.29417037963867,60.84462122823014,59.706528439964295,60.601134976171906,33092000,GOOGL
2018-08-20,60.5966682434082,60.79304703382085,59.93960043624194,60.5326980557905,22218000,GOOGL
2018-08-21,60.37152862548828,61.13273906052275,60.25350461148751,60.64973160024402,23082000,GOOGL
2018-08-22,60.586753845214844,60.823793135762685,60.163747749963264,60.21333713228483,22296000,GOOGL
2018-08-23,60.55748748779297,61.25224575840759,60.46772946516041,60.4940129326713,24666000,GOOGL
2018-08-24,61.33060836791992,61.36283938682492,60.570389145868326,60.797512082349854,24454000,GOOGL
2018-08-27,62.29860305786133,62.37794909590035,61.525493733098216,61.697075946101634,28580000,GOOGL
2018-08-28,61.78236389160156,62.312978176407235,61.63904767729082,62.28024774953284,27330000,GOOGL
2018-08-29,62.714168548583984,62.83913893962649,62.12652660202709,62.23562551505126,36926000,GOOGL
2018-08-30,62.207855224609375,62.95418546815909,61.849318724961755,62.65218094105127,30104000,GOOGL
2018-08-31,61.08513259887695,62.114126456740365,60.78511059701387,62.09726750466906,42308000,GOOGL
2018-09-04,60.06903076171875,60.89024638459833,59.83347835374634,60.62493731993848,41458000,GOOGL
2018-09-05,59.463539123535156,60.245573578851676,58.28527387752493,59.965388075112344,53988000,GOOGL
2018-09-06,58.7142333984375,59.4580855302462,57.703585303195204,59.43725776135782,46854000,GOOGL
2018-09-07,58.396854400634766,58.940362668965435,57.98426407187492,58.11964267239288,32658000,GOOGL
2018-09-10,58.271385192871094,58.846632602500165,58.05070923287639,58.72463977492341,27670000,GOOGL
2018-09-11,59.01176834106445,59.05887957731326,57.81962176153576,58.0750106684798,29254000,GOOGL
2018-09-12,58.09981155395508,59.04648565950591,57.83003803658529,58.615545695752786,35716000,GOOGL
2018-09-13,58.62247848510742,58.90613713413148,57.98177405531871,58.501480709152574,40068000,GOOGL
2018-09-14,58.41619110107422,58.913087540013805,58.19501950151941,58.913087540013805,24176000,GOOGL
2018-09-17,57.51612854003906,58.606614394562406,57.44818953887097,58.40577494821797,34096000,GOOGL
2018-09-18,57.87714767456055,58.582321797238215,57.59547528537028,57.65647170249509,32314000,GOOGL
2018-09-19,58.23221206665039,58.3313908288517,57.456125199601075,57.96888931276128,25962000,GOOGL
2018-09-20,59.090118408203125,59.21062434798751,58.33039865935432,58.54958773082675,29244000,GOOGL
2018-09-21,58.125587463378906,59.338561729756826,58.12261368974875,59.25624192486524,91222000,GOOGL
2018-09-24,58.494544982910156,58.773735437507995,57.10304580391449,57.495303984931574,31150000,GOOGL
2018-09-25,59.205169677734375,59.352450934388095,58.223283283094446,58.72712229225433,33152000,GOOGL
2018-09-26,59.21359634399414,59.86719472365438,58.78414710213742,59.19525050604648,37650000,GOOGL
2018-09-27,59.87314987182617,60.344254675953586,59.41146580174746,59.50816642084424,36274000,GOOGL
2018-09-28,59.8592643737793,59.927203377959636,59.40055408003131,59.71098807412837,35612000,GOOGL
2018-10-01,59.93116760253906,60.70824572698339,59.66635796192312,60.15283860556352,33164000,GOOGL
2018-10-02,59.88703536987305,60.72411867083924,59.49130778630442,59.83893287455786,40180000,GOOGL
2018-10-03,60.07993698120117,60.211350537994456,59.61477975331187,60.10324289211977,26246000,GOOGL
2018-10-04,58.37105941772461,59.80074080235531,57.71547854209041,59.75759838457997,46576000,GOOGL
2018-10-05,57.91284942626953,58.61554159078529,57.24288769111712,58.31800151953087,31852000,GOOGL
2018-10-08,57.32223129272461,58.31105645324983,56.30464073584316,57.524557624559634,46190000,GOOGL
2018-10-09,56.78913879394531,57.60142551523333,56.739549411488625,57.09362146132531,33690000,GOOGL
2018-10-10,54.160362243652344,56.38497567691351,54.1281274459752,56.35422776603063,58980000,GOOGL
2018-10-11,54.0899543762207,55.34557950084753,53.353540408589474,53.5097505785197,67696000,GOOGL
2018-10-12,55.5677375793457,55.83006909493526,54.302691828734865,55.52310448461403,49370000,GOOGL
2018-10-15,54.6701545715332,55.63021818118948,54.460881853987075,55.44177701468576,30074000,GOOGL
2018-10-16,56.18959045410156,56.35274318145139,55.131835035843245,55.21762424560735,38378000,GOOGL
2018-10-17,55.91734313964844,56.87988484039314,55.243412612041226,56.5327553995562,35652000,GOOGL
2018-10-18,54.44550704956055,56.15339147492875,53.87175031932943,56.0368543512586,46152000,GOOGL
2018-10-19,54.8060302734375,55.58806851316027,54.40187320171599,54.73313497653647,41286000,GOOGL
2018-10-22,55.11299514770508,55.62476424922726,54.54915473377439,55.16952712111262,27116000,GOOGL
2018-10-23,55.28853988647461,55.44177625930868,53.50825573348647,54.11722105929459,37686000,GOOGL
2018-10-24,52.422725677490234,55.3733411581951,52.32056935760662,55.29300386341311,49286000,GOOGL
2018-10-25,54.7271842956543,55.432850277026816,53.33667631790497,53.57222873103137,72956000,GOOGL
2018-10-26,53.743309020996094,55.39217950296379,51.68432639569695,51.98682652307984,106438000,GOOGL
2018-10-29,51.31240463256836,54.98703577121266,49.94718891468537,54.37757102202303,81290000,GOOGL
2018-10-30,52.045345306396484,52.11427556975001,50.28291511551271,50.582437710545854,59768000,GOOGL
2018-10-31,54.082008361816406,54.94587068637152,52.97218166328328,52.97218166328328,70916000,GOOGL
2018-11-01,53.85389709472656,54.54419095847466,53.449240636057006,54.122675548098016,40132000,GOOGL
2018-11-02,53.135337829589844,54.4499728681632,52.94540599746691,54.0036608708647,43438000,GOOGL
2018-11-05,52.353797912597656,53.2275767002685,51.276205887840575,53.186912421965125,45358000,GOOGL
2018-11-06,53.040122985839844,53.54842264477756,52.248664069488854,52.31858558730312,28660000,GOOGL
2018-11-07,54.95777130126953,55.04157799583169,53.58660433801506,53.73041618700617,43388000,GOOGL
2018-11-08,54.28285217285156,54.956782731858674,53.7735612372915,54.91116216518148,33694000,GOOGL
2018-11-09,53.409576416015625,53.97143054513672,52.77680572036268,53.75670589634518,34860000,GOOGL
2018-11-12,52.03791046142578,53.264773886277624,51.59110657655754,53.216671387507866,34002000,GOOGL
2018-11-13,51.96897888183594,52.89631588540383,51.59358341935655,52.308178293181584,25750000,GOOGL
2018-11-14,52.2967643737793,52.85267087372335,51.628785198438855,52.565542813210634,34666000,GOOGL
2018-11-15,53.1135139465332,53.501307638856716,51.63770882488864,52.14204341659205,41584000,GOOGL
2018-11-16,52.97565841674805,53.18244920128964,52.312635487457975,52.824903973568865,35366000,GOOGL
2018-11-19,50.94989776611328,52.96226867525788,50.724265514564266,52.7336550830274,45684000,GOOGL
2018-11-20,51.10015869140625,51.44233186700774,49.699734383253194,49.95165011439261,54458000,GOOGL
2018-11-21,51.74384307861328,52.30321906381659,51.54696864073382,51.837070517766705,29698000,GOOGL
2018-11-23,51.08280563354492,51.7225189105899,51.004450849399845,51.2514102979892,14178000,GOOGL
2018-11-26,52.36421203613281,52.41677519212862,51.56233731257599,51.77210565786005,31558000,GOOGL
2018-11-27,52.182708740234375,52.900776751961324,51.846490692518564,52.136096916276294,33048000,GOOGL
2018-11-28,54.14201736450195,54.195079932226704,51.72003368504357,52.439588587382175,46042000,GOOGL
2018-11-29,54.280372619628906,54.556589291132255,53.656527087727646,53.73239993732191,31004000,GOOGL
2018-11-30,55.02769088745117,55.02769088745117,53.715042237817364,54.33244077387761,59668000,GOOGL
2018-12-03,55.36044692993164,56.28480631004417,55.13084208010113,56.14397201390017,57532000,GOOGL
2018-12-04,52.68803405761719,55.25531643727826,52.60422736109533,55.193328765578826,45630000,GOOGL
2018-12-06,53.462135314941406,53.528587431634996,51.696727612647116,51.82169421560711,47436000,GOOGL
2018-12-07,51.90004348754883,53.80678483588291,51.542498271462186,53.17203169584198,42682000,GOOGL
2018-12-10,52.22733688354492,52.54570469124087,51.22660911533888,51.719532890421675,33652000,GOOGL
2018-12-11,52.647369384765625,53.081283083389565,52.07460390793039,52.90970087647782,33852000,GOOGL
2018-12-12,53.24641799926758,54.13903818940161,53.159138117751525,53.412544503125076,28960000,GOOGL
2018-12-13,53.23699188232422,53.97489636278755,52.81299834519464,53.34262138246807,24986000,GOOGL
2018-12-14,52.154441833496094,53.14674020302357,52.03840033776918,52.56653650781619,36358000,GOOGL
2018-12-17,50.862125396728516,52.683569409654616,50.414822147604106,51.92136773015582,49932000,GOOGL
2018-12-18,51.74284362792969,52.55017019559987,51.10163977241483,51.27619952675167,43640000,GOOGL
2018-12-19,51.348602294921875,53.34460607430533,50.553673969353085,51.935252952231664,58264000,GOOGL
2018-12-20,50.75947189331055,51.942693316807016,49.979915657086195,50.87947841740383,53674000,GOOGL
2018-12-21,49.15622329711914,51.458196608978,48.65734815338162,51.17900616560844,104656000,GOOGL
2018-12-24,48.829917907714844,50.19116464341716,48.48228907614049,48.81255954504029,36360000,GOOGL
2018-12-26,51.963035583496094,51.992788459987686,49.22565744343444,49.490470907864264,46318000,GOOGL
2018-12-27,52.21345901489258,52.23527804094149,49.93726961475843,50.8894031809876,45996000,GOOGL
2018-12-28,51.90500259399414,52.77530810884627,51.67291960999607,52.5407469801102,34398000,GOOGL
2018-12-31,51.81970977783203,52.713820629058745,51.22859468884806,52.457932318095075,33110000,GOOGL
2019-01-02,52.301734924316406,52.60473073848045,50.84378346049996,50.938997204138,31868000,GOOGL
2019-01-03,50.85319519042969,52.8759780134997,50.699466979891106,52.1028687333839,41960000,GOOGL
2019-01-04,53.461639404296875,53.55734876361941,51.41802873823579,51.700692372040024,46022000,GOOGL
2019-01-07,53.355018615722656,53.69123663835179,52.6964601806528,53.605447431420956,47446000,GOOGL
2019-01-08,53.82364273071289,54.219370258026224,52.97961696054515,53.854882485892645,35414000,GOOGL
2019-01-09,53.63917541503906,54.13458118632317,53.27815698611534,53.95357823458152,26998000,GOOGL
2019-01-10,53.49932861328125,53.54792673522367,52.797627727154754,53.30642301238766,26598000,GOOGL
2019-01-11,52.787208557128906,53.22856044132163,52.38850346120422,53.056482618042075,30864000,GOOGL
2019-01-14,52.14452362060547,52.48867928043949,51.99773800063954,52.235272902263915,28490000,GOOGL
2019-01-15,53.880184173583984,53.96746406204631,52.28982800056554,52.4668659224875,37518000,GOOGL
2019-01-16,54.02894973754883,54.666184830089556,53.95456755691764,54.05325069106837,38280000,GOOGL
2019-01-17,54.50551223754883,54.58386323084634,53.71900961368092,53.95357453146832,24896000,GOOGL
2019-01-18,54.91115951538086,55.44177382173564,54.51344565423578,54.97512970149426,44892000,GOOGL
2019-01-22,53.489410400390625,54.498075902626475,53.10558170056644,54.35079086117299,39632000,GOOGL
2019-01-23,53.776039123535156,54.19953702925566,52.9409421901349,53.89753253264309,25194000,GOOGL
2019-01-24,53.755714416503906,53.95407574019982,53.06244293330347,53.681824076200236,29114000,GOOGL
2019-01-25,54.62403106689453,54.7157716075917,54.14251051447495,54.263012668104324,23260000,GOOGL
2019-01-28,53.55040740966797,54.22036915695017,53.29005842382145,54.05672457402515,29334000,GOOGL
2019-01-29,53.06441879272461,53.7919075035448,52.8640749781177,53.608918268991935,19704000,GOOGL
2019-01-30,54.44948196411133,54.52535482106467,53.390731369867474,53.42643557606418,29452000,GOOGL
2019-01-31,55.83303451538086,55.92130565019333,54.80949644829899,55.1561302445522,40232000,GOOGL
2019-02-01,55.47251510620117,56.25504886866578,55.25580797748585,55.654509292670554,33116000,GOOGL
2019-02-04,56.603172302246094,56.648796650028686,55.41747272312424,55.49185868396291,78408000,GOOGL
2019-02-05,57.12139129638672,57.16602438858918,55.71948013382828,56.01850709621822,82296000,GOOGL
2019-02-06,55.684268951416016,57.227018124056855,55.459624180838055,56.99245699091347,48256000,GOOGL
2019-02-07,54.84223175048828,55.14373685655709,54.23128012441886,55.13530738050181,38298000,GOOGL
2019-02-08,54.66717529296875,54.80206204094916,54.263513873819036,54.29524926151284,21766000,GOOGL
2019-02-11,54.65428161621094,55.21514822312965,54.54915152300957,54.73511453956528,18498000,GOOGL
2019-02-12,55.91685104370117,56.178686919455295,55.095139799771296,55.095139799771296,35036000,GOOGL
2019-02-13,55.96891784667969,56.67409195109993,55.83849553947913,56.187611297106514,28042000,GOOGL
2019-02-14,55.99717712402344,56.34083713825974,55.39664134143673,55.78889947400959,21106000,GOOGL
2019-02-15,55.52259826660156,56.49803758643001,55.37829080075577,56.49803758643001,27826000,GOOGL
2019-02-19,55.86378860473633,56.01900371365517,55.37433416937711,55.37433416937711,21980000,GOOGL
2019-02-20,55.57021713256836,56.082981297116646,55.131842722267116,55.98132059644437,24090000,GOOGL
2019-02-21,54.75792694091797,55.498805261978845,54.44897982598099,55.48045563907056,33272000,GOOGL
2019-02-22,55.370361328125,55.40457864300607,54.57394613575661,55.030174478552766,29436000,GOOGL
2019-02-25,55.40855407714844,55.808746128664374,55.24887451643721,55.63666827579699,26208000,GOOGL
2019-02-26,55.640628814697266,55.860313518973165,54.88140468154048,55.261760191576904,35026000,GOOGL
2019-02-27,55.684268951416016,55.82510324372257,54.97364296316191,55.243908298338845,22092000,GOOGL
2019-02-28,55.86576843261719,56.23472068766266,55.46210701631137,55.49136425895649,27422000,GOOGL
2019-03-01,56.95526123046875,57.0286559326462,56.086442599682286,56.086442599682286,34086000,GOOGL
2019-03-04,57.1982536315918,57.79829379741478,56.44596836483553,57.25478559725147,35490000,GOOGL
2019-03-05,57.980289459228516,58.34229911039915,57.17841857831907,57.32619545576934,40094000,GOOGL
2019-03-06,57.769535064697266,58.255516282129726,57.67580822390743,58.107739401073324,23602000,GOOGL
2019-03-07,57.07080841064453,57.70209215281522,56.61755383444335,57.549355197546085,30086000,GOOGL
2019-03-08,57.02717208862305,57.19974555782496,56.04677257369768,56.23025744721806,23694000,GOOGL
2019-03-11,58.47966766357422,58.511898680700604,57.106514344542475,57.127837740777274,30032000,GOOGL
2019-03-12,59.371795654296875,59.79132858079616,58.63042546650762,58.63042546650762,42220000,GOOGL
2019-03-13,59.4615478515625,59.86124422838143,59.40452025427546,59.80223411527283,25888000,GOOGL
2019-03-14,59.13772201538086,59.74123537213367,59.073256202850935,59.45956301594842,27302000,GOOGL
2019-03-15,59.027137756347656,59.59345625699959,58.86398502991321,59.40898391890877,51886000,GOOGL
2019-03-18,58.940364837646484,59.25774144322755,58.589762171099196,58.99689681247652,24442000,GOOGL
2019-03-19,59.63016128540039,59.67727252410539,58.98548794714954,59.09756063530561,29788000,GOOGL
2019-03-20,60.81883239746094,60.99537468269679,59.48783401935632,59.57759204890789,41508000,GOOGL
2019-03-21,61.299861907958984,61.31523397427195,60.330373720799074,60.49997342953918,28150000,GOOGL
2019-03-22,59.88753128051758,61.17588288459507,59.805707096855926,60.9388435932107,34422000,GOOGL
2019-03-25,59.37824249267578,59.97630022851634,59.01226776678589,59.48635015017521,27576000,GOOGL
2019-03-26,59.00433349609375,59.88753302286627,58.60364582572859,59.76554018730215,30752000,GOOGL
2019-03-27,58.41767883300781,59.10747706719448,57.73432377537689,59.10747706719448,29428000,GOOGL
2019-03-28,58.133026123046875,58.37998553960002,57.69465178230228,58.293205073603154,22402000,GOOGL
2019-03-29,58.36214065551758,58.71323893335575,57.84094704933484,58.52528961118453,30890000,GOOGL
2019-04-01,59.45758819580078,59.51808520124541,58.83176010564364,58.890274595087455,27706000,GOOGL
2019-04-02,59.782894134521484,59.79628368337261,59.073755024656165,59.510642496833356,18288000,GOOGL
2019-04-03,60.04423904418945,60.52972467652331,59.76008850583736,60.13796211001895,22180000,GOOGL
2019-04-04,60.47269058227539,60.52724003399788,59.956457090131785,60.068034138317934,21022000,GOOGL
2019-04-05,60.07596969604492,60.51930791115467,60.00555254911908,60.465254086840815,20012000,GOOGL
2019-04-08,59.91877365112305,60.199946617238616,59.74124010883788,60.059112319693156,21750000,GOOGL
2019-04-09,59.641563415527344,59.862735013703436,59.42783003559365,59.601894179377005,19668000,GOOGL
2019-04-10,59.82802200317383,59.95150172266338,59.540897699099844,59.76058241007699,15510000,GOOGL
2019-04-11,59.98373031616211,60.13994044977309,59.73330150019029,59.94951300245407,16998000,GOOGL
2019-04-12,60.63534927368164,60.651216967296484,60.167218261198975,60.282760344008665,24312000,GOOGL
2019-04-15,60.823787689208984,60.961152573829864,60.230194474599585,60.70278612642647,23796000,GOOGL
2019-04-16,61.0905876159668,61.29241832671857,60.74990134124958,60.99586951444709,22622000,GOOGL
2019-04-17,61.498714447021484,61.7446826240801,61.13968232787188,61.342999928729455,30366000,GOOGL
2019-04-18,61.56467056274414,61.78633778477125,61.46251424224108,61.739722177019004,24750000,GOOGL
2019-04-22,62.17413330078125,62.20289491593463,61.1629896255075,61.3266379946004,19084000,GOOGL
2019-04-23,63.00872802734375,63.199155475503254,62.08535996551398,62.31694731609197,31868000,GOOGL
2019-04-24,62.486045837402344,63.17783031272006,62.47414695979565,63.00872626390959,23396000,GOOGL
2019-04-25,62.847564697265625,63.11832566441089,62.38439375673757,62.994350322114855,31344000,GOOGL
2019-04-26,63.34743118286133,63.42132151606078,62.73152328568411,63.14708736238461,27228000,GOOGL
2019-04-29,64.27873229980469,64.31692221345482,63.06427110185339,63.50066293959323,72368000,GOOGL
2019-04-30,59.45659255981445,59.55676257846437,58.66513363960765,59.04350662741325,133178000,GOOGL
2019-05-01,58.18510055541992,59.470973972298495,58.10377200341703,59.38418971821205,74340000,GOOGL
2019-05-02,57.84739685058594,58.485623247392496,57.44174909679846,58.14940138951705,45098000,GOOGL
2019-05-03,58.989952087402344,59.08169263592699,58.19651060217276,58.38792554656024,41588000,GOOGL
2019-05-06,59.1838493347168,59.28154121522016,58.077987538341475,58.1196430747011,31774000,GOOGL
2019-05-07,58.459835052490234,59.24881211607045,57.772514903678946,58.80448638491328,36604000,GOOGL
2019-05-08,58.05914306640625,58.72811354197233,57.902932921424046,58.38197156478098,25520000,GOOGL
2019-05-09,57.919795989990234,58.22229615516196,57.258759314418775,57.653499442905506,29556000,GOOGL
2019-05-10,57.90342712402344,58.331885117699095,56.84864546235913,57.9629366500334,31650000,GOOGL
2019-05-13,56.36365509033203,57.12635243643955,55.81370365034524,56.79261252207175,45626000,GOOGL
2019-05-14,55.78196334838867,56.774261749590714,55.716006859862674,56.64780825816616,40392000,GOOGL
2019-05-15,58.06013870239258,58.43206476445081,55.610384496272225,55.66741209976144,59302000,GOOGL
2019-05-16,58.73951721191406,59.21855964212482,57.94359761215228,58.11170663709032,35308000,GOOGL
2019-05-17,57.959964752197266,58.828287857261444,57.842931988016005,58.30957615771675,25362000,GOOGL
2019-05-20,56.763851165771484,57.1774327504438,56.44052324213396,57.1774327504438,30602000,GOOGL
2019-05-21,57.248836517333984,57.42537879315505,56.69689882020132,57.250819033139784,20562000,GOOGL
2019-05-22,57.31875991821289,57.712009344986775,57.07824744890352,57.090645739951604,18826000,GOOGL
2019-05-23,56.79756546020508,57.03113533695104,56.19356022860048,56.83376907485774,25214000,GOOGL
2019-05-24,56.463836669921875,57.24487996300292,56.36961418098626,57.127847187133774,18554000,GOOGL
2019-05-28,56.51094436645508,57.35050588647435,56.466806899103986,56.60615810752808,20948000,GOOGL
2019-05-29,55.53798294067383,56.28480881348524,55.14175593690512,56.170749826952495,36230000,GOOGL
2019-05-30,55.610877990722656,55.878169570146916,55.33763507998775,55.548394687102004,18088000,GOOGL
2019-05-31,54.87148666381836,55.2136560321265,54.71527652351709,54.828839872947505,31582000,GOOGL
2019-06-03,51.51126480102539,52.91268043979919,50.930565413815046,52.909211036677895,96890000,GOOGL
2019-06-04,52.292301177978516,52.488184333554216,51.376866936082195,51.79639981884811,60512000,GOOGL
2019-06-05,51.80384063720703,52.4073540441348,51.226614483210554,52.317596014695845,46988000,GOOGL
2019-06-06,51.95856475830078,52.069646185885304,51.35108630948426,51.88170064785095,29020000,GOOGL
2019-06-07,52.98061752319336,53.23154578365972,52.126675241378294,52.281894136993586,43828000,GOOGL
2019-06-10,53.69422149658203,54.29327049002996,53.32328669748126,53.40858028707478,28510000,GOOGL
2019-06-11,53.60892105102539,54.74800885389501,53.53602575753216,54.39988435915306,33508000,GOOGL
2019-06-12,53.512718200683594,53.68231410693232,53.04160963310708,53.55486936276625,23670000,GOOGL
2019-06-13,54.103336334228516,54.380048643008536,53.68479846818787,53.79091982164258,20814000,GOOGL
2019-06-14,53.86975860595703,54.28929145231956,53.63073683512908,54.0403495364506,24582000,GOOGL
2019-06-17,54.24616241455078,54.61263279057326,53.95407801097341,54.00862747187131,19770000,GOOGL
2019-06-18,54.80900955200195,55.480458228109946,54.588333571524295,55.11944356839526,34526000,GOOGL
2019-06-19,54.77280044555664,55.016786098910686,54.35227629556519,54.908182821098876,26714000,GOOGL
2019-06-20,55.20374298095703,55.675842832879255,54.896282754909315,55.62525840880668,24018000,GOOGL
2019-06-21,55.80725860595703,55.86676435414468,55.031171683637865,55.038114273154925,50774000,GOOGL
2019-06-24,55.37730407714844,55.71799034008654,55.20919505940072,55.54095243430775,24236000,GOOGL
2019-06-25,53.93324661254883,55.32771960798602,53.78546593566501,55.29697547638443,31644000,GOOGL
2019-06-26,53.573219299316406,54.307155041568436,53.24443945323548,54.1028423919935,34698000,GOOGL
2019-06-27,53.390228271484375,53.976878905152184,53.35154651318348,53.892080954369916,24078000,GOOGL
2019-06-28,53.69620132446289,53.69620132446289,53.24988932159318,53.41998464668975,33672000,GOOGL
2019-07-01,54.54915237426758,54.975132239253035,54.317565004800876,54.60072427201799,29196000,GOOGL
2019-07-02,55.173988342285156,55.18836914929686,54.5327882241278,54.78867275994016,20630000,GOOGL
2019-07-03,55.689231872558594,55.937182567074046,55.28556665878392,55.46656960642054,20154000,GOOGL
2019-07-05,56.169254302978516,56.26744179637214,55.416972843498904,55.50970463538692,29794000,GOOGL
2019-07-08,55.381771087646484,55.89850023897379,55.132333508714034,55.83204812175117,29888000,GOOGL
2019-07-09,55.753700256347656,55.93073818027176,54.90372299665193,55.060924410090834,29472000,GOOGL
2019-07-10,56.577880859375,56.648793630326615,56.06958123473763,56.15190103788361,30710000,GOOGL
2019-07-11,56.73508071899414,57.1893265411279,56.509448478196965,56.838228291488626,26004000,GOOGL
2019-07-12,56.79756546020508,56.90468185042832,56.46134742073141,56.678054562551374,21878000,GOOGL
2019-07-15,57.053955078125,57.062384554712914,56.53276144871689,56.79757111000112,21164000,GOOGL
2019-07-16,57.20024490356445,57.45414694239544,56.866501193341406,56.866501193341406,25352000,GOOGL
2019-07-17,56.86699676513672,57.44720047303278,56.861045434017086,57.07428317923879,19538000,GOOGL
2019-07-18,56.891788482666016,56.93790846039602,56.17868433807798,56.63193513480286,25450000,GOOGL
2019-07-19,56.11371994018555,57.10700958518703,56.09884350416264,56.99493690261568,23184000,GOOGL
2019-07-22,56.493587493896484,56.53375614667004,55.79932849569111,56.308120080539396,28914000,GOOGL
2019-07-23,56.93196487426758,56.972133526455515,56.17819635145037,56.703850666264636,20648000,GOOGL
2019-07-24,56.519371032714844,56.80352157129636,55.96296883502346,56.166785857604474,27192000,GOOGL
2019-07-25,56.331424713134766,56.71078898283292,55.724937510612726,56.48068849261149,54762000,GOOGL
2019-07-26,61.750633239746094,62.899633620136136,60.89669100249889,60.89669100249889,121216000,GOOGL
2019-07-29,61.58302307128906,61.93759456587988,61.005793072604384,61.61575350439837,41382000,GOOGL
2019-07-30,60.89668655395508,61.338534076359196,60.763782330236175,60.84709339281561,28616000,GOOGL
2019-07-31,60.410709381103516,61.23935945357767,59.913816715019806,60.74147552949135,39960000,GOOGL
2019-08-01,60.092342376708984,61.30829058838138,59.855299290763305,60.38244425053876,35426000,GOOGL
2019-08-02,59.32567596435547,59.97927059539974,59.01226441458213,59.65693772407873,34910000,GOOGL
2019-08-05,57.264217376708984,58.36164976315656,56.66913716884106,58.16774909397284,47840000,GOOGL
2019-08-06,58.07402038574219,58.585789466166396,57.60043365387298,57.79829933606973,36014000,GOOGL
2019-08-07,58.313541412353516,58.50991642354329,57.07031476456262,57.41546170450556,30686000,GOOGL
2019-08-08,59.81512451171875,59.81958517205452,58.218817243246164,58.835220723504534,30116000,GOOGL
2019-08-09,58.95771789550781,59.729340362682485,58.758860947292085,59.507673130205106,20418000,GOOGL
2019-08-12,58.243614196777344,58.794560647257406,57.95698553647479,58.51636146272874,22064000,GOOGL
2019-08-13,59.34599685668945,59.77743236649479,58.16873063574404,58.23617021869178,28434000,GOOGL
2019-08-14,57.735328674316406,58.654728129754886,57.57763161743273,58.32148380331564,35430000,GOOGL
2019-08-15,57.98674011230469,58.33882964015556,57.67333234515644,57.94260643286453,28506000,GOOGL
2019-08-16,58.47719192504883,58.70679680160601,58.1692398277731,58.55554671262276,24916000,GOOGL
2019-08-19,59.52997970581055,59.973813522953364,59.03209585106052,59.10300862264613,24450000,GOOGL
2019-08-20,58.6914176940918,59.40899011785179,58.667616151780344,59.2775765475695,20206000,GOOGL
2019-08-21,59.09061050415039,59.535931209383754,58.90911194530776,59.30087445828363,14152000,GOOGL
2019-08-22,59.08763885498047,59.44766221200768,58.462306455222475,59.20070279076517,17352000,GOOGL
2019-08-23,57.20619201660156,59.29344073521031,57.02865847577189,58.7727427748867,36254000,GOOGL
2019-08-26,58.07897186279297,58.11269354773847,57.26916714544354,57.49728131019381,21166000,GOOGL
2019-08-27,58.061126708984375,58.764314514394854,57.75069271231088,58.66513575010437,23460000,GOOGL
2019-08-28,58.206424713134766,58.44197711290288,57.53695860411005,57.76606404377272,16810000,GOOGL
2019-08-29,59.2225227355957,59.46799147469081,58.77819329373275,58.83472525889241,19636000,GOOGL
2019-08-30,59.03854751586914,59.52552378949316,58.80001756048857,59.52552378949316,18064000,GOOGL
2019-09-03,57.99814224243164,58.96663523077612,57.708536040903354,58.60809877311892,25908000,GOOGL
2019-09-04,58.62893295288086,58.758364003989946,58.09633609536328,58.48908990958668,21312000,GOOGL
2019-09-05,60.112667083740234,60.202425107707924,59.145657173778766,59.193759665631966,26394000,GOOGL
2019-09-06,59.82157897949219,60.150358819891544,59.66982949021051,59.96142202276999,18972000,GOOGL
2019-09-09,59.76950454711914,60.52724177884461,59.16946434430124,59.859262573889204,31854000,GOOGL
2019-09-10,59.79083251953125,60.00407027598134,59.31030317816098,59.31427199359215,27922000,GOOGL
2019-09-11,60.49996566772461,60.622454120354114,59.62122688756313,59.70106854982847,23522000,GOOGL
2019-09-12,61.24233627319336,61.6117803963693,60.626920181517946,60.67204890408515,31644000,GOOGL
2019-09-13,61.49325942993164,61.543843853790506,60.85106803599327,61.1005056186852,23676000,GOOGL
2019-09-16,61.07670593261719,61.44317628509797,60.7573430356787,61.01769203079815,28218000,GOOGL
2019-09-17,60.98991775512695,61.24381977351142,60.66609421799294,61.0767020090676,20806000,GOOGL
2019-09-18,61.12728500366211,61.305314179116046,60.32491842507922,61.00777409952357,17440000,GOOGL
2019-09-19,61.42978286743164,61.70699079794406,61.11042377402852,61.11091940299707,16554000,GOOGL
2019-09-20,60.98793411254883,61.63062110183723,60.677500130138256,61.176375269413754,37692000,GOOGL
2019-09-23,61.228450775146484,61.47590584591397,60.68742065329418,60.82577681081877,20798000,GOOGL
2019-09-24,60.41715621948242,61.84435965183602,60.03580942973983,61.49177447782078,35804000,GOOGL
2019-09-25,61.786338806152344,61.88948638631289,59.96439530930563,60.30210403560612,26798000,GOOGL
2019-09-26,61.60532760620117,61.72335539761474,61.08612034016491,61.59788938854766,23166000,GOOGL
2019-09-27,60.79502868652344,61.73922455625371,60.261932446996404,61.63210816601724,34122000,GOOGL
2019-09-30,60.55650329589844,60.867432931571535,60.1736696213121,60.52972419632317,24470000,GOOGL
2019-10-01,59.80569839477539,61.13769163971601,59.783383743412955,60.62344069999318,24504000,GOOGL
2019-10-02,58.4132194519043,59.44667782034563,58.15088793600991,59.33460512951932,33030000,GOOGL
2019-10-03,58.9839973449707,59.06185271029427,57.68027372624603,58.68199283402586,28368000,GOOGL
2019-10-04,60.051673889160156,60.126059852899786,59.06036675741137,59.225006378900304,24282000,GOOGL
2019-10-07,59.91728591918945,60.44591775673963,59.72438030235349,59.85529824338502,17040000,GOOGL
2019-10-08,59.018707275390625,59.848844132939014,58.986472477126554,59.44716525241089,20086000,GOOGL
2019-10-09,59.62718200683594,59.927699641137494,59.41493551600524,59.57412322169878,15948000,GOOGL
2019-10-10,59.977783203125,60.28276149090134,59.402043943686515,59.43873940465418,12842000,GOOGL
2019-10-11,60.287227630615234,60.933883468749734,60.18457567938561,60.699817951472276,22330000,GOOGL
2019-10-14,60.389381408691406,60.79155593707304,60.09729704509824,60.196971434793475,13296000,GOOGL
2019-10-15,61.60285186767578,61.8453468528773,60.545592043984996,60.57435365782563,27584000,GOOGL
2019-10-16,61.640541076660156,62.19545255415238,61.41887007961055,61.58152717988631,22986000,GOOGL
2019-10-17,62.126522064208984,62.66953466128119,61.98122332826266,62.05709617616047,20958000,GOOGL
2019-10-18,61.71046447753906,62.389846945762145,61.49871362002821,62.22025103490627,31624000,GOOGL
2019-10-21,61.70401382446289,62.16172904490306,61.491271721739686,61.92320288687026,18094000,GOOGL
2019-10-22,61.5512809753418,61.92469389924961,61.48433322932572,61.71393429825658,22862000,GOOGL
2019-10-23,62.36604690551758,62.38637904416191,61.50218828619417,61.50218828619417,21282000,GOOGL
2019-10-24,62.43943786621094,62.62738339257661,62.104207304901045,62.43943786621094,20224000,GOOGL
2019-10-25,62.696815490722656,62.88030037467045,61.945525156371076,62.08685509100352,27104000,GOOGL
2019-10-28,63.92069625854492,64.42949157988647,63.094032497897665,63.22742858237016,65428000,GOOGL
2019-10-29,62.51630401611328,63.515049360480866,62.26587139899458,63.27701503448946,52654000,GOOGL
2019-10-30,62.51829147338867,62.881292430431635,62.01991191146884,62.24306603568905,29204000,GOOGL
2019-10-31,62.424068450927734,62.806905915329345,61.96188872789895,62.48357798246875,31904000,GOOGL
2019-11-01,63.09104919433594,63.128244066053234,62.469189984190244,62.77119448475886,28812000,GOOGL
2019-11-04,63.951942443847656,64.09525868097215,63.28247628200852,63.28247628200852,30632000,GOOGL
2019-11-05,64.04268646240234,64.3303101709865,63.94053392587644,64.03078380018343,25148000,GOOGL
2019-11-06,64.02135467529297,64.1195421671618,63.58794043675545,63.97573411514522,24626000,GOOGL
2019-11-07,64.81133270263672,65.59039331831046,64.15723868532784,64.1835183702277,45140000,GOOGL
2019-11-08,64.91348266601562,65.31566095485586,64.54254791724352,64.54254791724352,30392000,GOOGL
2019-11-11,64.38188934326172,64.71017734604172,64.26237843589956,64.6655404685864,17234000,GOOGL
2019-11-12,64.32881927490234,64.93084578823698,64.1815380183125,64.39626264933645,28852000,GOOGL
2019-11-13,64.27774047851562,64.59214327190867,64.0778922913603,64.12896855743497,20538000,GOOGL
2019-11-14,64.9209213256836,65.2467349264143,64.16665731618855,64.21922425111995,28948000,GOOGL
2019-11-15,66.13042449951172,66.13042449951172,65.05679393779715,65.21350347174067,39286000,GOOGL
2019-11-18,65.45103454589844,66.14926594329124,65.26854474247473,66.0709111763446,27984000,GOOGL
2019-11-19,65.09152221679688,65.78776365557141,65.05085793939855,65.78776365557141,21864000,GOOGL
2019-11-20,64.55941009521484,65.12225535670059,63.93209524218455,65.03051482525855,28892000,GOOGL
2019-11-21,64.47412109375,65.01861677417807,64.0084644651908,64.429983634344,25546000,GOOGL
2019-11-22,64.15328216552734,64.80935878570455,63.93954877129495,64.6159575316089,27776000,GOOGL
2019-11-25,64.74687194824219,64.983419412069,64.24948741504542,64.28172221866342,23590000,GOOGL
2019-11-26,65.1118392944336,65.16192429440395,64.66751368659874,64.95860295444272,21910000,GOOGL
2019-11-27,65.06871032714844,65.34195702798004,64.93680491082387,65.23186685461462,18808000,GOOGL
2019-11-29,64.67000579833984,64.96060330050324,64.62735900315724,64.79448056426496,12802000,GOOGL
2019-12-02,63.91474914550781,64.73695603423214,63.494221183343114,64.59413164762199,26538000,GOOGL
2019-12-03,64.20633697509766,64.32982047875444,63.32908879632184,63.40892668143017,25270000,GOOGL
2019-12-04,65.40641784667969,65.6707356536874,64.61842828244268,64.76968214417802,35506000,GOOGL
2019-12-05,65.80413055419922,65.85471497800788,65.17731500969089,65.80611307013608,24408000,GOOGL
2019-12-06,66.42052459716797,66.57326153784028,66.01587196519705,66.09124539427988,32968000,GOOGL
2019-12-09,66.59906005859375,67.32109691536094,66.25589562423183,66.3942555651881,30842000,GOOGL
2019-12-10,66.59410095214844,66.84750734354655,66.15324087344685,66.44781095349515,17606000,GOOGL
2019-12-11,66.66155242919922,66.94123854037991,66.50534226526831,66.86239190658026,20480000,GOOGL
2019-12-12,66.87178802490234,67.17378868163621,66.36150974854984,66.6099522221171,29114000,GOOGL
2019-12-13,66.79146575927734,67.01362860346082,66.53310308380729,66.84254202624732,33170000,GOOGL
2019-12-16,67.47731018066406,67.6176450772123,66.97694431367663,67.19464273779465,28128000,GOOGL
2019-12-17,67.18917846679688,67.65730947093114,66.98486583558378,67.56209574408568,32948000,GOOGL
2019-12-18,67.04141235351562,67.41432971173835,66.96951208896532,67.29382753188531,23330000,GOOGL
2019-12-19,67.26605224609375,67.32010986052664,66.88470543834259,67.04140744524219,28922000,GOOGL
2019-12-20,67.00719451904297,67.64095652823882,66.98289734500527,67.59632721261303,50090000,GOOGL
2019-12-23,66.9779281616211,67.53432652981114,66.84750585981473,67.37960705864413,19936000,GOOGL
2019-12-24,66.67046356201172,67.04636218280068,66.65757720914816,66.9570960026882,13468000,GOOGL
2019-12-26,67.56507873535156,67.60128613780807,66.72403033918864,66.7756060246941,23662000,GOOGL
2019-12-27,67.1767807006836,67.79219292580306,67.09545215530571,67.64093908382699,23212000,GOOGL
2019-12-30,66.43640899658203,67.29382453157257,66.34367718193478,67.2844037964248,19994000,GOOGL
2019-12-31,66.42052459716797,66.48350351999262,66.06050126795084,66.24199981929917,19514000,GOOGL
2020-01-02,67.8730239868164,67.8730239868164,66.77262179859589,66.86783552352698,27278000,GOOGL
2020-01-03,67.51795196533203,68.12444284241023,66.81377300921453,66.84749847538635,23408000,GOOGL
2020-01-06,69.31759643554688,69.34288486446046,66.9962821053439,67.02751808217074,46768000,GOOGL
2020-01-07,69.18370056152344,69.59976407326137,69.00765768436452,69.44900962487809,34330000,GOOGL
2020-01-08,69.67613983154297,70.01384861532522,69.06072743214773,69.16932694962124,35314000,GOOGL
2020-01-09,70.40758514404297,70.84843766453115,69.93250773983897,70.51370271406968,33200000,GOOGL
2020-01-10,70.86231994628906,71.15887253591534,70.39816153236073,70.88761594044897,26258000,GOOGL
2020-01-13,71.41129302978516,71.48319328541425,70.68429987467893,71.17424616511539,30730000,GOOGL
2020-01-14,70.94316101074219,71.54022369151787,70.80331039967703,71.40980138157744,26076000,GOOGL
2020-01-15,71.3701400756836,71.44849487036305,70.99623144948461,71.06367483770075,21550000,GOOGL
2020-01-16,71.91363525390625,71.94041435124791,71.40979626083083,71.68006159560105,26080000,GOOGL
2020-01-17,73.36959838867188,73.42067465653932,72.23051437982828,72.52755882003636,52424000,GOOGL
2020-01-21,73.50498962402344,73.88336264250772,72.90791936171401,73.34381561207009,48930000,GOOGL
2020-01-22,73.58531188964844,74.41396566579424,73.5253143022731,73.87591692725086,28458000,GOOGL
2020-01-23,73.62598419189453,74.06287927041319,73.40927702930324,73.7678173234847,26650000,GOOGL
2020-01-24,72.70756530761719,74.09757360680229,72.55928524517289,74.02913898316754,29786000,GOOGL
2020-01-27,70.99968719482422,71.24019965615449,70.3931962623692,70.99026646132236,34132000,GOOGL
2020-01-28,71.93050384521484,72.14373782775851,70.93175461327948,71.49609068205544,29724000,GOOGL
2020-01-29,72.23795318603516,72.60690544755049,71.67709035915647,72.32522928653594,21566000,GOOGL
2020-01-30,72.11646270751953,72.1660483074748,71.16185099783613,71.3155792213507,27110000,GOOGL
2020-01-31,71.05175018310547,72.88112787586384,70.76809153712954,72.79136985685548,43822000,GOOGL
2020-02-03,73.5223388671875,73.70582753071683,72.23349161238843,72.48342482845398,71636000,GOOGL
2020-02-04,71.67807006835938,72.76557823057527,70.51865409884083,72.12835081014188,95880000,GOOGL
2020-02-05,71.7098159790039,72.62871964997271,70.89802869966074,72.58061715621994,36376000,GOOGL
2020-02-06,73.19355773925781,73.4707694622342,71.92950709001718,72.00388927199774,37822000,GOOGL
2020-02-07,73.34925842285156,73.65374104853788,72.66987603102721,72.7680635245262,28360000,GOOGL
2020-02-10,74.81466674804688,74.82557815384178,73.15538394851609,73.25605339560026,38302000,GOOGL
2020-02-11,74.88408660888672,75.86696810584262,74.65547678552417,75.04327053759313,34852000,GOOGL
2020-02-12,75.30908203125,75.39189369571822,74.81516311800998,75.17171334002595,31042000,GOOGL
2020-02-13,75.0492172241211,75.67206769006663,74.58356058636251,74.88110442539049,22914000,GOOGL
2020-02-14,75.31401824951172,75.37947909731743,74.66041616294213,75.10574061272382,23198000,GOOGL
2020-02-18,75.3492431640625,75.90068528400265,74.93119712969819,75.09633617170891,25642000,GOOGL
2020-02-19,75.61851501464844,75.90961191518042,75.42561318763357,75.73406088600595,22746000,GOOGL
2020-02-20,75.22773742675781,75.72760378166284,74.5964499569271,75.32790743593482,25962000,GOOGL
2020-02-21,73.56499481201172,74.92823198652577,73.31853475167003,74.61233845734078,42520000,GOOGL
2020-02-24,70.41105651855469,71.23028967425653,69.76291752799771,70.56924919541633,49560000,GOOGL
2020-02-25,68.74781036376953,71.25359725489407,68.4552303299718,70.96349914969215,51580000,GOOGL
2020-02-26,68.95360565185547,70.1041006176885,68.26331169909781,69.17725919757333,49776000,GOOGL
2020-02-27,65.20856475830078,67.90875203458694,65.17335617584862,67.39995661569947,62290000,GOOGL
2020-02-28,66.41358947753906,66.5722739739755,62.89070436777219,63.193204492422396,80198000,GOOGL
2020-03-02,68.74781036376953,68.8048341866294,65.71686100211107,67.01562850899076,55430000,GOOGL
2020-03-03,66.33771514892578,69.83233041381229,65.91718724409012,69.31114065170213,56602000,GOOGL
2020-03-04,68.51374053955078,68.57225502928063,66.30201692418471,67.39101599549596,47598000,GOOGL
2020-03-05,65.19912719726562,67.1267001116849,64.54850635828724,66.72600490557134,54380000,GOOGL
2020-03-06,64.25592803955078,64.6035493381855,62.34521781036266,62.9769971984103,64640000,GOOGL
2020-03-09,60.291194915771484,62.12305473019572,59.410969211683664,59.75413363170908,69252000,GOOGL
2020-03-10,63.2358512878418,63.269572972951494,60.22771277532329,62.20537061822726,54872000,GOOGL
2020-03-11,60.04869842529297,62.33133476819371,59.06879829263046,61.901885489595976,54732000,GOOGL
2020-03-12,55.12192153930664,58.950281093480896,54.96918456837145,55.67088552919475,94326000,GOOGL
2020-03-13,60.215816497802734,60.22226345773861,55.158611522233514,58.2679152243598,79400000,GOOGL
2020-03-16,53.21022033691406,56.804014722190885,52.91664529324998,54.03391030090798,96520000,GOOGL
2020-03-17,55.44474792480469,55.83849297321683,52.02501404698684,54.08498798539528,83194000,GOOGL
2020-03-18,54.11225891113281,54.796601385111515,51.42496645364691,52.56256725349607,93044000,GOOGL
2020-03-19,55.127872467041016,57.15809373620562,52.34487397039444,53.964983044434405,74064000,GOOGL
2020-03-20,52.97267532348633,56.457374166486815,52.66967958187416,56.08147935576829,82878000,GOOGL
2020-03-23,52.274452209472656,52.90821410094761,50.030002120502026,52.385533632275504,83672000,GOOGL
2020-03-24,56.037349700927734,56.20198931680837,53.87621071144316,54.74652002572422,72468000,GOOGL
2020-03-25,54.62948989868164,56.83872770368654,53.70661738665387,55.768078303487016,90324000,GOOGL
2020-03-26,57.669368743896484,58.09386175834299,54.15392506628862,55.2791240135285,76562000,GOOGL
2020-03-27,55.057945251464844,57.08072809299469,54.747511270415124,55.91139183073007,62794000,GOOGL
2020-03-30,56.845672607421875,57.07825124528936,54.47427322697181,56.16777698755777,58736000,GOOGL
2020-03-31,57.62125778198242,58.18906316864204,56.370097362055304,56.96567688694709,65228000,GOOGL
2020-04-01,54.653289794921875,56.008093464132045,54.22631868304361,55.73931501110959,51970000,GOOGL
2020-04-02,55.3936653137207,55.67831142382293,54.20846148913313,54.54914393254731,56410000,GOOGL
2020-04-03,54.1871452331543,55.480952582798494,53.31337022040269,55.278626230732584,51374000,GOOGL
2020-04-06,58.674560546875,59.049460387953076,55.788910047440375,56.18563269892655,63320000,GOOGL
2020-04-07,58.643310546875,60.5386486628773,58.37998779819019,60.35169060850497,61620000,GOOGL
2020-04-08,59.85529327392578,60.247055806495155,58.71224047565648,59.661892044147216,40334000,GOOGL
2020-04-09,59.8339729309082,60.59865278435294,59.132272009251324,60.40971598898934,54028000,GOOGL
2020-04-13,60.02439498901367,60.228211985811114,58.631904675648435,59.58254746490999,38702000,GOOGL
2020-04-14,62.74293518066406,63.2646206472992,60.92346976589179,61.49028773908295,63358000,GOOGL
2020-04-15,62.34968566894531,63.232885198503794,61.19423448072011,61.81460686948649,42236000,GOOGL
2020-04-16,62.35612487792969,63.14609692046677,61.40250825663297,62.837645447215486,57896000,GOOGL
2020-04-17,63.425785064697266,63.971275807142504,62.78111177962652,63.55967676795776,51050000,GOOGL
2020-04-20,62.54059982299805,63.3176779307609,62.307029946262375,62.97401789004605,35292000,GOOGL
2020-04-21,60.11117935180664,61.98766835322001,59.75611229250409,61.62615811769642,49648000,GOOGL
2020-04-22,62.40472412109375,63.46942212095462,61.352916257316856,61.54681311207686,46296000,GOOGL
2020-04-23,63.03749084472656,63.879534159122194,62.50985410412235,62.76821677257481,34202000,GOOGL
2020-04-24,63.3067741394043,63.36181922472336,61.69013452627562,62.23562530613796,37402000,GOOGL
2020-04-27,63.02212142944336,64.1745987676371,62.73449772386327,64.07045614945028,44186000,GOOGL
2020-04-28,61.12430953979492,63.71142467884531,61.0147150018543,63.63406872473429,80700000,GOOGL
2020-04-29,66.55889129638672,67.45002460634528,65.7927245869815,66.6987343327068,108358000,GOOGL
2020-04-30,66.78304290771484,66.9466912833189,65.53336921837345,66.02233182914512,55842000,GOOGL
2020-05-01,65.32608032226562,67.01760531854285,64.94622420976376,65.66180653739475,48872000,GOOGL
2020-05-04,65.602783203125,65.68064612813664,64.26930683547664,64.87034202825359,30806000,GOOGL
2020-05-05,66.89807891845703,67.98856850629761,66.20431948237466,66.32680414700387,39666000,GOOGL
2020-05-06,66.72004699707031,67.87351539698507,66.70517056369631,67.34339679611239,31732000,GOOGL
2020-05-07,67.90278625488281,68.23603812169104,67.0726492790664,67.50755427769955,30652000,GOOGL
2020-05-08,68.64960479736328,69.25956128997706,68.03815763461286,68.52463821205002,33326000,GOOGL
2020-05-11,69.6042251586914,70.19633158338425,68.21124277247152,68.27521296690415,32718000,GOOGL
2020-05-12,68.19537353515625,70.13682424784653,68.16214747442724,69.83383223606998,33918000,GOOGL
2020-05-13,66.8638687133789,68.69870991776949,65.8561982347185,68.24396464855478,40368000,GOOGL
2020-05-14,67.28687286376953,67.3121612901518,65.62262654118136,66.1294392946917,36660000,GOOGL
2020-05-15,68.0902328491211,68.16560628520914,66.40118989060014,66.86039957997617,41544000,GOOGL
2020-05-18,68.69126892089844,69.06715998167876,67.15496289864852,67.52094138012248,47094000,GOOGL
2020-05-19,68.15669250488281,69.05377345364818,68.12495711426654,68.70615212677366,31586000,GOOGL
2020-05-20,69.88043975830078,70.02276472704372,68.80235214483642,68.88863698818672,38262000,GOOGL
2020-05-21,69.76093292236328,70.24244974483369,69.14799496101227,69.9711931242331,30894000,GOOGL
2020-05-22,70.082763671875,70.26921852029433,69.22534831600099,69.61958897415187,28544000,GOOGL
2020-05-26,70.48593139648438,71.6632053320512,70.38824330390248,71.5069951861751,44590000,GOOGL
2020-05-27,70.431884765625,70.68330865481425,69.15841334614704,70.4179995868047,31684000,GOOGL
2020-05-28,70.33072662353516,71.63097720073782,69.38057930647166,69.42619987696052,35170000,GOOGL
2020-05-29,71.08846282958984,71.24764676163868,70.218652828686,70.4393250257835,37044000,GOOGL
2020-06-01,71.1553955078125,71.48814791077972,70.53105438742989,70.70065785212817,25162000,GOOGL
2020-06-02,71.52434539794922,71.55856271044368,70.49782602311556,71.1618401370753,23442000,GOOGL
2020-06-03,71.37259674072266,71.85659538466791,70.99422380337077,71.54368329606875,27732000,GOOGL
2020-06-04,70.13533020019531,71.47526126931832,69.72423054944969,71.25011707361648,26982000,GOOGL
2020-06-05,71.4107894897461,71.72221852046398,69.80406630546283,70.20178017806124,42642000,GOOGL
2020-06-08,71.8084945678711,71.85609764370997,70.64014967536586,70.72941584698744,33878000,GOOGL
2020-06-09,72.00884246826172,72.78840250945899,71.52682627591334,71.66965065277674,33624000,GOOGL
2020-06-10,72.63467407226562,73.0348622998667,72.1219137520516,72.47648141459497,31762000,GOOGL
2020-06-11,69.52041625976562,71.98504674451961,69.34734716096332,71.46087559148388,47144000,GOOGL
2020-06-12,70.0669174194336,71.13756704750635,68.7220297862396,70.70860953212869,36676000,GOOGL
2020-06-15,70.45469665527344,70.66594810504006,68.79144145539158,68.90500481086467,30468000,GOOGL
2020-06-16,71.73064422607422,72.26125473639239,70.86380812050945,71.85610266711461,30648000,GOOGL
2020-06-17,72.03166198730469,72.51070444213754,71.168298968231,72.05150228105227,30610000,GOOGL
2020-06-18,71.11820983886719,72.05298121424725,70.72743476994945,71.8982617395041,34862000,GOOGL
2020-06-19,70.64808654785156,71.63294279747056,70.36839294216394,71.40978872108786,52784000,GOOGL
2020-06-22,71.93843841552734,71.95282300836644,70.37784251246212,70.66645752564918,29442000,GOOGL
2020-06-23,72.59896087646484,73.15536677281354,71.65774262823108,72.00487204800746,37752000,GOOGL
2020-06-24,71.04779052734375,73.18462478275211,70.91389504036651,72.5642562323238,31592000,GOOGL
2020-06-25,71.46435546875,71.52485247707787,70.39518907866939,70.97440158641986,23958000,GOOGL
2020-06-26,67.56854248046875,71.26201482286062,67.19463394651147,71.04431642722474,97640000,GOOGL
2020-06-29,69.28584289550781,69.32700657961172,67.02849910104547,67.45943898586187,45074000,GOOGL
2020-06-30,70.3212890625,70.61635097847407,68.77804426486243,69.27147126590755,40286000,GOOGL
2020-07-01,71.50898742675781,71.8303366506113,70.12939074591128,70.37684962477725,42182000,GOOGL
2020-07-02,72.89402770996094,73.81591270905315,71.9587569455247,71.99694685942596,57218000,GOOGL
2020-07-06,74.36785125732422,74.88111101976311,73.24364363672055,73.79756767696199,44712000,GOOGL
2020-07-07,73.88533782958984,75.44246780197778,73.87442642573149,74.19329366469888,42364000,GOOGL
2020-07-08,74.563720703125,74.93911986849916,74.00334980572426,74.42486894273686,31766000,GOOGL
2020-07-09,75.3105697631836,75.83027655124542,74.16652927231475,74.87764724395905,41836000,GOOGL
2020-07-10,76.3197250366211,76.43527091513984,74.42092109962981,75.04228097916123,35918000,GOOGL
2020-07-13,74.99169158935547,78.17190408455957,74.71051486489596,76.8617335973757,42954000,GOOGL
2020-07-14,75.41966247558594,75.51586747193137,73.68748069578344,74.02767136950519,38108000,GOOGL
2020-07-15,75.2222900390625,76.18681428524529,74.2775985185989,75.53718469026553,31026000,GOOGL
2020-07-16,75.1250991821289,75.17419293783173,73.80351767649992,74.45959427860498,26484000,GOOGL
2020-07-17,75.22079467773438,75.54710012521701,74.29097965125972,75.22376845137862,34264000,GOOGL
2020-07-20,77.5510482788086,77.80742846308635,74.5191078119618,75.12906443419325,30166000,GOOGL
2020-07-21,77.15827941894531,78.70202356898034,76.99463106769095,78.60185355585298,27486000,GOOGL
2020-07-22,77.60111999511719,77.70674570726749,76.52898004749464,77.1478654526856,24482000,GOOGL
2020-07-23,75.21585083007812,77.87388279477673,74.81119054190296,77.65469369706234,33910000,GOOGL
2020-07-24,74.79234313964844,75.15038400386956,73.76979622867519,74.34504365729109,29902000,GOOGL
2020-07-27,75.84465789794922,76.2478275632502,74.99667059081123,75.04279057936267,27124000,GOOGL
2020-07-28,74.56621551513672,75.67504727423581,74.41099662396583,75.62496226274747,30910000,GOOGL
2020-07-29,75.55106353759766,76.03803598682765,74.53446428373476,74.63315119222594,22676000,GOOGL
2020-07-30,76.28799438476562,76.41296100573945,74.14569648203324,74.28454828311527,36042000,GOOGL
2020-07-31,73.78763580322266,74.63413971739837,72.10404870762487,74.23890781925564,91468000,GOOGL
2020-08-03,73.5302734375,74.27263483646993,72.982796377369,73.93889871670713,45482000,GOOGL
2020-08-04,73.0611572265625,74.0435393333621,72.6014556409733,73.72616272675874,37212000,GOOGL
2020-08-05,73.34828186035156,73.88931200767865,72.95800616932094,73.2357173222867,29134000,GOOGL
2020-08-06,74.63066864013672,74.6961294926301,72.99171836772238,73.20247794748174,33306000,GOOGL
2020-08-07,74.30438995361328,75.38148647344788,73.70434585673274,74.83351747807848,27718000,GOOGL
2020-08-10,74.22750854492188,74.73976942853685,73.26892434364396,73.92897345317232,20546000,GOOGL
2020-08-11,73.42018127441406,74.9029290830015,73.30364415071575,74.08766106264545,31098000,GOOGL
2020-08-12,74.74423217773438,74.96392064558853,73.64134809525314,73.74648196265801,22512000,GOOGL
2020-08-13,75.21088409423828,76.21856217706964,74.79234620944766,74.79234620944766,22388000,GOOGL
2020-08-14,74.61479949951172,75.36658911360824,74.33560529912201,75.06011640568661,21942000,GOOGL
2020-08-17,75.1905517578125,75.56446789757864,74.63316208489026,75.17716599131961,19990000,GOOGL
2020-08-18,77.15135192871094,77.23019855885632,75.45983443901895,75.68050663430974,28378000,GOOGL
2020-08-19,76.59742736816406,77.79998980713675,76.36881754336467,76.98819489670538,30472000,GOOGL
2020-08-20,78.16646575927734,78.36085827945097,76.09409318385686,76.36733233930526,26382000,GOOGL
2020-08-21,78.13275146484375,78.94156512969232,77.47518411657586,77.94578958821398,34838000,GOOGL
2020-08-24,78.60781860351562,79.7796370070869,78.10646144704455,78.97081580396583,25638000,GOOGL
2020-08-25,79.63432312011719,79.78457814472273,78.24728090400605,78.35737106631586,25150000,GOOGL
2020-08-26,81.53263092041016,81.96208775118443,79.39282281884792,79.65664120321837,52188000,GOOGL
2020-08-27,80.7585220336914,81.72403739769783,80.27699774879736,81.65560277527369,31350000,GOOGL
2020-08-28,81.299560546875,81.3947742823975,80.61423049630892,80.80564922534911,22418000,GOOGL
2020-08-31,80.8086166381836,81.5509780158824,80.60033897276564,81.50485803874443,26422000,GOOGL
2020-09-01,82.07564544677734,82.2809493495807,80.80862102170718,80.93904333000434,22652000,GOOGL
2020-09-02,85.16561889648438,85.59755015191129,82.3290619784215,82.71685576471795,49522000,GOOGL
2020-09-03,80.80762481689453,84.30323151911709,79.7265559132381,84.27942619556264,63726000,GOOGL
2020-09-04,78.41242218017578,81.07937516659749,76.26814209838817,79.79052798096303,55850000,GOOGL
2020-09-08,75.55553436279297,77.13993533300419,75.20344105449351,75.62496025313807,54032000,GOOGL
2020-09-09,76.72735595703125,77.2971401284128,75.63339304854327,76.81016761668064,39242000,GOOGL
2020-09-10,75.6770248413086,78.0380120006391,75.37700663755594,76.87363960393168,33024000,GOOGL
2020-09-11,75.16675567626953,76.30434911532208,74.03907481748664,75.78117674902929,30706000,GOOGL
2020-09-14,74.82308197021484,77.21183946322891,74.63860963235427,75.95472771220844,42660000,GOOGL
2020-09-15,76.12681579589844,76.9138141369124,75.48115874300053,75.7682830632299,23042000,GOOGL
2020-09-16,74.98475646972656,77.08142606699325,74.95995988574093,76.49180158810144,22128000,GOOGL
2020-09-17,73.74251556396484,74.31875423371972,72.52359367520403,73.68151914994446,40008000,GOOGL
2020-09-18,71.9597396850586,74.14716568143275,70.99422431808284,73.80499256825979,63056000,GOOGL
2020-09-21,70.92084503173828,71.41277382224862,69.55909872730024,70.99423595541519,56908000,GOOGL
2020-09-22,72.3926773071289,72.59848063067304,70.88910537519139,71.92157247881308,33950000,GOOGL
2020-09-23,69.89183044433594,72.05842484061942,69.55908563863417,72.00933109660266,37726000,GOOGL
2020-09-24,70.55982971191406,71.3101288291566,69.53281825836872,69.55910551414044,34552000,GOOGL
2020-09-25,71.36318969726562,71.70436404875389,69.8070508636011,70.66843135233466,30326000,GOOGL
2020-09-28,72.33514404296875,73.04577000235808,71.72122247765688,72.9961844081179,30784000,GOOGL
2020-09-29,72.70012664794922,72.99667163732526,72.10404776205746,72.59549219750033,31816000,GOOGL
2020-09-30,72.67930603027344,73.7008616762661,72.19134227406526,72.44821428907602,40924000,GOOGL
2020-10-01,73.78516387939453,74.14073037908443,73.23471303836575,73.57490368942042,32884000,GOOGL
2020-10-02,72.18340301513672,73.34530108822473,71.77428589367447,72.38325120895068,31222000,GOOGL
2020-10-05,73.53376007080078,73.626491890223,72.40607909840801,72.53302824034571,21602000,GOOGL
2020-10-06,71.95628356933594,73.61754863021302,71.65824787299684,73.17024916293467,26096000,GOOGL
2020-10-07,72.35896301269531,72.84643497280706,71.07408069431314,72.36739248963742,36108000,GOOGL
2020-10-08,73.5634994506836,73.79160984769521,72.67186671262658,72.67186671262658,26076000,GOOGL
2020-10-09,74.90342712402344,74.97285301834012,73.74053771907792,74.03113521720735,32966000,GOOGL
2020-10-12,77.58822631835938,78.76995701320932,75.83818706732326,76.26962637160483,55344000,GOOGL
2020-10-13,77.71121215820312,78.60830053326004,77.29267433018113,78.2041397278234,39072000,GOOGL
2020-10-14,77.53120422363281,78.54333914498373,76.66139427283109,78.08463641146828,33174000,GOOGL
2020-10-15,77.1359634399414,77.92593541611845,76.42484564784411,76.59195961535212,31210000,GOOGL
2020-10-16,77.74247741699219,78.23887074441667,77.24459341891476,77.45138046258569,34194000,GOOGL
2020-10-19,75.87043762207031,78.54731865297327,75.5218250273045,78.150595991625,29734000,GOOGL
2020-10-20,76.91827392578125,78.04694597778177,75.40180813556019,75.53123918577117,41670000,GOOGL
2020-10-21,78.64945983886719,80.09501655041937,77.71468849305327,77.84907582540164,60322000,GOOGL
2020-10-22,79.67450714111328,80.00973399817804,78.22746698979007,78.60038435687784,30512000,GOOGL
2020-10-23,80.97970581054688,81.0362377810544,79.93483669697007,80.09055499720758,30548000,GOOGL
2020-10-26,78.5651626586914,80.81109596389342,77.7464289699495,80.08807542144447,35826000,GOOGL
2020-10-27,79.28868103027344,79.44340050716269,78.20315519687098,78.79526157270044,25902000,GOOGL
2020-10-28,74.9207763671875,77.05364551687353,74.80572991828615,76.86520815058896,45174000,GOOGL
2020-10-29,77.20589447021484,78.78583097305014,75.20592187839175,75.22922779001276,55406000,GOOGL
2020-10-30,80.14311218261719,83.37689063114517,79.42207419697557,82.68857929063469,99878000,GOOGL
2020-11-02,80.55025482177734,82.23235142341763,80.05038085259652,80.51157306203328,44228000,GOOGL
2020-11-03,81.6084976196289,82.27002983001302,79.9447507315101,80.86960946086896,31432000,GOOGL
2020-11-04,86.57694244384766,87.77603157159547,84.4520032958134,84.57994366770366,71342000,GOOGL
2020-11-05,87.40261840820312,88.85660464736164,86.33791656920567,87.79685909810694,39758000,GOOGL
2020-11-06,87.2652587890625,87.70016376285554,86.12220215146095,86.8491952834686,28622000,GOOGL
2020-11-09,87.34906768798828,90.09983143122278,87.15715710598109,89.06290742659552,53440000,GOOGL
2020-11-10,86.17377471923828,87.24789727172411,85.10262594054147,85.77953403684037,43022000,GOOGL
2020-11-11,86.64537811279297,87.42244865386503,86.43858355014122,86.70339318512825,31838000,GOOGL
2020-11-12,86.42668914794922,87.52560837715443,86.18617665930869,86.38602486876236,26474000,GOOGL
2020-11-13,87.8866195678711,88.12812330500522,86.08749390814062,86.68356532652022,29744000,GOOGL
2020-11-16,87.9743881225586,88.98156668140368,87.34459128225902,87.48394246884763,25468000,GOOGL
2020-11-17,87.3609619140625,88.12861930166262,87.25335367641775,87.66841834553581,21314000,GOOGL
2020-11-18,86.31857299804688,87.52659102492422,86.21592105216274,87.11201820971709,20108000,GOOGL
2020-11-19,87.20773315429688,87.4517188316341,85.79193672214883,85.9511206538615,20106000,GOOGL
2020-11-20,86.10733795166016,87.69322985214653,86.03890330804234,87.3778357366407,27694000,GOOGL
2020-11-23,85.66993713378906,86.58388452691703,84.80806483367506,86.29775148895854,22530000,GOOGL
2020-11-24,87.47203063964844,87.59997099672393,85.33122404611635,85.666950197212,27984000,GOOGL
2020-11-25,87.48344421386719,87.79338256520208,86.70140982396333,87.6659416054076,19600000,GOOGL
2020-11-27,88.61856079101562,89.11397029438973,87.50377401389918,87.50377401389918,14790000,GOOGL
2020-11-30,87.00093841552734,88.28730367623308,86.67562420794934,88.05472883709749,32418000,GOOGL
2020-12-01,89.03215789794922,90.33935486908295,87.42890770924123,87.60892319923718,37350000,GOOGL
2020-12-02,90.50050354003906,90.88582287507148,88.52681833296728,89.03214040422921,29424000,GOOGL
2020-12-03,90.34530639648438,91.43578858562074,90.10528575268816,90.28083679102588,24728000,GOOGL
2020-12-04,90.44051361083984,90.72515597863432,89.93617518789623,90.26496258516443,20544000,GOOGL
2020-12-07,90.10677337646484,90.71474746268916,89.41300629000888,90.03337488446918,22288000,GOOGL
2020-12-08,89.82410430908203,90.05420479386552,88.82982716744417,89.68476067965364,19936000,GOOGL
2020-12-09,88.16431427001953,90.6691169876544,87.3778154633778,89.77599364104356,31728000,GOOGL
2020-12-10,87.65799713134766,88.02198549439066,85.96598054461326,87.40756454162828,28688000,GOOGL
2020-12-11,88.0125732421875,88.13704799737961,86.91861796512762,87.27864133152798,18628000,GOOGL
2020-12-14,86.89481353759766,88.75642621466821,86.7395946512999,87.81025159464944,33050000,GOOGL
2020-12-15,87.33220672607422,87.4770060641718,86.36966493036442,87.27170215315259,21352000,GOOGL
2020-12-16,87.1392822265625,87.73039727323327,86.73612025973473,87.73039727323327,24676000,GOOGL
2020-12-17,86.31212615966797,87.61139288477847,85.84796774736196,87.4735323654879,34880000,GOOGL
2020-12-18,85.60348510742188,86.7014130032397,85.04708672490963,86.59281350662172,85256000,GOOGL
2020-12-21,86.01705932617188,86.13806088707005,84.00568362055076,84.7559825869956,33974000,GOOGL
2020-12-22,85.30594635009766,85.9203673555766,84.58986465657318,85.75771025470374,20370000,GOOGL
2020-12-23,85.70316314697266,86.49065326644407,85.35454302432285,85.48992918586241,22974000,GOOGL
2020-12-24,85.99723052978516,86.40634763890155,85.51074990274458,85.74134221937419,9312000,GOOGL
2020-12-28,87.9709243774414,88.61758023825367,86.37710257664094,86.53033139024102,27650000,GOOGL
2020-12-29,87.16756439208984,88.69047715763739,87.03615082463631,88.62898889546618,19726000,GOOGL
2020-12-30,86.10087585449219,87.66346156450165,85.69175873529313,87.52659230132683,21026000,GOOGL
2020-12-31,86.91365051269531,87.15465479498614,86.09292688726012,86.15144893182016,21070000,GOOGL
2021-01-04,85.5990219116211,87.40211241746897,84.65730423081347,87.2786364939041,37324000,GOOGL
2021-01-05,86.28932189941406,86.62553994719731,85.14130899599806,85.547452346587,20360000,GOOGL
2021-01-06,85.4378433227539,86.48370355886428,84.10982268304107,84.31611781252735,46588000,GOOGL
2021-01-07,87.98976135253906,88.1623310238462,85.6302573853082,85.6302573853082,41936000,GOOGL
2021-01-08,89.15464782714844,89.23052068427735,87.33914739180136,88.12961892067057,35484000,GOOGL
2021-01-11,87.09467315673828,88.48766315068418,86.88887738798617,88.12267587614072,34796000,GOOGL
2021-01-12,86.15939331054688,87.67040339276643,85.11552300350571,86.55264274953645,29528000,GOOGL
2021-01-13,86.64636993408203,87.09962451285838,85.65803281300867,85.65803281300867,23432000,GOOGL
2021-01-14,85.83655548095703,87.6530469372006,85.59604301970084,86.72669751036699,29212000,GOOGL
2021-01-15,85.67291259765625,86.6647153768153,84.88393935871447,85.74233848952319,31444000,GOOGL
2021-01-19,88.49211120605469,89.45267036457545,85.93127591068698,86.43560673566675,41660000,GOOGL
2021-01-20,93.23292541503906,94.20736973532452,90.22974701111279,90.5699300649502,64152000,GOOGL
2021-01-21,93.43525695800781,95.81211195428514,93.2002001837018,93.90636933143983,58634000,GOOGL
2021-01-22,93.85231018066406,94.43896084883245,93.05589117003073,93.79776072604933,32744000,GOOGL
2021-01-25,93.93759155273438,95.303310256446,92.19598939699091,94.85302949992742,50586000,GOOGL
2021-01-26,94.6155014038086,95.00230386878823,93.03754741432294,93.5265024141675,31462000,GOOGL
2021-01-27,90.20149230957031,93.25277371377656,89.1273696425718,92.97705264284299,82512000,GOOGL
2021-01-28,91.90044403076172,93.62567923928557,90.79954240185926,90.79954240185926,55278000,GOOGL
2021-01-29,90.61902618408203,91.61975778123126,89.33960734800256,90.94929666786128,44530000,GOOGL
2021-02-01,93.87760925292969,94.99189672698161,91.47347570612914,91.47347570612914,40252000,GOOGL
2021-02-02,95.16943359375,96.66953234686342,94.53715474973095,94.87238913054661,66332000,GOOGL
2021-02-03,102.10014343261719,104.4675776467,99.85222011919001,102.43388711910048,97882000,GOOGL
2021-02-04,101.83979797363281,102.61686853209841,100.92088672711886,102.18642801251289,48596000,GOOGL
2021-02-05,103.58536529541016,103.9379504485251,101.6597824251192,102.13386099437315,29866000,GOOGL
2021-02-08,103.37163543701172,104.8831449457621,102.32181757236562,104.13929285394818,28828000,GOOGL
2021-02-09,102.91887664794922,104.06539887651223,102.65158507922345,102.88961562155747,21892000,GOOGL
2021-02-10,103.46883392333984,104.08375438993346,101.77086950936979,103.30320303558659,25102000,GOOGL
2021-02-11,103.58141326904297,103.84175849827325,102.59506609194028,103.69299411977336,20480000,GOOGL
2021-02-12,103.89283752441406,104.11450097821873,102.82862745386913,103.13609147784828,18990000,GOOGL
2021-02-16,104.66990661621094,106.37779106891139,103.73017139399565,103.73017139399565,31004000,GOOGL
2021-02-17,105.06265258789062,105.25208878200296,103.56156275847486,103.84074940988165,20294000,GOOGL
2021-02-18,104.42739868164062,105.22977275348802,103.80851325413042,104.38723382023842,22546000,GOOGL
2021-02-19,103.58436584472656,105.0606666112544,103.31757370923654,104.52559167005224,37938000,GOOGL
2021-02-22,101.87102508544922,103.16384476891504,101.56059490562103,101.83829844248135,29466000,GOOGL
2021-02-23,102.16162109375,102.77555020656679,98.69576750003357,99.874032566136,34658000,GOOGL
2021-02-24,103.33642578125,103.56007930549984,100.54549736259403,100.66996455548863,22608000,GOOGL
2021-02-25,99.97123718261719,103.29625677290161,99.50211491084727,101.95385140255122,41548000,GOOGL
2021-02-26,100.26679229736328,101.98310623375514,99.23036023728218,100.66549742752122,40042000,GOOGL
2021-03-01,102.63471984863281,102.96052588335621,100.88716247321571,101.56059734973552,26060000,GOOGL
2021-03-02,102.37785339355469,103.87845154552576,101.99055905326092,102.39570360453789,25564000,GOOGL
2021-03-03,99.74610900878906,102.94863663130721,98.88273841636625,101.7564937545508,33892000,GOOGL
2021-03-04,100.86286926269531,102.87920137299997,99.44954734195224,99.91767835282445,49216000,GOOGL
2021-03-05,103.99398803710938,104.44674319929116,100.55788705118852,102.21271269276662,53100000,GOOGL
2021-03-08,99.55220031738281,104.8206529765834,99.43764570827803,103.34882412283017,36868000,GOOGL
2021-03-09,101.18173217773438,102.35007722648686,100.94568414890182,101.6473888421462,33920000,GOOGL
2021-03-10,100.97494506835938,102.2251105144304,100.13885303854282,102.2251105144304,27100000,GOOGL
2021-03-11,104.16606140136719,104.69816257525414,101.97963406928115,102.06740957578127,27702000,GOOGL
2021-03-12,101.65978240966797,103.02896690019689,100.78798996708696,102.96946115627736,33818000,GOOGL
2021-03-15,101.87996673583984,101.90723768058707,100.5583928421277,101.41084443797796,26168000,GOOGL
2021-03-16,103.34038543701172,104.81766986114388,102.12046484256636,102.45271782379997,31900000,GOOGL
2021-03-17,103.25757598876953,104.0896954073164,101.36819296395524,102.57571159931345,26382000,GOOGL
2021-03-18,100.23853302001953,102.58960018110442,100.13141662467372,101.56952763068206,31700000,GOOGL
2021-03-19,100.51722717285156,101.0170935919781,99.32557619974676,100.65459585242806,46072000,GOOGL
2021-03-22,100.70219421386719,101.57745981871109,99.87453168948488,100.55044851754279,33536000,GOOGL
2021-03-23,101.2298355102539,102.35949880770968,100.56880265494154,101.1614008768052,28510000,GOOGL
2021-03-24,100.79344177246094,102.53256214622269,100.61838259998439,101.74705457606407,25218000,GOOGL
2021-03-25,100.78997039794922,101.44356501016514,98.9863728269257,100.62086633670765,35616000,GOOGL
2021-03-26,100.40664672851562,101.1336323017579,99.37119832005897,100.75674996559889,27978000,GOOGL
2021-03-29,101.45099639892578,101.62059986113842,99.45053211267248,100.27918584473142,26492000,GOOGL
2021-03-30,101.48472595214844,102.28808372412591,100.97295690505184,101.80755821783723,27312000,GOOGL
2021-03-31,102.28064727783203,103.45792116829037,101.51100739464236,101.87797712697532,42570000,GOOGL
2021-04-01,105.6160888671875,105.91214206933007,103.71431119831864,103.7549754771254,39880000,GOOGL
2021-04-05,110.03852844238281,110.53592048261828,106.38125583923181,106.47746082606572,48510000,GOOGL
2021-04-06,109.55750274658203,110.48682596318324,109.18706739203486,109.63982255502079,35240000,GOOGL
2021-04-07,111.03380584716797,111.30506244729017,109.74793242768109,109.74793242768109,24134000,GOOGL
2021-04-08,111.59913635253906,112.658382510487,111.23117534122576,112.27207187647824,28664000,GOOGL
2021-04-09,112.60284423828125,112.76649260885407,110.94603596033518,111.35168748380296,26146000,GOOGL
2021-04-12,111.31101989746094,111.91948581429651,110.47790163265579,111.78212470167257,25024000,GOOGL
2021-04-13,111.79750061035156,112.24579894520419,111.23316455138779,111.62691342728266,25682000,GOOGL
2021-04-14,111.1766128540039,112.44215402383693,110.88453229605669,112.44215402383693,21002000,GOOGL
2021-04-15,113.32585906982422,113.8589591031954,111.63583238423234,112.1704155210859,29174000,GOOGL
2021-04-16,113.2018814086914,113.77167310788025,112.61523075801729,113.5237224246354,26282000,GOOGL
2021-04-19,113.54951477050781,114.26014079100582,112.57854354901255,112.57854354901255,30290000,GOOGL
2021-04-20,113.01641082763672,114.00771408699651,111.93088510376728,113.93283250100332,22288000,GOOGL
2021-04-21,112.98368835449219,113.06550874851278,111.32092512104474,112.67126807997798,23204000,GOOGL
2021-04-22,111.70277404785156,113.50587220316932,111.09777377545008,112.837393589657,24146000,GOOGL
2021-04-23,114.05384063720703,114.36080521624167,112.13569603609702,112.4208378072845,29066000,GOOGL
2021-04-26,114.54973602294922,115.27375530667227,113.92440364806384,114.28145321718016,32038000,GOOGL
2021-04-27,113.61001586914062,114.97225396912138,113.37098650498807,114.93158969348886,44386000,GOOGL
2021-04-28,116.9851303100586,120.57247792112227,116.6965153246631,118.6444129864384,81106000,GOOGL
2021-04-29,118.65729522705078,119.22262247919515,117.71954253961522,118.48224361950828,41234000,GOOGL
2021-04-30,116.71038818359375,118.1162643027293,116.36623251844566,117.43043490062821,44856000,GOOGL
2021-05-03,116.19365692138672,118.10138954221922,115.81776586416933,117.2762089404866,28242000,GOOGL
2021-05-04,114.3960189819336,115.29657305551342,111.9090738290094,114.72926326113381,44818000,GOOGL
2021-05-05,114.78976440429688,115.79297039823858,114.46792338467594,115.47708449305684,26636000,GOOGL
2021-05-06,115.90950775146484,115.90950775146484,113.71216888819075,114.371219210084,25190000,GOOGL
2021-05-07,116.63253784179688,117.59062276334002,116.34640478417988,117.22564307589363,28898000,GOOGL
2021-05-10,113.64820861816406,115.59462319092775,113.29065958056633,115.4527900587697,30914000,GOOGL
2021-05-11,112.57257843017578,113.07939117570699,110.78039176678136,111.23414573224053,34186000,GOOGL
2021-05-12,109.1106948852539,111.47763718701425,108.78191506462665,110.39706768816423,46376000,GOOGL
2021-05-13,110.53841400146484,111.0541481508422,109.43155712442402,110.39360709363976,33204000,GOOGL
2021-05-14,112.98517608642578,113.29957888960938,111.577809256897,112.00131096781348,31996000,GOOGL
2021-05-17,113.50786590576172,113.55051270106033,111.85105758223382,112.2507540019044,21598000,GOOGL
2021-05-18,112.19620513916016,114.43818107942103,112.1823199599926,114.17386326279856,22204000,GOOGL
2021-05-19,112.64398956298828,112.8170586512996,110.35987410043673,110.50814660767092,23684000,GOOGL
2021-05-20,114.4019775390625,114.65240260155116,113.24007940429303,113.61101419771367,32352000,GOOGL
2021-05-21,113.7662124633789,114.99407073122583,113.52669126628258,114.92067224724799,40632000,GOOGL
2021-05-24,117.08431243896484,117.30795841330092,114.65042587477578,114.7957246296547,31832000,GOOGL
2021-05-25,117.175048828125,118.22288412982375,116.78477317689254,117.62780399643341,22440000,GOOGL
2021-05-26,118.03990936279297,118.47034990255696,117.35308107918044,117.3560548531477,21572000,GOOGL
2021-05-27,117.16563415527344,118.47332287279623,116.84726630527486,118.47332287279623,35224000,GOOGL
2021-05-28,116.87651824951172,117.82963927117555,116.67816071964592,117.74781887099097,21482000,GOOGL
2021-06-01,118.08304595947266,118.3076907432192,116.74907000230994,117.74881041841671,23354000,GOOGL
2021-06-02,117.55789184570312,118.70094093106418,116.65385700275765,118.478278661861,21158000,GOOGL
2021-06-03,116.41681671142578,116.88494774617168,115.52121891925472,116.3250761646754,18696000,GOOGL
2021-06-04,118.69747161865234,118.96823639262553,117.15224415049533,117.49243481948021,24458000,GOOGL
2021-06-07,119.13037872314453,119.23997703743203,118.07411399726047,118.49265182934205,24120000,GOOGL
2021-06-08,118.93895721435547,119.98431807890844,118.7574586570108,119.6119002311292,24240000,GOOGL
2021-06-09,119.41008758544922,119.65505695022746,118.86261049023591,119.58315669372153,17942000,GOOGL
2021-06-10,120.75843048095703,120.801576684723,119.20378241102719,119.35949314078805,25904000,GOOGL
2021-06-11,120.51395416259766,121.08522897452744,119.95655696176605,120.99993539094038,21958000,GOOGL
2021-06-14,121.44178009033203,121.44227193584572,119.90894733034322,120.61610010936498,22098000,GOOGL
2021-06-15,120.42420196533203,121.76908177598153,120.06367916664863,121.44624948123858,21562000,GOOGL
2021-06-16,119.78248596191406,120.88686070681318,118.49066511474194,120.57543170506727,26472000,GOOGL
2021-06-17,120.74553680419922,121.51815047385836,119.51223033742086,119.7081134975645,25842000,GOOGL
2021-06-18,119.12642669677734,120.60619327255783,119.03121296167414,120.37212775019057,46116000,GOOGL
2021-06-21,120.81396484375,120.99992784761416,118.91565304746868,119.51272322906476,27414000,GOOGL
2021-06-22,121.32772827148438,121.39666231815684,120.07161525109758,120.75198899495656,22390000,GOOGL
2021-06-23,121.12589263916016,122.08645184131146,120.83579457394919,121.09266658134959,19148000,GOOGL
2021-06-24,121.49583435058594,122.04677701360374,121.29747683144915,121.69419186972272,21362000,GOOGL
2021-06-25,121.50426483154297,121.62774832820787,120.5685022175003,120.99993398696205,34594000,GOOGL
2021-06-28,121.53156280517578,121.77852227120239,120.4103288437999,121.67288896710792,28526000,GOOGL
2021-06-29,121.27019500732422,122.01256393063309,120.69346452054683,121.66493508583213,23108000,GOOGL
2021-06-30,121.08870697021484,121.25483726670456,120.35973131531956,120.99448449461066,24474000,GOOGL
2021-07-01,121.44078826904297,121.58211440160566,120.53527041512392,120.72718096682148,18110000,GOOGL
2021-07-02,124.23072814941406,124.37602688380984,122.0507477211,122.14050574564968,25982000,GOOGL
2021-07-06,125.15559387207031,125.39164190205774,123.56126516970392,124.61852879829608,26404000,GOOGL
2021-07-07,125.437255859375,126.24061363873932,125.11888803471057,126.11961963968089,24060000,GOOGL
2021-07-08,124.01898956298828,124.56596723994673,123.00537150808182,123.00933654007592,23790000,GOOGL
2021-07-09,124.48959350585938,124.70381872081973,123.53051741103474,124.00013909575392,18632000,GOOGL
2021-07-12,125.93465423583984,126.02788545144588,124.581337423186,125.14369092382793,17668000,GOOGL
2021-07-13,126.29765319824219,127.00777981268853,125.63612092477611,125.99713556323269,19240000,GOOGL
2021-07-14,127.1858139038086,128.2663910341705,126.865955385297,126.90910159126689,23742000,GOOGL
2021-07-15,125.96390533447266,127.64501069030976,125.49280054236102,127.59443383506836,24218000,GOOGL
2021-07-16,125.92920684814453,126.76380826577638,125.1194020146952,126.61652699799224,20424000,GOOGL
2021-07-19,123.55680847167969,125.17047048995204,122.49259846899817,125.05591587763702,27968000,GOOGL
2021-07-20,125.17493438720703,126.00159811872851,123.33117189440424,124.49851812065599,26312000,GOOGL
2021-07-21,126.50345611572266,126.55006794062126,124.99045595333612,125.09955486427575,20746000,GOOGL
2021-07-22,127.3687744140625,127.42977838717862,126.45384345383056,126.79601657021745,14302000,GOOGL
2021-07-23,131.9246368408203,132.3054917449223,128.73649417322727,129.36131958948965,41506000,GOOGL
2021-07-26,132.93629455566406,133.13663460885186,131.2169991619108,132.2355886482273,30572000,GOOGL
2021-07-27,130.81875610351562,133.29727889774745,129.03748857228877,133.14999766536482,54710000,GOOGL
2021-07-28,134.97840881347656,137.16335335815197,134.16860398036314,135.1946241311871,95130000,GOOGL
2021-07-29,134.66452026367188,135.54077731503992,134.43194537955202,135.03396443800386,31716000,GOOGL
2021-07-30,133.6221160888672,134.1953809902093,133.15448447715994,133.92808941978942,25576000,GOOGL
2021-08-02,133.74908447265625,134.22712811804664,132.69727646334016,134.00942969336194,21634000,GOOGL
2021-08-03,134.5182342529297,134.61938798044218,132.22667252736548,134.02728151890318,20762000,GOOGL
2021-08-04,134.01783752441406,134.53754419070725,133.38456751331833,134.24000035779645,19676000,GOOGL
2021-08-05,135.1345977783203,135.2323009960872,133.74061681615711,134.56827929751879,17870000,GOOGL
2021-08-06,134.62579345703125,135.35378528959424,134.10163752154108,134.92681801926122,20488000,GOOGL
2021-08-09,135.79066467285156,136.05945443864798,134.23006169786746,134.8281306553872,17760000,GOOGL
2021-08-10,135.68556213378906,136.64314754338798,135.246684585336,136.21616508986884,19414000,GOOGL
2021-08-11,135.16189575195312,136.55387918721985,135.15444996704406,136.05699411421284,15352000,GOOGL
2021-08-12,136.0693817138672,136.1745155860973,134.31538491071916,134.86086429616063,16506000,GOOGL
2021-08-13,136.59849548339844,136.72645098219778,135.90969991008646,136.12491636761754,15948000,GOOGL
2021-08-16,137.17576599121094,137.22834050741238,134.18994510794082,136.39769644559638,22384000,GOOGL
2021-08-17,135.541259765625,137.13211535901215,134.96651172789996,136.62083810095478,21716000,GOOGL
2021-08-18,134.3386993408203,135.98063113741676,134.21224206544025,135.38107897385382,19258000,GOOGL
2021-08-19,134.56781005859375,135.23479811345257,133.1495391773479,133.33351970472108,21782000,GOOGL
2021-08-20,136.302978515625,136.42645446339975,134.1413397760304,134.88519193745017,31194000,GOOGL
2021-08-23,138.8935546875,139.71971902868404,136.47950099945666,136.83853312618544,28454000,GOOGL
2021-08-24,140.1035614013672,140.91534875374498,139.18812326737765,139.45888047774642,19268000,GOOGL
2021-08-25,140.91433715820312,141.02393547801682,140.21711205572637,140.4640639174662,15848000,GOOGL
2021-08-26,140.28109741210938,141.2500786299819,140.19827061437374,140.58805446280763,20610000,GOOGL
2021-08-27,142.8235626220703,143.3278934785733,140.3371093469741,140.49133697664018,28780000,GOOGL
2021-08-30,143.40524291992188,144.77393543856923,142.98124183306933,143.21629858007987,24434000,GOOGL
2021-08-31,143.51136779785156,143.98148131585134,143.0982932268432,143.9571917138558,22448000,GOOGL
2021-09-01,144.02513122558594,145.05511631686906,143.69585198821633,143.8113978553602,21936000,GOOGL
2021-09-02,142.1124267578125,144.3266243252481,142.01125792514802,144.0256148889435,32342000,GOOGL
2021-09-03,142.56121826171875,142.97330911300233,141.23319004017313,141.90762370846002,19850000,GOOGL
2021-09-07,143.09783935546875,143.38000743854434,142.4417626197491,142.65549605162235,20124000,GOOGL
2021-09-08,142.5131378173828,143.2163256757529,141.8278077374024,142.91879692732815,18344000,GOOGL
2021-09-09,142.36436462402344,143.12755759724692,142.0038493948319,142.66140907531098,15314000,GOOGL
2021-09-10,139.72120666503906,143.53220739667623,139.58433740573318,143.030343356749,36840000,GOOGL
2021-09-13,141.165771484375,141.77820242843924,140.09214075232128,140.7859002496474,22094000,GOOGL
2021-09-14,141.37603759765625,142.18784010424207,140.58805555163053,141.8233446832824,19674000,GOOGL
2021-09-15,143.2455596923828,143.26638367300353,140.18882331612184,141.6011462401537,27408000,GOOGL
2021-09-16,142.4328155517578,143.1171619764454,141.23422561732042,142.77052431927007,26190000,GOOGL
2021-09-17,139.6458282470703,142.27409944382737,139.31853152816512,141.8580435231661,53384000,GOOGL
2021-09-20,137.58238220214844,137.86058517975945,135.20454353336754,137.02895758765368,46518000,GOOGL
2021-09-21,137.89332580566406,138.86380522550456,137.1445098358899,138.60394429145055,25332000,GOOGL
2021-09-22,139.133544921875,139.73209820488628,137.41574800022835,138.16208194134197,25056000,GOOGL
2021-09-23,140.05841064453125,140.53497110583865,139.250588451323,139.83178336894923,20952000,GOOGL
2021-09-24,141.0492401123047,141.16380230179908,139.09142223509036,139.38648419130865,22984000,GOOGL
2021-09-27,139.91561889648438,140.7750169200493,138.9193515942972,139.65030981604136,21882000,GOOGL
2021-09-28,134.71658325195312,137.95630206318702,134.25043470064762,137.5184232831249,45772000,GOOGL
2021-09-29,133.25216674804688,136.02673545516842,132.7676762055498,135.85713198450668,30848000,GOOGL
2021-09-30,132.58021545410156,134.43141608042833,132.46120397036233,133.1609261171282,37996000,GOOGL
2021-10-01,135.42372131347656,135.7882166913334,132.97396732571667,133.3453939422307,35360000,GOOGL
2021-10-04,132.56385803222656,134.845991044881,129.97575169598792,134.845991044881,51202000,GOOGL
2021-10-05,134.90797424316406,136.09963269834668,132.9422266108893,132.9422266108893,32404000,GOOGL
2021-10-06,136.4373321533203,136.62081321973588,133.44704780870487,133.64540530932422,24364000,GOOGL
2021-10-07,138.083740234375,138.89404439125028,137.51444038615332,137.7534621789869,25110000,GOOGL
2021-10-08,138.6396484375,139.1806633910254,138.07629612988345,138.4328463076523,26526000,GOOGL
2021-10-11,137.77528381347656,139.55854921153343,137.72072679461957,138.15019117218512,17954000,GOOGL
2021-10-12,135.33050537109375,138.3634370023765,134.64714270868552,138.33665033617203,36332000,GOOGL
2021-10-13,136.4542236328125,136.86879650740957,135.39993366753524,136.27619065855683,19654000,GOOGL
2021-10-14,139.9939422607422,140.17890644011712,137.68700521186503,138.33068721492134,31894000,GOOGL
2021-10-15,140.20916748046875,140.55630449662968,139.60120099035484,140.4536525487432,30274000,GOOGL
2021-10-18,141.60760498046875,141.62546275603327,139.9131139513097,139.92006032333015,20396000,GOOGL
2021-10-19,142.06285095214844,142.4848695628123,141.43107913400408,142.21211472454237,20164000,GOOGL
2021-10-20,140.6068878173828,142.36932937667234,140.21760340386373,142.16302664662172,23288000,GOOGL
2021-10-21,140.72291564941406,140.99070660858933,139.34827557059145,140.6068703781535,26292000,GOOGL
2021-10-22,136.43882751464844,139.4305952313603,134.94071143427604,138.00934325689758,50588000,GOOGL
2021-10-25,136.3203125,136.86877322103567,134.31388545894404,136.42246503075222,34412000,GOOGL
2021-10-26,138.16656494140625,138.93470665883544,137.17079709217552,138.12193563067672,49236000,GOOGL
2021-10-27,145.01893615722656,147.43149181607174,138.26227904833755,138.26227904833755,85782000,GOOGL
2021-10-28,144.65345764160156,145.95173330507313,143.44147439811337,145.92842739017055,36206000,GOOGL
2021-10-29,146.83242797851562,147.02682046055673,143.46377046547764,143.8887552596137,43320000,GOOGL
2021-11-01,142.32069396972656,146.83241520559218,142.05141992285428,146.83241520559218,46924000,GOOGL
2021-11-02,144.24034118652344,145.40719548804785,143.15233350459803,143.39433663204673,33482000,GOOGL
2021-11-03,145.3963165283203,145.4667336808486,143.405764521186,144.70452437779974,27494000,GOOGL
2021-11-04,147.05210876464844,148.5060949140484,145.10866822451723,145.91847295050908,38412000,GOOGL
2021-11-05,147.63185119628906,149.0952508155655,146.98222150325446,147.9467383281665,38354000,GOOGL
2021-11-08,147.8093719482422,149.3803872526516,147.2137847900475,148.5968545496057,23052000,GOOGL
2021-11-09,147.69776916503906,148.606260776847,146.03797976414563,148.00969001611557,19530000,GOOGL
2021-11-10,144.6975860595703,146.85625857101513,143.35271371379034,146.29092366960225,29970000,GOOGL
2021-11-11,144.57162475585938,146.32613634452161,144.40698511974696,145.28870535866426,16518000,GOOGL
2021-11-12,147.45925903320312,147.62986135268545,144.219040793597,145.4136656401591,22360000,GOOGL
2021-11-15,147.23509216308594,148.32359927216987,146.36528227383033,147.67991725355816,23508000,GOOGL
2021-11-16,146.66383361816406,147.5430567260628,146.10494573454355,146.93509022325514,18904000,GOOGL
2021-11-17,146.8334197998047,147.34171568581732,146.0330433290407,146.81407891963306,19594000,GOOGL
2021-11-18,148.6102294921875,149.3461514524102,146.67225222682112,147.026320462845,35608000,GOOGL
2021-11-19,147.70571899414062,149.7290051929881,147.67844804906963,148.7461161421964,33682000,GOOGL
2021-11-22,145.1027374267578,148.60131822577375,144.94950861350554,148.10839815896483,30594000,GOOGL
2021-11-23,144.58697509765625,145.45778377770264,142.93364778882065,144.9549360689054,27218000,GOOGL
2021-11-24,144.9221954345703,145.05063520690538,143.18952217259164,144.280995397565,18040000,GOOGL
2021-11-26,141.0175018310547,143.37253416299765,140.67979308519273,143.16524773270095,30470000,GOOGL
2021-11-29,144.33755493164062,145.0982659592094,142.7139652055701,142.81959849591408,32596000,GOOGL
2021-11-30,140.7343292236328,144.80319311094968,140.44075042064517,143.81981989380787,42068000,GOOGL
2021-12-01,139.89527893066406,144.75412317905503,139.7569265486594,142.81961122468087,34020000,GOOGL
2021-12-02,141.79408264160156,142.68521600548834,139.06512670151332,140.09214564508795,29194000,GOOGL
2021-12-03,140.8374786376953,143.2163161657655,139.15091751675573,142.50321577437006,41230000,GOOGL
2021-12-06,141.9815216064453,142.67329857712156,139.00114949695094,141.86795825434288,30618000,GOOGL
2021-12-07,146.06228637695312,146.32164786424076,144.03701790710437,144.40299636708085,32240000,GOOGL
2021-12-08,146.97178649902344,147.1766061373384,145.20589435210303,146.3866264476649,24270000,GOOGL
2021-12-09,146.4282684326172,147.87779015183264,145.90906116663706,146.38115719853195,23270000,GOOGL
2021-12-10,146.78831481933594,147.7563124081406,145.5014499291834,147.48109073076458,24458000,GOOGL
2021-12-13,144.63113403320312,146.75705697342113,144.32466128723686,146.5700951293805,27070000,GOOGL
2021-12-14,142.72735595703125,143.2956569953205,140.05742162389038,142.78786052539195,38446000,GOOGL
2021-12-15,145.24057006835938,145.51827360710053,140.51661343560883,142.23342665334246,36370000,GOOGL
2021-12-16,143.26095581054688,146.46645697869997,142.42981251292935,145.96410864255435,33650000,GOOGL
2021-12-17,140.56324768066406,142.65545262972856,140.1417284945182,141.33188874138816,50416000,GOOGL
2021-12-20,140.44619750976562,140.61233535579893,138.17894105107746,138.85237592178575,27192000,GOOGL
2021-12-21,142.29641723632812,142.68966664568237,139.35076199155114,140.88904290220043,28756000,GOOGL
2021-12-22,145.21478271484375,145.29909260146448,141.89473474558528,141.89473474558528,26322000,GOOGL
2021-12-23,145.71218872070312,147.028306818594,145.25148836497797,145.29909901208103,26384000,GOOGL
2021-12-27,146.69407653808594,147.1279902675561,145.96311835123439,146.04891135250273,15976000,GOOGL
2021-12-28,145.4845733642578,147.08335898865232,144.85726596471994,147.02087190142421,18200000,GOOGL
2021-12-29,145.45281982421875,146.2085820571264,144.45358650051998,145.44240783326498,17788000,GOOGL
2021-12-30,145.0020751953125,146.09256498744182,144.7977701008214,145.49152966687038,15688000,GOOGL
2021-12-31,143.6646270751953,145.4959875927401,143.6646270751953,144.85280491667777,18136000,GOOGL
2022-01-03,143.8029327392578,144.65538408063523,142.53490985558838,143.8659040862162,28646000,GOOGL
2022-01-04,143.21585083007812,145.28425084886646,142.53845076978192,144.20417299307056,28400000,GOOGL
2022-01-05,136.6456298828125,143.3150106060316,136.55935260045507,143.23616397542605,54618000,GOOGL
2022-01-06,136.61834716796875,138.7928795446468,135.43909829641714,135.8754939287169,37348000,GOOGL
2022-01-07,135.8938446044922,137.31361360301065,134.6535916733449,137.01308839091683,29760000,GOOGL
2022-01-10,137.53280639648438,137.68158591115076,132.0729417434719,133.9707545272893,44408000,GOOGL
2022-01-11,138.59054565429688,139.06662188460535,135.57200624477076,136.87572990846158,28730000,GOOGL
2022-01-12,140.27114868164062,141.4390018146242,139.54118939726052,139.9929457226333,26108000,GOOGL
2022-01-13,137.4509735107422,141.67902912526233,137.27442366179454,140.37975480829834,31436000,GOOGL
2022-01-14,138.337158203125,139.5883225969847,135.8755088296192,135.95533915327124,29662000,GOOGL
2022-01-18,134.8831787109375,136.00738617411443,134.32827105727515,135.0587297181779,34872000,GOOGL
2022-01-19,134.0089111328125,136.82860852545411,133.90874111772067,135.40437523941512,28648000,GOOGL
2022-01-20,132.2147216796875,136.49783311871093,131.87453108390275,135.133105704383,29908000,GOOGL
2022-01-21,129.282958984375,133.75994832516412,129.02013189885773,131.50658478786562,55652000,GOOGL
2022-01-24,129.73178100585938,130.1275124017033,123.47945498392451,124.94533645029941,76622000,GOOGL
2022-01-25,125.89449310302734,128.33829981975202,125.46356069451652,127.68470512760926,46960000,GOOGL
2022-01-26,128.1736602783203,131.90977994463373,126.09979711495389,130.04420204001252,49130000,GOOGL
2022-01-27,127.9475326538086,131.56512510672957,127.87561726096432,130.2276834310956,31950000,GOOGL
2022-01-28,132.2578887939453,132.26335206297418,127.43177919070502,128.59615164447928,34362000,GOOGL
2022-01-31,134.19436645507812,134.3624868099739,131.12573488414426,133.06222894230496,39986000,GOOGL
2022-02-01,136.51568603515625,136.66346669345492,133.2670388818161,136.466592286511,68644000,GOOGL
2022-02-02,146.78683471679688,150.30425741715118,144.32964959852964,150.01019426294275,123200000,GOOGL
2022-02-03,141.91705322265625,148.4480810526987,141.49603343553346,144.51112229924576,71518000,GOOGL
2022-02-04,142.118408203125,143.6874410729593,139.36317994593287,142.26867081780298,57998000,GOOGL
2022-02-07,138.05996704101562,143.06757616212872,137.76142430297742,143.06757616212872,54974000,GOOGL
2022-02-08,138.25631713867188,138.8523885484705,135.8908729676065,137.8868730262489,54284000,GOOGL
2022-02-09,140.4313201904297,141.3561864794341,139.03783863725855,139.80797789700927,40144000,GOOGL
2022-02-10,137.4836883544922,140.3247091861647,136.8261287196153,138.55831786227063,39330000,GOOGL
2022-02-11,133.18174743652344,138.01578678020195,132.30647428852177,137.46386044180338,39958000,GOOGL
2022-02-14,134.41505432128906,135.18271167288583,132.16415735662878,132.16415735662878,34302000,GOOGL
2022-02-15,135.4886932373047,136.9763973849014,134.7081419187358,136.4427979327925,26680000,GOOGL
2022-02-16,136.60891723632812,136.95405656109108,133.81797410147496,135.52635776433524,25022000,GOOGL
2022-02-17,131.4525604248047,135.98955606011734,131.3925552622797,135.12619300415574,38950000,GOOGL
2022-02-18,129.33404541015625,132.97099324127743,129.1292409403073,132.37292423632954,45620000,GOOGL
2022-02-22,128.7493896484375,131.09697591573786,127.17241181915688,128.77367925061782,44990000,GOOGL
2022-02-23,126.54212951660156,130.9685427450542,126.48212435927555,130.56934576146136,32786000,GOOGL
2022-02-24,131.60330200195312,131.90977476291786,123.92923223959937,123.92923223959937,54456000,GOOGL
2022-02-25,133.3572998046875,134.16264009522365,130.67149031409218,132.45723763350745,36406000,GOOGL
2022-02-28,133.94993591308594,134.63873167161665,131.5056295866077,131.95938366728677,38864000,GOOGL
2022-03-01,132.96255493164062,135.13857036774974,132.12647806196426,133.77285909543676,26496000,GOOGL
2022-03-02,133.46836853027344,134.15369844831133,131.98066460485006,133.52440864701174,23520000,GOOGL
2022-03-03,132.80189514160156,135.32106741558047,131.93505144439177,134.8950837847723,24604000,GOOGL
2022-03-04,130.8252410888672,132.75430495921202,129.26910212432648,131.83788309122372,30430000,GOOGL
2022-03-07,125.3425521850586,130.65514261832865,125.25973295853518,130.41017325885227,45112000,GOOGL
2022-03-08,126.06257629394531,130.17409424855856,124.64429824060116,125.21508113432775,40428000,GOOGL
2022-03-09,132.32632446289062,132.63924417090806,128.83567386884616,130.1741142565606,37026000,GOOGL
2022-03-10,131.34396362304688,132.17955633727135,129.83940035172492,130.19000303239358,27102000,GOOGL
2022-03-11,128.80592346191406,132.698752456179,128.56888416798853,132.39426221843516,31526000,GOOGL
2022-03-14,124.91854858398438,129.34000556632407,124.2480949884942,129.18231231398767,38812000,GOOGL
2022-03-15,128.13894653320312,128.79007444618782,124.68995111051669,125.93516041311607,30920000,GOOGL
2022-03-16,132.18797302246094,132.240032982956,127.67923236827228,129.66135482928354,35576000,GOOGL
2022-03-17,132.7418975830078,132.98141880336502,131.10144887364655,132.05755123913005,28264000,GOOGL
2022-03-18,135.0096435546875,135.1271719338952,131.17433810969047,132.33078043484574,44566000,GOOGL
2022-03-21,134.98583984375,135.92656630102422,132.99330550843302,135.04732810159504,26832000,GOOGL
2022-03-22,138.72146606445312,139.89378371835335,134.9858461376951,134.9858461376951,35496000,GOOGL
2022-03-23,137.1420440673828,138.44428483083644,136.70516407622222,137.56554585734534,25154000,GOOGL
2022-03-24,140.4114990234375,140.458110844999,136.62132231474047,138.058933800913,26396000,GOOGL
2022-03-25,140.5116729736328,140.87070507937713,138.59203769066454,140.7526772850465,24126000,GOOGL
2022-03-28,140.29595947265625,140.83847267217368,138.66542339972597,139.74550107592432,35050000,GOOGL
2022-03-29,141.33734130859375,142.61479282683288,140.87417414180615,141.4781907391212,34318000,GOOGL
2022-03-30,140.7750244140625,141.55061198963926,140.4392981603484,141.29224926860576,19884000,GOOGL
2022-03-31,137.92752075195312,140.9430935807132,137.88487396414888,140.88853656508715,37524000,GOOGL
2022-04-01,139.0016326904297,139.31950107652258,137.17373813332352,138.3564676186564,25942000,GOOGL
2022-04-04,141.7995147705078,142.53395362091976,139.1603322944685,139.20794293991247,25942000,GOOGL
2022-04-05,139.43853759765625,141.81835862566132,139.23175060773136,141.69786404034355,21418000,GOOGL
2022-04-06,135.42869567871094,138.2181411119585,134.40614115921403,137.61264137354576,32468000,GOOGL
2022-04-07,134.7745819091797,136.04012309209003,133.12718701050363,134.89507649085877,26234000,GOOGL
2022-04-08,132.19491577148438,134.5578779659387,131.87554910979466,134.47208496943966,25142000,GOOGL
2022-04-11,127.76750183105469,131.009702203024,127.61377361707454,130.7429100506066,36884000,GOOGL
2022-04-12,126.66759490966797,130.52125019058332,125.7496824779024,130.52125019058332,32710000,GOOGL
2022-04-13,128.8292236328125,129.26561926423614,126.6938724329844,126.95075200878496,27928000,GOOGL
2022-04-14,125.69116973876953,129.40993832117093,125.56322179244722,129.40993832117093,31598000,GOOGL
2022-04-18,126.62989807128906,127.16149984822547,125.14764969712186,125.95894510688915,20808000,GOOGL
2022-04-19,128.9432830810547,129.26461711503015,125.95844660693362,126.64477542409657,26490000,GOOGL
2022-04-20,126.99041748046875,130.3218916355038,126.45485065417712,129.81904388797793,31696000,GOOGL
2022-04-21,123.7913589477539,129.03204110665789,123.50571776803207,128.1905009821093,36446000,GOOGL
2022-04-22,118.65482330322266,124.37405657587937,117.95015236959706,123.97535142196246,56884000,GOOGL
2022-04-25,122.06513214111328,122.26696285548644,117.53954013860086,118.1247001432462,46128000,GOOGL
2022-04-26,117.67740631103516,121.50576580824183,117.53954577935023,121.29203242122978,73054000,GOOGL
2022-04-27,113.35759735107422,116.28093039770941,111.81237005693657,113.53115828563,91820000,GOOGL
2022-04-28,117.55093383789062,118.66869438389101,113.17956225538599,115.4607114772855,48884000,GOOGL
2022-04-29,113.17411041259766,116.95337579484945,112.88153042406998,115.77759257193108,42676000,GOOGL
2022-05-02,115.62733459472656,115.78850102043891,111.67698273748518,112.47538421530977,35534000,GOOGL
2022-05-03,116.37218475341797,117.47110390717961,115.08333755024837,115.47608756923125,24968000,GOOGL
2022-05-04,121.25879669189453,121.84742986414153,114.1723618582886,116.07216443085974,49916000,GOOGL
2022-05-05,115.55049133300781,120.04683035965981,114.0627870115888,119.21867586209255,45840000,GOOGL
2022-05-06,114.7977066040039,116.60775134383856,113.08090065435618,114.24031691379543,39710000,GOOGL
2022-05-09,111.5887222290039,114.13368999515002,111.08240885566522,112.3216628968711,40802000,GOOGL
2022-05-10,113.45726013183594,115.29705736588568,111.97501186731932,114.56064360003587,39900000,GOOGL
2022-05-11,112.67127227783203,115.41063248936665,112.30827513659509,112.30827513659509,37534000,GOOGL
2022-05-12,111.91899108886719,113.35809330514908,108.92424196384515,110.46451302431396,53836000,GOOGL
2022-05-13,115.09921264648438,116.90875792873446,112.67376319786906,113.59415004437889,35038000,GOOGL
2022-05-16,113.50686645507812,115.21772470104247,112.95592377559407,114.0131798264507,25990000,GOOGL
2022-05-17,115.51824188232422,115.94174359590812,113.92838521355479,115.88272969753332,23054000,GOOGL
2022-05-18,110.98222351074219,114.45403235058096,110.64104162864625,114.05730975978481,35126000,GOOGL
2022-05-19,109.47916412353516,112.08363775970766,109.09830918068056,110.51807817312684,34144000,GOOGL
2022-05-20,108.0152587890625,111.26391395378205,104.92926830668526,111.03331404707964,48962000,GOOGL
2022-05-23,110.5740966796875,111.22819067129875,107.84961307045138,108.68917821993014,37184000,GOOGL
2022-05-24,105.1013412475586,105.58583938493665,101.04932840845038,104.90496623527923,76780000,GOOGL
2022-05-25,104.93769836425781,105.62700102602575,103.00516898284764,104.1249121947519,40258000,GOOGL
2022-05-26,106.90890502929688,107.75887468895839,104.3624465360755,104.8107448453719,37948000,GOOGL
2022-05-27,111.39581298828125,111.39730365863458,108.24386241128829,108.58554373009294,37914000,GOOGL
2022-05-31,112.8294677734375,114.78629421531303,111.15976563053904,111.82228915461961,50012000,GOOGL
2022-06-01,112.95840454101562,116.14159882441551,112.32166882859197,113.91351567650608,36606000,GOOGL
2022-06-02,116.65830993652344,116.933039706465,112.0206456249851,113.06550709942832,37992000,GOOGL
2022-06-03,113.6020736694336,115.36798068092384,112.5879563145143,115.11110111753601,26136000,GOOGL
2022-06-06,115.8628921508789,118.3686786203438,115.21177191367441,115.74783813274163,33542000,GOOGL
2022-06-07,116.18919372558594,116.72625878645412,114.10889140185589,114.53387621473067,31590000,GOOGL
2022-06-08,116.23332977294922,117.59854920159584,115.64419719383626,115.80437236671298,26108000,GOOGL
2022-06-09,113.8941650390625,117.32927476403499,113.83515114216875,115.37393150433296,25798000,GOOGL
2022-06-10,110.25028228759766,112.3504249488664,109.46130149167207,111.52326180460535,41452000,GOOGL
2022-06-13,105.52037811279297,107.89970745137141,105.24912150780392,105.91114561990199,47252000,GOOGL
2022-06-14,105.84073638916016,107.03982566560859,104.93274403233468,105.66171972879,33706000,GOOGL
2022-06-15,108.86473846435547,110.5101358678124,106.78691045306238,107.65522972129614,39698000,GOOGL
2022-06-16,105.16432189941406,107.75788407901256,104.27616231851945,106.34208771365974,51684000,GOOGL
2022-06-17,106.26521301269531,107.80845775947009,104.18490323391687,105.16431141911136,51376000,GOOGL
2022-06-21,110.62964630126953,111.56739902352787,107.70977872020165,108.03657603615589,47416000,GOOGL
2022-06-22,110.57360076904297,112.41735547537324,109.4776555133554,109.65023274569887,30774000,GOOGL
2022-06-23,111.32191467285156,111.8183154317785,109.59469700214912,111.31150268168844,28362000,GOOGL
2022-06-24,117.00791931152344,117.11107066416578,112.02659127406567,112.06874621725599,41164000,GOOGL
2022-06-27,114.88399505615234,117.60748019835728,114.23534911421451,117.30349693355397,36420000,GOOGL
2022-06-28,111.08935546875,116.34789602426181,110.93116279588207,114.8532454023872,35792000,GOOGL
2022-06-29,110.78585815429688,112.23289804690751,109.96365128893204,110.63758563635704,24716000,GOOGL
2022-06-30,108.0698013305664,109.97902466562923,105.87494437052855,109.09830333262894,43170000,GOOGL
2022-07-01,107.84616088867188,108.35445680115731,105.85560889935694,107.04825117092746,35476000,GOOGL
2022-07-05,112.33455657958984,112.4476205204141,104.8647923311928,106.22257357959492,39342000,GOOGL
2022-07-06,113.63282775878906,114.64198891272858,110.5622056578975,112.37324154606672,37432000,GOOGL
2022-07-07,117.80929565429688,118.21246520183128,113.8921774820959,114.13665496771533,40936000,GOOGL
2022-07-08,118.37512969970703,118.70390952621402,115.94322591003493,116.28887225514453,38238000,GOOGL
2022-07-11,114.72826385498047,117.03073649463757,114.38509945369388,117.03073649463757,31196000,GOOGL
2022-07-12,113.08584594726562,116.01513422724025,112.75805737728307,115.26235327439865,29960000,GOOGL
2022-07-13,110.44071960449219,113.25991800982311,110.28996514675138,110.78536716192433,43722000,GOOGL
2022-07-14,109.4627914428711,110.18234634307093,107.48464162453597,109.30708070983803,37004000,GOOGL
2022-07-15,110.86123657226562,112.2130703596854,109.99093473931617,111.08241574521796,46770000,GOOGL
2022-07-18,108.13624572753906,112.74812973437768,107.48165988903675,111.71665403211723,43164600,GOOGL
2022-07-19,112.87706756591797,113.08534523356836,108.66190591539453,109.94133235969358,36530900,GOOGL
2022-07-20,112.9663314819336,114.45403556404811,111.55797343357686,112.24231216588865,35600400,GOOGL
2022-07-21,113.4027328491211,113.61101810390477,110.19921392026373,113.34322710024298,32676200,GOOGL
2022-07-22,107.0155258178711,111.41912519430015,105.62700035615626,110.09011304726145,48901200,GOOGL
2022-07-25,106.62871551513672,108.9693706048637,105.4286350985414,107.52133950136387,34690900,GOOGL
2022-07-26,104.15912628173828,106.32125667917839,103.21691665250424,105.72617651509084,47991000,GOOGL
2022-07-27,112.13320922851562,112.9762475648789,107.12461020563455,108.36436356281115,59858500,GOOGL
2022-07-28,113.28372192382812,113.40273342218575,110.54634395877491,111.44888817788124,32816600,GOOGL
2022-07-29,115.36650085449219,115.7533033393372,112.13322162287426,112.15306191622032,37223400,GOOGL
2022-08-01,113.91846466064453,115.76321838407448,113.4027229923445,114.35486029276694,26034300,GOOGL
2022-08-02,114.18624877929688,115.39624935448683,112.78781082558956,113.0655143870716,20236000,GOOGL
2022-08-03,117.112060546875,117.64763489421527,114.533375130197,114.76148550580163,28499000,GOOGL
2022-08-04,117.2211685180664,117.80632850385459,115.93182192650802,116.51698947915064,21602900,GOOGL
2022-08-05,116.50706481933594,117.14181794438285,115.0491136341377,115.27723158541431,19159500,GOOGL
2022-08-08,116.3384780883789,119.1651147158916,115.9219151378597,117.41953956981935,19138300,GOOGL
2022-08-09,115.6739501953125,116.35829650347921,114.76149349565979,116.17977170860331,19086500,GOOGL
2022-08-10,118.71878814697266,119.92878873304059,117.43936923676468,117.80633141765588,30930400,GOOGL
2022-08-11,117.8658218383789,120.49410034179289,117.58811831050487,120.28582269588738,24293700,GOOGL
2022-08-12,120.68256378173828,120.68256378173828,118.48076037738996,119.27420563607838,19096300,GOOGL
2022-08-15,121.07929229736328,121.29749013245304,119.62134091458636,120.13707506100795,19494800,GOOGL
2022-08-16,120.70240020751953,121.42641959577725,119.65109163936246,120.52387539718579,19041200,GOOGL
2022-08-17,118.57003021240234,120.2957650012785,118.40141798211481,119.13535751738875,22847000,GOOGL
2022-08-18,119.1849365234375,119.82960983443398,117.74682554009155,118.45100459562921,17987700,GOOGL
2022-08-19,116.24919891357422,118.17329866159419,115.8028907047583,118.08403247971835,21809500,GOOGL
2022-08-22,113.30355834960938,114.68216374085563,112.9167558336111,114.25568820182478,21456600,GOOGL
2022-08-23,112.92667388916016,114.0672486879377,112.5001983580296,112.54979152761548,15870400,GOOGL
2022-08-24,112.75804901123047,113.83911029938794,111.94477111702129,112.56960408080326,17734600,GOOGL
2022-08-25,115.69379425048828,115.76322014148404,113.17461431501371,113.3035459506188,16956800,GOOGL
2022-08-26,109.43551635742188,114.17634005588431,109.28675199221415,113.77961742600252,37245700,GOOGL
2022-08-29,108.52305603027344,110.040513040239,107.90814316272662,109.08838330000286,21191200,GOOGL
2022-08-30,108.0469970703125,109.59420698279374,106.91634250859858,109.26691024996742,27513300,GOOGL
2022-08-31,107.33289337158203,109.94133184491908,107.24362719051874,109.74297432432968,28627000,GOOGL
2022-09-01,108.8404312133789,109.54461025492617,106.47994340226887,107.39240011242691,28360900,GOOGL
2022-09-02,106.9659194946289,109.83222868726963,106.38075953474187,109.6834567691589,24160700,GOOGL
2022-09-06,105.9344482421875,107.14444879573196,104.91289263064388,106.42043703294185,25068300,GOOGL
2022-09-07,108.55280303955078,109.07846482937784,106.02371068181908,106.18239517986085,23167000,GOOGL
2022-09-08,107.49158477783203,108.70158540495544,106.28159171756349,107.15437545780347,24238300,GOOGL
2022-09-09,109.74297332763672,110.08018262294702,108.12633003878351,108.17592320190764,23197700,GOOGL
2022-09-12,109.95126342773438,110.70503570471661,109.02888648402806,110.08019507284304,22966800,GOOGL
2022-09-13,103.4648666381836,107.4122450675289,103.2367486673143,106.91634367306543,38172900,GOOGL
2022-09-14,104.13929748535156,104.41700106794902,102.8102853209623,103.71282196440401,26395100,GOOGL
2022-09-15,102.0664291381836,104.40707676995653,101.51101442821535,103.17724342441045,34188300,GOOGL
2022-09-16,101.95732116699219,102.2846103090457,100.11256752914515,101.2333018624559,42797200,GOOGL
2022-09-19,102.2251205444336,102.48299140692185,100.71758352566323,100.91594107105092,23036800,GOOGL
2022-09-20,100.3109130859375,101.53083359787499,99.69599275767223,101.24320993950187,26517100,GOOGL
2022-09-21,98.46617126464844,102.03665948648352,98.45625111888704,100.83657912239514,31487300,GOOGL
2022-09-22,99.31912994384766,100.4101114902342,97.98019770206167,98.00995057481285,34298600,GOOGL
2022-09-23,97.93058776855469,98.84305192220198,96.6710017810081,98.81329148769167,31625400,GOOGL
2022-09-26,97.36528015136719,99.06126205035565,96.99831795404086,97.29585425726316,27072700,GOOGL
2022-09-27,96.70075988769531,99.18026655148238,96.07592693248836,98.61493933481309,30072800,GOOGL
2022-09-28,99.22986602783203,99.87453174796886,96.31396358421772,96.84953796570939,32466300,GOOGL
2022-09-29,96.62142181396484,97.83142237621783,95.17339071110857,97.83142237621783,31047200,GOOGL
2022-09-30,94.86592102050781,98.08927949827253,94.77665485097518,96.25444618583867,32941500,GOOGL
2022-10-03,97.8314208984375,98.47609418773558,95.72879638211501,95.9668344859771,27982000,GOOGL
2022-10-04,100.80682373046875,101.00518123961032,99.5571502356858,99.61666354191142,28850800,GOOGL
2022-10-05,100.59857177734375,101.09447324374753,97.99013278812802,99.01168859822286,22176900,GOOGL
2022-10-06,100.588623046875,102.0862471685817,99.76542503051238,99.85469120386499,22324000,GOOGL
2022-10-07,97.87109375,99.70592728808386,97.49421143647145,99.03150112865876,27502800,GOOGL
2022-10-10,97.05781555175781,98.28764881556005,96.21478474646479,98.18847005614693,18225100,GOOGL
2022-10-11,96.38339233398438,98.43642374055914,95.52052121037734,96.6313430235072,26507100,GOOGL
2022-10-12,96.7602767944336,97.94052452401523,95.94699881751596,96.50241351977157,21876400,GOOGL
2022-10-13,98.24797821044922,98.96207740272202,93.6063410275305,94.37003338415455,34574500,GOOGL
2022-10-14,95.76846313476562,99.86461299357255,95.58002577343595,99.17034658633813,25410700,GOOGL
2022-10-17,99.15052032470703,100.10265003936581,98.01986581562133,98.04961868688342,28419200,GOOGL
2022-10-18,99.94396209716797,102.62183412414964,99.15052441894925,102.28461724659432,24060700,GOOGL
2022-10-19,98.81330108642578,100.19190624537119,98.10912207167954,99.19019095829994,23811100,GOOGL
2022-10-20,99.15052032470703,101.48125523144144,98.57527292412537,99.18027319596912,25323200,GOOGL
2022-10-21,100.30101776123047,100.47954257381622,96.91897403600436,97.04790568020596,32458700,GOOGL
2022-10-24,101.67960357666016,101.90772151384398,99.1604315236163,100.96551203023846,27176400,GOOGL
2022-10-25,103.62355041503906,103.9607597041695,101.87797552764937,102.05650031802847,40611400,GOOGL
2022-10-26,94.15184020996094,97.50413095357072,93.91380965641918,95.63954441159298,88114100,GOOGL
2022-10-27,91.46405792236328,94.64774408921001,91.04750255104241,93.74519988449306,60710900,GOOGL
2022-10-28,95.50069427490234,95.75856512636024,91.37479091899618,91.51364270819928,43697300,GOOGL
2022-10-31,93.73528289794922,95.24281979479946,93.20962863501363,94.63781949338367,31675000,GOOGL
2022-11-01,89.7283935546875,95.2428142728165,89.62921479576478,94.66756687746879,47161400,GOOGL
2022-11-02,86.25708770751953,90.43257644134617,86.16782152387951,90.19454589639709,57038300,GOOGL
2022-11-03,82.74610900878906,85.81077606951776,82.65684282083558,85.61241853361773,61288000,GOOGL
2022-11-04,85.87027740478516,85.92978314388307,83.02380100389072,84.69994994578491,51124900,GOOGL
2022-11-07,87.76461791992188,88.1712606549143,86.13806211366017,86.56453757303696,34078900,GOOGL
2022-11-08,88.17127227783203,89.5796304672484,86.87200543719126,88.17127227783203,30429000,GOOGL
2022-11-09,86.60421752929688,88.70684212468586,86.56454451049467,87.72495193475426,31769100,GOOGL
2022-11-10,93.16995239257812,93.61626060159357,90.85905017805679,91.49380333022981,51620100,GOOGL
2022-11-11,95.61970520019531,96.1354392923686,93.15011094483498,93.91380328731896,33090500,GOOGL
2022-11-14,94.91552734375,95.99659635796955,93.73528712723771,94.31052701503693,30179500,GOOGL
2022-11-15,97.63307189941406,99.31913366455173,95.9172496935556,97.45454708936437,41640800,GOOGL
2022-11-16,98.0396957397461,98.82322078363063,96.83961537638496,97.09748619804606,29105200,GOOGL
2022-11-17,97.5537109375,98.46616757515149,95.99658105288788,96.17510583563306,26052600,GOOGL
2022-11-18,96.63134002685547,98.0892912467336,95.58003155727448,97.96035204939338,28342300,GOOGL
2022-11-21,94.81634521484375,97.5933960537091,94.57831466395251,96.49249435141179,21647400,GOOGL
2022-11-22,96.25446319580078,96.42306785300386,93.27905484436155,95.16347408012261,23438500,GOOGL
2022-11-23,97.65290832519531,97.95045220883327,96.29413568796969,96.29413568796969,18868100,GOOGL
2022-11-25,96.66108703613281,97.83141448608896,96.60158129749476,97.43469190584294,9701400,GOOGL
2022-11-28,95.26265716552734,96.78011416235111,94.82626153412802,96.24453976932135,26237500,GOOGL
2022-11-29,94.40971374511719,95.33209067906634,93.33856487339783,94.94528818097686,20061700,GOOGL
2022-11-30,100.16216278076172,100.21175594756679,93.64601867914251,94.04274131301841,43647500,GOOGL
2022-12-01,100.16216278076172,101.4118364290716,99.42823082654697,100.19191565410281,28687100,GOOGL
2022-12-02,99.6166763305664,99.94396550598155,98.08929910016103,98.23807103454332,21480700,GOOGL
2022-12-05,98.66453552246094,100.54895459128153,98.18846689898945,98.58518949074,24405100,GOOGL
2022-12-06,96.18502807617188,98.96207106432217,95.62961342505861,98.48601001120109,24910700,GOOGL
2022-12-07,94.16175079345703,96.08584288669229,93.94355298868143,95.6197019736811,31045400,GOOGL
2022-12-08,92.94183349609375,94.79650733675184,92.6839626659769,94.59814224941029,32213300,GOOGL
2022-12-09,92.06906127929688,93.4873396713005,91.98971523447793,93.00135082192593,28225400,GOOGL
2022-12-12,92.54511260986328,92.79306329851202,90.85905095379364,91.9500324704772,29420000,GOOGL
2022-12-13,94.8460922241211,98.7141243795283,94.2510121002556,96.95863687909693,40593700,GOOGL
2022-12-14,94.29068756103516,96.07593554575189,92.83273630132557,94.4196191950435,28733600,GOOGL
2022-12-15,90.11520385742188,92.8724144565508,89.2721729828965,92.36659290509361,40107000,GOOGL
2022-12-16,89.52012634277344,90.5813550775437,88.7861867939752,90.01602776214001,58011800,GOOGL
2022-12-19,87.71504211425781,89.81765920892968,87.48692414068339,89.52012290883614,29493000,GOOGL
2022-12-20,88.29027557373047,88.44896764240224,86.7232330132954,87.38773902543626,23453800,GOOGL
2022-12-21,88.84569549560547,89.48044867408069,87.59602186498341,88.34979410199328,24745600,GOOGL
2022-12-22,87.04061126708984,87.81421619968995,85.61241288884075,87.43733387958731,27658300,GOOGL
2022-12-23,88.49856567382812,88.81594226177606,86.35626803003854,86.39594104938888,23003000,GOOGL
2022-12-27,86.67364501953125,88.21094236734609,86.29676268423916,88.07209058240402,20097300,GOOGL
2022-12-28,85.31488037109375,87.31832642526183,85.23554189153839,86.26701779431262,19523200,GOOGL
2022-12-29,87.72494506835938,88.12166765847456,85.90003174742517,85.90995189306291,23333500,GOOGL
2022-12-30,87.50675201416016,87.57617789768041,85.86035596660308,86.2669986892601,23986300,GOOGL
2023-01-03,88.38945770263672,90.30363718067711,87.79437004023141,88.85559860680175,28131200,GOOGL
2023-01-04,87.35799407958984,89.90692702075431,86.55462865105089,89.60938314842804,34854800,GOOGL
2023-01-05,85.49339294433594,86.85216541875592,85.19585666320351,86.75298665837843,27194400,GOOGL
2023-01-06,86.6240463256836,86.97118333274179,84.16437980636358,86.07855936732152,41381500,GOOGL
2023-01-09,87.2984848022461,89.31185097330206,87.13980027869384,87.6357017109346,29003900,GOOGL
2023-01-10,87.69520568847656,87.94315639958413,85.12643995349273,85.27521189352831,30467800,GOOGL
2023-01-11,90.76978302001953,90.8491290549015,88.28036360214634,88.44896825112974,26862000,GOOGL
2023-01-12,90.38298034667969,91.11691981733598,89.01429529901861,90.73011735676101,30258100,GOOGL
2023-01-13,91.36488342285156,91.43430932131623,89.39119025662427,90.10528953617832,26329200,GOOGL
2023-01-17,90.54167938232422,91.49380917136953,89.31184601733088,91.30536421618127,32602400,GOOGL
2023-01-18,90.3730697631836,92.0392986943226,89.89700111134908,91.38470524390696,29116700,GOOGL
2023-01-19,92.28724670410156,92.84265380940697,89.88707835577257,89.9763445358991,37000400,GOOGL
2023-01-20,97.21650695800781,97.49421809768434,94.24109856316726,94.32044460307483,63191100,GOOGL
2023-01-23,98.97200775146484,99.21995846507203,96.70077830680043,97.14708656455124,40005100,GOOGL
2023-01-24,96.89912414550781,98.79347100071968,96.40322277819845,97.29584675272618,33078500,GOOGL
2023-01-25,94.43946075439453,95.37175777745863,92.99142962152443,94.78659020973076,42330000,GOOGL
2023-01-26,96.7206039428711,96.77019710869844,94.59814659536165,95.70896843494373,30114000,GOOGL
2023-01-27,98.55545806884766,99.49766780830785,96.51233892509407,96.51233892509407,33879800,GOOGL
2023-01-30,96.1453628540039,97.48429507886306,95.60978845068932,96.68093725731849,27226200,GOOGL
2023-01-31,98.02978515625,98.0694581762873,96.02634682892345,96.07593999568378,29870700,GOOGL
2023-02-01,99.60675048828125,100.36052269702401,96.78011416406397,97.90084854753133,35531100,GOOGL
2023-02-02,106.85682678222656,106.9659256907038,104.74428963661705,104.93273458159672,69883800,GOOGL
2023-02-03,103.92108154296875,106.92624239319605,101.73911871689424,102.0862481346533,65309300,GOOGL
2023-02-06,102.0564956665039,103.5045266483121,101.04485271151285,101.56059433437012,31999600,GOOGL
2023-02-07,106.75765228271484,107.29322670020932,102.27470697729218,102.37388574345306,49010200,GOOGL
2023-02-08,98.55545806884766,102.29455171688731,97.23635838011882,101.21349017512468,94743500,GOOGL
2023-02-09,94.23118591308594,99.21003262732542,92.86249320969232,99.18027975409596,119455000,GOOGL
2023-02-10,93.79479217529297,95.95692262073939,93.47741557627583,94.66757593087634,54980700,GOOGL
2023-02-13,93.83446502685547,94.4196250562035,93.07077262109874,93.96339666886732,50076100,GOOGL
2023-02-14,93.90387725830078,94.07248189644318,91.50371660885547,93.65592659037824,54726100,GOOGL
2023-02-15,96.1453628540039,96.32388765510876,93.37823222030585,93.7154415296958,50169000,GOOGL
2023-02-16,94.72708129882812,96.87929141683016,93.96338895576008,94.58822952133472,42462600,GOOGL
2023-02-17,93.57659912109375,94.77667968384696,92.445944456455,94.07250055529865,34284100,GOOGL
2023-02-21,91.03756713867188,92.33682620286696,90.96814125509322,92.23764745016229,33629300,GOOGL
2023-02-22,90.89871978759766,91.35494812568693,89.86724406227897,90.94830538293209,30884000,GOOGL
2023-02-23,90.14494323730469,91.18633905791556,89.02420895463646,91.16649876726088,41206400,GOOGL
2023-02-24,88.39936828613281,89.15314042580724,87.8538813637116,88.70683225593044,36585100,GOOGL
2023-02-27,89.13330841064453,89.4209320921076,88.60764664095792,89.13330841064453,27502300,GOOGL
2023-02-28,89.32176208496094,90.48217716813194,88.58783009603324,88.59775024323443,30142000,GOOGL
2023-03-01,89.61930847167969,90.28381458248744,88.9349620659149,89.24242610290563,31111200,GOOGL
2023-03-02,91.24586486816406,91.5235684635877,88.85561629767915,88.92504976339052,32204400,GOOGL
2023-03-03,92.88231658935547,92.96166261475511,91.69214890892111,91.72190934358608,35160100,GOOGL
2023-03-06,94.3501968383789,95.18331511806566,93.22946240796787,93.24929513438325,32639300,GOOGL
2023-03-07,93.09061431884766,94.8857750214838,92.76331756858707,94.20143621358584,27835500,GOOGL
2023-03-08,93.4774169921875,95.17339892826718,93.22946628398542,93.34848534799025,34103300,GOOGL
2023-03-09,91.56324005126953,94.74692633492973,91.14668466466473,93.27906233445889,28813500,GOOGL
2023-03-10,89.88706970214844,92.02936701669016,89.65895933451053,91.41444666154868,35941000,GOOGL
2023-03-13,90.3631591796875,91.81119044726069,88.68700992489863,89.35151602505144,37335600,GOOGL
2023-03-14,93.19970703125,93.58650950422467,91.6822500116025,91.80126150060728,36050200,GOOGL
2023-03-15,95.32217407226562,96.135452119845,91.88061691598347,92.45586439440325,50622100,GOOGL
2023-03-16,99.4976577758789,100.36052894620208,94.71716852573586,95.41142746724535,65492000,GOOGL
2023-03-17,100.78700256347656,101.9969956149556,99.27945808045726,99.43815015945079,61028500,GOOGL
2023-03-20,100.39027404785156,100.91592828670724,99.05134186896636,99.29929255271749,32960400,GOOGL
2023-03-21,104.05992889404297,104.23845366800776,100.39026223314306,100.42001510099495,42110300,GOOGL
2023-03-22,102.52266693115234,105.71626586421507,102.48299390773563,103.41528347403415,43427400,GOOGL
2023-03-23,104.73436737060547,105.42863382566868,103.60371285731998,104.19879298533533,40797800,GOOGL
2023-03-24,104.57568359375,104.62526919076385,102.98879315221856,104.12936781949888,30393300,GOOGL
2023-03-27,101.6201171875,103.90126672624382,101.0944628976051,103.7624149352095,31120900,GOOGL
2023-03-28,100.20183563232422,101.61019379170308,98.92240911282488,101.60028121184264,32057900,GOOGL
2023-03-29,100.55888366699219,101.64986521604924,99.82495172553267,101.44158753942646,28779600,GOOGL
2023-03-30,100.06298828125,100.33077928644965,98.96208651955186,100.08282857556007,33086200,GOOGL
2023-03-31,102.87970733642578,103.03839184898722,100.21175539436457,100.46962623998861,36863400,GOOGL
2023-04-03,103.5045394897461,103.67314414754483,101.0944584138917,101.55068678803492,25035400,GOOGL
2023-04-04,103.86158752441406,104.71453851392779,103.18716133658586,103.47478504857116,24420100,GOOGL
2023-04-05,103.6136474609375,105.23028342154355,102.8102895543644,104.91290680452715,28290500,GOOGL
2023-04-06,107.53125762939453,108.27510972849137,103.47478781441008,104.39716471996435,48711500,GOOGL
2023-04-10,105.5674819946289,106.70804904814693,104.2583027310059,106.10305636159114,27067400,GOOGL
2023-04-11,104.48643493652344,105.85512779355744,103.8219288036231,105.67660296728586,26311800,GOOGL
2023-04-12,103.78224182128906,105.87494628290851,103.48469796190201,105.70634162712136,24370300,GOOGL
2023-04-13,106.54935455322266,106.6088602883504,104.97238447065686,104.97238447065686,24843600,GOOGL
2023-04-14,107.9775619506836,108.04698783654497,105.96419612699583,106.01378928840569,26578000,GOOGL
2023-04-17,105.1013412475586,105.2897861961485,103.66322268410477,103.80208203407157,37571200,GOOGL
2023-04-18,103.64338684082031,105.66666534841484,103.2169113578442,105.61707218442865,26596400,GOOGL
2023-04-19,103.32601165771484,104.11945689106093,102.22510999070306,102.73093151613256,20905700,GOOGL
2023-04-20,104.42691802978516,105.37904781258688,103.01855986565269,103.05823288579296,27820800,GOOGL
2023-04-21,104.54594421386719,105.13110427538487,103.92110356265056,104.60544996470482,25800100,GOOGL
2023-04-24,105.1013412475586,105.75592714410803,103.84174748622819,104.62527258627793,23542800,GOOGL
2023-04-25,102.99871826171875,105.81544212100182,102.98879811509617,104.96249111597527,46664100,GOOGL
2023-04-26,102.85987091064453,105.4782297846258,101.78872203487352,104.05995143064801,53347600,GOOGL
2023-04-27,106.70805358886719,107.48166608530138,102.6912570160058,103.59379357823073,50089200,GOOGL
2023-04-28,106.4601058959961,106.47002604243367,104.22854965938166,106.16256960456029,36139800,GOOGL
2023-05-01,106.32125091552734,107.1047759897289,105.9443685976354,105.96420132305943,26681700,GOOGL
2023-05-02,104.45665740966797,106.32124371426752,102.85985449785488,106.2617379751714,30997200,GOOGL
2023-05-03,104.54594421386719,106.60888843374389,104.09962838201884,104.66495571554243,21795400,GOOGL
2023-05-04,103.83184051513672,104.73437715411653,103.11774126807067,104.62527823765616,23419500,GOOGL
2023-05-05,104.7046127319336,105.01206915340022,103.25658167035746,103.96076069275621,26639300,GOOGL
2023-05-08,106.88658142089844,107.07502636899285,104.29798314719713,104.3178158732233,26511400,GOOGL
2023-05-09,106.47002410888672,109.2470748463162,106.31133960304034,107.50149988087897,36360100,GOOGL
2023-05-10,110.83395385742188,112.01420151452291,107.04526777320253,107.08494078998831,63153400,GOOGL
2023-05-11,115.61444854736328,116.95338077292648,113.4721584998331,114.45404112299883,78900000,GOOGL
2023-05-12,116.54674530029297,117.06247940985591,115.15821991274791,115.72354718741605,41102300,GOOGL
2023-05-15,115.55493927001953,117.50879187706043,115.05903790038903,115.15821666094425,36266800,GOOGL
2023-05-16,118.53034973144531,119.76018303268906,115.47559542065336,115.535101164742,45035600,GOOGL
2023-05-17,119.84943389892578,120.67263195090871,117.91542167256014,118.62952082286563,33323600,GOOGL
2023-05-18,121.82313537597656,122.29919646548392,119.83952984703524,119.95854133598478,35234200,GOOGL
2023-05-19,121.75370025634766,124.93738598095622,121.1487000105305,122.53722528891174,41353400,GOOGL
2023-05-22,124.02494812011719,125.39363331471273,121.73387841515391,121.93224352318924,35253000,GOOGL
2023-05-23,121.55534362792969,123.60837503480265,121.20821417591823,123.14223409458985,34046300,GOOGL
2023-05-24,119.90894317626953,120.91066598216418,118.8774675012544,120.12714097229151,34182600,GOOGL
2023-05-25,122.46781921386719,124.29273282527676,120.96027464484123,123.49928751875201,42317000,GOOGL
2023-05-26,123.58854675292969,124.2332200823341,121.44624908602053,122.16034830832359,35635900,GOOGL
2023-05-30,122.65624237060547,124.62993526057318,120.99993361988649,124.61009496844295,35076700,GOOGL
2023-05-31,121.8628158569336,123.04305607346541,121.49584608754014,121.74379679384124,37325800,GOOGL
2023-06-01,122.70584106445312,123.40009998321423,121.6148595206051,121.8132170497212,30772700,GOOGL
2023-06-02,123.6480484008789,125.11591981661117,122.74551182311099,122.97362222070807,26980100,GOOGL
2023-06-05,124.9770736694336,126.38543183753264,122.82485583017811,122.99346805796284,32305500,GOOGL
2023-06-06,126.26641845703125,127.23838101293813,124.33240592558523,124.97707929168565,26638300,GOOGL
2023-06-07,121.49583435058594,127.98221754198133,121.11895203748432,125.92919376166726,52539000,GOOGL
2023-06-08,121.13878631591797,122.21985523958173,120.24616233464845,121.22805249747213,29389200,GOOGL
2023-06-09,121.2280502319336,122.74550718830598,120.9106736630639,121.2478829569892,23778300,GOOGL
2023-06-12,122.6264877319336,123.0331304793446,120.66272258318774,121.78345693305364,28306400,GOOGL
2023-06-13,122.81493377685547,124.1340332227792,122.17026048948374,123.95550842884325,22278300,GOOGL
2023-06-14,122.65624237060547,123.03313225253616,120.45443908912067,122.09091511456377,30592300,GOOGL
2023-06-15,124.06460571289062,124.43157546435972,121.39666138886585,122.13059332494937,35246300,GOOGL
2023-06-16,122.51739501953125,125.07624798326509,122.26944432692575,124.89772318191494,45535600,GOOGL
2023-06-20,122.09091186523438,123.5488630569753,121.13878217339122,121.9223072208865,26097500,GOOGL
2023-06-21,119.56182098388672,121.65452532950529,119.11550521954592,121.39665450345422,30306300,GOOGL
2023-06-22,122.14051818847656,122.22977680974192,117.8559303300752,119.01633780765464,26952200,GOOGL
2023-06-23,121.33714294433594,121.78345871511222,120.06763665447824,120.38501322694266,34913600,GOOGL
2023-06-26,117.36993408203125,120.99993578775403,117.30050819204033,119.77010249354858,33969900,GOOGL
2023-06-27,117.36002349853516,118.10387557545451,115.14829999374557,116.1202700370029,39535900,GOOGL
2023-06-28,119.19486236572266,119.4031400484243,115.89215718247867,116.1301877388727,27091400,GOOGL
2023-06-29,118.12369537353516,119.07582501976484,117.33025778510398,118.26254714068196,24090900,GOOGL
2023-06-30,118.71878814697266,120.08748080780242,118.708875567441,119.1849366580173,29532200,GOOGL
2023-07-03,118.91716003417969,119.20478376097655,117.84601116890617,118.26256653867198,14467900,GOOGL
2023-07-05,120.75198364257812,121.60493460466255,118.25264406620929,118.26255664547801,27584800,GOOGL
2023-07-06,119.12542724609375,119.31387218735846,117.42944547527459,118.81797081927608,24745200,GOOGL
2023-07-07,118.50059509277344,120.05772509699975,118.42124905726847,119.1155079508008,21709500,GOOGL
2023-07-10,115.49542236328125,117.34017600620315,115.18796594507899,117.33026342725442,35315200,GOOGL
2023-07-11,116.1797866821289,116.74511401095428,114.40445865062509,115.33675576256198,23078800,GOOGL
2023-07-12,117.95510864257812,119.34363409167489,117.4393745101533,117.82617700118566,30404400,GOOGL
2023-07-13,123.51910400390625,123.80672768290836,119.46262719567059,119.93869580119052,44297900,GOOGL
2023-07-14,124.39189147949219,125.7407437423268,122.47771198641469,123.7769786548953,33283100,GOOGL
2023-07-17,123.62821960449219,126.05813341949313,123.18190380773267,124.90764611490182,25716200,GOOGL
2023-07-18,122.74551391601562,123.65797065567115,121.95206866692536,123.57862461739118,26193600,GOOGL
2023-07-19,121.02969360351562,124.15387391443447,120.80158319859368,123.57862647852336,37224000,GOOGL
2023-07-20,118.22288513183594,123.0727999886977,117.25092267132642,120.42468845421087,37906800,GOOGL
2023-07-21,119.03617095947266,119.99822090421563,117.7567519823055,119.63125870411923,72937900,GOOGL
2023-07-24,120.5337905883789,121.99174188501857,119.98830359973758,120.6627297925078,29686100,GOOGL
2023-07-25,121.20821380615234,122.14051081744289,120.02796610605938,120.36518297759501,52509600,GOOGL
2023-07-26,128.21034240722656,129.90631659089652,127.26813284588675,129.00378761340536,61682100,GOOGL
2023-07-27,128.33924865722656,132.14778209152604,127.73424847403028,130.59064476632827,44952100,GOOGL
2023-07-28,131.49319458007812,132.64368926365583,129.49967674072056,129.70794681826914,36591200,GOOGL
2023-07-31,131.63204956054688,132.43540728957092,130.69975264360772,131.64196213896054,28055500,GOOGL
2023-08-01,130.47166442871094,131.5428132938943,129.6087856815379,129.70797201734953,23166800,GOOGL
2023-08-02,127.32762145996094,129.0235954154901,126.5143360712602,128.38884236267515,26273300,GOOGL
2023-08-03,127.39704895019531,128.32934587418347,126.37549341868682,126.92098790971262,20089500,GOOGL
2023-08-04,127.05984497070312,130.43196810964983,126.8614874567136,128.22025231793552,26147200,GOOGL
2023-08-07,130.45181274414062,130.53115877911966,127.962393323222,128.10124510100812,22746300,GOOGL
2023-08-08,130.32289123535156,130.431990156543,128.4781372893849,129.54928620643435,23535200,GOOGL
2023-08-09,128.59715270996094,130.9576330468754,127.94255923989908,130.58075827957177,24912900,GOOGL
2023-08-10,128.6269073486328,130.9675625582551,128.38886922887625,130.2435507528464,20857800,GOOGL
2023-08-11,128.49794006347656,128.86490217591898,127.11933508026378,127.60532379343039,19591100,GOOGL
2023-08-14,130.25344848632812,130.29311393491162,127.9028809647762,128.3293488553076,24695600,GOOGL
2023-08-15,128.71615600585938,130.3427118640274,128.22025464503122,130.0253428626258,19770700,GOOGL
2023-08-16,127.64501190185547,129.21206207522133,126.8218213636926,127.64501190185547,25216100,GOOGL
2023-08-17,128.85498046875,130.90801893158562,128.23014004376432,128.73596901016427,33446300,GOOGL
2023-08-18,126.41517639160156,128.19050420505582,125.34402761585469,127.4565647289768,30504800,GOOGL
2023-08-21,127.31771850585938,127.67476811335399,125.5225578886843,126.13747833867052,25248700,GOOGL
2023-08-22,128.02191162109375,129.21207199508038,127.2681469154346,127.4565767415667,22054900,GOOGL
2023-08-23,131.28492736816406,132.31641072027463,128.80542045173755,129.11287688798097,27819700,GOOGL
2023-08-24,128.71615600585938,133.14951538235977,128.50788590918833,132.85197153912117,28500700,GOOGL
2023-08-25,128.8153533935547,129.6881295726403,126.20690716881097,128.47812893761383,26762900,GOOGL
2023-08-28,129.93605041503906,131.4535071500769,129.07318701417225,130.23359421545373,20543300,GOOGL
2023-08-29,133.4668731689453,135.45047822066215,131.15597146765055,131.15597146765055,43075600,GOOGL
2023-08-30,134.7661590576172,135.16287409396253,132.9709985475354,133.67517000710467,28315800,GOOGL
2023-08-31,135.05377197265625,136.8687727314443,134.67688210350767,134.8950799084139,30053800,GOOGL
2023-09-01,134.54795837402344,136.3332062668677,133.74460060567057,136.3332062668677,21543700,GOOGL
2023-09-05,134.65707397460938,135.30173975827023,133.47682618982745,134.32977722585983,19403100,GOOGL
2023-09-06,133.35780334472656,135.41082715108524,132.57427070368973,134.9050132008134,18684500,GOOGL
2023-09-07,134.15122985839844,134.46861399155742,131.8601680068501,132.49492113945962,18844300,GOOGL
2023-09-08,135.26205444335938,135.53975798327252,133.74459755250976,133.80410329196144,23558300,GOOGL
2023-09-11,135.7976531982422,136.35306040880863,134.6769110623918,135.4207632480529,20763400,GOOGL
2023-09-12,134.23056030273438,135.7480170706124,134.0817959661607,135.14301687903506,18405500,GOOGL
2023-09-13,135.58937072753906,135.77780055178212,133.05034278578884,133.98263986174015,20749500,GOOGL
2023-09-14,136.96798706054688,137.56305972256655,135.12323305423436,136.4720856086748,24751000,GOOGL
2023-09-15,136.27369689941406,137.3845263119322,135.36124015129133,136.84894433199983,38919600,GOOGL
2023-09-18,137.0770721435547,138.019281780227,135.49018160432044,135.49018160432044,21861300,GOOGL
2023-09-19,136.90843200683594,137.2754092805613,135.50007405103756,136.2935192027612,20353700,GOOGL
2023-09-20,132.64370727539062,136.9481276445737,132.52468065263594,136.9481276445737,29927500,GOOGL
2023-09-21,129.37074279785156,131.14606291971518,129.00378065244968,130.3625454686309,31503900,GOOGL
2023-09-22,129.18231201171875,130.94771974828387,128.5376462586181,129.68812598105728,26397300,GOOGL
2023-09-25,130.03526306152344,130.0947688069164,127.90289313849301,128.76575671410941,20094600,GOOGL
2023-09-26,127.51609802246094,129.29141844193066,126.17715813897233,128.70625840016731,25718700,GOOGL
2023-09-27,129.46990966796875,129.826959222893,127.51607239468865,127.51607239468865,22746500,GOOGL
2023-09-28,131.2254180908203,132.20730825142687,128.72607094890918,128.77566411264445,22513100,GOOGL
2023-09-29,129.7873077392578,132.9511609153293,129.29140636705122,132.18746856469267,30859800,GOOGL
2023-10-02,133.0701904296875,133.31814114938217,130.09478179335153,130.1344623833808,22288000,GOOGL
2023-10-03,131.3444366455078,133.15943757319482,130.75927662958244,132.8420685488848,22989400,GOOGL
2023-10-04,134.13140869140625,134.45870541332442,131.44361659343454,131.70147985901755,26752300,GOOGL
2023-10-05,133.9628143310547,134.37936969993646,132.35608346969923,133.9628143310547,19832600,GOOGL
2023-10-06,136.45223999023438,137.02748746801123,132.9114964978089,132.9114964978089,27597600,GOOGL
2023-10-09,137.2853240966797,137.80106572376255,134.49836100864687,135.8174603789753,19278100,GOOGL
2023-10-10,136.92828369140625,138.57467986983306,136.20427192955205,137.36467931785276,27786600,GOOGL
2023-10-11,139.3978729248047,139.95328001705715,137.44402038931838,137.44402038931838,25884300,GOOGL
2023-10-12,137.83082580566406,140.0623819353228,137.12663921258442,139.89377728823808,24765500,GOOGL
2023-10-13,136.23403930664062,138.85239821040267,135.50009975367846,138.23748528968676,23420500,GOOGL
2023-10-16,137.9597930908203,138.4854474310205,136.85889123736658,137.03740849990476,28501900,GOOGL
2023-10-17,138.57467651367188,138.75319373814438,136.0554891433646,137.49361518669917,23515800,GOOGL
2023-10-18,136.82913208007812,139.56650258267163,136.25388459322733,138.30690868674475,23375000,GOOGL
2023-10-19,136.62081909179688,138.51516584160242,136.25385694319345,137.36467110137107,26066000,GOOGL
2023-10-20,134.4884490966797,136.73983027790308,133.97270746704044,136.20426349098727,26335700,GOOGL
2023-10-23,135.38107299804688,136.53156779993722,132.85197300320976,133.9330343496389,26317900,GOOGL
2023-10-24,137.67213439941406,138.21762892713875,136.2935292113691,136.70017196237376,44814300,GOOGL
2023-10-25,124.58033752441406,127.25820178277296,124.04476315937147,127.10943743152842,84366200,GOOGL
2023-10-26,121.27763366699219,123.31083224083282,120.27591081531207,122.25951622711595,57061100,GOOGL
2023-10-27,121.16854095458984,122.29919549173574,119.22460845972752,121.87272000373477,44566500,GOOGL
2023-10-30,123.43976593017578,124.37206291068779,121.74378418278033,122.20001252709248,28940100,GOOGL
2023-10-31,123.06289672851562,124.34232328480618,121.68429140278461,124.03485926262917,26292300,GOOGL
2023-11-01,125.4134521484375,125.45312516564948,122.7058349336953,123.0529643757322,30082400,GOOGL
2023-11-02,126.44493103027344,127.92271501549958,125.88952390924445,127.36730789447058,27124600,GOOGL
2023-11-03,128.04173278808594,128.46820067879287,126.81189200957998,126.9705840713952,26393100,GOOGL
2023-11-06,129.18231201171875,129.27157062977093,127.61526180428386,127.9921517032279,19052700,GOOGL
2023-11-07,129.8964080810547,130.8287050924927,128.8153467097953,129.63854481279463,29757300,GOOGL
2023-11-08,130.75929260253906,131.12626997179123,129.70798393466782,129.89642890979786,26425800,GOOGL
2023-11-09,129.17239379882812,131.46345569784398,129.0037891497348,130.8782957156304,23747800,GOOGL
2023-11-10,131.5031280517578,131.71141329610631,128.34920244954847,129.03354879478132,26913300,GOOGL
2023-11-13,131.0072021484375,131.5031034497492,130.17409159432344,130.69974576301732,18324800,GOOGL
2023-11-14,132.52467346191406,134.58762491778677,132.22714475544407,133.0900082716238,32395200,GOOGL
2023-11-15,133.5164794921875,133.92312224608222,132.4750987262402,133.76443017621472,23861500,GOOGL
2023-11-16,135.8075714111328,136.09520274306146,133.21898022604742,134.0818439544092,28013200,GOOGL
2023-11-17,134.2008514404297,134.94470363462352,132.55445495185654,134.88519788048188,37240600,GOOGL
2023-11-20,135.1331329345703,135.53977571897755,132.524686700092,132.59412016100978,27815500,GOOGL
2023-11-21,135.8472442626953,136.05551439657017,134.84552878301855,135.17281042196478,22635300,GOOGL
2023-11-22,137.35476684570312,138.2771361292862,136.34312381394363,136.34312381394363,17813900,GOOGL
2023-11-24,135.5695343017578,136.997732830458,134.8752753318926,136.89854649174416,12514300,GOOGL
2023-11-27,135.2918243408203,137.28534253189412,134.88518155844346,134.914934431914,23436500,GOOGL
2023-11-28,136.07533264160156,136.1249258052487,134.309924978467,134.964518417708,18730000,GOOGL
2023-11-29,133.8834686279297,137.15640583938017,133.73468912413915,136.44232172928395,23967200,GOOGL
2023-11-30,131.44358825683594,134.4388361386706,130.20383509276428,133.94293487304193,38988300,GOOGL
2023-12-01,130.77908325195312,131.02703388642644,129.59883581046725,130.77908325195312,31442300,GOOGL
2023-12-04,128.21034240722656,128.96410702955671,126.85156995087304,128.81534267439568,36669900,GOOGL
2023-12-05,129.91624450683594,131.05681158807658,127.19869958988002,127.89295847123121,27384800,GOOGL
2023-12-06,128.9542236328125,130.75929712999184,128.81537182533717,130.36258200398004,23576200,GOOGL
2023-12-07,135.8075714111328,137.42421507113212,133.5958550581541,133.9330644308803,56767100,GOOGL
2023-12-08,133.8834686279297,135.28189910781614,132.9313312582846,133.09993592227912,32260100,GOOGL
2023-12-11,132.1973876953125,132.24698086173262,130.28321556791462,131.29485865478858,31138000,GOOGL
2023-12-12,131.4337158203125,131.9097769432704,130.18403456369643,130.72952914922644,29032800,GOOGL
2023-12-13,131.48329162597656,132.4056608757626,130.49148892278734,132.28664939416652,30104800,GOOGL
2023-12-14,130.8584442138672,132.6238517222141,128.62688824878407,132.28664245291358,38722400,GOOGL
2023-12-15,131.51304626464844,132.41557523506742,130.10467308952005,130.54106870618423,50847100,GOOGL
2023-12-18,134.68682861328125,136.0257533662055,131.34444275367903,131.5428154285214,32258000,GOOGL
2023-12-19,135.5298309326172,136.34311639898218,134.96451127135808,135.71827586427287,25476800,GOOGL
2023-12-20,137.20599365234375,140.5384516154751,136.93821779664987,137.83083424971508,49107200,GOOGL
2023-12-21,139.26893615722656,139.5367271291243,138.03909533601887,138.34656689160218,27488300,GOOGL
2023-12-22,140.33018493652344,140.8260863411753,139.5565799559633,139.61608570312794,26532200,GOOGL
2023-12-26,140.35992431640625,141.5104039629761,140.03262760475596,140.42934263685476,16780300,GOOGL
2023-12-27,139.21934509277344,140.9153344287429,138.74328401733115,140.42934564037535,19628600,GOOGL
2023-12-28,139.08050537109375,139.98304957042203,138.60444425438513,139.62599994946305,16045700,GOOGL
2023-12-29,138.544921875,139.20942786934887,137.6423777840169,138.4854161342685,18733000,GOOGL
2024-01-02,137.0373992919922,138.30690574155653,135.36125003790988,137.41428922141964,23711200,GOOGL
2024-01-03,137.78125,138.48543668179107,135.95633638949388,136.12494105781897,24212100,GOOGL
2024-01-04,135.27197265625,138.01927043379123,135.2323072061994,137.28533097133266,27137700,GOOGL
2024-01-05,134.6173858642578,136.03567169625202,134.0421384410589,135.6290289280703,22513900,GOOGL
2024-01-08,137.701904296875,137.87050896561743,135.1430511234635,135.17280399831742,21404000,GOOGL
2024-01-09,139.79458618164062,140.33016810931971,137.0175356218485,137.36467261696302,24759600,GOOGL
2024-01-10,141.1136932373047,141.82779242384171,139.75492832050645,139.84418693539638,21320200,GOOGL
2024-01-11,140.91534423828125,144.02960443815402,139.4871457788245,142.3137898243085,24008700,GOOGL
2024-01-12,141.4806365966797,142.02613106020752,140.65745374610032,141.50047688636437,18785500,GOOGL
2024-01-16,141.3219757080078,143.16672938152487,140.29049239931624,140.83598692471,22670500,GOOGL
2024-01-17,140.31031799316406,140.67728012012063,137.7613779932037,140.19130652143912,20968600,GOOGL
2024-01-18,142.30386352539062,143.02789047593322,140.826087018,140.88559276545064,25746400,GOOGL
2024-01-19,145.1800994873047,145.24951781414885,143.19649387664043,143.55354349190839,34271900,GOOGL
2024-01-22,144.7932891845703,147.17360973542569,144.64450969157375,145.89419084442545,32200400,GOOGL
2024-01-23,145.83468627929688,145.97353807473283,144.30731652950118,144.69411904062358,21636100,GOOGL
2024-01-24,147.4810791015625,148.62166144639897,146.88600647851376,147.32238701526538,25233500,GOOGL
2024-01-25,150.6250762939453,151.7954113890045,148.31417410884393,148.83984348061125,29149100,GOOGL
2024-01-26,150.94247436523438,151.2895962737746,149.77213916215013,149.861412918024,26115500,GOOGL
2024-01-29,152.2516326904297,152.51942366682596,150.18868118167268,150.81352174869434,27784300,GOOGL
2024-01-30,150.21844482421875,152.3607271720474,149.95065385559957,151.54745682095233,36331800,GOOGL
2024-01-31,138.95156860351562,142.81959319917652,138.72344307921892,142.44270331878081,71910000,GOOGL
2024-02-01,140.00289916992188,141.8873186018574,139.63592181078502,140.9550214666243,40466500,GOOGL
2024-02-02,141.21290588378906,141.4509289011904,135.38109981806912,138.11847045416638,62499600,GOOGL
2024-02-05,142.50222778320312,144.27756337900828,141.60961126191953,141.64929185123162,38505400,GOOGL
2024-02-06,142.91876220703125,144.16842804795627,142.01621819950975,143.46424153576635,29128200,GOOGL
2024-02-07,144.3469696044922,144.4263156427516,142.7501665270815,143.57336464859975,25208900,GOOGL
2024-02-08,144.7139434814453,145.13049882211826,143.91058567202538,144.63459744507298,22563800,GOOGL
2024-02-09,147.7786407470703,148.21503646999923,144.98174914123254,145.47765062024953,26829500,GOOGL
2024-02-12,146.32066345214844,148.11582406905052,146.161971374684,147.20336732419403,21564100,GOOGL
2024-02-13,143.9502410888672,145.46769798615009,142.51213022242555,143.73204328748068,27837700,GOOGL
2024-02-14,144.7437286376953,145.31897617941885,142.90888707989242,144.8825804488898,22704200,GOOGL
2024-02-15,141.5996856689453,142.34353774622787,139.30862369230854,141.9666478509511,37590700,GOOGL
2024-02-16,139.36813354492188,142.01624520205476,138.9912436385364,141.8178876690081,31468900,GOOGL
2024-02-20,139.96322631835938,140.9153638014181,138.34659781398392,138.51520249806177,25144700,GOOGL
2024-02-21,141.3814697265625,141.52032149117545,139.5267884940164,140.29048076624125,23223300,GOOGL
2024-02-22,142.90887451171875,143.8114187719645,141.62945544492516,143.7419853056174,27191900,GOOGL
2024-02-23,142.77993774414062,143.49402183711422,142.2542683371376,142.4923064572686,19493800,GOOGL
2024-02-26,136.44232177734375,141.27239668798464,136.26378939947426,140.97485281400884,53641800,GOOGL
2024-02-27,137.7415771484375,138.10853934016288,135.96624166875657,136.88862613854664,33099200,GOOGL
2024-02-28,135.26205444335938,136.87868252205917,134.30000463233606,136.76958362182845,37328600,GOOGL
2024-02-29,137.32501220703125,137.72172724425474,135.2818858775754,136.15467711991738,42133000,GOOGL
2024-03-01,136.01583862304688,137.7316532704347,135.79764079115824,137.29525760665743,31151100,GOOGL
2024-03-04,132.2569122314453,134.54797432652032,130.8287137478375,134.54797432652032,55999400,GOOGL
2024-03-05,131.58245849609375,132.1477932825311,129.59885315483893,130.7989410451295,40194800,GOOGL
2024-03-06,130.32289123535156,132.48502936431544,129.77741176310514,132.02879338468463,35318600,GOOGL
2024-03-07,133.27845764160156,133.83386475709858,130.53115980204433,131.70147977631177,37738200,GOOGL
2024-03-08,134.30001831054688,136.95804250148979,132.90157275617153,133.10985799917378,39370400,GOOGL
2024-03-11,136.54148864746094,137.95977451047298,135.01411900561908,135.01411900561908,32437800,GOOGL
2024-03-12,137.36465454101562,138.23744563648094,135.90670356732062,135.90670356732062,27563400,GOOGL
2024-03-13,138.6440887451172,139.93343524438993,137.85065871514112,137.86057129371812,23347200,GOOGL
2024-03-14,141.92698669433594,142.41296038062768,139.30862790840655,140.03263971476812,42753400,GOOGL
2024-03-15,140.02268981933594,142.0062951045536,138.8821228338187,141.33187657175912,49475400,GOOGL
2024-03-18,146.4694366455078,150.90279656609297,145.96362264352206,147.3918211593764,69273700,GOOGL
2024-03-19,145.8247528076172,147.57032014783982,144.882543249734,146.9454947247472,24070400,GOOGL
2024-03-20,147.520751953125,147.63976344475103,145.53714637957398,146.7868124427757,21311500,GOOGL
2024-03-21,146.39010620117188,149.13738918978584,145.6958321016332,148.24477268139387,24755600,GOOGL
2024-03-22,149.53408813476562,150.33744585104463,147.75875293589795,147.89760470002383,29211800,GOOGL
2024-03-25,148.83981323242188,149.1472695959304,146.60825753555676,148.7108740604839,19229300,GOOGL
2024-03-26,149.43492126464844,151.011884033954,148.7505749332153,148.98861304571224,22149100,GOOGL
2024-03-27,149.63327026367188,150.3969625890798,147.679417711027,149.94072668288968,22879200,GOOGL
2024-03-28,149.6927947998047,150.1886962178925,148.9390300924469,149.61346389057567,24485400,GOOGL
2024-04-01,154.21542358398438,154.4633742852125,149.3754210532241,149.45476709366227,31730800,GOOGL
2024-04-02,153.29302978515625,153.43188156405296,150.90278153856184,152.24172129726563,24586000,GOOGL
2024-04-03,153.65008544921875,153.80877752671594,151.47803493131784,152.34091364414047,24705000,GOOGL
2024-04-04,149.2960662841797,153.5013153792841,149.21672024838048,152.2417216532487,34724700,GOOGL
2024-04-05,151.24993896484375,152.16239579697978,148.37371667079992,148.80018464435562,23459200,GOOGL
2024-04-08,153.58065795898438,153.99721328727458,151.35901440772807,151.52761905486636,20702000,GOOGL
2024-04-09,155.31631469726562,157.26023958727896,153.91786920573918,154.81048561572567,31079500,GOOGL
2024-04-10,154.86007690429688,155.3262253958283,153.41203826670193,154.9295103592396,22838600,GOOGL
2024-04-11,158.103271484375,158.3710473161656,155.17745655638205,155.6237647430745,27166400,GOOGL
2024-04-12,156.43707275390625,158.90666751104175,155.85191265414585,156.6651983253072,25353700,GOOGL
2024-04-15,153.590576171875,157.93467710778722,153.32278518896982,157.55778721582507,27136500,GOOGL
2024-04-16,153.13433837890625,154.3740918150493,152.17228850176252,152.92606827651122,20779500,GOOGL
2024-04-17,154.19558715820312,155.792390319514,153.3128832450381,154.3443515291876,21763100,GOOGL
2024-04-18,154.7311553955078,155.65353990489737,153.35255005525875,154.0666493097183,19883000,GOOGL
2024-04-19,152.826904296875,155.07830110358373,151.05158377553497,154.91960900846084,32615600,GOOGL
2024-04-22,154.99891662597656,156.3477688326678,152.79711353661722,153.04506419862878,26446200,GOOGL
2024-04-23,156.9626922607422,157.66687884737183,154.99892712206798,155.67336083793805,21151600,GOOGL
2024-04-24,157.8255615234375,158.26195711355743,155.88162165845978,156.19900577262248,22779100,GOOGL
2024-04-25,154.72122192382812,155.20721069723666,149.63326920623868,150.08950510920468,57109700,GOOGL
2024-04-26,170.54049682617188,173.2778823744627,168.25934724716632,172.9406579042473,64665300,GOOGL
2024-04-29,164.78802490234375,168.1601634153097,163.8557430067843,167.67417460775002,45610000,GOOGL
2024-04-30,161.44564819335938,166.7220460143007,161.26713096501757,164.25245175294467,33562900,GOOGL
2024-05-01,162.5167999267578,165.7500714576766,161.7531075684998,162.95319556004813,33493200,GOOGL
2024-05-02,165.25418090820312,165.36327982367402,162.54656344896563,163.43917993284745,24294500,GOOGL
2024-05-03,165.86912536621094,166.58322467748795,161.71346872060798,166.18649443027212,34662400,GOOGL
2024-05-06,166.72203063964844,166.76169608660808,164.66899190079099,166.0872775523427,21871300,GOOGL
2024-05-07,169.84622192382812,170.35203588113026,167.00966543700736,167.1187643454893,28039700,GOOGL
2024-05-08,167.9915771484375,168.7552544719988,167.35682390872975,167.61468721014788,19569100,GOOGL
2024-05-09,168.56680297851562,169.2908147525702,166.80138015076668,168.00146814371737,15346700,GOOGL
2024-05-10,167.2675323486328,168.45770778843482,164.8277059911993,166.65261946945532,29799900,GOOGL
2024-05-13,167.7535400390625,167.89239183817318,162.65567379498282,162.91353709798523,31327600,GOOGL
2024-05-14,168.94369506835938,169.84623930052865,167.41632532705881,168.37837530926814,25127100,GOOGL
2024-05-15,171.09588623046875,171.23473800953292,169.11228073886124,169.23130735927975,26948400,GOOGL
2024-05-16,172.752197265625,173.68449428030138,171.27442084056955,171.86949341563104,27867900,GOOGL
2024-05-17,174.61680603027344,174.82509128603235,172.2662381363207,172.7522118435742,24479300,GOOGL
2024-05-20,175.46975708007812,177.30459839219796,174.63664632446375,174.7457452424878,22554400,GOOGL
2024-05-21,176.39212036132812,176.6896490712989,174.36883433127562,175.44989566739218,16989400,GOOGL
2024-05-22,174.93417358398438,175.69785080388766,173.77376618454468,175.19203685040134,17880000,GOOGL
2024-05-23,172.1273651123047,176.7888348703636,171.53227742671908,175.61851492474267,21024900,GOOGL
2024-05-24,173.5555877685547,174.32919278798485,172.22656043569077,173.54566005438852,16579400,GOOGL
2024-05-28,174.95401000976562,175.8168887472588,172.94065151179802,173.01999755281523,20572200,GOOGL
2024-05-29,174.45809936523438,175.39039638067896,173.28777937305267,173.99195085751208,23388700,GOOGL
2024-05-30,170.69918823242188,173.78369568525272,170.381804057889,173.7638553909168,22931500,GOOGL
2024-05-31,171.0859832763672,171.64139042387083,168.05106912485823,170.4512300886902,37638900,GOOGL
2024-06-03,171.75050354003906,173.09935606710764,169.75698519210337,171.12566288057238,27459100,GOOGL
2024-06-04,172.3654022216797,172.42492310208857,170.480982952228,171.85958824102724,26879600,GOOGL
2024-06-05,173.9721221923828,175.2019479039631,172.50424324144495,173.7638369582265,22068500,GOOGL
2024-06-06,175.28131103515625,175.69786641038863,174.3093484929474,174.45811286491957,23251000,GOOGL
2024-06-07,173.02992248535156,176.4119585188029,172.8712304058679,175.59868809544102,19661400,GOOGL
2024-06-10,173.77459716796875,175.8101292272444,171.54047994095143,173.73488619485127,23726700,GOOGL
2024-06-11,175.37322998046875,175.59167820683606,172.5433572951998,174.9760596512974,21540600,GOOGL
2024-06-12,176.5349884033203,179.13650434238232,174.8668546571235,176.99174796777623,27864700,GOOGL
2024-06-13,173.92356872558594,175.49241749987627,173.64554642645388,174.86685975128964,20913300,GOOGL
2024-06-14,175.5420379638672,175.8101362841722,172.92067425165644,172.99018739624864,18063600,GOOGL
2024-06-17,175.98886108398438,177.10095011007647,173.57600667428076,174.2214273884837,19618500,GOOGL
2024-06-18,173.85403442382812,176.13780173263285,172.8710325397334,175.88956648496008,21869900,GOOGL
2024-06-20,175.05552673339844,176.03852876935733,173.7547762588124,174.1320835908328,20160100,GOOGL
2024-06-21,178.3620147705078,179.57340412547137,175.36332840403423,175.75057482727152,57759000,GOOGL
2024-06-24,177.9548797607422,179.61308934299385,177.4087592034553,178.8882466857276,18298000,GOOGL
2024-06-25,182.73092651367188,182.98908571292054,178.15346801046124,178.35205317535076,23130200,GOOGL
2024-06-26,182.58201599121094,183.2075585872156,181.19188934781172,181.34083960482536,19839000,GOOGL
2024-06-27,184.10121154785156,184.73669324083986,182.7210240356858,182.87988309562385,18848900,GOOGL
2024-06-28,180.8642120361328,183.82318736943728,180.67556595744807,183.01890751714419,29156600,GOOGL
2024-07-01,181.6982879638672,182.58200489120532,180.02021516731907,181.7379989393426,16006100,GOOGL
2024-07-02,183.9324188232422,184.26009121150622,180.27838761712013,180.76493422110232,17372500,GOOGL
2024-07-03,184.50831604003906,184.77639921891327,182.7011560285435,183.54516199454144,10242100,GOOGL
2024-07-05,189.25457763671875,189.51273686548802,184.48845737897847,184.54803142014995,20967500,GOOGL
2024-07-08,187.69561767578125,188.8275696991207,186.4544415470724,188.55947141301834,21035900,GOOGL
2024-07-09,187.64599609375,190.00920064999954,187.38783687416534,188.96660951335545,15121400,GOOGL
2024-07-10,189.8304443359375,190.39642795230205,187.69562734501247,187.81477541116223,15952500,GOOGL
2024-07-11,184.2600860595703,189.51273777959946,183.77353946919203,188.50987272919218,25625800,GOOGL
2024-07-12,183.76358032226562,185.78917309936222,183.1876727799843,183.77350427691545,22898400,GOOGL
2024-07-15,185.21328735351562,186.91122316515236,183.61465170436622,183.61465170436622,16474000,GOOGL
2024-07-16,182.62171936035156,187.34811338839907,182.0755987428797,186.03743905754484,18290700,GOOGL
2024-07-17,179.74217224121094,182.25431159390905,178.63006809161806,181.67840403365545,20734100,GOOGL
2024-07-18,176.43572998046875,181.21177488335857,175.22434046505242,180.64579110846435,25315700,GOOGL
2024-07-19,176.40589904785156,179.01732353591333,175.87964153783852,177.61728826175099,18881900,GOOGL
2024-07-22,180.38760375976562,181.41033185766577,178.9577661837674,179.31522557776697,24100300,GOOGL
2024-07-23,180.50674438476562,182.31390434397233,180.258509125605,180.76491875098247,36352700,GOOGL
2024-07-24,171.4114227294922,174.9462905344622,170.60714288242724,172.37457678491225,49585200,GOOGL
2024-07-25,166.09918212890625,172.19583973492487,166.0098210682456,171.30219882616154,44852000,GOOGL
2024-07-26,165.8211669921875,166.90346917641645,162.90191767605657,165.9701020997129,41336900,GOOGL
2024-07-29,168.33328247070312,169.22692328878654,166.80416003394157,167.6382268176297,20293800,GOOGL
2024-07-30,169.08792114257812,170.0212881339037,167.25098932978506,169.03828621199597,18959700,GOOGL
2024-07-31,170.32908630371094,173.01996298271357,168.80988784082692,172.01709806342805,25729100,GOOGL
2024-08-01,169.5546112060547,172.82139580223534,167.6878923021726,169.0482167160951,24531400,GOOGL
2024-08-02,165.48358154296875,167.32051364473287,163.50762313025547,165.26513327016306,29130100,GOOGL
2024-08-05,158.12586975097656,163.26929736266635,153.8363569379613,154.40234063596142,53630700,GOOGL
2024-08-06,157.17263793945312,159.43655755600886,155.3059189992834,158.2053051541738,49004600,GOOGL
2024-08-07,157.81805419921875,161.82952940748444,157.35137068982363,160.11174561926643,25138600,GOOGL
2024-08-08,160.88623046875,162.5345161798724,159.07908571101373,159.37695589283805,25578800,GOOGL
2024-08-09,162.51466369628906,162.63381177677473,157.93720474099763,158.88049573069213,28602300,GOOGL
2024-08-12,161.14437866210938,163.73595512438263,160.69755826883667,163.18984972764733,15895300,GOOGL
2024-08-13,163.00120544433594,163.56717396094234,161.81960317762199,162.25649966122157,18551700,GOOGL
2024-08-14,159.23793029785156,162.0678179768307,156.59671896869054,161.2535991509072,40591100,GOOGL
2024-08-15,160.16140747070312,160.49900381900557,158.48333453503372,159.36705153563673,31524300,GOOGL
2024-08-16,161.8096923828125,163.89485965448893,159.99260830608642,160.3302046522989,24208600,GOOGL
2024-08-19,165.4934844970703,165.5133475605536,163.1004929084528,164.1132970310061,22416200,GOOGL
2024-08-20,165.9998779296875,167.44957853320707,165.642433695725,165.72185564699794,18341500,GOOGL
2024-08-21,164.67929077148438,165.6722318912375,163.50761237161458,163.98421986679392,22902000,GOOGL
2024-08-22,162.64373779296875,166.406977492495,162.15719125168386,166.07930514645545,22493300,GOOGL
2024-08-23,164.45089721679688,165.00694179876172,162.67353934579646,163.55725630307884,13955700,GOOGL
2024-08-26,164.98707580566406,166.36726315289178,163.29907918080005,165.20552403193696,14190400,GOOGL
2024-08-27,163.5175323486328,165.26511837355505,163.29909924659626,164.6693476557718,11821900,GOOGL
2024-08-28,161.70042419433594,164.43101154384925,160.38973499405353,163.87495193849986,16407400,GOOGL
2024-08-29,160.63800048828125,164.798425876507,159.11880190681103,163.15014011129165,19699800,GOOGL
2024-08-30,162.22671508789062,162.50473737235887,160.54864227379994,161.472070186267,22123800,GOOGL
2024-09-03,156.2491912841797,160.707501683565,155.37539838425428,160.57841450941874,38945300,GOOGL
2024-09-04,155.34564208984375,157.87764508845953,154.8591106161364,155.5541664007753,19353800,GOOGL
2024-09-05,156.13002014160156,158.3244108713139,154.87890501050856,155.19665334573045,18688700,GOOGL
2024-09-06,149.85464477539062,156.71587030378532,149.4872614761098,156.18961281792176,37912100,GOOGL
2024-09-09,147.85618591308594,152.51924546184443,146.3747353094781,151.63435601744013,39260500,GOOGL
2024-09-10,147.80648803710938,150.4015036061094,147.48831800096144,149.58620426686707,31118800,GOOGL
2024-09-11,150.29212951660156,150.63017379029483,146.67302891819028,149.0592434246133,29607700,GOOGL
2024-09-12,153.8018798828125,153.931138367879,151.7735836501272,152.91699025153633,29621500,GOOGL
2024-09-13,156.55596923828125,157.47068534964538,154.318887339598,154.53761027887018,29591200,GOOGL
2024-09-16,157.1525421142578,157.34145371198093,155.70093277492722,156.4068480208361,18379800,GOOGL
2024-09-17,158.40528869628906,159.628222536102,157.47068317745328,158.107008079676,20715600,GOOGL
2024-09-18,158.89247131347656,159.57851220454893,157.68942685128602,158.9421872798641,23677300,GOOGL
2024-09-19,161.20912170410156,162.84964266050142,160.41371162750136,162.7701153069082,26587700,GOOGL
2024-09-20,162.65077209472656,162.78996770160265,161.1295575441582,162.5612924555598,40896400,GOOGL
2024-09-23,160.92076110839844,164.53986181971814,160.74178667068307,163.40640761812853,24150900,GOOGL
2024-09-24,161.35821533203125,162.28288368359324,159.7674107357338,162.09397212944717,23332100,GOOGL
2024-09-25,160.56285095214844,161.87526461274848,160.3739393623142,160.5429615292226,18869200,GOOGL
2024-09-26,161.79568481445312,163.13793988577822,161.3482715144051,162.70046370931135,20319300,GOOGL
2024-09-27,163.00869750976562,164.7486500925775,161.69628402203105,161.87524329123835,21101300,GOOGL
2024-09-30,164.89781188964844,165.19607736347226,162.32267031989335,162.38233858584195,20413900,GOOGL
2024-10-01,166.03126525878906,168.18880481054381,163.63509815814953,166.72724331239,28338100,GOOGL
2024-10-02,164.90774536132812,166.5582184121097,163.7842281975384,165.46452779504156,17760200,GOOGL
2024-10-03,164.90774536132812,165.6832659184552,162.9788810936898,163.4660733087808,15073100,GOOGL
2024-10-04,166.10086059570312,167.26414148638466,164.52992998564537,167.0951193232447,19047400,GOOGL
2024-10-07,162.04428100585938,167.5127039344141,161.81560574950586,166.7570727731855,22463100,GOOGL
2024-10-08,163.4362335205078,163.78421492779364,161.93489332497202,162.99875730912473,23072700,GOOGL
2024-10-09,160.93072509765625,163.89361198393067,158.82290136031557,162.51159290066175,31181800,GOOGL
2024-10-10,161.1494140625,162.13373540590882,159.47905194985296,159.94635464277815,14144100,GOOGL
2024-10-11,162.30279541015625,162.9589946210884,160.31427801309022,161.19916764793726,15344300,GOOGL
2024-10-14,164.01290893554688,165.27560646204375,162.46185274166893,162.70048027253844,19016100,GOOGL
2024-10-15,164.51004028320312,166.71728049354707,163.68480379630955,164.83813228183462,20247200,GOOGL
2024-10-16,164.21176147460938,164.84808640066018,162.7999160190336,163.58537367338423,16406000,GOOGL
2024-10-17,161.99453735351562,165.41478917356866,161.82551522151294,164.7784643120133,21453400,GOOGL
2024-10-18,162.4817352294922,163.7643372928155,162.1436909535705,162.25306000415483,19757700,GOOGL
2024-10-21,163.12802124023438,163.5555451703661,161.68633408506915,162.01444125458505,20946500,GOOGL
2024-10-22,164.19189453125,164.81828241822615,162.04429192263328,162.04429192263328,16568100,GOOGL
2024-10-23,161.8454132080078,164.867967838788,161.00028733207427,163.81404098216163,18280500,GOOGL
2024-10-24,161.7857666015625,162.39226497688696,160.0855776572324,161.89513565846306,22412500,GOOGL
2024-10-25,164.3211212158203,164.63927607521566,162.48173675810202,162.73030140529735,19828900,GOOGL
2024-10-28,165.76280212402344,167.78114595500233,163.00870143582344,167.78114595500233,32138600,GOOGL
2024-10-29,168.70578002929688,169.40177313699868,166.13065407857997,166.76697893071042,42169000,GOOGL
2024-10-30,173.4583740234375,180.97496713171114,173.06066145323211,179.64264898550226,68890800,GOOGL
2024-10-31,170.1276092529297,175.8048331883122,170.01824018748218,172.1360161042455,44769000,GOOGL
2024-11-01,170.30654907226562,171.33064938867685,167.91039737420323,169.0935675366594,31796500,GOOGL
2024-11-04,168.26834106445312,169.7497767581588,167.04539198951443,168.95436679599575,21492700,GOOGL
2024-11-05,168.76547241210938,169.55093008750674,167.87063050478386,168.45723948005892,18242100,GOOGL
2024-11-06,175.49658203125,175.92412112315387,172.50386907265272,172.80214969030013,33695500,GOOGL
2024-11-07,179.71224975585938,180.0403569286527,176.1726914135067,176.39142952870222,25352900,GOOGL
2024-11-08,177.32603454589844,179.86138194143007,177.05758046511664,179.6128172813832,22006200,GOOGL
2024-11-11,179.31454467773438,179.513393363608,177.44533365392132,177.55470270682915,17450400,GOOGL
2024-11-12,180.57725524902344,181.44227061052396,178.36006265722634,178.787601775427,25134900,GOOGL
2024-11-13,177.85299682617188,179.92105669289288,177.5149373462163,179.42392735486908,23184000,GOOGL
2024-11-14,174.57191467285156,177.79331777453538,173.31915438556513,177.25640967199746,31007500,GOOGL
2024-11-15,171.4996795654297,173.1402002652983,170.236966835199,172.73255057874763,32504600,GOOGL
2024-11-18,174.29354858398438,174.4327441914951,171.90731866370794,172.424337422112,20135300,GOOGL
2024-11-19,177.0973358154297,177.8430297605378,172.56351905656155,172.72260407260165,23434900,GOOGL
2024-11-20,174.96961975097656,176.65985629395433,172.7822539205829,176.32181201959514,18997100,GOOGL
2024-11-21,166.66758728027344,173.1302686962832,162.76014278127062,172.9015782767723,59734400,GOOGL
2024-11-22,163.81405639648438,165.5043083073982,162.95899331574788,164.8978098993039,38604600,GOOGL
2024-11-25,166.6874542236328,167.6618386099698,164.65917328191838,165.13641317917185,33135300,GOOGL
2024-11-26,168.1490020751953,168.84499520108912,166.61785057482837,166.66756653684672,20486700,GOOGL
2024-11-27,168.25839233398438,168.5069570042289,167.0553478258637,168.0297170852908,19266500,GOOGL
2024-11-29,167.97999572753906,168.4572356311654,166.20027942100947,167.53258236969043,14257200,GOOGL
2024-12-02,170.50540161132812,171.0920105058346,167.60216850996696,167.80101718271035,23789100,GOOGL
2024-12-03,170.35626220703125,171.68856506902026,169.86908521024029,170.50541009739786,22248700,GOOGL
2024-12-04,173.3688507080078,173.90575879671132,170.07785748297476,170.16733710736509,31615100,GOOGL
2024-12-05,171.64881896972656,175.04918185581036,171.3406012044101,174.35320380974355,21356200,GOOGL
2024-12-06,173.70693969726562,174.07481055205204,170.87329640646647,171.0423185605895,21462400,GOOGL
2024-12-09,174.56295776367188,175.44886145410123,172.8508718378986,173.15945800345577,25389600,GOOGL
2024-12-10,184.31785583496094,185.50238194938174,180.21682071285838,182.0085402477567,54813000,GOOGL
2024-12-11,194.50079345703125,194.7098337526011,183.99935507018319,184.45722971599074,67894100,GOOGL
2024-12-12,191.07662963867188,194.28179760891206,190.8277801088796,194.10263323797517,34817500,GOOGL
2024-12-13,188.94647216796875,191.84306905787375,188.7672926142497,190.13098313311997,25143500,GOOGL
2024-12-16,195.7550048828125,198.08423292115103,191.73358782946704,191.98243736831273,44934900,GOOGL
2024-12-17,194.5207061767578,200.4930951236226,194.08272855714978,196.34228662818003,43504000,GOOGL
2024-12-18,187.53298950195312,196.09341894237798,186.87603832190538,194.32161160052223,34166100,GOOGL
2024-12-19,187.64247131347656,192.14167452151278,187.51307990183986,190.74812339841523,32265200,GOOGL
2024-12-20,190.52915954589844,192.00234452424112,184.36764269628742,184.92506321844033,63462900,GOOGL
2024-12-23,193.73434448242188,194.20218282242337,189.2749498878787,191.73358450411797,25675000,GOOGL
2024-12-24,195.20753479003906,195.20753479003906,192.8882552424337,193.9433748674021,10403300,GOOGL
2024-12-26,194.69989013671875,195.84459196860374,193.48550314170072,194.25194880473947,12046600,GOOGL
2024-12-27,191.8729248046875,194.42115659969988,189.77263428806026,194.05284898883724,18891400,GOOGL
2024-12-30,190.3599395751953,191.66390866604786,188.24968525874627,188.9265638700057,14264700,GOOGL
2024-12-31,188.42886352539062,191.07662611886298,187.6424905201336,190.2006709297877,17466900,GOOGL
2025-01-02,188.5582733154297,191.1164539742449,186.63716208422355,189.77266033181004,20370800,GOOGL
2025-01-03,190.9073944091797,192.32087307336826,189.10572628313417,190.489329030918,18596200,GOOGL
2025-01-06,195.9640350341797,197.30782865396526,192.95794346331456,193.0873348986171,29563600,GOOGL
2025-01-07,194.59039306640625,200.0750314967655,193.70448930563006,196.20293323603758,26487200,GOOGL
2025-01-08,193.05746459960938,195.38669258245946,191.49469743094454,191.683825506133,24864800,GOOGL
2025-01-10,191.15623474121094,195.61562893869856,189.43420036839143,193.40584405374383,26665200,GOOGL
2025-01-13,190.1309814453125,190.3001972959748,186.49778453538255,189.19532001022134,21823700,GOOGL
2025-01-14,188.78720092773438,191.09651654383717,187.44340746260227,190.3599316953501,17174900,GOOGL
2025-01-15,194.65011596679688,195.45638605757955,190.97709427450172,192.20142977574318,21776000,GOOGL
2025-01-16,192.02227783203125,194.58044340688883,191.92273193275372,193.24661341257175,17815400,GOOGL
2025-01-17,195.0980224609375,196.32235783888785,192.85837679493184,195.6255822249555,27735100,GOOGL
2025-01-21,197.1385955810547,201.3590737795005,196.9594160260543,198.15390588987137,29971300,GOOGL
2025-01-22,197.45712280273438,199.5574134711185,196.62099201618707,198.14394994474472,26200600,GOOGL
2025-01-23,197.0689239501953,199.3782549776066,194.30171827365388,197.22819130144518,26951400,GOOGL
2025-01-24,199.28868103027344,199.9754930323733,197.08884431729592,197.18839021308668,23877500,GOOGL
2025-01-27,190.92730712890625,195.97398278636885,189.85227535828872,191.5245520643281,41728900,GOOGL
2025-01-28,194.40126037597656,194.58042475121238,189.80251062684363,191.8629920734772,24157900,GOOGL
2025-01-29,194.5107421875,195.88438120776217,192.5398430560715,194.66004582386458,18218300,GOOGL
2025-01-30,199.9456329345703,200.4731927690754,196.76036171060426,197.0888449414686,24354700,GOOGL
2025-01-31,203.0811309814453,204.5344037474068,200.87134591508243,201.0704225036096,32001100,GOOGL
2025-02-03,200.303955078125,202.8123625387659,199.17916555521708,199.76644678798675,27838300,GOOGL
2025-02-04,205.43028259277344,206.09719755510824,201.8767037764101,202.4540365472158,43856400,GOOGL
2025-02-05,190.4495391845703,191.86300280413045,187.16472209106553,190.19074112078758,70373900,GOOGL
2025-02-06,190.71827697753906,191.21597601434,187.85152566522362,188.62793494754752,29297400,GOOGL
2025-02-07,184.48709106445312,190.3002126652559,182.39676404459453,190.1708212328695,49315000,GOOGL
2025-02-10,185.61187744140625,187.33391183220394,185.00468401733505,186.48783259444508,23105600,GOOGL
2025-02-11,184.46717834472656,186.07971836409422,183.43195584227703,184.17850439769825,21239500,GOOGL
2025-02-12,182.76504516601562,184.25814231125668,180.9932377687485,182.37684051579572,22072600,GOOGL
2025-02-13,185.28343200683594,185.42278715606759,182.29723721881007,183.4718150668244,21402500,GOOGL
2025-02-14,184.37759399414062,185.54220800020582,183.4717932262479,184.20837813225802,20448400,GOOGL
2025-02-18,182.92431640625,185.10424071494356,180.90365944170068,184.74589678490392,29916700,GOOGL
2025-02-19,184.41741943359375,184.60654751219354,182.74514264416922,183.22294469175932,19549400,GOOGL
2025-02-20,183.71067810058594,184.4572267048234,181.87914917011352,183.9495791218272,20441500,GOOGL
2025-02-21,178.83323669433594,184.48709094071828,178.255903940123,184.29796286054517,35199200,GOOGL
2025-02-24,178.42510986328125,182.27729565940143,178.06676593885823,181.15250613186586,29854200,GOOGL
2025-02-25,174.61273193359375,177.91746089820734,173.88609557732903,177.22067008112575,41913400,GOOGL
2025-02-26,171.93511962890625,175.26970953461128,170.79041782229913,174.26436286262216,35431300,GOOGL
2025-02-27,167.72459411621094,173.75670468511518,167.16717356296937,173.1893356179125,39991000,GOOGL
2025-02-28,169.49639892578125,169.82488214403156,166.00255682205264,167.90375578067133,48130600,GOOGL
2025-03-03,166.241455078125,172.57218851048452,165.16642315316903,171.13881261054323,40770500,GOOGL
2025-03-04,170.13343811035156,172.49252670098738,165.03700479811678,165.4749823837437,45388000,GOOGL
2025-03-05,172.2238006591797,172.98029782260173,168.28201710781593,169.73530516145718,30954900,GOOGL
2025-03-06,171.55686950683594,174.0055403400316,169.71537693678601,169.7452376648565,28302000,GOOGL
2025-03-07,173.05992126464844,174.1648138078256,169.48644558654738,170.4718800246714,27385800,GOOGL
2025-03-10,165.2968292236328,167.87789100205225,163.12436954047675,167.6785699397653,43604000,GOOGL
2025-03-11,163.47314453125,166.17378667553444,160.81237268027317,164.34014854098334,39587400,GOOGL
2025-03-12,166.53256225585938,167.06072965689114,162.96493090148982,166.0043948548276,28372400,GOOGL
2025-03-13,162.1975860595703,165.5559515451144,161.54983818219623,165.46625097868807,31756200,GOOGL
2025-03-14,164.91815185546875,165.91469633780176,161.88864811378173,162.70582188820455,31995900,GOOGL
2025-03-17,163.7222900390625,165.72535422603255,163.10443731189008,164.45973844695973,31184300,GOOGL
2025-03-18,160.11480712890625,163.68243835584954,156.17845929337233,163.11440067725707,42074800,GOOGL
2025-03-19,163.3236846923828,165.2968386316175,160.44367156873926,161.20103994792456,34275600,GOOGL
2025-03-20,162.23745727539062,164.32023175461748,160.4038189359583,161.0117117252994,28138500,GOOGL
2025-03-21,163.42335510253906,163.6724912535671,160.33406074736575,160.65296231959232,36625800,GOOGL
2025-03-24,167.1005859375,167.7383890591239,164.56936942432435,166.492708348571,30879100,GOOGL
2025-03-25,169.9706268310547,170.04039224469534,167.7383768915496,168.3960847024039,24174400,GOOGL
2025-03-26,164.4896240234375,169.02390429945322,164.27038302856647,168.41601157841293,28901600,GOOGL
2025-03-27,161.67938232421875,164.84838647984,161.44020617422274,164.06112302928733,24508300,GOOGL
2025-03-28,153.7967071533203,161.26083057547865,153.09912907789933,159.935424629148,48669300,GOOGL
2025-03-31,154.10565185546875,155.00253588696825,150.13940872047658,152.58093987828155,54603500,GOOGL
2025-04-01,156.52725219726562,157.55369181763876,153.0891615011919,153.0891615011919,30672900,GOOGL
2025-04-02,156.49734497070312,157.86262130532444,154.1654344397735,154.61387643325034,25041700,GOOGL
2025-04-03,150.19920349121094,152.2520829364648,149.870341948127,150.58785527738945,46883400,GOOGL
2025-04-04,145.09689331054688,150.54799324363788,144.8776522919314,147.49855413182192,62259500,GOOGL
2025-04-07,146.242919921875,152.32184805897472,140.04441129882048,141.0608910476278,76794100,GOOGL
2025-04-08,144.19998168945312,151.7139355045659,142.5357542501846,150.69745588802078,52200200,GOOGL
2025-04-09,158.16159057617188,158.99868434001036,143.41272834835817,143.9209605893895,70406200,GOOGL
2025-04-10,152.2919464111328,157.17500865516934,149.41191804525613,155.99907817143998,48022000,GOOGL
2025-04-11,156.59701538085938,157.12518279409443,152.29195068350106,152.37166086891528,33636200,GOOGL
2025-04-14,158.5203399658203,161.16117679260088,157.0155480479404,159.44711904636745,30333000,GOOGL
2025-04-15,155.76986694335938,159.0983218935906,154.6736771269803,158.58012970667488,27551500,GOOGL
2025-04-16,152.8001708984375,155.35132240030543,150.98645259897873,152.57096991980188,28187400,GOOGL
2025-04-17,150.63766479492188,154.14549035907424,147.98685287180376,153.75683862644127,33046600,GOOGL
2025-04-21,147.1597137451172,148.43528939549356,145.5951469015095,148.3655391927389,26049100,GOOGL
2025-04-22,150.94659423828125,151.66410748339032,148.02671099242252,148.37550764431742,26971800,GOOGL
2025-04-23,154.81320190429688,156.98566172409713,153.27851478210604,155.07229801307963,31128800,GOOGL
2025-04-24,158.72959899902344,159.03852534598082,155.2516533895316,155.61041000027018,45894000,GOOGL
2025-04-25,161.40036010742188,165.52605388757996,160.4835257508864,164.49961422965615,56034000,GOOGL
2025-04-28,160.0550079345703,162.58622419769722,158.05195902405725,161.86871096281394,29745800,GOOGL
2025-04-29,159.60658264160156,160.18458031932272,156.97570557414937,159.76603342291708,26809000,GOOGL
2025-04-30,158.2512664794922,158.7196436016194,154.86300612354924,157.43409270690867,34981100,GOOGL
2025-05-01,160.74264526367188,161.39039316416392,158.3609043039561,159.8955762805081,30203200,GOOGL
2025-05-02,163.4632110595703,164.39996542535462,161.31067105386134,162.84535826769726,25715000,GOOGL
2025-05-05,163.642578125,164.81849332954616,162.15772135408076,162.436752596043,21341800,GOOGL
2025-05-06,162.66595458984375,164.23053675483612,160.63301049910467,161.6096198520829,21277200,GOOGL
2025-05-07,150.85691833496094,164.42985019413678,147.32914212449143,163.5130310359637,127490100,GOOGL
2025-05-08,153.7468719482422,155.39116415932176,152.3716357822811,154.464385147347,57498700,GOOGL
2025-05-09,152.22218322753906,154.5142387821615,151.67408067225014,153.6372746936992,32435300,GOOGL
2025-05-12,157.91244506835938,158.55023292762746,155.7100750758197,156.94579570580373,44138800,GOOGL
2025-05-13,158.97874450683594,160.01515931291138,155.62039437316713,158.24129609505388,42382100,GOOGL
2025-05-14,164.79855346679688,166.4229258122212,159.0584628171564,159.40725946266062,48755900,GOOGL
2025-05-15,163.39344787597656,165.6356730691148,161.80893051621783,165.26694125278715,33146700,GOOGL
2025-05-16,165.61572265625,168.76480673115492,165.04768502743337,167.15039440077075,42846900,GOOGL
2025-05-19,165.96450805664062,166.06416858529283,163.65253281131433,163.94152401470697,30426100,GOOGL
2025-05-20,163.41336059570312,167.91774593119885,162.337090725838,165.8548915457752,46607700,GOOGL
2025-05-21,167.9775390625,172.54171471286378,162.9948165454298,163.1243721968136,73416000,GOOGL
2025-05-22,170.27955627441406,176.15917803179707,170.12012070875053,171.25618084668935,74864400,GOOGL
2025-05-23,167.88784790039062,169.3727046333075,167.30985028367255,168.47580548761593,35211400,GOOGL
2025-05-27,172.30255126953125,172.5716225630013,169.4125780788469,169.57202886061165,37995700,GOOGL
2025-05-28,171.764404296875,174.66435233443565,171.31596232961738,172.56164290870063,34784000,GOOGL
2025-05-29,171.26614379882812,173.81729536660228,170.04039828273065,173.39874848808273,29317300,GOOGL
2025-05-30,171.1465606689453,171.61493780799663,166.86141620850907,170.75790891590938,52639900,GOOGL
2025-06-02,168.4459228515625,169.28301661805224,166.81159040962694,167.26003241267054,38612300,GOOGL
2025-06-03,165.6057586669922,167.89781407143477,164.70887469424017,166.91124474262,45084900,GOOGL
2025-06-04,167.4693145751953,167.63872532387313,165.78515185366567,166.1638436483944,26900800,GOOGL
2025-06-05,167.62875366210938,170.339340657981,167.0108857444217,169.7513830642687,36379100,GOOGL
2025-06-06,173.07984924316406,173.897023068816,170.239706414102,170.239706414102,35731800,GOOGL
2025-06-09,175.6939697265625,176.0731199779413,173.9778367906517,174.14745263351276,28935900,GOOGL
2025-06-10,178.1983184814453,180.70266778284787,174.51661519040564,175.8037071645682,61766100,GOOGL
2025-06-11,176.95114135742188,179.96433833777158,176.352484683136,179.36569688795734,31646800,GOOGL
2025-06-12,175.30484008789062,176.32255032681226,174.3569797237004,175.78375628436552,20941900,GOOGL
2025-06-13,174.2771453857422,176.7316192634362,172.00227458420645,172.05216517338764,27663100,GOOGL
2025-06-16,176.37245178222656,176.5420676284148,174.25720927061568,174.33703117902292,27389200,GOOGL
2025-06-17,175.5542755126953,176.96110799729416,174.1873615915514,175.30483777675101,24973000,GOOGL
2025-06-18,172.93020629882812,176.16290971424257,172.81046582918458,175.6141436330853,28707500,GOOGL
2025-06-20,166.2652130126953,173.94789206625825,165.08787423262584,173.55876981570484,75659900,GOOGL
2025-06-23,164.81846618652344,166.96362443515676,161.63563852290417,165.89603893694584,57671000,GOOGL
2025-06-24,166.3949432373047,167.84167918331357,165.75638318822968,166.5445998017471,40524300,GOOGL
2025-06-25,170.29611206054688,171.9723414475006,167.17316217400943,167.25298407095676,35479000,GOOGL
2025-06-26,173.1497039794922,173.29937576602373,169.5578094698184,172.0421997468365,31796700,GOOGL
2025-06-27,178.1284637451172,178.27812028762878,171.34375470263782,173.14968136313868,108140200,GOOGL
2025-06-30,175.8336639404297,180.82241920920578,174.1873807915227,180.3734342799105,63378900,GOOGL
2025-07-01,175.44451904296875,175.6939567742825,173.139716841545,175.3447530851258,35904500,GOOGL
2025-07-02,178.23822021484375,178.4577266308603,174.67625741761273,175.14518633422566,29128900,GOOGL
2025-07-03,179.126220703125,179.265905222364,176.65180269468908,178.09853847776557,21689700,GOOGL
2025-07-07,176.39239501953125,178.8967598076696,175.28489078530595,178.65729408356307,34175600,GOOGL
2025-07-08,173.96786499023438,177.54978742679873,172.421347895151,177.45002146146976,40442500,GOOGL
2025-07-09,176.2227783203125,179.03644347316074,172.3814460707259,174.85586430994886,43025600,GOOGL
2025-07-10,177.2205047607422,178.02868052999747,173.98780168372105,175.2349902719471,29252400,GOOGL
2025-07-11,179.7847442626953,181.0219456842772,176.08308157759498,176.39238193299045,34282900,GOOGL
2025-07-14,181.1516571044922,183.2569121837853,179.27588047712075,180.60289104600895,32536600,GOOGL
2025-07-15,181.59068298339844,183.8056914333515,181.19158867102598,182.39885886185957,33448300,GOOGL
2025-07-16,182.55848693847656,183.91542879782378,181.62059863833602,182.82788394956327,33104200,GOOGL
2025-07-17,183.16712951660156,183.64604573142148,180.07409534184728,181.73036564766983,31992600,GOOGL
2025-07-18,184.64378356933594,186.00072543502688,183.2968289565469,184.98301522964096,34014500,GOOGL
2025-07-21,189.67245483398438,189.86201471908177,185.73132654425748,185.83110772544197,45803100,GOOGL
2025-07-22,190.90966796875,191.21896833519165,187.03840453704987,191.0693117786785,44660200,GOOGL
2025-07-23,189.80215454101562,192.09698471753413,188.7545130229886,191.06930248089483,58681900,GOOGL
2025-07-24,191.73779296875,197.50479208340965,190.5704262162467,196.58686306155585,74881700,GOOGL
2025-07-25,192.74551391601562,193.8929365997576,190.82983399147875,191.54821586623893,39785900,GOOGL
2025-07-28,192.14688110351562,193.61357622809174,190.41078895772904,193.2144667106556,38139500,GOOGL
2025-07-29,195.30975341796875,195.47936925683575,191.64800916549822,191.99721287217557,41389200,GOOGL
2025-07-30,196.08799743652344,197.155598285003,194.2521393007246,195.1600963397073,32445400,GOOGL
2025-07-31,191.46839904785156,195.54921195775628,190.66022322341527,195.26984291287636,51329200,GOOGL
2025-08-01,188.7046356201172,190.40080913246982,187.39758435603645,188.6048544387261,34832200,GOOGL
2025-08-04,194.601318359375,194.8308120156372,189.69238602262155,189.86200183955253,31547400,GOOGL
2025-08-05,194.23216247558594,197.41499022677854,193.45391800516853,194.27208103659058,31602300,GOOGL
2025-08-06,195.6489715576172,196.18776557270928,193.23441619136784,194.06255127051267,21562900,GOOGL
2025-08-07,196.07801818847656,197.09571318148866,193.8929412029117,196.6167969951023,26321800,GOOGL
2025-08-08,200.96697998046875,202.15430596097147,196.72653874979915,196.77642933858343,39161800,GOOGL
2025-08-11,200.54794311523438,201.02685931355308,198.62229106869012,200.48808049350347,25832400,GOOGL
2025-08-12,202.88267517089844,204.04006993048975,200.1388600495838,200.91710457512625,30397900,GOOGL
2025-08-13,201.5057830810547,204.06999503609887,197.06577929471834,203.6709007567403,28342900,GOOGL
2025-08-14,202.4835662841797,203.9801926061093,200.777405578413,201.04680257921203,25230400,GOOGL
2025-08-15,203.44140625,205.97570210941166,200.82730371462006,203.39153088363753,34931400,GOOGL
2025-08-18,203.0423126220703,204.80833601681928,202.0345896716843,203.74073522255918,18526600,GOOGL
2025-08-19,201.11666870117188,202.98245812812408,199.51028904350812,202.57337657986534,24240200,GOOGL
2025-08-20,198.87171936035156,200.82730262485018,196.15783565803162,200.27853657760338,28955500,GOOGL
2025-08-21,199.30075073242188,202.02460654215824,198.9814631231269,199.30075073242188,19774600,GOOGL
2025-08-22,205.62648010253906,208.07096677186306,200.84725997228378,202.27403645691825,42827000,GOOGL
2025-08-25,208.02110290527344,210.04653613391585,204.81831562838462,205.96572314134983,29928900,GOOGL
2025-08-26,206.67413330078125,207.38254318133843,205.23736948208096,207.0432962842493,28464100,GOOGL
2025-08-27,207.01336669921875,208.4401585010209,205.18748059977113,205.2373711930947,23022900,GOOGL
2025-08-28,211.1640167236328,211.742714118765,206.43467159929352,206.78389053195886,32339300,GOOGL
2025-08-29,212.43115234375,214.167229203444,209.72724064780297,210.0365409975429,39728400,GOOGL
2025-09-02,210.87466430664062,211.20390871469678,205.73623790289355,207.97120545801465,47523000,GOOGL
2025-09-03,230.1412353515625,230.78976737242826,224.28442698424496,225.7012467158241,103336100,GOOGL
2025-09-04,231.7775421142578,231.84737676203946,225.60146147412655,229.13349303754427,51684200,GOOGL
2025-09-05,234.47146606445312,235.22975128240526,231.37843212445287,231.677760445174,46588900,GOOGL
2025-09-08,233.72247314453125,237.8069358559837,233.3529799966882,235.15054099905157,32474700,GOOGL
2025-09-09,239.30491638183594,240.14377315813266,232.91358965088386,233.85231685973005,38061000,GOOGL
2025-09-10,238.84552001953125,241.33214736167037,237.5273187664355,238.5758820575914,35141100,GOOGL
2025-09-11,240.0438995361328,241.9213539288796,235.92949376965038,239.55457404217233,30599300,GOOGL
2025-09-12,240.4733123779297,241.75157459718335,237.67710805902945,240.04388783032,26771600,GOOGL
2025-09-15,251.26864624023438,252.06756394348793,244.32807821701437,244.32807821701437,58383800,GOOGL
2025-09-16,250.8192596435547,252.696698721273,249.13154999644232,251.73800966841424,34109700,GOOGL
2025-09-17,249.19146728515625,251.25866627901078,245.94587648389523,250.87917693990602,34108000,GOOGL
2025-09-18,251.68807983398438,253.64542748570952,249.46110945180462,251.338548569648,31239500,GOOGL
2025-09-19,254.3744354248047,255.65269769422878,251.4683796180924,252.90642848071656,55571400,GOOGL
2025-09-22,252.18739318847656,255.4329839373953,249.96042287972912,254.0848093772248,32290500,GOOGL
2025-09-23,251.31858825683594,254.01492224497756,250.1401811840686,252.69670571321294,26628000,GOOGL
2025-09-24,246.80470275878906,252.00764101873446,246.10565550148698,251.31857470864836,28201000,GOOGL
2025-09-25,245.45654296875,246.1556055061487,240.41340622781078,244.06842931794486,31020400,GOOGL
2025-09-26,246.2055206298828,249.08161830530747,245.63630185383965,246.73481561544992,18503200,GOOGL
2025-09-29,243.71890258789062,250.80926093832198,242.4406403715287,247.51375020937843,32505800,GOOGL
2025-09-30,242.77020263671875,242.9599320717839,238.92541967317948,242.48058753408858,34724300,GOOGL
2025-10-01,244.5677490234375,245.96585884887978,238.2862890899911,240.42338523813993,31658200,GOOGL
2025-10-02,245.35667419433594,246.47514981131818,241.97127402542458,244.81739828037135,25483300,GOOGL
2025-10-03,245.01715087890625,245.96585900937905,241.3321544964398,244.15831699237452,30249600,GOOGL
2025-10-06,250.09024047851562,250.97904766602093,244.24818617214953,244.44791178946252,28894700,GOOGL
2025-10-07,245.42657470703125,250.1002333278666,245.18691006468788,247.93317917084852,23181300,GOOGL
2025-10-08,244.2881317138672,245.67624536262252,243.48922922331397,244.62768203424937,21307100,GOOGL
2025-10-09,241.2023162841797,244.42792989328805,238.82554034163272,244.13833003954065,27892100,GOOGL
2025-10-10,236.2490692138672,243.75885638035138,235.5200485827795,241.10246136059908,33180300,GOOGL
2025-10-13,243.81875610351562,244.16828735447277,239.38479264234815,239.88411429337978,24995000,GOOGL
2025-10-14,245.1169891357422,246.78472157869837,240.1836889124138,240.9027132904423,22111600,GOOGL
2025-10-15,250.68942260742188,251.7679591837619,245.65626715592245,246.91455220927548,27007700,GOOGL
2025-10-16,251.1188507080078,256.6113736152233,249.76069521164578,251.42842769264908,27997200,GOOGL
2025-10-17,252.9563446044922,253.87509458891947,247.4737875390444,250.4197821526697,29671600,GOOGL
2025-10-20,256.2019348144531,256.98087539491434,253.88509020638818,254.3444728441902,22350200,GOOGL
2025-10-21,250.12020874023438,254.53421031738455,243.81875668908756,254.39440086428343,47312100,GOOGL
2025-10-22,251.34854125976562,256.01218852739623,248.95178813355238,254.02489806023604,35029400,GOOGL
2025-10-23,252.73666381835938,254.69399627404513,251.50833675008087,252.63679338694976,19901400,GOOGL
2025-10-24,259.5673828125,261.32497431611404,254.9736174865258,256.23188733462473,28655100,GOOGL
2025-10-27,268.9046630859375,269.7735083332291,263.92144290721717,264.4607188078389,35235200,GOOGL
2025-10-28,267.1071472167969,270.3627344019799,266.1384619149823,269.3241367489819,29738600,GOOGL
2025-10-29,274.197509765625,274.96645416764926,267.3068768000952,267.38675485794886,43580300,GOOGL
2025-10-30,281.09814453125,291.1944142933695,279.6800575475708,291.1944142933695,74876000,GOOGL
2025-10-31,280.8085021972656,285.6119738650845,276.6541425566326,282.82575062167336,39267900,GOOGL
2025-11-03,283.3350830078125,285.14262497278366,279.42038779718166,281.797163766903,29786000,GOOGL
2025-11-04,277.1634521484375,280.88837191256465,275.8851900258856,276.374515458966,30078400,GOOGL
2025-11-05,283.92425537109375,286.0314084420774,276.96371081227676,278.49163374098424,31010300,GOOGL
2025-11-06,284.3636779785156,287.9587999323025,280.7585903155872,284.9428776795432,37173600,GOOGL
2025-11-07,278.45172119140625,283.3950181298404,274.8166751233446,282.8257840870045,34479600,GOOGL
2025-11-10,289.7064208984375,290.40545290698407,282.47622284552773,284.03413439651047,29557300,GOOGL
2025-11-11,290.914794921875,291.52398321941854,286.9302176656824,287.35962699643375,19842100,GOOGL
2025-11-12,286.3210144042969,291.613842224268,283.30512258449664,291.2842728658537,24829900,GOOGL
2025-11-13,278.19207763671875,282.45627365196606,276.8638649512614,281.9569519907634,29494000,GOOGL
2025-11-14,276.0350036621094,278.1820807042813,270.3327588398133,271.04178706348836,31647200,GOOGL
2025-11-17,284.63330078125,293.55120856159544,283.1852862901624,285.392279437324,52670200,GOOGL
2025-11-18,283.8943176269531,288.4081743957296,277.8225797399186,287.52939388700526,49158700,GOOGL
2025-11-19,292.4127502441406,303.39782684502376,286.2411417953812,286.77042153983126,68198900,GOOGL
2025-11-20,289.05731201171875,306.0042898345543,288.2783714658303,304.1268355762142,62025200,GOOGL
2025-11-21,299.25347900390625,303.50770955644725,293.4513634023398,296.0178842040454,74137700,GOOGL
2025-11-24,318.14776611328125,319.0465694557707,309.17996886834777,310.70789188393536,85165100,GOOGL
2025-11-25,323.0011901855469,328.3838617048627,317.2190369667809,325.767421144808,88632100,GOOGL
2025-11-26,319.5159606933594,324.0597758686898,316.36024396458464,320.2449508538883,51373400,GOOGL
2025-11-28,319.7456359863281,326.40660086319315,316.36025071335513,322.9313108653273,26018600,GOOGL
2025-12-01,314.46282958984375,319.41609223758667,313.464186206563,317.2690150587685,41183000,GOOGL
2025-12-02,315.38153076171875,317.948051296999,313.4841146313127,316.3102616947243,35854700,GOOGL
2025-12-03,319.19635009765625,321.1436861691208,313.6738540884245,315.4614340573081,41838300,GOOGL
2025-12-04,317.1890869140625,321.92264650582644,314.27306548179905,321.7928484740126,31240900,GOOGL
2025-12-05,320.8341064453125,322.72155681925386,318.73697999805336,319.05652267664885,28851700,GOOGL
2025-12-08,313.49932861328125,320.21460294317257,311.0010871288888,319.82486263347363,33909400,GOOGL
2025-12-09,316.85693359375,317.7662971049956,311.6805848338384,312.15025542764414,30194000,GOOGL
2025-12-10,319.9847412109375,321.0839735202244,314.45863248382005,315.6078174223929,33428900,GOOGL
2025-12-11,312.210205078125,320.8940942947929,308.3829128168011,319.85481737290655,42353700,GOOGL
2025-12-12,309.07244873046875,314.6485102459599,305.34506149685063,313.47935032153816,35940200,GOOGL
2025-12-15,308.003173828125,311.2009348824072,304.66552711937686,311.1009991314403,29151900,GOOGL
2025-12-16,306.3543395996094,310.5513666605185,302.37712849550337,304.7354841263937,30585000,GOOGL
2025-12-17,296.5112609863281,307.87325739956634,295.9116769824828,307.7933270972379,43930400,GOOGL
2025-12-18,302.2472229003906,303.7461677101471,299.0195145942255,301.50775321966603,33518000,GOOGL
2025-12-19,306.9439392089844,307.03387224107576,300.7582909786616,301.5177661333593,59943200,GOOGL
2025-12-22,309.56207275390625,309.9118326328777,305.0852133945127,309.66200850448513,26429900,GOOGL
2025-12-23,314.1288757324219,314.7184570357758,309.1024153195162,309.41219480947996,25478700,GOOGL
2025-12-24,313.8690490722656,314.8583428959372,311.70059264113144,314.5485634057752,10097400,GOOGL
2025-12-26,313.2894592285156,314.86833429915043,312.0603135401851,314.25877806497726,10899000,GOOGL
2025-12-29,313.33941650390625,313.79908436732376,310.4014822754237,311.15095467052413,19621800,GOOGL
2025-12-30,313.6292419433594,316.72706748217655,312.24020504037514,312.28018544302313,17380900,GOOGL
2025-12-31,312.7798156738281,314.3586907819443,311.22091551782626,312.62992729269524,16377700,GOOGL
