Date,Close,High,Low,Open,Volume,Ticker
,INTC,INTC,INTC,INTC,INTC,
2018-01-02,39.330387115478516,39.37236447826704,38.79311017698625,38.935826165136284,23370800,INTC
2018-01-03,37.99557876586914,38.79310042195653,36.64399320840844,38.17187531894867,116479000,INTC
2018-01-04,37.298805236816406,37.483495370206114,35.83808087780022,36.53486405200838,89209100,INTC
2018-01-05,37.559051513671875,37.90324473700295,36.85387476313712,37.298806607280866,41824000,INTC
2018-01-08,37.559051513671875,37.642999830611934,36.90424247233195,37.16448737872296,33733800,INTC
2018-01-09,36.61881637573242,37.64300256952073,36.50968419625448,37.525473636284026,44282300,INTC
2018-01-10,35.67857360839844,36.60201776199974,35.628202704549764,36.37535670073703,45735000,INTC
2018-01-11,36.44252014160156,36.58523612259174,35.636604774294796,35.93042708453486,35371500,INTC
2018-01-12,36.2998046875,36.60202052614749,36.1067178093763,36.47609806065006,29973600,INTC
2018-01-16,36.21585464477539,36.76152829134853,36.005980658004624,36.56004785498253,38367200,INTC
2018-01-17,37.265220642089844,37.3155915464661,36.52646339001752,36.56004399293502,32368600,INTC
2018-01-18,37.340782165527344,37.55905292163054,37.080537249380654,37.27362414994238,26826500,INTC
2018-01-19,37.62621307373047,37.68497754161279,37.147700576732525,37.45831322159955,25780200,INTC
2018-01-22,38.40693283081055,38.44051343137513,37.60101763179457,37.60941118072455,27706800,INTC
2018-01-23,38.667179107666016,38.69236295780711,38.306195644338885,38.45730515003036,22135100,INTC
2018-01-24,38.20545959472656,38.72594939382092,37.743737458852415,38.53286570799802,32464200,INTC
2018-01-25,38.029170989990234,38.92743152065306,37.92003560518893,38.51608024339351,36758700,INTC
2018-01-26,42.04195022583008,42.100714674273014,40.396536062161125,40.61480675845396,86916100,INTC
2018-01-29,41.958011627197266,42.688372284140094,41.44591853123596,41.63900223583357,46304000,INTC
2018-01-30,40.95899963378906,42.02515965240672,40.917025485520476,41.538250565708886,32814600,INTC
2018-01-31,40.413333892822266,41.3451748952345,39.926427914645885,41.32838459220457,41619900,INTC
2018-02-01,40.00198745727539,40.690373951649654,39.83408760933511,40.043961618654656,28840400,INTC
2018-02-02,38.74274826049805,40.11952142192233,38.70077089143072,39.72495721013965,28663000,INTC
2018-02-05,37.374359130859375,39.674576182192574,37.35756882799426,38.91063501515522,47869000,INTC
2018-02-06,37.957542419433594,37.974446632895,36.36858181970033,37.2053226532205,58145400,INTC
2018-02-07,38.20265579223633,39.132365136694766,37.47579059878899,37.67863797394973,37508400,INTC
2018-02-08,36.13192367553711,38.38858262417234,36.12347318219159,38.2702563724437,43151300,INTC
2018-02-09,37.14616012573242,37.42507159203491,35.53184479147827,36.765823377002576,49301100,INTC
2018-02-12,37.88992691040039,38.1688383583071,37.264483939946224,37.31519657781512,28379500,INTC
2018-02-13,37.57719802856445,37.847658940600084,37.408159152505085,37.6870737816253,19517600,INTC
2018-02-14,38.35478210449219,38.464654652127095,37.22222563329796,37.24758034057541,19922000,INTC
2018-02-15,38.811187744140625,38.870354108668586,37.9913542742586,38.77738253831666,23536800,INTC
2018-02-16,38.50690841674805,39.37745423475143,38.464646281617284,38.72665668834614,21475200,INTC
2018-02-20,39.149261474609375,39.47888557177859,38.36323329329094,38.422396427441875,25512000,INTC
2018-02-21,38.82809066772461,39.774707330597224,38.81118645330018,39.445079985544716,27527500,INTC
2018-02-22,38.70975875854492,39.35210591661331,38.55762407501024,38.99712391364946,16946400,INTC
2018-02-23,40.340972900390625,40.39168552970413,39.14080302397283,39.16615772655541,26040900,INTC
2018-02-26,41.507354736328125,41.52425895308578,40.653709522890054,40.73823060667831,26992300,INTC
2018-02-27,42.18349838256836,43.02023920264491,41.67638488346979,41.72709429889024,43624100,INTC
2018-02-28,41.65948486328125,42.54693518809959,41.65103114376098,42.41170469311917,35541200,INTC
2018-03-01,40.43394470214844,42.02290496522735,40.121224879741135,41.83696188069678,36326600,INTC
2018-03-02,41.39746856689453,41.456631698647506,39.690181791947246,39.89302911806377,33310600,INTC
2018-03-05,42.04827117919922,42.09053010339369,40.60299469236327,41.05094509229331,30826500,INTC
2018-03-06,42.859649658203125,43.38367058080981,42.386344597976326,42.394795092273704,39132300,INTC
2018-03-07,43.37521743774414,43.51890163589678,42.34408301574514,42.411699867616726,31801900,INTC
2018-03-08,42.885013580322266,44.01757019917143,42.65681151262698,43.77246391637102,29481200,INTC
2018-03-09,44.110538482666016,44.203510053536036,43.10476186647536,43.332963933842855,32727900,INTC
2018-03-12,43.54425811767578,43.90769065092282,42.68216256607693,43.831623301542066,32044400,INTC
2018-03-13,43.763999938964844,45.45438236347981,43.4343758820482,44.389442854660764,45573900,INTC
2018-03-14,43.83161926269531,44.10208020798335,43.3667647144908,44.00065815953754,24993500,INTC
2018-03-15,43.003334045410156,44.203504138199186,43.003334045410156,44.14434100540812,25631200,INTC
2018-03-16,43.24843215942383,43.69638568787608,43.096300709629894,43.24843215942383,42559800,INTC
2018-03-19,42.96108627319336,43.29916094484634,42.20041261971206,42.88501890784523,31115200,INTC
2018-03-20,43.569610595703125,43.78936213784221,42.97797604460035,43.003333975861885,22215000,INTC
2018-03-21,43.57805633544922,44.09362022252151,43.24842908259219,43.569602618526865,23239500,INTC
2018-03-22,42.96108627319336,43.91615036415905,42.766689387409436,42.88501890784523,30916000,INTC
2018-03-23,41.7186393737793,43.09630197302395,41.7186393737793,42.75822419343,37683900,INTC
2018-03-26,44.35564041137695,44.36409413016228,42.53002727577977,42.88500930933566,39306200,INTC
2018-03-27,43.265342712402344,45.00643800043684,42.91881439854804,44.80359066406282,38777000,INTC
2018-03-28,41.92150115966797,42.85121383396162,41.42283799753456,42.682174872803685,37970900,INTC
2018-03-29,44.01756286621094,44.01756286621094,42.149687710133,42.24265926564828,45265800,INTC
2018-04-02,41.34675598144531,43.98375510353967,39.96909651271946,43.68793622025307,67187800,INTC
2018-04-03,42.04827117919922,42.22576059530555,40.915714600381456,41.414377643834406,39432400,INTC
2018-04-04,42.25111389160156,42.394794862922,40.57763230467075,40.65369964953124,30370000,INTC
2018-04-05,42.58074188232422,42.86810707546349,42.23421355155178,42.26801875580703,25115400,INTC
2018-04-06,41.23688507080078,42.597643605073685,40.99177881542823,42.082076386582806,28215200,INTC
2018-04-09,41.87922668457031,43.19772622334389,41.549602605914124,41.549602605914124,31437000,INTC
2018-04-10,43.33296203613281,43.51890516972972,42.54693380211762,43.206182040653246,25906400,INTC
2018-04-11,43.18927764892578,43.72174911394409,42.9526250974284,43.096309306658384,17568400,INTC
2018-04-12,44.558494567871094,45.023349223588966,43.48510103243556,43.5189094644531,29781400,INTC
2018-04-13,43.83161926269531,44.972626174119924,43.61186772955579,44.845849419599844,20884900,INTC
2018-04-16,44.288028717041016,44.397901272858945,43.77246146967519,44.195057151234174,18855500,INTC
2018-04-17,45.25154113769531,45.38677161123634,44.70216552535116,44.71906973756239,21228700,INTC
2018-04-18,45.310707092285156,45.94460058104315,45.082505049434396,45.234639744668236,22164700,INTC
2018-04-19,44.13589859008789,44.76133845812193,43.620331289264186,44.75288796224017,25422400,INTC
2018-04-20,43.552703857421875,44.18659729167109,43.00333148222846,44.09362573878408,26910100,INTC
2018-04-23,43.18927764892578,43.85697960396391,42.97797980676049,43.687940685401834,21706700,INTC
2018-04-24,43.48508834838867,45.33605593542684,43.22307791290211,43.8400671085815,42494700,INTC
2018-04-25,43.42592239379883,44.03445783223715,42.76667110128044,43.83161376080717,25752800,INTC
2018-04-26,44.83740234375,45.02334548023719,44.009115173083195,44.16970037559078,39575000,INTC
2018-04-27,44.56693649291992,47.15322301018934,44.144340846420604,46.857404123150474,69888100,INTC
2018-04-30,43.628780364990234,45.10786535566373,43.282252010426994,44.423262366293336,36417400,INTC
2018-05-01,45.074058532714844,45.1501226628955,43.47664409178584,43.64568301520232,27600800,INTC
2018-05-02,44.21195602416992,44.96417573060575,44.076725551374146,44.87120417603076,25778300,INTC
2018-05-03,44.18659210205078,44.42324781546359,43.28223783333493,43.856968070818624,28561000,INTC
2018-05-04,44.86665725708008,44.91766258320104,43.3535349191527,43.88057698470767,25642500,INTC
2018-05-07,45.334197998046875,45.546715326199525,44.909163341741575,44.93466438343763,20285700,INTC
2018-05-08,45.58920669555664,45.58920669555664,44.883647786736496,45.30018307213431,21026800,INTC
2018-05-09,46.19276809692383,46.21826913945898,45.21518705815192,45.69972632286295,19827500,INTC
2018-05-10,46.73681640625,46.753818183811376,45.98875440733692,46.37128629557415,18715900,INTC
2018-05-11,46.473289489746094,46.91532593785007,46.26927466308715,46.430786671088576,15405000,INTC
2018-05-14,46.66880798339844,46.95783168821511,46.53279701894101,46.55829806141516,21878200,INTC
2018-05-15,45.83572769165039,46.541286653143544,45.52970551702464,46.3967764520222,21712600,INTC
2018-05-16,46.447784423828125,46.498789747453415,45.869737060435845,46.048250828988984,16260500,INTC
2018-05-17,46.5922966003418,47.12783789122296,46.26076687006134,46.37127678015482,16872600,INTC
2018-05-18,45.478702545166016,46.362775298137386,45.4532015066546,46.35427279012913,23679900,INTC
2018-05-21,46.17575454711914,46.94081805567024,45.78472352841807,46.209758090333935,25367400,INTC
2018-05-22,46.28626251220703,46.796302668147575,45.94623357974251,46.52428081927845,19009600,INTC
2018-05-23,46.93232727050781,46.94932904636165,45.767733187956104,45.90374415202961,20555400,INTC
2018-05-24,46.541297912597656,47.00883541659284,46.01425581224439,46.90682800037288,19667100,INTC
2018-05-25,47.127830505371094,47.17883581959536,46.36277024854496,46.58378679133749,18550000,INTC
2018-05-29,47.02582550048828,47.442360814183914,46.592291657280285,46.85581102055626,24253500,INTC
2018-05-30,47.33186340332031,47.7738998706629,47.28085807305709,47.51037719510558,24711500,INTC
2018-05-31,46.923828125,47.48487375859508,46.804818936473346,47.3233585089456,30962100,INTC
2018-06-01,48.52195358276367,48.53895211387008,47.433862754816104,47.46786630254252,31183200,INTC
2018-06-04,48.30944061279297,48.96399113015613,48.266934552938636,48.46245010579163,22538100,INTC
2018-06-05,48.054420471191406,48.55596152943939,47.790901041731196,48.368948473025725,21687000,INTC
2018-06-06,48.47945022583008,48.504954509423236,47.67188700028576,48.054415583856446,22955400,INTC
2018-06-07,47.50187683105469,48.453953608012014,47.28085698110916,48.385946502565,27596100,INTC
2018-06-08,46.79631805419922,47.34886444043543,46.46479151956041,47.22985524777096,30822900,INTC
2018-06-11,46.34577941894531,46.83031866882398,46.12475958121573,46.58379778933986,25752400,INTC
2018-06-12,46.60080337524414,46.779317167636876,46.09076304190566,46.64330619589612,23294900,INTC
2018-06-13,46.77931213378906,47.34886024606097,46.677304726649695,46.736809317710744,22631400,INTC
2018-06-14,47.21284866333008,47.48487057393512,46.90682320321016,47.1363422983001,23419800,INTC
2018-06-15,46.847320556640625,47.076839661253345,46.39678485652515,46.89832264027205,39194700,INTC
2018-06-18,45.24069595336914,46.158769248513316,44.49263394945933,46.158769248513316,40764400,INTC
2018-06-19,44.994163513183594,45.011165286502475,44.101591491860546,44.32260805949269,31780900,INTC
2018-06-20,45.444705963134766,45.69122684904716,44.79015218472453,45.21518685308776,21403000,INTC
2018-06-21,44.36511993408203,46.35428242013359,44.15260258831908,46.22677395833023,44435600,INTC
2018-06-22,44.628631591796875,45.130172533681616,44.45861710861015,44.73063898460629,34682100,INTC
2018-06-25,43.10700988769531,43.99108266541651,42.426955152046986,43.4980409553485,45356500,INTC
2018-06-26,42.22293472290039,42.85198734453458,41.95941535178542,42.46095629898833,37543000,INTC
2018-06-27,41.449378967285156,42.554471686846234,41.44087970082633,41.942420733582516,33338800,INTC
2018-06-28,41.865909576416016,42.06992761842371,41.22835765393253,41.29636474885401,29055700,INTC
2018-06-29,42.2569465637207,42.59697560044928,42.078432778678945,42.103933821468566,28906500,INTC
2018-07-02,42.67348098754883,42.732985581190604,41.50888691415775,41.68740069508308,23755500,INTC
2018-07-03,42.052913665771484,43.234509034398606,42.01891012815849,42.996490756619274,16327900,INTC
2018-07-05,43.141021728515625,43.31953552292357,42.290952334850296,42.48646790626243,26163500,INTC
2018-07-06,43.66807174682617,43.778581695972704,42.84350649083182,43.158031315432595,19968000,INTC
2018-07-09,44.084590911865234,44.1100919511555,43.35353085314755,43.89757464305184,21361600,INTC
2018-07-10,44.33961868286133,44.42462432366593,44.06759674097779,44.28861335272416,17362900,INTC
2018-07-11,43.5235481262207,44.093092991768415,43.51504561741006,43.940080260746676,18665600,INTC
2018-07-12,44.501121520996094,44.6116314254599,43.97407952262181,44.246101408412194,20292700,INTC
2018-07-13,44.390621185302734,44.560632456082175,43.99958683134149,44.54363392320993,13749300,INTC
2018-07-16,44.21210861206055,44.47563129670089,44.09309941343505,44.331121053443496,15951500,INTC
2018-07-17,43.99108123779297,44.10159114211098,43.36202860100966,43.39603214737777,15754500,INTC
2018-07-18,43.96558380126953,44.17810111934565,43.75306648319341,44.09309224646104,14649000,INTC
2018-07-19,44.18659591674805,44.21209695465609,43.39603131403265,43.86356871796754,15954600,INTC
2018-07-20,44.12709426879883,44.26310521795123,43.634055794155174,44.059090415601034,17380500,INTC
2018-07-23,44.46712112426758,44.62863310525611,43.6340536954336,44.00808297692335,15945500,INTC
2018-07-24,44.35661697387695,45.308693695651826,44.27161133975238,44.84965548876218,17788700,INTC
2018-07-25,44.569122314453125,44.586124085256586,43.43002961267071,44.38210607837123,19854800,INTC
2018-07-26,44.33961868286133,45.20668983864909,44.093097784667705,44.586139581054944,28282500,INTC
2018-07-27,40.531307220458984,41.823413032844435,40.36129270042667,41.44938044022189,67816700,INTC
2018-07-30,40.539794921875,40.79481825054809,39.46870926392207,40.48879285034545,35696600,INTC
2018-07-31,40.88832473754883,41.38136640010307,40.53979651644397,41.00733714223039,36581200,INTC
2018-08-01,41.49188995361328,41.576895599321624,40.803332549448626,40.85433788252814,28060700,INTC
2018-08-02,42.06143569946289,42.09543925548429,40.973347848838934,41.22836803348422,26452500,INTC
2018-08-03,42.188941955566406,42.31645041001566,41.79790759742008,42.07843203417133,22008200,INTC
2018-08-06,42.16328048706055,42.17183470373157,41.32514668957684,41.71000487782899,26669000,INTC
2018-08-07,42.50537872314453,42.61656070603842,42.25735863148811,42.27446380289316,28322700,INTC
2018-08-08,42.72774124145508,42.87313357333508,42.28301655346625,42.419854668041424,21990600,INTC
2018-08-09,42.881683349609375,43.27509251039088,42.52248453215093,42.642217471303745,23795600,INTC
2018-08-10,41.778419494628906,42.05209568513282,41.30803874610515,41.487638134408805,28712400,INTC
2018-08-13,41.436336517333984,42.11197621329519,41.37647003920865,41.838296690107185,17070600,INTC
2018-08-14,41.15409851074219,41.70145093204398,40.75213841149244,41.62447929389356,23061600,INTC
2018-08-15,40.58964157104492,41.051471407372546,40.11070982594472,40.86331778609585,26739900,INTC
2018-08-16,40.34162139892578,41.0087100264129,40.23899363411154,40.83766157673728,24358000,INTC
2018-08-17,40.28174591064453,40.52976594401131,39.623214909946256,40.19622333619665,26382000,INTC
2018-08-20,39.76861572265625,40.29886301879781,39.50349044334644,40.23899654645012,24334000,INTC
2018-08-21,40.72647476196289,40.92317931387919,39.888341046741424,39.90544621592685,19254300,INTC
2018-08-22,40.238990783691406,40.49556180879113,40.12780880990641,40.410039221250415,23182500,INTC
2018-08-23,40.17912673950195,40.34162097060573,39.94821182426325,40.07649897577735,31343200,INTC
2018-08-24,40.76069259643555,40.95739718452683,40.26465564874405,40.444255064504176,18214700,INTC
2018-08-27,41.350799560546875,41.38500989958329,40.73502977027899,41.05146725017204,17170300,INTC
2018-08-28,41.53895950317383,41.72711313411589,41.31659879045157,41.521854331044736,13472400,INTC
2018-08-29,41.69289779663086,41.78697460083506,41.39356547641532,41.650136502668296,13479100,INTC
2018-08-30,41.25672912597656,41.76132024605666,41.12844197617674,41.49619499229331,16418800,INTC
2018-08-31,41.41923141479492,41.53041341542481,40.98305763058142,41.01726797884883,16484000,INTC
2018-09-04,41.01726150512695,41.419224877631486,40.67516786388038,41.3764635802854,15682900,INTC
2018-09-05,40.81200408935547,41.15409771481404,40.598194350014715,40.83766021408349,20857200,INTC
2018-09-06,40.41859436035156,41.017262322561265,40.37583306215328,40.84621386729022,19318100,INTC
2018-09-07,39.725860595703125,40.606755907824166,39.64888893894158,40.119269835827225,25958300,INTC
2018-09-10,39.59756851196289,39.99097770338824,39.5377020377233,39.81993249840551,21522400,INTC
2018-09-11,38.42588424682617,39.3666457369478,38.391673907645654,39.34098961380117,32455300,INTC
2018-09-12,38.42588424682617,38.46864553956306,37.681827313276244,38.10944676560017,29778700,INTC
2018-09-13,38.973243713378906,39.212709606248445,38.57983452867092,39.06732053199997,18657100,INTC
2018-09-14,38.94757843017578,39.31533140062254,38.78508095894557,39.15283392939233,22998700,INTC
2018-09-17,38.84495162963867,39.25546919753453,38.64824706219733,38.73377291487466,17603200,INTC
2018-09-18,39.426517486572266,39.7942705258866,38.836403737719884,38.981796067496184,20528100,INTC
2018-09-19,39.46928405761719,39.71730090637351,39.24692007427662,39.417968539351335,15918900,INTC
2018-09-20,40.36728286743164,40.50412098172891,39.785720066048725,40.00808077835255,21999300,INTC
2018-09-21,39.90544891357422,40.555429074172686,39.65742883733523,40.29885804400165,52650600,INTC
2018-09-24,40.1192512512207,40.196222872326366,39.469271210477245,39.60610928550098,17847000,INTC
2018-09-25,39.264015197753906,39.67452945137886,39.16993840291703,39.52914041388716,23389900,INTC
2018-09-26,39.08441925048828,39.59756129689322,38.98179149370281,39.375200613445095,23957700,INTC
2018-09-27,39.23836135864258,39.48637815834656,39.11007421958942,39.264017481462226,15415500,INTC
2018-09-28,40.444244384765625,40.837653457064285,38.87915578576239,39.01599386580006,46223500,INTC
2018-10-01,39.725860595703125,40.384395156334456,39.512050800529785,40.016642047638015,23796200,INTC
2018-10-02,41.13698196411133,41.80407039777023,40.469896792929305,40.632390978544265,42121100,INTC
2018-10-03,41.701454162597656,42.522486120632315,41.53040896454854,41.58172121897206,39211900,INTC
2018-10-04,41.162662506103516,41.78698671387068,40.72648869880739,41.76988153883176,30108300,INTC
2018-10-05,40.22188186645508,41.34224592873526,39.90544440706193,41.2481691337185,28901400,INTC
2018-10-08,40.22188186645508,40.49555803606169,39.785711490668696,40.16201540825846,19376800,INTC
2018-10-09,39.811378479003906,40.72648403262873,39.802827523703435,40.3501800123226,23285700,INTC
2018-10-10,38.3147087097168,39.443623992426595,38.3147087097168,39.392311737516735,43109500,INTC
2018-10-11,37.827213287353516,39.00744379335933,37.39959386977664,38.61403471218314,43648800,INTC
2018-10-12,38.38312530517578,38.77653444241673,37.82721867811266,38.71666797642258,32087400,INTC
2018-10-15,38.08379364013672,38.60548997972402,38.00682199556682,38.16931950214663,21633000,INTC
2018-10-16,39.28968048095703,39.349546952999304,38.340367883224644,38.40023435526692,21472000,INTC
2018-10-17,39.246917724609375,39.6232249777403,38.947585375507884,39.34099453789211,23124400,INTC
2018-10-18,38.46010208129883,39.12718751293621,38.34036913331039,39.04166491079537,26638800,INTC
2018-10-19,37.630516052246094,38.63969833464547,37.51078311407632,38.5028602249546,28368500,INTC
2018-10-22,38.49430847167969,38.77653892612432,37.71604106128735,38.058137988648454,34508800,INTC
2018-10-23,38.05813217163086,38.56272326800102,37.553541075260696,37.78445597656341,38590300,INTC
2018-10-24,36.279232025146484,37.938397554122226,36.22791977990555,37.76734912420507,33631800,INTC
2018-10-25,37.8956413269043,38.4344395488076,37.014742936968545,37.23710690432238,48255300,INTC
2018-10-26,39.07586669921875,39.71729591579312,38.2291819603281,38.990344108666584,67280400,INTC
2018-10-29,38.827850341796875,39.98242164032313,38.00681845536812,39.76861189893103,35732200,INTC
2018-10-30,40.84622573852539,40.948856799002684,38.87917608741486,38.93904257478718,43975200,INTC
2018-10-31,40.093605041503906,41.53040681562195,40.05084374420425,41.299491895230354,33369100,INTC
2018-11-01,41.2396240234375,41.45343376513931,40.07649850658323,40.15347014409499,28335300,INTC
2018-11-02,40.290306091308594,41.26527793927643,39.98241955774452,41.162650182247596,30759800,INTC
2018-11-05,41.02581024169922,41.26527608483085,40.12780680500075,40.487008832175626,23751200,INTC
2018-11-06,40.66435241699219,41.24096705531455,40.4750146990908,41.13769342873625,23839600,INTC
2018-11-07,41.929466247558594,41.95528383320064,40.95696336459255,40.991389000788196,29913200,INTC
2018-11-08,42.161834716796875,42.42002042438528,41.70570324094766,41.73152410981307,26581700,INTC
2018-11-09,41.40449142456055,42.19626144770438,41.19794086725666,41.98971417341022,21761400,INTC
2018-11-12,40.14798355102539,41.13769604153034,40.10494986112594,41.060239995924775,24412800,INTC
2018-11-13,40.78483581542969,41.52497053047717,40.44058932487889,40.44058932487889,29315900,INTC
2018-11-14,40.52664566040039,41.28399310896098,40.35452079258997,41.18071621846945,25632700,INTC
2018-11-15,41.40449142456055,41.51637311322556,40.208228338326876,40.457806021181504,29581000,INTC
2018-11-16,42.02413558959961,42.213470024837555,41.043024644780154,41.111875917964426,31670600,INTC
2018-11-19,41.309814453125,42.29953007093475,41.12047675298527,41.83479387041491,26859000,INTC
2018-11-20,40.78483581542969,41.41308886161882,40.5266501267643,40.79344386542372,29200800,INTC
2018-11-21,40.47501754760742,41.206547601794334,40.46641277937423,41.18072673107552,19011400,INTC
2018-11-23,40.05331039428711,40.50943856786195,40.03609757677363,40.18240160112433,8906900,INTC
2018-11-26,40.83647918701172,40.84508395503344,40.19101324606741,40.68156709854432,20723000,INTC
2018-11-27,41.370059967041016,41.49915445757887,40.09634101130525,40.397557111881206,27621000,INTC
2018-11-28,42.04995346069336,42.067166279106154,41.008602569290034,41.258180228751975,28003200,INTC
2018-11-29,41.051631927490234,41.791766685328625,40.99138870608565,41.73152346392405,23592500,INTC
2018-11-30,42.43724060058594,42.445845369693416,40.93115321501041,41.266795021371365,43313700,INTC
2018-12-03,43.1429443359375,43.46137328033291,42.62656961428623,43.03106265379496,30870400,INTC
2018-12-04,41.09465789794922,42.68680563419497,41.03441468304321,42.6179576527348,35397700,INTC
2018-12-06,41.62824249267578,41.64545530896968,40.0360947400938,40.27706760219036,31661700,INTC
2018-12-07,39.79512405395508,41.3614543092461,39.786516003832936,41.258177405835625,34016400,INTC
2018-12-10,40.62992477416992,40.84508006733923,39.5971787103554,39.829546820939356,23289000,INTC
2018-12-11,40.77622604370117,41.81757672054469,40.56107078238596,41.22374938119786,23851000,INTC
2018-12-12,41.16350555419922,41.860606489295016,40.802043013438436,41.80897132847826,31305000,INTC
2018-12-13,41.559391021728516,41.808971912524996,41.18932370999822,41.53357015795074,19526000,INTC
2018-12-14,41.189327239990234,41.96388427652076,41.18071919032367,41.21514482297188,26372100,INTC
2018-12-17,40.51805877685547,41.66268357940433,40.156596066622505,41.18934244627495,26598700,INTC
2018-12-18,41.0860595703125,41.69709986469667,40.75902257884949,40.853691440826374,29014300,INTC
2018-12-19,39.218505859375,41.07744742705736,39.05498902143862,40.87090018787552,39717600,INTC
2018-12-20,39.19268798828125,39.85536666823876,38.736556545993345,39.08080631945488,37750900,INTC
2018-12-21,38.59026336669922,40.14798926883341,38.55583772308066,39.37342870246612,52768300,INTC
2018-12-24,37.51448440551758,38.87426441785764,37.4714539950466,38.40953138855729,19241600,INTC
2018-12-26,39.75209426879883,39.760702319765365,37.44562906119533,37.867334917298535,28677600,INTC
2018-12-27,39.89839553833008,39.91560835464364,38.44394374841974,39.261534466764346,29970700,INTC
2018-12-28,40.23405075073242,41.08606738762533,39.84677046123564,40.0275001686641,24758700,INTC
2018-12-31,40.388954162597656,40.862295177527336,40.061917179387756,40.52665342663192,20490400,INTC
2019-01-02,40.51805877685547,40.85370061156521,39.3906435139751,39.554160404907726,18774600,INTC
2019-01-03,38.28904342651367,39.82955307230648,38.20297932593239,39.71767466606544,32267300,INTC
2019-01-04,40.63853454589844,40.93975065589179,39.19269065191157,39.450876358050074,35447300,INTC
2019-01-07,40.82786560058594,41.30981461969904,40.234038197311044,40.53525428237604,22736800,INTC
2019-01-08,41.0860595703125,41.33563723560397,40.25986068224755,41.13769474374753,22749200,INTC
2019-01-09,41.31842041015625,41.800369441208915,41.12047793749422,41.275390008796535,22554500,INTC
2019-01-10,41.791770935058594,41.86922698231361,40.80205514046775,41.094666509763414,27202600,INTC
2019-01-11,42.110198974609375,42.42002315687658,41.35285133829061,41.395881745158924,21751300,INTC
2019-01-14,41.611026763916016,42.02412776003754,41.56799636769759,41.705695605401836,19193900,INTC
2019-01-15,41.82618713378906,42.28231858180951,41.68848787927571,41.920855986831214,22480800,INTC
2019-01-16,41.421695709228516,42.07576632039515,41.378665309534895,41.82618540595945,19057700,INTC
2019-01-17,41.714317321777344,42.03274629773469,41.232368190401736,41.30982424217621,17448700,INTC
2019-01-18,42.333953857421875,42.4974739796388,41.903643275603365,42.2651058714957,29874600,INTC
2019-01-22,41.54219436645508,42.15323475774276,41.19794450158342,42.13602193619817,25940700,INTC
2019-01-23,41.258182525634766,41.998317343541785,40.896723167871585,41.662675573330375,18960700,INTC
2019-01-24,42.82450485229492,43.06548099477136,41.826184499203904,41.91224857973442,50578300,INTC
2019-01-25,40.483619689941406,40.819261413209844,39.37341761835414,40.320099570291234,86455700,INTC
2019-01-28,40.199615478515625,40.21682829648293,39.631605617632,39.700456889501204,35928700,INTC
2019-01-29,40.05331039428711,40.423377763303804,39.87258073490944,40.25985763843036,20988300,INTC
2019-01-30,40.9139289855957,41.03441541756445,39.975851829970246,40.17379429434877,26931700,INTC
2019-01-31,40.552467346191406,40.60410579666395,39.674633386212854,40.19100804191095,43051300,INTC
2019-02-01,41.938072204589844,42.213470735947375,40.45780263628605,40.50083632425585,37442900,INTC
2019-02-04,42.35977554321289,42.37698836077931,41.51636718051417,41.843400865248256,20905000,INTC
2019-02-05,43.039669036865234,43.650712644565786,42.32535507717257,42.32535507717257,31641600,INTC
2019-02-06,43.21721267700195,43.85810734796643,43.1479249807792,43.26051583523157,21647800,INTC
2019-02-07,42.63694763183594,43.1739141611142,42.160606196001034,42.87078869389739,27825900,INTC
2019-02-08,42.299171447753906,42.455065463836846,41.58032645094709,42.23854636414601,18851200,INTC
2019-02-11,42.23854446411133,42.71488580123984,42.07399114512341,42.45506355406239,18004100,INTC
2019-02-12,43.31248092651367,43.42507178778437,42.671586216737644,42.74953322779899,18050100,INTC
2019-02-13,43.710872650146484,44.00533872922998,43.3038157251084,43.41640657106299,17712800,INTC
2019-02-14,44.00535202026367,44.20454923630487,43.60695428436132,43.65892006830162,17545400,INTC
2019-02-15,44.74150466918945,44.7501639791175,44.247841407812345,44.386413493395054,22520400,INTC
2019-02-19,44.51632308959961,44.78480462784234,44.46435732228543,44.473016631595016,15611800,INTC
2019-02-20,44.507667541503906,44.802133662055965,44.221864035455404,44.715527339936884,21607700,INTC
2019-02-21,44.52498245239258,44.89739552571101,44.351766531622786,44.44703545323711,16162100,INTC
2019-02-22,45.460350036621094,45.884725607050875,45.087936933857485,45.642225281090994,31934100,INTC
2019-02-25,45.9886474609375,46.430348197687216,45.78079101149421,45.95400692190941,20711800,INTC
2019-02-26,46.10123825073242,46.222488396752404,45.82409411588141,45.91070041909034,16082200,INTC
2019-02-27,46.109901428222656,46.23115157572804,45.47766285254106,45.69418191703459,17590300,INTC
2019-02-28,45.86741256713867,46.05795046233707,45.737503068992325,45.83276871277173,18388800,INTC
2019-03-01,46.16187286376953,46.490982830852516,45.80678166111821,46.28312303484764,18359300,INTC
2019-03-04,46.716156005859375,46.85472808637323,46.083920682026196,46.551602692692605,21706100,INTC
2019-03-05,46.4909782409668,46.7594630960042,45.997314990989594,46.63820963307763,21057700,INTC
2019-03-06,45.8587532043457,46.46500743981235,45.850090588853725,46.447685512648185,14740500,INTC
2019-03-07,45.55561828613281,45.89339086451573,45.347761795856464,45.702852995246296,17803000,INTC
2019-03-08,45.451690673828125,45.52097837409785,44.77615211529531,45.00999314797653,16793900,INTC
2019-03-11,46.205169677734375,46.46499521300654,45.52963121519215,45.79811605985789,18963000,INTC
2019-03-12,46.395713806152344,46.733483083169,46.057944529135696,46.19651662493276,20782100,INTC
2019-03-13,47.08857727050781,47.261793227190715,46.465004451796766,46.768129898127164,25522300,INTC
2019-03-14,46.28312301635742,47.1578620567618,46.1878573847051,47.02794927133323,26647100,INTC
2019-03-15,47.05393600463867,47.36572075732958,46.490984979959315,46.490984979959315,46512500,INTC
2019-03-18,46.8547248840332,47.20981602256954,46.65552773839757,47.13186902611918,16274000,INTC
2019-03-19,46.91535568237305,47.33107525003924,46.76812428434812,47.175181238119215,18274800,INTC
2019-03-20,46.61223602294922,47.11456196862298,46.43036075454442,46.82009583242585,24325300,INTC
2019-03-21,47.32241439819336,47.62554312324448,46.629553932649685,46.6988383272944,19127200,INTC
2019-03-22,46.12721633911133,47.30508048391072,46.08391319045633,47.114545969065034,21438400,INTC
2019-03-25,45.71151351928711,46.37839277561494,45.36508492502318,45.87607015759545,16971400,INTC
2019-03-26,46.28312301635742,46.56892982277253,45.93669442824686,46.17919477030619,17724300,INTC
2019-03-27,46.040626525878906,46.64688073556349,45.85008863899584,46.41303968452145,19656000,INTC
2019-03-28,45.99730682373047,46.28311024747693,45.702840787975006,46.118556961308876,13607900,INTC
2019-03-29,46.508304595947266,46.8027707120472,46.317766725582786,46.594910916756916,18736100,INTC
2019-04-01,47.20981979370117,47.26178556342537,46.85472862680006,47.062588401877825,17830400,INTC
2019-04-02,47.07991409301758,47.46098652336924,46.96732323484713,47.22714549662414,13704500,INTC
2019-04-03,48.049922943115234,48.49162380016089,47.53893768532531,47.66018786449248,24552800,INTC
2019-04-04,48.43099594116211,48.62153382699561,47.86804820255713,47.86804820255713,16520500,INTC
2019-04-05,48.153839111328125,48.456967786991676,47.521603833038455,48.28375187287233,19268400,INTC
2019-04-08,48.22312927246094,48.27509504050833,47.80741303953856,47.87669742644949,11758800,INTC
2019-04-09,47.91134262084961,48.00661154637618,47.54759214573254,47.93732385369539,13339700,INTC
2019-04-10,48.28375244140625,48.37902136048461,47.91133937800111,47.91133937800111,13084000,INTC
2019-04-11,48.32707214355469,48.560913214872684,48.179840711884054,48.292428287695735,10845800,INTC
2019-04-12,48.86402893066406,48.92465731821316,48.36170633635714,48.682153679474624,12910200,INTC
2019-04-15,48.74277114868164,48.98527474953663,48.43098316459577,48.898665140724574,11676900,INTC
2019-04-16,49.11519241333008,49.773412335003854,48.56090403959594,49.07188925359822,30301900,INTC
2019-04-17,50.717437744140625,51.609495424135076,50.33636199438032,50.613506192122664,38788400,INTC
2019-04-18,50.65681457519531,50.994583872492726,50.33636390007045,50.84734915346949,20464200,INTC
2019-04-22,50.942623138427734,50.951285754191275,50.128512359109095,50.36235342742634,12327500,INTC
2019-04-23,50.9079704284668,51.081186371590945,50.665470090384574,51.00323936237604,17739900,INTC
2019-04-24,50.856014251708984,51.34967760322182,50.3536882848673,50.682798287149105,17723700,INTC
2019-04-25,49.89466094970703,50.5615401610281,49.565550999120966,50.49225246455979,27949900,INTC
2019-04-26,45.40838623046875,45.97999652627073,44.62025683316876,45.67687110570123,72364500,INTC
2019-04-29,44.265167236328125,45.408387869189205,44.1698982996198,45.18320614536599,42142300,INTC
2019-04-30,44.20453643798828,44.54230567625769,44.05730174469554,44.169892592058346,27130900,INTC
2019-05-01,43.96202850341797,44.68953267741395,43.94470988597261,44.25649455726917,20467600,INTC
2019-05-02,43.780155181884766,44.45569692516337,43.407742118126464,43.99667425133406,22655400,INTC
2019-05-03,44.8194465637207,44.88007163776226,43.936048379919555,44.239177053946115,25656600,INTC
2019-05-06,44.632102966308594,44.684383660355145,43.73457893789975,43.786862955998565,26245200,INTC
2019-05-07,43.987281799316406,44.33583528581694,43.508023248417466,44.09184651564561,29713400,INTC
2019-05-08,42.90678405761719,44.25742338107424,42.758647620718804,43.74330867193278,36812400,INTC
2019-05-09,40.623756408691406,42.07896351593843,40.12706980881826,41.73912566592551,59642200,INTC
2019-05-10,40.257774353027344,40.7806012531235,39.29925393744791,40.46690378344486,42522800,INTC
2019-05-13,39.00297927856445,39.76979484406685,38.95069858995078,39.49966908875777,39091900,INTC
2019-05-14,39.36025619506836,39.63910101748737,39.0988427058567,39.36897186167204,24706500,INTC
2019-05-15,39.75237274169922,39.8656531239336,39.002985069160495,39.14240579958265,23407900,INTC
2019-05-16,39.673954010009766,40.0399355568998,39.578101620965874,39.621673306206105,19954700,INTC
2019-05-17,39.116268157958984,39.848227874334725,39.00298776788642,39.36896928810061,22500400,INTC
2019-05-20,37.95732879638672,38.793853124779,37.86147642716532,38.34073494922013,28675000,INTC
2019-05-21,38.741573333740234,39.02041480695422,38.49758787569113,38.637008612298125,25543400,INTC
2019-05-22,38.34074783325195,38.74158212646316,38.21003940874454,38.47145625775937,16932500,INTC
2019-05-23,38.80257034301758,38.98556276364767,37.34736658825488,37.79176915480769,35783900,INTC
2019-05-24,38.83742904663086,39.255691292349105,38.767720334370914,38.85485705570906,27168100,INTC
2019-05-28,37.9660530090332,38.94199836399837,37.730779844844115,38.915858009328446,34779900,INTC
2019-05-29,38.541160583496094,38.802574078638365,37.756920098069294,37.774344783566235,28450300,INTC
2019-05-30,38.976844787597656,39.23825824207949,38.54115458877713,38.602150950687815,21618900,INTC
2019-05-31,38.37559127807617,39.18597526667706,38.27973890806175,38.4975839948028,25532500,INTC
2019-06-03,37.87019348144531,38.85485431865764,37.6436360274938,38.558584833304046,31155700,INTC
2019-06-04,39.029136657714844,39.09013303189321,38.140328074476145,38.48016596605648,28094900,INTC
2019-06-05,38.820003509521484,39.36897419625699,38.50630597424405,39.30797782262561,20802000,INTC
2019-06-06,39.29927062988281,39.36026701666728,38.78515585266107,38.9942886959605,19076200,INTC
2019-06-07,40.109642028808594,40.188066404184895,39.29925792460434,39.429966324915746,24370300,INTC
2019-06-10,40.78060531616211,41.120443167488446,40.257778363975845,40.28391871436935,20806100,INTC
2019-06-11,40.82417297363281,41.23372285104426,40.536619152085244,41.181438827102596,18415500,INTC
2019-06-12,40.36234664916992,40.6673285108329,40.301350276837326,40.6673285108329,15900600,INTC
2019-06-13,40.69346237182617,40.920019796691264,40.545325986141464,40.60632234376099,12267600,INTC
2019-06-14,40.249061584472656,40.44947868806871,39.691378631152766,39.93536741626967,15381100,INTC
2019-06-17,40.19678497314453,40.545335192390716,39.90922780131481,40.20549731590319,12643300,INTC
2019-06-18,41.277278900146484,41.82624935364757,40.60631575121219,40.737024110063,25732300,INTC
2019-06-19,41.01587677001953,41.46028265291092,40.95488040555249,41.373142615063315,17436400,INTC
2019-06-20,41.12044906616211,41.86983690943309,40.841607541789635,41.71298813646692,20126800,INTC
2019-06-21,41.355709075927734,41.59098216056829,40.7805981992682,40.91130657653032,31096300,INTC
2019-06-24,41.50385284423828,41.695554287870905,41.10301530052779,41.30343573440938,14479900,INTC
2019-06-25,40.82417297363281,41.54742034658898,40.780604615707745,41.44285562275829,16665600,INTC
2019-06-26,41.9918212890625,42.24452240891145,41.44285401717996,41.521278388027824,21886300,INTC
2019-06-27,41.355709075927734,42.1922333830594,41.1640076664093,41.956963622470965,23062900,INTC
2019-06-28,41.712974548339844,42.00053164645628,41.547413485942315,41.625837846878426,26646200,INTC
2019-07-01,41.869815826416016,43.08974937430336,41.608402444454875,42.950328682320645,27423300,INTC
2019-07-02,41.930824279785156,42.01796431497,41.55613043862149,41.74783519197568,15381600,INTC
2019-07-03,42.27938461303711,42.3142406327506,41.826266328920774,41.98311509357847,10739100,INTC
2019-07-05,41.895973205566406,41.98310992005939,41.338286931032506,41.85240152426733,14339200,INTC
2019-07-08,41.669403076171875,41.782683438827604,41.015867892011016,41.495126362251945,16564300,INTC
2019-07-09,41.6084098815918,41.6519782323642,41.068155019099436,41.26857209189415,17853200,INTC
2019-07-10,42.009254455566406,42.35780799637479,41.739128619290184,41.756553304682974,16032300,INTC
2019-07-11,42.349082946777344,42.505931672984474,42.09638517593446,42.31423025966079,16615100,INTC
2019-07-12,43.49930953979492,43.50802520557832,42.53208005314835,42.69764113845487,20148700,INTC
2019-07-15,43.67357635498047,43.786856716025085,43.36859460299703,43.569011657736404,14345100,INTC
2019-07-16,42.84578323364258,43.56903073946323,42.66279410230961,43.490606351170065,17131400,INTC
2019-07-17,43.03748321533203,43.30761237233984,42.90677813217564,43.13333560407844,11928600,INTC
2019-07-18,43.51673889160156,43.560310573759445,42.60179007518115,42.94162792207565,15671600,INTC
2019-07-19,43.804290771484375,44.14412857751772,43.490593312360595,43.53416166522729,29141100,INTC
2019-07-22,44.745384216308594,44.893520619456794,43.47316957304797,43.57773429500091,21688000,INTC
2019-07-23,45.093936920166016,45.311782026060534,44.70181506474537,45.311782026060534,18413500,INTC
2019-07-24,46.11344909667969,46.157020775850036,45.13750398101807,45.29435271868453,20896400,INTC
2019-07-25,45.45121383666992,45.8346201198159,45.20722832230914,45.75619572962089,27765400,INTC
2019-07-26,44.95450973510742,46.61884597237402,44.902225720535746,45.913026733890554,36401500,INTC
2019-07-29,45.756187438964844,45.79975912210871,44.24869961085292,44.90223496937817,21897500,INTC
2019-07-30,45.05036544799805,45.58190800146623,44.92837272898285,45.05907778904815,16487700,INTC
2019-07-31,44.048282623291016,45.06779951395628,43.61259238305262,44.88480708677608,24169800,INTC
2019-08-01,43.133331298828125,45.21592999534738,43.10719094961656,44.02213973659937,34020800,INTC
2019-08-02,42.41880416870117,43.011343190867976,42.26195540847744,42.776070050532375,27881600,INTC
2019-08-05,40.928741455078125,41.79140625291175,40.58018793988004,41.6171294953127,38936600,INTC
2019-08-06,41.19630432128906,41.72266457183268,41.02962541585615,41.362986573217555,26119600,INTC
2019-08-07,40.994529724121094,41.126120609452656,40.327810826462745,40.61730608909886,29440400,INTC
2019-08-08,41.38052749633789,41.555980907221276,40.275176696814846,40.49449262379521,30643700,INTC
2019-08-09,40.336585998535156,41.23139540681573,40.16113258282406,41.17875837815373,24975500,INTC
2019-08-12,40.00322341918945,40.41553842945747,39.86286136091668,40.143585477462224,18494300,INTC
2019-08-13,41.091033935546875,41.275258518774656,39.79268399497227,39.90672921880187,28959500,INTC
2019-08-14,40.24008560180664,40.906807898113726,40.04708986045079,40.40676784913116,25650200,INTC
2019-08-15,40.09095764160156,40.51204387780554,39.86286717209779,40.44186116519024,21896000,INTC
2019-08-16,40.792762756347656,40.95067049280154,40.40676792640231,40.65240069577703,22701800,INTC
2019-08-19,41.433170318603516,41.757756998914054,41.26649139552425,41.634940598066606,21403600,INTC
2019-08-20,40.88048553466797,41.336663042987716,40.75766915675406,41.25770917911516,23113300,INTC
2019-08-21,41.36299133300781,41.48580773498558,41.134900860909696,41.327899976301026,15915000,INTC
2019-08-22,41.03840255737305,41.60862540854872,40.95944867561789,41.47703449012477,19783000,INTC
2019-08-23,39.441776275634766,40.90680843666621,39.30141421348465,40.66117231803185,32814000,INTC
2019-08-26,39.9681396484375,40.196226762356915,39.696186667633455,40.196226762356915,22080500,INTC
2019-08-27,40.16990661621094,40.45940190416839,39.91549933378175,40.240085973762994,16925500,INTC
2019-08-28,40.16990661621094,40.275177325786785,39.80145411295221,40.090952747405176,14888800,INTC
2019-08-29,41.11735153198242,41.4243958561621,40.70503984002042,40.75767352391158,17803800,INTC
2019-08-30,41.59107208251953,41.924433227136326,41.37175615646817,41.44193885912243,16922600,INTC
2019-09-03,41.21384811401367,41.42439287390764,40.792761940721164,41.33666449624539,15003800,INTC
2019-09-04,42.915733337402344,42.94205352079312,41.70511198926769,41.722657662696534,23450700,INTC
2019-09-05,43.95091247558594,44.889584419067425,43.749142214944605,43.801779244610195,30014200,INTC
2019-09-06,44.67026138305664,44.73167291448837,43.92458865368594,44.08249637109304,17067900,INTC
2019-09-09,45.258026123046875,45.64402087557259,44.757986173401925,44.79307751813012,20749700,INTC
2019-09-10,45.45980453491211,45.47735021044086,44.59131534845928,45.02994719719174,18532000,INTC
2019-09-11,46.310760498046875,46.310760498046875,45.07381857527115,45.266814351043756,18968900,INTC
2019-09-12,46.50375747680664,46.78448500123045,45.67913062245624,46.49498631033848,23308700,INTC
2019-09-13,46.0914306640625,46.49497111967825,45.819477741454456,46.28442638177282,18010800,INTC
2019-09-16,45.79316711425781,45.87212098336756,45.35453525175821,45.52998866605716,13354600,INTC
2019-09-17,45.5738525390625,45.740531447033504,45.047492280503754,45.661577575574476,19641100,INTC
2019-09-18,45.38962173461914,45.73175401522636,44.88080722238624,45.73175401522636,14906800,INTC
2019-09-19,45.2404899597168,45.60894246381775,45.17908176678256,45.354535180807034,11428400,INTC
2019-09-20,44.49481201171875,45.51243768013369,44.35444996595446,45.26680159017481,37067900,INTC
2019-09-23,44.652732849121094,44.942228189463194,44.20532639609767,44.59132464521531,18916600,INTC
2019-09-24,43.70528030395508,44.89835955431766,43.54737255926028,44.8281768471219,28197400,INTC
2019-09-25,44.75800323486328,44.924682166116924,43.35437902913626,43.643877713756694,19486700,INTC
2019-09-26,44.67026138305664,44.872034958128566,44.16145022979659,44.72289840435737,11351800,INTC
2019-09-27,44.547454833984375,44.933453048962264,44.16145996550232,44.41586727146578,14845700,INTC
2019-09-30,45.20539855957031,45.26680675243929,44.68781282932072,44.90712875999435,13652100,INTC
2019-10-01,44.52989959716797,45.82825269147386,44.24040434457599,45.59139111399218,18413100,INTC
2019-10-02,43.32805633544922,44.187774413996706,42.96837832966409,44.13514073044003,20078700,INTC
2019-10-03,43.88949966430664,43.924591013725895,42.573604179541945,43.42455099723493,16320100,INTC
2019-10-04,44.67026138305664,44.71412724072146,43.889497306152116,44.170221393432506,12644900,INTC
2019-10-07,44.40708923339844,44.942220646039516,44.354455551168535,44.47727193836572,12081400,INTC
2019-10-08,43.62632369995117,44.28427147948361,43.52105299224471,44.003547361269405,17409100,INTC
2019-10-09,44.28427505493164,44.5562280305005,43.99477974874158,44.27550388962104,11834900,INTC
2019-10-10,44.836952209472656,45.424717334158466,44.21409573052317,44.22286689584122,13907900,INTC
2019-10-11,45.6966667175293,46.31075198288461,45.459805114613864,45.61771284989082,24072500,INTC
2019-10-14,45.30189895629883,45.57385192018594,45.12644553916184,45.529989402525594,15016800,INTC
2019-10-15,46.18793487548828,46.55638402103171,45.46857891338361,45.55630394427621,18878100,INTC
2019-10-16,46.01247787475586,46.10897740910071,45.72297927172129,45.92474950421728,14769300,INTC
2019-10-17,45.494895935058594,46.35461395792239,45.07380976140053,46.179160548941006,16533900,INTC
2019-10-18,45.05625534057617,45.459795760360635,44.766756769973334,45.3983875811106,16974100,INTC
2019-10-21,45.73175811767578,45.76684612272262,45.038718983944854,45.19662671938976,12189000,INTC
2019-10-22,45.626487731933594,45.89844070851135,45.52121701533719,45.52999152717607,13114300,INTC
2019-10-23,45.3720817565918,45.5826231803998,44.91590420968033,45.065037439336365,15887500,INTC
2019-10-24,45.819480895996094,45.994934298580915,45.11767063215213,45.696664518135314,23413000,INTC
2019-10-25,49.530311584472656,49.66190248839408,47.302060808508436,47.53892242766958,59767700,INTC
2019-10-28,49.793479919433594,49.8373457761503,49.1793980833399,49.460122164552736,32307500,INTC
2019-10-29,49.42503356933594,50.21457218326111,49.337308544008785,49.45135040763504,18155800,INTC
2019-10-30,49.65311813354492,49.67943831700897,48.79340021210842,49.40748539784736,15248000,INTC
2019-10-31,49.59172058105469,49.65312877814372,48.79341067240153,49.41627050165503,19249700,INTC
2019-11-01,49.574180603027344,49.697000357820926,48.79341628185405,49.07414045696139,17953500,INTC
2019-11-04,50.53916931152344,50.70584823293412,49.87244693288889,49.94262964495396,19068000,INTC
2019-11-05,50.48652267456055,51.188332929242165,50.18825289800895,50.41634332234002,20865400,INTC
2019-11-06,50.80849075317383,50.905521397999316,50.26159473178247,50.711463473261816,17721000,INTC
2019-11-07,51.20543670654297,51.64648267880417,51.037840448452656,51.161332782299596,16962800,INTC
2019-11-08,51.39949035644531,51.42595203406779,50.55268302339381,51.02901004516451,11888900,INTC
2019-11-11,51.470054626464844,51.60236974099676,51.07311601269538,51.134862168833436,11228900,INTC
2019-11-12,51.33775329589844,51.86700713161245,51.18779591133405,51.51417236277439,11952500,INTC
2019-11-13,51.06429672241211,51.134865685659385,50.587966315233125,51.04665448160029,15332700,INTC
2019-11-14,50.99372863769531,51.196609349768984,50.78202512318923,50.81730960309244,12119000,INTC
2019-11-15,51.12603759765625,51.77878698056225,50.82612626468533,51.31127605966131,16112100,INTC
2019-11-18,51.38185501098633,51.584735751446075,50.78203222836026,50.89670512163357,16097500,INTC
2019-11-19,51.470054626464844,51.73468485552867,50.94080089816347,51.58472750139829,17061900,INTC
2019-11-20,51.073116302490234,51.478877720817835,50.60560536276106,51.39066652232499,18542300,INTC
2019-11-21,51.35539627075195,51.4259618795594,50.64090055393597,50.7114695276573,16139000,INTC
2019-11-22,50.81731414794922,51.73469051799931,50.71146406368606,51.461240821663175,15690200,INTC
2019-11-25,51.875816345214844,51.90227802059396,51.16132082576227,51.16132082576227,15011700,INTC
2019-11-26,51.95520782470703,52.15808853280388,51.55826584585965,51.99931174126493,22338700,INTC
2019-11-27,51.61119079589844,51.681759756504015,51.08193705100959,51.62883303604983,18184200,INTC
2019-11-29,51.20543670654297,51.42595969267357,50.976094281529186,51.293647919943446,9481100,INTC
2019-12-02,50.86141586303711,51.769969390454264,50.693819623147675,51.64647707001854,19154500,INTC
2019-12-03,49.45888900756836,50.15574236604182,49.17661988905742,50.15574236604182,25737400,INTC
2019-12-04,49.414791107177734,49.97932941295734,49.273656530732836,49.97932941295734,18881400,INTC
2019-12-05,49.467716217041016,49.75880479928703,49.18544370847094,49.75880479928703,17673700,INTC
2019-12-06,50.11164474487305,50.270421564603566,49.76762605884777,49.97932960679304,16476800,INTC
2019-12-09,49.864646911621094,50.24394664366588,49.83818523517106,49.873469713713156,14298600,INTC
2019-12-10,49.91758728027344,50.12929084450696,49.78527213201323,50.0234373799332,16157900,INTC
2019-12-11,50.34098815917969,50.42919600968932,49.90876498080314,50.199853579415986,20051100,INTC
2019-12-12,50.76437759399414,51.20542345209124,49.93521259214021,50.05870489402134,27883300,INTC
2019-12-13,50.97608947753906,51.46123932832308,50.614431948964054,50.7643859502426,22795200,INTC
2019-12-16,50.896705627441406,51.66412467331373,50.85260170340989,51.34657103642485,19131200,INTC
2019-12-17,50.54385757446289,51.24953031505718,50.39390358923607,51.16132248432529,21653100,INTC
2019-12-18,50.42919158935547,50.68499904429013,50.22631085903563,50.62325288136294,28261000,INTC
2019-12-19,51.12603759765625,51.15250263859485,50.252768639682095,50.42918429973661,18865100,INTC
2019-12-20,51.99930953979492,52.08751736917631,51.064291069752436,51.443590792935794,49953000,INTC
2019-12-23,52.246299743652344,52.731449586980546,52.07870350393194,52.0963457446783,23593000,INTC
2019-12-24,52.40507888793945,52.46682505085507,52.18455591612269,52.263944320573266,6313200,INTC
2019-12-26,52.76673126220703,52.79319293946259,52.35214703899954,52.405073758423846,11480300,INTC
2019-12-27,52.99607467651367,53.34890936236848,52.83729789015944,52.846117327217776,14085800,INTC
2019-12-30,52.59031295776367,52.96961270661077,52.37861280695933,52.9166893513663,12750500,INTC
2019-12-31,52.79319381713867,52.86376277754429,52.36097071185064,52.5903131033424,14432900,INTC
2020-01-02,53.666473388671875,53.78114628224531,53.11957733187456,53.137219574340754,18056000,INTC
2020-01-03,53.01371765136719,53.54297476845825,52.75791357793213,52.75791357793213,15293900,INTC
2020-01-06,52.863765716552734,53.10193092379282,52.334511943739265,52.563854347981525,17755200,INTC
2020-01-07,51.9816780090332,52.749097050459284,51.94639352404693,52.73145480796615,21876100,INTC
2020-01-08,52.0169563293457,52.3256871241028,51.620014332577085,51.946387367736484,23133500,INTC
2020-01-09,52.308048248291016,52.493286737060295,51.89346734936646,52.087525276447536,18813300,INTC
2020-01-10,51.99048614501953,52.99607355903001,51.9287399921741,52.54620488554135,15200600,INTC
2020-01-13,52.563846588134766,52.73144280630416,52.11398128414696,52.19336630992752,16453300,INTC
2020-01-14,52.42272186279297,52.69617156303979,52.2110183263255,52.47564858813823,17051200,INTC
2020-01-15,51.99048614501953,52.61677384017211,51.822889925140935,52.308039711032,18498800,INTC
2020-01-16,52.625606536865234,52.7843833598777,52.10517214252744,52.27276840463446,21365500,INTC
2020-01-17,52.57267761230469,52.92551572980217,52.255127344453356,52.90787348743593,21803400,INTC
2020-01-21,53.41065216064453,54.0281170282355,52.74026394420276,52.75790618212397,28358500,INTC
2020-01-22,55.3336296081543,55.439479703782226,53.78114920092712,53.8428953704529,29475100,INTC
2020-01-23,55.85405349731445,56.198068767029056,55.4041881518984,55.4482920696979,42778700,INTC
2020-01-24,60.396820068359375,61.120134996670394,58.623813858419034,58.72084448427513,84711000,INTC
2020-01-27,57.94461441040039,59.470629506126805,57.86522264626708,58.85316791765251,30764000,INTC
2020-01-28,59.373600006103516,59.611768573248085,58.165138484062936,58.65910776432322,30915400,INTC
2020-01-29,58.5091552734375,60.03517043777867,58.36801734411073,59.65587066499656,18055800,INTC
2020-01-30,58.63265609741211,58.65911778054065,57.27423361491498,57.900518124992544,18522400,INTC
2020-01-31,56.39213180541992,58.200422775925055,56.16278604183462,58.04164597495472,25268400,INTC
2020-02-03,56.82435989379883,57.37125930715375,56.718513170446265,56.85964437819211,16646600,INTC
2020-02-04,57.741737365722656,58.27099118174895,57.26540691235078,58.0151837125403,20970800,INTC
2020-02-05,59.40006637573242,59.6294121581769,58.33273596526417,58.82671201436207,23401400,INTC
2020-02-06,59.470977783203125,59.74577749484234,59.187318582423366,59.65713526265532,17408000,INTC
2020-02-07,58.522491455078125,59.657135016483934,58.51363196597415,59.26710108090791,18134600,INTC
2020-02-10,58.85047149658203,58.85933774810406,58.00836020213481,58.114728168525744,22299300,INTC
2020-02-11,59.754634857177734,60.02056151417655,59.01002533905188,59.2405005188251,17975600,INTC
2020-02-12,59.79895782470703,60.35740994000648,59.66599110307333,59.923058294773575,15586600,INTC
2020-02-13,59.78123474121094,59.967385454583265,59.16072560033449,59.382334558582784,11602700,INTC
2020-02-14,59.63052749633789,60.15352808426452,59.231634130283446,59.85213642480542,13405500,INTC
2020-02-18,58.62887191772461,59.11641438481621,58.398396682102266,59.089822388969296,12758400,INTC
2020-02-19,59.48872756958008,59.5685035728336,58.66434172110648,58.8504924916688,13551200,INTC
2020-02-20,58.01722717285156,59.64827275186588,57.22829975985618,59.42666377601394,26452600,INTC
2020-02-21,57.03327941894531,57.839939289747676,56.76735272137145,57.77788905068356,20775900,INTC
2020-02-24,54.74627685546875,55.64157896164464,54.35624629704113,54.61331350625872,26903100,INTC
2020-02-25,52.946815490722656,55.20722634190066,52.7074773938001,54.95016250282199,34495700,INTC
2020-02-26,52.87590026855469,53.91302859903267,52.53905369578657,53.28365995157247,26190100,INTC
2020-02-27,49.489715576171875,51.86536056469032,49.46312020102196,51.35122952541268,42226900,INTC
2020-02-28,49.21492385864258,49.97725930907249,47.51296509325502,48.1334709283597,60721700,INTC
2020-03-02,51.572837829589844,51.60829607501277,48.32848276604894,49.45425669709383,43140300,INTC
2020-03-03,49.61381149291992,52.31743993495573,49.10854337083223,51.439867028365235,49740300,INTC
2020-03-04,52.01604461669922,52.04263660433108,49.78222635556373,50.53569531132495,29223100,INTC
2020-03-05,50.491390228271484,51.998331999507116,50.181139002495655,50.580035850982256,29099200,INTC
2020-03-06,49.436519622802734,49.649262298153054,48.346204112551746,48.913522422131074,36259200,INTC
2020-03-09,45.075252532958984,46.72402342261246,44.321783564948355,46.02373843073018,56197000,INTC
2020-03-10,47.84980392456055,47.86753304628172,44.70295752096294,46.76835116995849,36569000,INTC
2020-03-11,45.79328155517578,47.45978210667636,45.21709682862166,46.44037940015288,38563500,INTC
2020-03-12,40.3682861328125,44.40156824553008,40.217590292213835,42.54005446473247,50661700,INTC
2020-03-13,48.24869918823242,48.75396730615934,42.31844510959932,42.77938873387881,48805100,INTC
2020-03-16,39.543907165527344,46.31627709324348,38.67520036458056,42.11456931980219,53878900,INTC
2020-03-17,44.39270782470703,45.76668267980936,40.06690004355074,40.563301942357896,52085200,INTC
2020-03-18,42.203208923339844,44.36611105515104,40.06689878341861,41.40541535179904,49309900,INTC
2020-03-19,40.72286605834961,43.639241126262085,40.0314471039634,42.40709570488779,44538000,INTC
2020-03-20,40.6253547668457,43.807656076283095,40.306237334432616,41.22812800625633,52344000,INTC
2020-03-23,43.949485778808594,44.756142170005134,40.69626484231256,40.793773315119395,46698500,INTC
2020-03-24,46.44923782348633,48.43485214540475,45.51847751726004,47.10519842963492,50019800,INTC
2020-03-25,45.43870162963867,47.68138670094152,44.2420145466372,46.520154483140566,41106100,INTC
2020-03-26,49.23264694213867,49.59608549815655,45.793274965674875,45.86419145537804,41459800,INTC
2020-03-27,46.42264938354492,48.434859379735904,46.15671927696794,47.35340644730676,31633500,INTC
2020-03-30,49.18832015991211,49.729043114923435,46.83040125268314,46.97223083426518,31628600,INTC
2020-03-31,47.973907470703125,49.463119975912036,47.17611723100976,48.80715933759646,48074700,INTC
2020-04-01,45.9882926940918,48.479175260278055,45.589395886602276,46.53788197247491,29586600,INTC
2020-04-02,48.17778778076172,48.36394188183995,45.40324596543232,45.46529620529691,27810000,INTC
2020-04-03,47.98277282714844,48.869208664583,46.74176130214631,47.73456849325739,23906100,INTC
2020-04-06,51.794456481933594,52.095844861449045,49.74678807568287,50.19887233569857,32323400,INTC
2020-04-07,51.767852783203125,54.50693957806153,51.59942781474128,53.13296136401376,41410000,INTC
2020-04-08,52.281986236572266,52.75179615687849,51.33350014379304,52.29085248873904,26719500,INTC
2020-04-09,50.65095138549805,52.93795783833537,49.69360228491573,52.618840344312964,40499700,INTC
2020-04-13,52.03377914428711,52.0958293762004,50.145670052040245,50.145670052040245,23251900,INTC
2020-04-14,53.77118682861328,53.983932874186664,52.75178447027544,53.22159766798392,25674000,INTC
2020-04-15,52.184486389160156,53.03546751934927,51.758997514808094,52.95568814406545,22841600,INTC
2020-04-16,53.886436462402344,54.037128934710836,52.1312938744533,52.84044188249062,24433500,INTC
2020-04-17,53.50527572631836,55.07426780005458,53.03546574397671,54.976759302251246,27385600,INTC
2020-04-20,52.45927429199219,53.22160967011093,52.20220708188528,52.54791652510553,26420300,INTC
2020-04-21,49.95951461791992,51.94512861378899,49.578347011470434,51.51077703159176,25248000,INTC
2020-04-22,53.2747917175293,53.62936740004064,51.24485624867898,51.652615916528006,23350400,INTC
2020-04-23,52.335166931152344,53.27478665194114,52.13128711661357,52.89361901300395,35092000,INTC
2020-04-24,52.530189514160156,52.65429337958665,49.72905222845494,49.81769784661672,50187000,INTC
2020-04-27,52.716339111328125,53.03545654643877,51.75898680599617,52.9379480655456,25902200,INTC
2020-04-28,52.07810592651367,53.38116770155847,51.64375087433727,53.17728786285833,28784700,INTC
2020-04-29,54.78173065185547,54.985610475939424,52.583370318251404,52.68974166527691,30451500,INTC
2020-04-30,53.16841125488281,54.551252121944046,52.96453145589341,54.400556299179165,26279900,INTC
2020-05-01,50.9434700012207,52.583374991073754,50.801640398754955,52.149023312921834,21194800,INTC
2020-05-04,51.404415130615234,51.475328238451716,49.915202669721594,50.63321352593095,18957200,INTC
2020-05-05,52.07810592651367,52.56564496527351,51.72353023569684,52.113564171892236,17252100,INTC
2020-05-06,52.75560760498047,53.442019260877046,52.54165974576385,52.63080610401489,17848700,INTC
2020-05-07,52.74668502807617,53.57572735849942,52.52382425969542,53.42418366828152,14733500,INTC
2020-05-08,53.192413330078125,53.29047262473093,52.6397195063638,53.192413330078125,20384500,INTC
2020-05-11,53.60247802734375,54.2354018532018,53.22807013278644,53.254815739917106,18684400,INTC
2020-05-12,52.05136489868164,54.057111982878325,51.93547633720849,53.6827074927761,16754900,INTC
2020-05-13,51.471923828125,52.80017208442209,50.72311152101103,52.10484758516819,21065000,INTC
2020-05-14,52.666465759277344,52.72886651107762,50.00996203726869,51.09752382679226,21569400,INTC
2020-05-15,51.95330047607422,52.03353048754005,50.77659590829907,51.16883303128105,21373300,INTC
2020-05-18,53.41527557373047,53.736195673801596,52.91606955191847,53.25481892428088,20428700,INTC
2020-05-19,53.74510955810547,55.064445042191544,53.35287238676513,53.60247878686875,21865000,INTC
2020-05-20,56.25006103515625,56.59772671786383,54.39586106364447,54.520662559730695,30584000,INTC
2020-05-21,55.251644134521484,56.87407033984664,55.10901337143528,56.250059476124896,20987700,INTC
2020-05-22,55.50124740600586,55.55473521765864,54.75243504579513,55.251644419464164,14103000,INTC
2020-05-26,55.57255935668945,57.17715615166381,55.37644079932431,56.76709316861426,20933600,INTC
2020-05-27,56.66012191772461,56.68686412124284,54.44042720990553,55.554731030970544,19886300,INTC
2020-05-28,55.00204086303711,56.5620663139303,54.81483862507048,56.16091623215493,17253500,INTC
2020-05-29,56.09851837158203,56.74927147078427,54.93072660692317,55.18033300430275,33393900,INTC
2020-06-01,55.14467239379883,55.85782621545609,54.966383088238096,55.70628251611015,14317700,INTC
2020-06-02,55.376434326171875,55.42100579293056,54.226475521224074,55.00202992469699,20702400,INTC
2020-06-03,55.207069396972656,55.75085021179464,54.85049081003139,55.670620199762126,16737300,INTC
2020-06-04,56.134178161621094,56.57989975185004,54.68112482531068,55.037703457728185,22010100,INTC
2020-06-05,57.35544967651367,58.041864718689006,56.30354987576336,56.48183918796344,26813100,INTC
2020-06-08,56.758182525634766,57.18607822108403,56.10742944799312,57.025618185436976,21546200,INTC
2020-06-09,56.19657516479492,56.79384042359248,56.071773671946815,56.152003688861406,23594100,INTC
2020-06-10,56.93647003173828,57.310877903271816,55.93805470862479,55.973713248882376,21367800,INTC
2020-06-11,53.219146728515625,56.42834010486843,53.058686719639475,56.22330862699004,26998200,INTC
2020-06-12,52.88932800292969,54.34237800662569,51.81067911967284,53.58465262802559,30419800,INTC
2020-06-15,53.57572555541992,53.80750265106335,52.22073512178204,52.889317404423316,29651700,INTC
2020-06-16,53.84316635131836,54.957470262557685,53.03195323995956,54.81483949794248,23226600,INTC
2020-06-17,53.92340087890625,54.62763842526424,53.540080029333524,54.146261679793376,20454800,INTC
2020-06-18,53.557891845703125,53.941209169757805,52.88039332749077,53.79857843970018,24899700,INTC
2020-06-19,53.147830963134766,54.279963986643246,52.684280192837846,54.06601956994325,60336100,INTC
2020-06-22,53.56682205200195,53.97688510807551,52.4436051156731,53.245901955740585,22846000,INTC
2020-06-23,53.41527557373047,53.905572060275794,53.361791157442596,53.65596564878381,22809600,INTC
2020-06-24,52.67538070678711,53.31722092191575,52.30097278110004,53.16567380419435,27764500,INTC
2020-06-25,52.158329010009766,52.67536758800311,51.24014379805252,52.577308312826084,21906900,INTC
2020-06-26,51.25798034667969,52.35445499646011,50.87465952595331,52.140510548036744,38477500,INTC
2020-06-29,51.94438552856445,52.0156992023339,50.59830465509398,51.23123178794365,22150300,INTC
2020-06-30,53.335044860839844,53.46875929189546,52.18508239059864,52.33662609257882,31542100,INTC
2020-07-01,52.42576599121094,53.51332417899556,52.38119111909587,53.40635196720706,14748100,INTC
2020-07-02,52.71103286743164,53.31721446371969,52.56840210363361,52.76451727848987,15578600,INTC
2020-07-06,53.07652282714844,53.14783650662495,52.238564139346956,52.345539759440044,20536700,INTC
2020-07-07,51.980045318603516,53.10326206208074,51.828498232239674,52.65754053837646,15996500,INTC
2020-07-08,52.247474670410156,52.32770467627435,51.64129315956629,52.10484392671661,13277900,INTC
2020-07-09,52.078102111816406,52.37227995490795,51.43626541880966,51.881986950340796,20683700,INTC
2020-07-10,53.06761169433594,53.210242467857334,51.55216100089082,51.659133230885395,17742300,INTC
2020-07-13,52.22073745727539,54.0392787629463,52.05136109505655,53.34395424608935,19082900,INTC
2020-07-14,52.57732009887695,52.818010173560964,51.1242667149339,51.58781759203801,24190900,INTC
2020-07-15,52.62188720703125,52.89823580328204,52.07810635021379,52.62188720703125,19986300,INTC
2020-07-16,52.71994400024414,52.91606256898198,52.06027801544776,52.18507950443164,12425900,INTC
2020-07-17,53.4865837097168,53.89664670201746,52.84474361701287,52.96954510157521,16322800,INTC
2020-07-20,54.511749267578125,54.716780781317965,52.898235963035425,53.557905381638754,16868700,INTC
2020-07-21,54.110599517822266,55.207074176809265,53.87882239606751,54.84158262381359,19803700,INTC
2020-07-22,54.4225959777832,55.06443604375408,54.03927520511563,54.654373068532806,18959900,INTC
2020-07-23,53.84316635131836,55.03770028019034,53.4687584688374,54.60980458575906,43518600,INTC
2020-07-24,45.09810256958008,46.51549710903016,44.12642954064153,46.48875490658675,182269900,INTC
2020-07-27,44.188838958740234,45.588404504573845,44.09969599936438,45.490345208908856,107526500,INTC
2020-07-28,43.89466094970703,44.77718773869578,43.80551459689941,44.10860539527403,62362600,INTC
2020-07-29,42.85166931152344,44.12643320962615,42.70012561763002,44.117520274932346,60500800,INTC
2020-07-30,42.78036117553711,43.23499571671275,42.42378253104117,42.63773039785593,39735200,INTC
2020-07-31,42.54857635498047,43.074527890337635,41.87108113345218,42.905154935101905,46536000,INTC
2020-08-03,43.056697845458984,43.35087567884635,42.55749192298632,43.02995564263661,31767100,INTC
2020-08-04,43.79659652709961,43.805509461042575,43.23498647230579,43.324129414076445,29045800,INTC
2020-08-05,43.60939407348633,44.322551261751414,43.37762036771002,44.322551261751414,29438600,INTC
2020-08-06,43.59144592285156,43.81582025987414,43.1696210736713,43.78889643500925,23795500,INTC
2020-08-07,43.10678482055664,43.66323549022824,42.81061255647444,43.5555333726713,36765200,INTC
2020-08-10,44.1748161315918,44.32738902207576,43.13371944932373,43.25936851764706,37442600,INTC
2020-08-11,43.25040054321289,44.632547427038624,43.1337283406798,44.54279905221609,35348100,INTC
2020-08-12,44.14788818359375,44.21071271675621,43.29526854105164,43.68118920604381,30659800,INTC
2020-08-13,43.58246994018555,44.273543269167625,43.429893619503034,44.21071530864154,24774500,INTC
2020-08-14,43.87864685058594,44.165845741499815,43.66324939424095,43.735047405128995,22321200,INTC
2020-08-17,43.914546966552734,44.255596928723314,43.735046806269224,44.07609676843981,20018300,INTC
2020-08-18,43.66324234008789,44.48893816214718,43.636315094634455,44.210712783663574,19251400,INTC
2020-08-19,43.37603759765625,43.95940867339432,43.30423618445043,43.78888545255024,27775000,INTC
2020-08-20,44.129947662353516,45.054372357446496,43.977374740294906,44.704348902200465,55081300,INTC
2020-08-21,44.228668212890625,44.2555954614329,43.663247348713135,43.99532040883525,34621500,INTC
2020-08-24,44.10301971435547,44.336370945172995,43.815820833103686,44.210718438904706,36295300,INTC
2020-08-25,44.36329650878906,44.767171021275644,44.16584598631099,44.29149507382218,38384300,INTC
2020-08-26,44.47099304199219,44.57869176544449,44.18379416366559,44.327393602828884,28616600,INTC
2020-08-27,44.33636474609375,44.81203718471869,44.129937369355886,44.686388119699295,24420600,INTC
2020-08-28,45.26079177856445,45.59286484049162,44.39021825071358,44.48894350731696,35384700,INTC
2020-08-31,45.72748947143555,46.221112316290885,45.16206519709113,45.77236365302593,46114100,INTC
2020-09-01,45.58388900756836,45.77236262020352,45.07231581688406,45.691587725691235,30472800,INTC
2020-09-02,46.894229888916016,47.28015396859481,45.85313324746815,45.96083195556822,53000700,INTC
2020-09-03,45.224891662597656,47.226310375176524,45.00051732140701,47.118611650035625,47394300,INTC
2020-09-04,44.9466667175293,45.97878656498406,44.41714317016363,45.350537766192176,43318400,INTC
2020-09-08,43.8965950012207,44.78511887907316,43.842743928002754,44.21071770245706,39752700,INTC
2020-09-09,44.53382110595703,44.84794725775943,44.01327438168707,44.45304620105709,33437300,INTC
2020-09-10,43.941463470458984,44.95563629694322,43.717089163411686,44.87486140945898,32649100,INTC
2020-09-11,44.228668212890625,44.91974158167712,43.932495868371085,44.210717855089335,29333600,INTC
2020-09-14,44.34534454345703,44.623569958352576,43.842744787940134,43.842744787940134,27212500,INTC
2020-09-15,44.87487030029297,45.413367374424126,44.632545589829675,44.686396666715154,27598300,INTC
2020-09-16,45.20693588256836,45.79928393532119,45.02743574640804,45.332584950776486,26531400,INTC
2020-09-17,45.16205596923828,45.314632263886736,44.246608472387244,44.30943299851311,26959900,INTC
2020-09-18,44.7761344909668,45.32360832746359,44.01326324502608,45.171035447747485,50123500,INTC
2020-09-21,44.623573303222656,44.650497130537524,43.824801138525615,44.32739750803513,27377100,INTC
2020-09-22,44.82999038696289,45.06333817629081,44.39919209796333,44.776139316957774,22290900,INTC
2020-09-23,43.81582260131836,45.00949578143308,43.672223154897424,44.72229688859122,30078800,INTC
2020-09-24,44.120967864990234,44.55176616531476,43.45681834552291,43.555543597954056,29343400,INTC
2020-09-25,44.821014404296875,45.12616362647677,43.75299383850753,43.94146745182085,26633400,INTC
2020-09-28,46.15829086303711,46.18521468905509,45.01846877130466,45.332591487117185,29652200,INTC
2020-09-29,45.94288635253906,46.436512615058135,45.72748891405852,46.05058849545989,19558200,INTC
2020-09-30,46.472412109375,47.010912578472805,45.90699123879128,45.98776613797191,27711300,INTC
2020-10-01,46.885257720947266,47.31605598895275,46.66088340904773,47.02885714361576,22127600,INTC
2020-10-02,45.781333923339844,46.651907364866716,45.76338699090126,46.22110908905311,25811800,INTC
2020-10-05,46.39163589477539,46.499338039749524,46.014688658407785,46.04161248281101,20883200,INTC
2020-10-06,46.104434967041016,47.29810800969016,45.97878589385278,46.409584183504066,25642800,INTC
2020-10-07,47.271183013916016,47.47761041390468,46.48138782378459,46.53523547275499,21978700,INTC
2020-10-08,47.89944076538086,48.087917842964956,47.27119182869017,47.48659273578002,22369500,INTC
2020-10-09,47.40580749511719,48.33022862600822,47.27118152955729,48.06098011856894,24343900,INTC
2020-10-12,48.357154846191406,48.64435370451708,47.755829882791716,48.0609790977228,27303500,INTC
2020-10-13,48.31228256225586,48.725130509338804,48.123805522343574,48.70718015202903,20005800,INTC
2020-10-14,48.06097412109375,48.82384879126736,48.02507341160039,48.47382200922718,21874200,INTC
2020-10-15,48.33022689819336,48.44690250259539,47.22630566058137,47.3429812649834,18272900,INTC
2020-10-16,48.60845184326172,49.09310118911991,48.37510406026353,48.37510406026353,23414400,INTC
2020-10-19,48.98540115356445,50.46626954992109,48.32125168749789,48.88667590907129,43537200,INTC
2020-10-20,47.95328903198242,49.0931112044332,47.80968957691592,49.003359405215974,27224900,INTC
2020-10-21,48.01610565185547,48.52767884004622,47.40580721266642,47.693006075381206,21866000,INTC
2020-10-22,48.37510681152344,48.662305679399985,47.63018239418826,47.675056575353864,41522700,INTC
2020-10-23,43.25936508178711,43.68118643141525,42.77471577930706,43.39398760557819,97322500,INTC
2020-10-26,41.93107604980469,42.95422245081328,41.50925121217882,42.94524556031709,54161300,INTC
2020-10-27,40.9617805480957,41.65285395288638,40.71048237314668,41.26692979925417,50130500,INTC
2020-10-28,39.714256286621094,40.64765431820468,39.66938210549662,40.28865402184774,45066000,INTC
2020-10-29,39.58861541748047,39.91171506645036,39.41808870070121,39.70529105153766,36796800,INTC
2020-10-30,39.74117660522461,40.20787557985164,39.13985509909842,39.5796268284814,46781300,INTC
2020-11-02,39.90272903442383,40.441229467257045,39.70528195703075,40.351477683277935,33856700,INTC
2020-11-03,40.25274658203125,40.800220401847184,40.1181240611506,40.14504788059073,34349500,INTC
2020-11-04,41.015625,41.41949944714019,40.18992574988224,40.48610148567848,34748200,INTC
2020-11-05,41.295867919921875,41.928686196127465,41.16026277195562,41.720760831539465,31103200,INTC
2020-11-06,41.03371047973633,41.40436073886106,40.59073998517859,41.16931566297494,36233700,INTC
2020-11-09,41.22355651855469,42.80560095542922,41.16931720209794,42.16374375441438,48481700,INTC
2020-11-10,41.078914642333984,42.019101925081515,40.907151050683005,41.04275624575398,39224500,INTC
2020-11-11,41.901573181152344,42.001016520448054,41.45860269521348,41.49476453651791,31496900,INTC
2020-11-12,40.63594055175781,41.7569300650214,40.274329028947136,41.70269075060794,42881300,INTC
2020-11-13,41.09699249267578,41.20547802005598,40.65402199258086,40.67210291381089,30884700,INTC
2020-11-16,41.75693130493164,42.26318676218248,41.395323219966606,41.62132956628844,36306300,INTC
2020-11-17,41.1602668762207,41.69364189024708,41.05178481617979,41.359153526781135,31118000,INTC
2020-11-18,40.735382080078125,41.30491554757137,40.71730115988396,41.17835255479509,32817900,INTC
2020-11-19,41.241634368896484,41.28683494543866,40.409932725054965,40.60881595155715,29469100,INTC
2020-11-20,41.03371047973633,41.476684422877135,40.97947116530734,41.27779774041599,24199300,INTC
2020-11-23,41.639404296875,41.77500601535692,41.08794834206693,41.11506799604678,35489600,INTC
2020-11-24,42.49822998046875,42.76039815836001,41.59420463484345,41.84733407665498,33901200,INTC
2020-11-25,42.534393310546875,42.65191757519445,42.10046154329021,42.516312389171624,28126900,INTC
2020-11-27,42.895999908447266,43.48361426695147,42.81463749590573,42.81463749590573,15921400,INTC
2020-11-30,43.70962142944336,43.84522660249244,42.73327590867154,42.86887763313781,46332700,INTC
2020-12-01,44.80349349975586,45.40918877367422,44.03506995321466,44.07123179157529,57768000,INTC
2020-12-02,45.11087417602539,45.25551811919336,44.459974707477706,44.4961365554156,33753500,INTC
2020-12-03,46.09625244140625,46.20473451386704,45.0023791866712,45.12894217930594,50261200,INTC
2020-12-04,47.000274658203125,47.596931190253,46.10528813583697,46.159530892780666,39767700,INTC
2020-12-07,45.3820686340332,46.36745630303837,44.803493020779285,46.1052881506006,51040300,INTC
2020-12-08,45.82503890991211,45.8521620125838,45.029499168917795,45.04758008783803,28956500,INTC
2020-12-09,45.26454544067383,45.96064531928809,44.95717670789068,45.454389921591506,34068400,INTC
2020-12-10,45.436309814453125,45.85216407112302,44.8306145220545,44.89389601682502,33706000,INTC
2020-12-11,44.95718002319336,45.3278302769488,44.40572401059997,45.3278302769488,29398800,INTC
2020-12-14,45.62616729736328,46.412668503121495,44.96622910763701,45.038549353119464,33436400,INTC
2020-12-15,45.80696487426758,46.114333644933616,45.39111402236152,46.087213986769406,25465600,INTC
2020-12-16,46.213775634765625,46.521144396420326,45.816005716158465,45.843125373527585,28351000,INTC
2020-12-17,45.788875579833984,46.394570779682674,45.4001444864514,46.24088815831771,26399000,INTC
2020-12-18,42.90503692626953,45.815999293356896,42.588629472708995,45.71655596549998,119298400,INTC
2020-12-21,41.910606384277344,41.99196878548477,40.898099184815564,41.87444455072243,53775700,INTC
2020-12-22,41.738853454589844,41.89253957466034,41.377245343017265,41.81117714605441,32171200,INTC
2020-12-23,42.10045623779297,42.51630703126889,41.64844360612366,41.73884475302444,22564200,INTC
2020-12-24,42.552467346191406,42.57054826464085,41.89252934140825,42.12757438408588,11865600,INTC
2020-12-28,42.552467346191406,43.06776145196157,42.3626228753461,42.6609494083055,21269200,INTC
2020-12-29,44.649810791015625,45.806962117490734,42.02813938589759,42.68807746731436,84531400,INTC
2020-12-30,44.07123565673828,44.469005567842544,43.89947208233524,44.39668533336132,37385400,INTC
2020-12-31,45.03853988647461,45.37302827976491,44.044113442170335,44.07123309745304,28576800,INTC
2021-01-04,44.902931213378906,46.45785570194971,44.65884743769167,45.101817866172624,46102500,INTC
2021-01-05,45.75271987915039,45.95160654389077,44.59556862665967,44.70405069443499,24866600,INTC
2021-01-06,46.19569396972656,47.14492334535654,45.382073224507614,45.59903737713279,36809600,INTC
2021-01-07,47.18107223510742,47.63308481871153,46.37649038806528,46.54825737692753,32092300,INTC
2021-01-08,46.69291687011719,47.488456800143894,46.34938622616996,47.41613655586123,34625400,INTC
2021-01-11,46.593467712402344,47.22628615181472,46.33129953129702,46.36746137322528,32925000,INTC
2021-01-12,48.13031005859375,48.68176261276346,46.611547229190116,46.918915979154725,39883900,INTC
2021-01-13,51.48424530029297,54.46752831935426,51.43904472169477,53.789509294632005,124070700,INTC
2021-01-14,53.56349563598633,54.3680775503064,52.28882018157958,52.840276131461685,74680900,INTC
2021-01-15,52.053775787353516,53.925107787488265,51.98145211170451,53.201884825328854,50265400,INTC
2021-01-19,52.42443084716797,52.74083833590907,51.61984539985793,52.37922682141954,35647100,INTC
2021-01-20,53.039161682128906,53.53637834649362,52.51482881141172,52.65043398325351,28701300,INTC
2021-01-21,56.465423583984375,57.81242289792434,52.63235795986955,53.373658484776186,86519500,INTC
2021-01-22,51.22207260131836,53.89798662202091,51.2130338658287,53.2018867375021,85729300,INTC
2021-01-25,50.119163513183594,51.0774316132585,48.87161102932623,50.9689495382672,61968500,INTC
2021-01-26,49.91123962402344,50.806226253647175,49.585789940523895,49.97452112375023,31485900,INTC
2021-01-27,48.446712493896484,49.58578277290941,48.18454434802008,49.36881864766057,49722900,INTC
2021-01-28,50.688690185546875,51.89104529750462,49.450176688296985,49.53153909022331,49202600,INTC
2021-01-29,50.18244171142578,51.67408480095659,50.046839988748374,50.6073346960304,37256200,INTC
2021-02-01,51.24919128417969,51.88200966251801,50.36324693393912,50.580214515985844,26926600,INTC
2021-02-02,52.43346405029297,52.686590014575536,51.4209567445801,51.70120236258362,23580900,INTC
2021-02-03,52.144187927246094,52.731805845746436,51.872980983547244,52.334032442976955,21893200,INTC
2021-02-04,53.470245361328125,53.55210163223287,52.015023152967714,52.39702024036156,29853800,INTC
2021-02-05,52.91544723510742,53.73401002308191,52.860875226070625,53.66124734436619,23432600,INTC
2021-02-08,53.806766510009766,53.86133851628557,52.706257071479165,53.09734777600084,34358300,INTC
2021-02-09,53.46115493774414,53.943199023885,52.69716413750876,53.452061337408914,28754100,INTC
2021-02-10,53.53391647338867,54.04324134964066,52.86087556896432,53.93410080037459,16325100,INTC
2021-02-11,55.17103576660156,55.47117659861541,53.53391373334195,53.752194820701725,27539100,INTC
2021-02-12,56.21698760986328,56.85364379643437,54.96185897009342,55.116474481256105,26214200,INTC
2021-02-16,56.817256927490234,57.181059909441885,56.116931763601094,56.3897848674437,26326300,INTC
2021-02-17,56.25334930419922,56.562583707091086,55.67126183275924,55.92592770365049,21055400,INTC
2021-02-18,56.03507995605469,56.37159869532466,55.15285149604656,55.161948566292516,17846100,INTC
2021-02-19,57.30839157104492,57.53576973759639,56.25335701702674,56.30792902602466,28290100,INTC
2021-02-22,55.21651077270508,57.02644242768457,55.1710358352415,56.28064235083271,32288200,INTC
2021-02-23,55.58940887451172,55.93502463232203,53.815858619096026,55.007321368419746,27374600,INTC
2021-02-24,57.472103118896484,57.55395939619764,54.91637479224502,55.05279960807,24669900,INTC
2021-02-25,54.93456268310547,57.790431705255216,54.6889938636224,56.76268149101465,36394000,INTC
2021-02-26,55.280174255371094,56.107830575667656,54.279711791545424,55.3802211956567,38216800,INTC
2021-03-01,57.19015884399414,57.372062075659755,56.07145865309664,56.13512426375227,28495400,INTC
2021-03-02,55.69855499267578,57.42662690811826,55.58031737930111,57.117392475110506,23320000,INTC
2021-03-03,54.47981262207031,55.9532222382438,54.2979093864835,55.15285008337119,28740400,INTC
2021-03-04,53.05187225341797,54.7890412012682,52.669875152733404,54.4161411696202,40210400,INTC
2021-03-05,55.243797302246094,55.64398160049242,53.215581134490506,53.89771559006746,39511700,INTC
2021-03-08,54.434329986572266,56.1169304482748,54.31609584170488,54.99823032008055,33112400,INTC
2021-03-09,56.9991569519043,57.4539132836202,55.33475058197212,55.643985026319555,36387500,INTC
2021-03-10,56.61716079711914,58.317951900641866,56.5080202537938,57.49938915191353,27160300,INTC
2021-03-11,57.581241607666016,58.29065682698587,56.74448824562922,57.24471946133373,30701800,INTC
2021-03-12,57.20835494995117,57.572157978334765,56.60807665707814,56.980976756142965,20173000,INTC
2021-03-15,58.0178108215332,58.09966709605604,56.82634804114866,57.85409827248753,21247400,INTC
2021-03-16,58.91822814941406,59.78226932729189,58.281572072266876,58.345237679981594,30186600,INTC
2021-03-17,59.8277473449707,60.291600788540464,57.945056237577624,58.408909681147385,32394700,INTC
2021-03-18,57.96323776245117,59.754975230769425,57.890478558372145,59.69130962613206,30094200,INTC
2021-03-19,57.99052429199219,59.10922442077035,57.22653353703205,57.46300876592099,54951700,INTC
2021-03-22,59.69131851196289,60.373453065635154,58.718140159618386,58.95461541448693,34380100,INTC
2021-03-23,57.73585510253906,60.073305501227615,57.45390496865461,60.027827099025465,35160000,INTC
2021-03-24,56.42616271972656,61.33753216346483,56.380687783482095,60.555350769805045,74584700,INTC
2021-03-25,56.4079704284668,56.78996404534868,55.46207651592812,56.08054534570224,35401400,INTC
2021-03-26,59.000083923339844,59.091033794089796,56.18059282639418,56.20787709371613,34705800,INTC
2021-03-29,58.66356658935547,59.2365570672934,57.85410087681087,58.217907328737084,26161600,INTC
2021-03-30,57.999629974365234,58.20881749589922,57.43573302633816,57.999629974365234,20709500,INTC
2021-03-31,58.20881271362305,58.654471993032985,57.826819045557386,58.21790978353829,33013200,INTC
2021-04-01,58.70905303955078,59.018284055674336,57.82682452797307,58.863668547612555,31416300,INTC
2021-04-05,60.518978118896484,60.700877889981264,58.84547108098438,59.07284926435609,27947500,INTC
2021-04-06,59.62764358520508,60.5553503191678,59.38207823740932,60.0823998832961,28771400,INTC
2021-04-07,60.255210876464844,60.546254636344656,59.445745202454404,59.72769189323562,17793300,INTC
2021-04-08,60.982818603515625,61.201099670262046,60.355252730210914,60.910055934923484,22224200,INTC
2021-04-09,62.083343505859375,62.21067473829632,60.60083325257937,60.75545569685144,27177100,INTC
2021-04-12,59.49122619628906,62.29251990482872,58.854563173278905,62.02876040174277,51266900,INTC
2021-04-13,59.31842041015625,59.69131701518353,58.39981062464989,59.67312981404885,26822000,INTC
2021-04-14,58.381614685058594,59.463929935872045,58.06328320059831,59.40026433288302,25768400,INTC
2021-04-15,59.136512756347656,59.318419459937175,57.9177690679384,58.181528583869785,24927700,INTC
2021-04-16,58.89094161987305,59.59126327785486,58.72722907217164,59.41846060013654,24625500,INTC
2021-04-19,57.872291564941406,58.88184770380568,57.362963225984245,58.84546636469828,23997700,INTC
2021-04-20,57.02643966674805,57.990520784555244,56.76268018490771,57.88138024602362,19872100,INTC
2021-04-21,57.93595504760742,58.00871425363679,56.662635981697896,57.10829869562083,24364200,INTC
2021-04-22,56.908206939697266,58.12695404461384,56.644447435237865,57.617625705262796,38257600,INTC
2021-04-23,53.87953186035156,54.57075995992379,52.660784749132645,53.80676918170424,77479500,INTC
2021-04-26,53.44296646118164,54.13419807856082,53.17011333622279,53.752200928005855,39645900,INTC
2021-04-27,52.72445297241211,53.32473122295407,52.54254973629001,53.26106561073868,38167700,INTC
2021-04-28,52.406124114990234,52.89726183671752,51.97865547824167,52.31517422704778,30387400,INTC
2021-04-29,53.00639724731445,53.02458791703914,52.26969420579985,52.6425942613672,23290600,INTC
2021-04-30,52.32426452636719,53.14282734426123,51.90588951700606,52.39702720774248,30731800,INTC
2021-05-03,52.07868957519531,52.642589881194304,51.69669595130749,52.624399212983185,22281700,INTC
2021-05-04,51.75127029418945,51.824029500806155,50.75990138373999,51.73307962515644,35323600,INTC
2021-05-05,51.70579528808594,52.115076694463134,51.351085892397556,51.80584223959098,21001900,INTC
2021-05-06,52.33539581298828,52.39030393846324,51.475189459188776,51.813780839072614,25529300,INTC
2021-05-07,52.7746467590332,53.08578580048553,52.38115077129017,52.802102565347894,19959000,INTC
2021-05-10,51.218955993652344,52.37199864462898,51.13659555494798,52.29879130516095,35046500,INTC
2021-05-11,50.367897033691406,50.90781466525208,49.69071084681292,50.37704664163322,35968100,INTC
2021-05-12,49.06843185424805,50.01100203514834,48.88540828090633,49.77307034253882,30232300,INTC
2021-05-13,49.425331115722656,49.773075592663986,48.92201885410619,49.45278692369479,29192500,INTC
2021-05-14,50.65158462524414,51.1091418612116,49.65410971119969,49.96524877129295,28158300,INTC
2021-05-17,50.63328170776367,51.14574354043296,50.111663285264065,50.59667629374889,20010200,INTC
2021-05-18,50.184871673583984,51.37451964415501,50.14826626134875,51.20064917236403,18703400,INTC
2021-05-19,50.66073226928711,50.724789996153504,49.269758002831615,49.48023388980469,23769700,INTC
2021-05-20,51.200653076171875,51.46603709878521,50.66073542263092,50.85290861519181,23145200,INTC
2021-05-21,51.31962203979492,51.896141652417604,51.228108496683184,51.630757613720654,17723100,INTC
2021-05-24,52.12491989135742,52.51841939663843,51.612458017231226,51.84123663700462,19164400,INTC
2021-05-25,52.04255294799805,52.67398409386711,51.63075078566697,52.67398409386711,22309900,INTC
2021-05-26,52.08831787109375,52.372004634830645,51.78633188856022,52.207283738581474,15173600,INTC
2021-05-27,52.82956314086914,52.966831721251665,52.16152993083656,52.26219309099907,32387600,INTC
2021-05-28,52.271331787109375,52.756344776548204,52.1066109213957,52.6648312451049,20303900,INTC
2021-06-01,52.06085968017578,52.91191638451259,51.786326047686224,52.71974319085835,20326400,INTC
2021-06-02,52.60078430175781,52.79295752085807,51.94190070383122,52.07916928369426,18483600,INTC
2021-06-03,51.466041564941406,52.25303711099252,51.32877299212335,52.14322434726896,21831300,INTC
2021-06-04,52.5001220703125,52.847866585465546,51.740578790058684,51.74972839979834,21493800,INTC
2021-06-07,52.24388122558594,52.56416986917057,51.96019450492212,52.53671755425886,17364400,INTC
2021-06-08,52.161521911621094,52.74719458156094,51.79547474746646,52.57332409857395,33254500,INTC
2021-06-09,52.161521911621094,52.60077641407598,52.13406959611906,52.49096366118337,13904800,INTC
2021-06-10,52.509273529052734,53.10409588831304,52.09747128594333,52.29879760277125,26738100,INTC
2021-06-11,52.939361572265625,53.0217220000112,52.11576078569395,52.591620647014594,18119700,INTC
2021-06-14,53.25050735473633,53.25966045391958,52.371998340907496,53.094939577466114,21784500,INTC
2021-06-15,53.0674934387207,53.46098947729065,52.893619442845115,53.26881626268756,20806500,INTC
2021-06-16,52.362850189208984,53.415229717064534,51.951047986620026,53.21390691093129,21879700,INTC
2021-06-17,52.32624435424805,52.98512787311466,51.88698983863183,52.20727849870055,21498800,INTC
2021-06-18,50.94441604614258,51.932741255798106,50.422801126896935,51.86868352823351,55118300,INTC
2021-06-21,51.12743377685547,51.283005019504266,50.66987663747563,51.017621040851814,19254600,INTC
2021-06-22,51.12743377685547,51.50263049151158,50.78884247116189,51.191491497097935,18682800,INTC
2021-06-23,50.56922149658203,51.21895539021026,50.54176918096552,51.12744185334773,20287900,INTC
2021-06-24,51.310462951660156,51.33791526594739,50.642429873891054,50.77969842709585,21209700,INTC
2021-06-25,51.1640510559082,51.6216083014416,51.01763287697291,51.26471420846711,21101200,INTC
2021-06-28,52.60078430175781,52.829562940939546,51.55755426563071,51.57585697567145,22480900,INTC
2021-06-29,51.93274688720703,52.921072204033166,51.136598264798,52.66483777510525,26360000,INTC
2021-06-30,51.3745231628418,51.59415216041152,50.68818734540258,51.55754674566915,29891600,INTC
2021-07-01,51.25556182861328,51.832084943531115,51.127446356605944,51.36537808252083,24871600,INTC
2021-07-02,51.94189453125,52.1523739262634,51.53924543085807,51.74972133498689,17219400,INTC
2021-07-06,51.328765869140625,52.1706694256635,50.97187181840226,52.08830899157893,26186600,INTC
2021-07-07,51.20980453491211,51.65821215797489,50.98102591905827,51.58500132527703,14857400,INTC
2021-07-08,50.68819046020508,50.990179914060214,50.13912316886717,50.61498311710622,19162000,INTC
2021-07-09,51.23726272583008,51.34707548909998,50.61498458249264,50.798004690980875,18708000,INTC
2021-07-12,51.91443634033203,51.94188865358184,51.34706642423602,51.484331481369274,15392800,INTC
2021-07-13,52.04255294799805,52.43605240412726,51.55754345174382,51.813774356801254,15716000,INTC
2021-07-14,51.72227096557617,52.582477322337326,51.54840047063389,52.3170932846217,16263600,INTC
2021-07-15,51.07253646850586,51.612454109932216,50.85290747416106,51.612454109932216,18917000,INTC
2021-07-16,50.30384063720703,52.097464057343515,50.23978290726534,51.292162392653566,25263800,INTC
2021-07-19,50.001853942871094,50.15742521759744,49.38872892530491,49.791378034263985,27007700,INTC
2021-07-20,50.55092239379883,50.84375873064862,49.663260284100375,50.258082566064544,19867000,INTC
2021-07-21,51.45689010620117,51.50264513497164,50.340449251600106,50.49602053848161,18497200,INTC
2021-07-22,51.20980453491211,51.74057259931766,50.95357360223889,51.30131807578444,36691000,INTC
2021-07-23,48.501068115234375,50.0659130600079,47.87878998090021,49.946950689388686,67742300,INTC
2021-07-26,49.699867248535156,49.910343154028155,48.28143705226798,48.32719556767113,32881200,INTC
2021-07-27,48.66578674316406,48.68408945107506,47.86963814890082,48.61087861943106,39878000,INTC
2021-07-28,48.56512451171875,49.34297041275213,48.44615865349417,48.52851909520586,28478800,INTC
2021-07-29,49.14164733886719,49.507691029369475,48.79390286563807,48.94032104001591,16886600,INTC
2021-07-30,49.159942626953125,49.32466348462625,48.72983777737507,49.09588490351181,16465700,INTC
2021-08-02,49.12334442138672,49.84628568155878,48.995228955712605,49.40703116029699,18098100,INTC
2021-08-03,49.47108459472656,49.56259463628998,48.738990298681955,49.31551333500757,16375900,INTC
2021-08-04,49.32466506958008,49.818824167594194,49.14164150063059,49.644953697078506,17612700,INTC
2021-08-05,49.635982513427734,49.75572144118386,49.35045581883066,49.72809073230525,15310000,INTC
2021-08-06,49.663612365722656,49.85703786524464,49.48861202322767,49.60835094891857,19256000,INTC
2021-08-09,49.783348083496094,50.11493061723116,49.58071704565611,49.81098230368668,14670100,INTC
2021-08-10,49.68204116821289,50.09651942181475,49.2859845607233,49.958362346327284,16215700,INTC
2021-08-11,49.86625289916992,50.06888748789151,49.58993524136663,49.97677925957731,18590800,INTC
2021-08-12,49.31361770629883,49.903096314698224,49.05571817994685,49.893883735059056,15070100,INTC
2021-08-13,49.26756286621094,49.33203686615766,48.871506287355636,49.276771931816405,15281100,INTC
2021-08-16,49.2491455078125,49.267567154196236,48.816245601719075,49.02808926477741,17690300,INTC
2021-08-17,48.530704498291016,48.98202594982137,48.09780820259304,48.97281337190518,22014900,INTC
2021-08-18,48.07017517089844,48.843866597244194,47.996492113592176,48.447810062711895,15061700,INTC
2021-08-19,48.30044174194336,48.51228536859062,47.508332165006756,47.94122848312543,22999400,INTC
2021-08-20,47.90438461303711,48.24517973805459,47.3609584422345,48.042545178700315,25728300,INTC
2021-08-23,49.02808380126953,49.3136140180444,48.337287949923045,48.4386052369583,23976300,INTC
2021-08-24,49.56230545043945,49.709675104910396,49.10177484102156,49.3320401457305,20348800,INTC
2021-08-25,49.56230545043945,49.94914947583703,49.48861886641913,49.810992401153484,15048400,INTC
2021-08-26,48.93598175048828,49.50703870147794,48.788612101408056,49.50703870147794,19570000,INTC
2021-08-27,49.635982513427734,49.68203486608185,48.74255211494693,49.14782125086942,16525000,INTC
2021-08-30,49.68204116821289,50.53862838780016,49.51624986677214,49.97678047886983,14581300,INTC
2021-08-31,49.792564392089844,50.19783001170306,49.42413854620928,50.1425650807502,22350100,INTC
2021-09-01,49.433353424072266,49.88467496266799,49.304405416921966,49.83862260490997,18615000,INTC
2021-09-02,49.48861312866211,49.63598276604687,49.1386089222848,49.55308712541986,15869500,INTC
2021-09-03,49.28598403930664,49.81099216402788,49.11098367344603,49.221510035380646,13456200,INTC
2021-09-07,49.41493225097656,49.69124989409053,49.221506738584274,49.341245672242465,13915000,INTC
2021-09-08,49.34124755859375,49.663617568956234,48.80703389662597,49.48861720812654,18235100,INTC
2021-09-09,49.18466567993164,49.63598366541345,49.12940074732251,49.424140027432486,13495800,INTC
2021-09-10,49.589935302734375,50.63994451182806,49.56230459099075,49.599144368792366,20324700,INTC
2021-09-13,50.64915084838867,51.10968139305514,50.11493373006234,50.299146650642776,22639200,INTC
2021-09-14,50.21624755859375,51.063622015991285,49.985982302096296,50.99914802525752,22072700,INTC
2021-09-15,50.76889419555664,50.79652842178301,50.12415062953446,50.354415937858825,18796200,INTC
2021-09-16,50.50178146362305,50.61230781108854,49.958355277694636,50.52941217209711,19863100,INTC
2021-09-17,49.97677230834961,50.280724149155574,49.43334613437432,50.280724149155574,35359200,INTC
2021-09-20,48.797813415527344,49.27676557734666,48.18991327044303,49.00965703282971,35051900,INTC
2021-09-21,48.69649887084961,49.230715989851895,48.65965909754229,49.0004507172273,17968900,INTC
2021-09-22,49.27676773071289,49.617559346172655,48.816237191173514,49.184663028232684,18594100,INTC
2021-09-23,49.76492691040039,50.01361381304627,49.36887038176834,49.507030943316835,16474300,INTC
2021-09-24,49.93993377685547,50.124143185301115,49.48861229359744,49.53466464570885,12976200,INTC
2021-09-27,50.34520721435547,50.53862923140843,49.57151563257385,49.68204199752271,13899900,INTC
2021-09-28,49.737300872802734,50.280727078437245,49.70045758445512,49.903092156797626,24691300,INTC
2021-09-29,49.26756286621094,49.78335486578473,48.98203264246867,49.73730251061843,20514300,INTC
2021-09-30,49.07414245605469,49.71888603613874,49.05572080935859,49.516251436051505,20534100,INTC
2021-10-01,49.60835647583008,49.83862177435245,48.862295643732544,49.414934468328,19895100,INTC
2021-10-04,49.2491455078125,50.04125873446439,48.88993218725403,49.672832833929164,27353300,INTC
2021-10-05,49.691246032714844,50.05045929220643,49.25834620021514,49.32282019481265,18129400,INTC
2021-10-06,49.718875885009766,49.801771521432435,48.880710456100125,49.25834535234361,20059600,INTC
2021-10-07,49.90309524536133,50.64915606951296,49.84783030941949,50.03204324898936,20704400,INTC
2021-10-08,49.56230545043945,50.271523010571386,49.460988154196365,50.24388878477891,16068000,INTC
2021-10-11,49.22150802612305,50.11493849201241,49.20308638095764,49.56230319132862,14398800,INTC
2021-10-12,48.051761627197266,49.4794093131968,47.90439197417682,49.3412487263034,32784300,INTC
2021-10-13,48.1346549987793,48.42939780444197,47.77544170613886,48.245184868491364,18534000,INTC
2021-10-14,49.64519500732422,49.73729971247516,48.56755168649789,48.72413390153764,26586700,INTC
2021-10-15,50.160987854003906,50.188622076887285,49.562300232927385,49.92151350828717,25231100,INTC
2021-10-18,50.17020034790039,50.253095989271515,49.479404507664135,49.91230084498504,22407600,INTC
2021-10-19,50.85178756713867,50.861000146657666,50.078096025314736,50.31757390283408,18392900,INTC
2021-10-20,50.99915313720703,51.10968300117454,50.732048083208866,50.88862678680885,16850300,INTC
2021-10-21,51.57942199707031,51.64389599348111,50.50178218828764,50.59388689356898,38390900,INTC
2021-10-22,45.555686950683594,46.55964381778107,45.26094764232192,46.41227416360024,109971900,INTC
2021-10-25,45.5096321105957,46.11753234013492,45.41752739934442,45.89647962770403,43178800,INTC
2021-10-26,44.46883010864258,45.53726087593457,44.14646011946501,45.500421101149534,68405400,INTC
2021-10-27,44.109619140625,44.966206315082886,44.09119749548327,44.68988866509604,41081500,INTC
2021-10-28,44.28462219238281,44.5425181924508,44.100409257947334,44.33988361321482,31317200,INTC
2021-10-29,45.131996154785156,45.38989215132742,44.13724843057452,44.303039717942966,42301000,INTC
2021-11-01,45.638580322265625,45.68463267810367,45.13199738090812,45.5004232547515,28013700,INTC
2021-11-02,45.924110412597656,45.96095370258553,45.34384089278197,45.693845120527726,27193300,INTC
2021-11-03,46.41227340698242,46.46753834398794,45.78595150853181,45.988586097315725,23962100,INTC
2021-11-04,46.66083526611328,46.69793123276029,46.12290306269151,46.595912901976654,24806000,INTC
2021-11-05,47.22658920288086,47.838720446865196,46.87415450471274,46.8834276123472,36816200,INTC
2021-11-08,47.81089401245117,48.218981508137695,47.35643744062313,47.72742189178836,31647800,INTC
2021-11-09,47.48627471923828,48.014930221093216,47.08746393180342,47.80161339911694,22508400,INTC
2021-11-10,47.078189849853516,47.66249463454768,47.03181724046583,47.282233576763325,25040700,INTC
2021-11-11,46.86487579345703,47.36570849573113,46.753580816730626,47.310059238366165,25420000,INTC
2021-11-12,46.66083526611328,47.208040576695936,46.540263645000906,46.92979782982067,23884800,INTC
2021-11-15,46.670101165771484,46.95761697540509,46.48460720916926,46.75357326934234,24695800,INTC
2021-11-16,46.9390754699707,47.43990817935832,46.68865911527689,46.71648197535279,30927800,INTC
2021-11-17,46.586639404296875,47.2451397353171,46.35477279157113,46.92980100048994,23546900,INTC
2021-11-18,46.0765266418457,46.59590905000614,45.418026409751654,46.59590905000614,30658200,INTC
2021-11-19,45.928138732910156,46.122905837035496,45.66844926074303,46.002334208670604,27607600,INTC
2021-11-22,46.215660095214844,47.1616728670795,45.82612230267869,45.955967054189365,33389600,INTC
2021-11-23,45.538597106933594,46.7906788225031,45.111963428148464,46.52171272752853,44713300,INTC
2021-11-24,46.15073013305664,46.1692798870744,45.10269556608158,45.31601243028014,26035800,INTC
2021-11-26,45.2418098449707,45.6127978200502,44.62968216269201,45.35310836029668,25269000,INTC
2021-11-29,46.373321533203125,46.49389315983048,45.186165634114296,45.72409432413755,31478900,INTC
2021-11-30,45.631343841552734,46.744304137786365,45.149060928584724,45.90958303111033,49460800,INTC
2021-12-01,45.074859619140625,46.66082964071276,45.00066415678808,46.22491935863119,35093500,INTC
2021-12-02,45.90959167480469,46.17855780848509,44.82445756982391,45.08414705723731,37240800,INTC
2021-12-03,45.6777229309082,46.42897203350398,45.2232628110161,46.07653378979197,32224900,INTC
2021-12-06,47.29151153564453,47.49555173022118,45.61279614033454,45.89103534239608,40336000,INTC
2021-12-07,48.75690841674805,51.0106520541822,48.423019946312834,50.69531333632711,91731500,INTC
2021-12-08,47.99638366699219,49.044421634323,47.653222107743524,48.75690579181537,37143400,INTC
2021-12-09,46.81850051879883,47.84798872448175,46.77212790930029,47.579022636185556,31694200,INTC
2021-12-10,46.92051696777344,47.36570033599035,46.41968435177832,47.1523835265116,23783600,INTC
2021-12-13,46.373321533203125,47.31933771704091,46.326948919270656,47.16166658406612,35726900,INTC
2021-12-14,46.0950813293457,46.62373690051859,45.74264310256259,46.206376308012736,34120400,INTC
2021-12-15,46.99472427368164,47.09674615132553,45.751922602030746,46.252751806276706,32590300,INTC
2021-12-16,47.14311218261719,47.67176767325576,46.9112456152142,47.05964007683199,33132300,INTC
2021-12-17,46.94834899902344,47.31933698071769,46.382593919041334,46.92052613869763,50102300,INTC
2021-12-20,46.0023307800293,46.493890364570674,45.40875286617138,46.28984662993073,30140300,INTC
2021-12-21,47.08747482299805,47.15239719522444,46.31767592659379,46.31767592659379,31956300,INTC
2021-12-22,47.27296447753906,47.31933709085788,46.56808801828005,46.96689886122837,23307900,INTC
2021-12-23,47.58829879760742,47.97783295904328,47.34715556985861,47.3749819656778,25198200,INTC
2021-12-27,48.172603607177734,48.28390212269013,47.57902567645911,47.62539828892084,20985400,INTC
2021-12-28,48.00566482543945,48.33955333389987,47.885096726942926,48.163335971325296,19290400,INTC
2021-12-29,48.07058334350586,48.35809565201856,47.9129122218669,48.05203359166578,14174800,INTC
2021-12-30,47.98711013793945,48.35809455229415,47.90363802555906,48.15405082469691,18359400,INTC
2021-12-31,47.7645149230957,48.376642545638546,47.72741542160748,48.12622621759786,16319000,INTC
2022-01-03,49.35049057006836,49.36904032423573,47.85726897063133,47.90364512505169,33857600,INTC
2022-01-04,49.28556823730469,50.027540714549765,48.83111164286876,49.68437910719964,45681400,INTC
2022-01-05,49.962615966796875,52.095788064135945,49.92551999820246,50.259404943574296,59109300,INTC
2022-01-06,50.09245681762695,50.70458447701535,49.54525152074919,50.64893875943675,35757900,INTC
2022-01-07,49.563804626464844,50.44489844044916,49.29484205129368,50.25940444729399,30717200,INTC
2022-01-10,51.205421447753906,51.29817021481781,49.443237329584164,50.05536504019112,49260800,INTC
2022-01-11,51.85464859008789,52.01231972486633,50.76023790634472,51.47438749068586,39795200,INTC
2022-01-12,51.69697570800781,52.19780484620986,50.83443172276632,52.06796012378698,29136800,INTC
2022-01-13,50.954994201660156,52.13287675679356,50.7973266383288,51.93810969455967,29605400,INTC
2022-01-14,51.659873962402344,51.72479632079541,50.574736544398,50.87152547933865,30151500,INTC
2022-01-18,50.788055419921875,51.613503437666665,50.713859952193985,51.29816473931565,35313800,INTC
2022-01-19,49.730743408203125,50.871526564593466,49.67509769296664,50.667486378720916,30595100,INTC
2022-01-20,48.265350341796875,50.16665567685542,48.17260158276756,49.95333883809308,28582600,INTC
2022-01-21,48.265350341796875,49.27628881819435,48.181878227672186,48.3024498454086,46372400,INTC
2022-01-24,48.172603607177734,48.34882448773726,46.26202508492762,47.74596991172417,64198400,INTC
2022-01-25,47.300785064697266,47.87581322582321,46.60518528433407,47.310058171713926,44095400,INTC
2022-01-26,47.94073486328125,48.896027619695644,47.06891775877047,47.42135596612733,54895400,INTC
2022-01-27,44.564754486083984,46.42896370855836,44.31433816345296,46.35476470718482,89642800,INTC
2022-01-28,44.267967224121094,44.70387752860311,42.941690097636155,44.24941747307896,61945400,INTC
2022-01-31,45.27891540527344,45.325288023858946,43.87844251116862,44.2216041343062,51828400,INTC
2022-02-01,45.39948272705078,45.47367820213169,44.85227738856484,45.24181159324788,35386100,INTC
2022-02-02,45.918861389160156,45.98378729421868,44.601860756899946,44.750255244168756,37962700,INTC
2022-02-03,44.778072357177734,46.08579971399993,44.75024950001232,45.67771581089341,42145800,INTC
2022-02-04,44.866859436035156,45.081804835871324,44.044474215173935,44.72668183848054,32431500,INTC
2022-02-07,45.02572250366211,45.474297141555915,44.82012445776957,44.97899664731044,27558500,INTC
2022-02-08,45.61448669433594,45.735973230281395,44.76406311794282,44.83882378891271,28051200,INTC
2022-02-09,46.64247131347656,46.69854449201897,45.63317905439885,46.10044484738698,35217300,INTC
2022-02-10,45.66121292114258,46.661161412354325,45.567757625495915,45.96026273730189,32762700,INTC
2022-02-11,44.51173400878906,45.8948401284581,44.39024392197322,45.74531523889806,37208200,INTC
2022-02-14,44.46500778198242,45.02572522196282,44.02577686285989,44.78274505033799,28456900,INTC
2022-02-15,45.26870346069336,45.28739451802717,44.100539114489884,44.57715216411552,35837900,INTC
2022-02-16,45.07245635986328,45.31543655994511,44.483700483462655,44.91358770707936,26022900,INTC
2022-02-17,44.45566177368164,45.1004872050473,44.278102077641584,44.726676755759605,32030600,INTC
2022-02-18,42.091304779052734,43.18470505700506,41.59600059912309,43.166013996917606,76520100,INTC
2022-02-22,41.76421356201172,42.43707741679785,40.979206919746204,41.76421356201172,57093300,INTC
2022-02-23,41.726829528808594,42.717430557181665,41.633374247388375,42.21278273237587,38176700,INTC
2022-02-24,43.661319732666016,43.72673666282557,40.77361679792503,41.025940770664185,72740100,INTC
2022-02-25,44.58649826049805,44.6612624937742,43.222083087802005,43.857564810829864,39266300,INTC
2022-02-28,44.5771484375,44.68929120717318,43.78279460951621,43.922975745323455,41946100,INTC
2022-03-01,43.754764556884766,44.764060288341724,43.19404708271185,44.427628377856074,53853000,INTC
2022-03-02,45.67055130004883,45.78269764164299,44.37155314536384,44.40893525922856,46936500,INTC
2022-03-03,44.79209899902344,45.37150758152813,44.50239292529356,45.0257318944638,36389900,INTC
2022-03-04,44.922935485839844,45.10984252614955,44.268762627233535,44.268762627233535,38310700,INTC
2022-03-07,44.5584602355957,45.36215786046292,44.483696007722195,44.86685376318743,43813700,INTC
2022-03-08,44.3902473449707,45.53037694387971,43.8201825455162,44.56780705096684,44813900,INTC
2022-03-09,44.51173400878906,45.287393259333484,43.82017916647726,45.24066739977495,36076500,INTC
2022-03-10,43.6052360534668,44.21268290438305,43.13797034197875,44.193991848128995,36456000,INTC
2022-03-11,42.829586029052734,44.184654031570716,42.773512848242,44.06316748724697,27082100,INTC
2022-03-14,41.493202209472656,42.96976020339688,41.399746915581915,42.894999533239236,35993900,INTC
2022-03-15,41.87635803222656,41.960466010294425,41.18480314978474,41.58665198222509,34448900,INTC
2022-03-16,43.577205657958984,43.577205657958984,42.30624222380277,42.334277028541415,38885500,INTC
2022-03-17,44.05381393432617,44.193995084018454,42.736124674046685,43.28749839657241,28555000,INTC
2022-03-18,44.34352111816406,44.48369870649941,43.315534312264084,43.75476526528211,46237100,INTC
2022-03-21,44.287452697753906,44.75471850560521,43.98840286592549,44.35286962565667,32910900,INTC
2022-03-22,45.221981048583984,45.296745283620965,44.296796812208456,44.390248541049736,27923300,INTC
2022-03-23,45.109832763671875,46.334070226048645,44.91358201804832,45.287392452813975,37126400,INTC
2022-03-24,48.240516662597656,48.26855503271474,45.40888726265911,45.47430418467416,51677900,INTC
2022-03-25,48.436771392822266,48.576948984743524,47.14711687040822,47.37140244346419,33239800,INTC
2022-03-28,48.137718200683594,48.19379137663494,47.24991608699425,47.99754060823761,22932400,INTC
2022-03-29,48.82926940917969,48.866651523646645,47.922772740606554,48.59563654119318,27303700,INTC
2022-03-30,48.062950134277344,49.0722421913898,47.866699396082474,48.82926559623725,24623300,INTC
2022-03-31,46.31538009643555,47.90408071465325,46.26865067181949,47.8480111090413,43698300,INTC
2022-04-01,44.9603157043457,46.63312811864987,44.231382199434336,46.56771119205296,46598600,INTC
2022-04-04,45.97895050048828,46.006985304695135,44.78274775664432,45.01638063158079,23784900,INTC
2022-04-05,44.979007720947266,45.77335816935425,44.87620867269232,45.63318056578813,25779200,INTC
2022-04-06,44.42762756347656,45.01637983107959,44.14726883152921,44.33417227619098,31518700,INTC
2022-04-07,44.446319580078125,44.77340418024935,43.70803883688619,44.324829486462484,24117000,INTC
2022-04-08,43.941673278808594,44.46501222268933,43.78280106380975,44.18464990974489,22167300,INTC
2022-04-11,43.52113342285156,44.20334101753657,43.483751305756655,43.8295305414522,30352500,INTC
2022-04-12,43.455711364746094,44.77340053449828,43.37160339370002,44.22202684985279,29861400,INTC
2022-04-13,43.93232345581055,44.17530363781252,43.5024398291359,43.689346838763264,22171300,INTC
2022-04-14,42.6800537109375,43.689349485086844,42.63332784693908,43.689349485086844,36181800,INTC
2022-04-18,43.586544036865234,43.8201768874616,42.53986986438074,42.54921360982467,25593100,INTC
2022-04-19,44.79209899902344,44.857515924550334,43.30619364142451,43.54917028410226,31483100,INTC
2022-04-20,44.9603157043457,45.55841535606326,44.8388255985421,45.193948603607566,22787100,INTC
2022-04-21,44.3902473449707,45.69859290322546,44.296795618647444,45.436921652601605,27316900,INTC
2022-04-22,43.493099212646484,44.53042980401766,43.45571709504006,44.34352278094047,28219900,INTC
2022-04-25,43.97905349731445,44.05381416323868,43.15666478241954,43.18469958652178,35999300,INTC
2022-04-26,42.53987121582031,43.77345242096214,42.53052390512505,43.63327128016918,35356600,INTC
2022-04-27,42.25951385498047,43.04452042570612,42.0632595385831,42.50249046653513,28320900,INTC
2022-04-28,43.77345275878906,44.17530156287872,42.558562600707205,42.79219546052889,41097000,INTC
2022-04-29,40.736228942871094,42.39035015470979,40.65212096379609,42.04457449182577,70765900,INTC
2022-05-02,42.01654052734375,42.04457889994495,40.661468973488546,40.8577233218762,45446500,INTC
2022-05-03,42.10999298095703,42.51184183317421,41.33433008227342,41.85766903433543,40158400,INTC
2022-05-04,43.493099212646484,43.58655094170761,41.50254601204114,42.10999294580325,44625600,INTC
2022-05-05,42.00957107543945,43.24348582169498,41.56687174565513,42.951489741643336,52996700,INTC
2022-05-06,41.72700119018555,42.52763430819951,41.29371941420716,41.905968057798134,40916600,INTC
2022-05-09,40.56843948364258,41.632808656456696,40.38005501869059,41.265460926024474,44925800,INTC
2022-05-10,41.45384216308594,42.14144600518928,40.97346518670391,41.774094678385566,42770000,INTC
2022-05-11,40.34238052368164,41.717580993258,40.29528171314887,41.463262507547064,40351700,INTC
2022-05-12,40.35179901123047,40.41773303565469,39.570004731436356,40.248187374811025,42329600,INTC
2022-05-13,41.06765365600586,41.293715723737,40.47424746533912,40.89810800349117,32034100,INTC
2022-05-16,40.577857971191406,41.0770737157857,40.304700694923575,40.89810686913147,25071900,INTC
2022-05-17,41.821189880371094,41.84002509158528,41.11475088639952,41.27487533366183,28596600,INTC
2022-05-18,39.890254974365234,41.425583440913755,39.76780813205948,41.425583440913755,35218400,INTC
2022-05-19,39.570003509521484,40.219929720397545,39.29684981382816,39.86199960376542,29181000,INTC
2022-05-20,39.23091125488281,39.833738585942484,37.968740183051246,39.796060979467676,44802300,INTC
2022-05-23,39.56058120727539,39.7960608573187,38.9294974698638,39.268585147693344,27199500,INTC
2022-05-24,39.24974822998047,39.45697148177608,38.71285488954137,39.278008232674544,29837500,INTC
2022-05-25,39.74897384643555,40.05038757322405,38.98601832936369,39.033113550461565,26283100,INTC
2022-05-26,40.95462417602539,41.143008632495935,39.63594016700088,39.72070939962125,28826700,INTC
2022-05-27,41.96247863769531,41.96247863769531,41.02055990915834,41.05823752065216,30553300,INTC
2022-05-31,41.840030670166016,42.150865593662076,41.11475636827857,41.67990620155412,41111500,INTC
2022-06-01,41.548038482666016,42.32041160451847,41.001723858697915,42.169704741550554,29885500,INTC
2022-06-02,42.23563766479492,42.27331527783515,41.38790933706453,41.623389028863535,28727600,INTC
2022-06-03,40.869850158691406,41.67990078270309,40.82275494423052,41.54803274495878,33174700,INTC
2022-06-06,40.82276153564453,41.482105423961066,40.577864225025024,41.26546452795358,25437100,INTC
2022-06-07,41.00171661376953,41.058233024821796,40.182248415750955,40.55901730316389,25168700,INTC
2022-06-08,38.83530807495117,39.80548319876705,38.64692361387394,39.79606559262382,59649900,INTC
2022-06-09,37.6861686706543,38.948339975019266,37.6861686706543,38.62808744725099,39047200,INTC
2022-06-10,36.90437316894531,37.75210139520741,36.90437316894531,37.5354569427247,43066200,INTC
2022-06-13,35.57627487182617,36.55587132375437,35.482080832331995,36.31097041420472,50335900,INTC
2022-06-14,35.72697830200195,35.98129679444702,35.359630566181806,35.80232993320705,31351700,INTC
2022-06-15,36.4051628112793,36.894957422011096,35.717558929966295,36.32038997612667,37652300,INTC
2022-06-16,35.17123794555664,35.59510200137745,34.78505149317191,35.51032919021329,45576500,INTC
2022-06-17,34.82273483276367,35.90593916147594,34.474222333272465,35.303111779734394,71393200,INTC
2022-06-21,35.53860092163086,35.82117588298896,35.161835504198585,35.19009192239373,34004900,INTC
2022-06-22,35.20892333984375,35.576271071795276,35.05821648588582,35.161828121694676,32571000,INTC
2022-06-23,35.237178802490234,35.43498086926662,34.76621944742186,35.425563263144525,30163000,INTC
2022-06-24,36.36748123168945,36.39573764261425,35.54801297665849,35.651621014427626,38159900,INTC
2022-06-27,36.38632583618164,36.79135122528777,36.23561896533763,36.61238434588004,29585300,INTC
2022-06-28,35.5856819152832,36.75366250633917,35.5480079038046,36.33921963500145,37824200,INTC
2022-06-29,35.12415313720703,35.416145667453215,34.86983462841723,35.359632838701096,25437200,INTC
2022-06-30,35.237178802490234,35.7929109851963,34.59667379214647,35.04879434183594,35141000,INTC
2022-07-01,34.22932815551758,35.0393788704891,33.79604638480931,34.93576723115996,40596300,INTC
2022-07-05,34.55899429321289,34.606093100654206,33.475789991618754,33.843137693600006,33215000,INTC
2022-07-06,34.84157180786133,35.246593514277116,34.3423524891515,34.68144377185722,26258300,INTC
2022-07-07,35.924774169921875,36.10374100024401,35.53858769473331,35.68929452424265,33165400,INTC
2022-07-08,35.78349304199219,35.92477869130094,35.21833966535307,35.47265814587047,22566300,INTC
2022-07-11,35.03937911987305,35.482078500427974,34.87925105982426,35.47266089366509,25904300,INTC
2022-07-12,35.04879379272461,35.510335534439896,34.84157412307266,35.46324031829785,30546300,INTC
2022-07-13,35.04879379272461,35.25601705551123,34.49306161872523,34.54957803397649,27059200,INTC
2022-07-14,35.51975631713867,35.943620486594924,34.182233374782285,34.84157723914367,36690700,INTC
2022-07-15,36.37689971923828,36.42399493629921,35.538592638895636,36.04722960667704,32892300,INTC
2022-07-18,36.461673736572266,37.055083551674116,36.2921280751146,36.82902147201894,30814400,INTC
2022-07-19,37.88397216796875,38.3643491354545,36.96089225111403,37.03624388048239,53095300,INTC
2022-07-20,38.20421600341797,38.30782402113436,37.2622974947915,37.87454236951833,36387900,INTC
2022-07-21,38.25132369995117,38.28900131495078,37.50720697281693,38.15712966245214,29661200,INTC
2022-07-22,36.92321014404297,38.157121220643496,36.67830929386202,38.02525319045422,41350000,INTC
2022-07-25,36.885536193847656,37.121015869138596,36.31096521123621,36.9985654319096,32263400,INTC
2022-07-26,36.69715118408203,37.27172215806789,36.62179955755017,36.82901922536377,35925500,INTC
2022-07-27,37.84628677368164,38.072345208432885,36.95146345271737,36.98914105622059,42571600,INTC
2022-07-28,37.40359878540039,37.789785392004326,36.77251484493305,37.7615289747104,56662300,INTC
2022-07-29,34.20106887817383,34.49306137204714,33.19321616877606,33.53230387845462,125292400,INTC
2022-08-01,34.81331253051758,35.50091271559671,33.956166700554874,33.956166700554874,52513400,INTC
2022-08-02,33.91849136352539,34.53073996584255,33.90907375734986,34.4648059432096,53929400,INTC
2022-08-03,34.39887619018555,34.464810221002274,33.212056449214074,33.99385080480554,59513900,INTC
2022-08-04,33.92791748046875,34.34654443398472,33.64248984718926,34.26091578105994,54046300,INTC
2022-08-05,33.67102813720703,33.95645574179639,33.47122917693537,33.63297015541941,40205100,INTC
2022-08-08,33.66151809692383,34.21334435849481,33.490260794854755,33.642489104537354,41534600,INTC
2022-08-09,32.84328842163086,33.58540095167881,32.72911810071788,33.50928861420651,48202300,INTC
2022-08-10,33.65199661254883,33.680541911444735,32.90988417061068,33.2904567010146,42243300,INTC
2022-08-11,33.86131286621094,34.52731299936226,33.76617154550735,33.90888352656273,35569700,INTC
2022-08-12,34.356056213378906,34.3845978841193,33.93742568567286,34.061112307895904,37675200,INTC
2022-08-15,34.574886322021484,34.660514969011714,33.97548579308986,34.346542053577856,25400600,INTC
2022-08-16,34.432167053222656,34.803226903813886,33.965969514088656,34.40362538371896,25000200,INTC
2022-08-17,34.042083740234375,34.32751496881716,33.55685718457954,34.070629040737956,29176100,INTC
2022-08-18,34.441688537597656,34.56537517304557,33.84228798209842,33.94694562521518,24598200,INTC
2022-08-19,33.66151809692383,34.279944017142874,33.48074448395692,34.06111604881221,31425500,INTC
2022-08-22,32.19631576538086,33.3570588019882,32.09165813035444,33.29997182940773,51006100,INTC
2022-08-23,32.30097579956055,32.71960274135082,32.26291781501347,32.329517473266264,30687100,INTC
2022-08-24,32.21533966064453,32.33902626696723,31.967966447999135,32.31999727911694,25105700,INTC
2022-08-25,33.195308685302734,33.23336666070697,32.17728143439347,32.224852088944616,29799100,INTC
2022-08-26,31.73963165283203,33.328514319901906,31.730115342463677,33.25240198400004,44851500,INTC
2022-08-29,31.340030670166016,31.787202901069143,31.2163476683746,31.61594560537897,32976800,INTC
2022-08-30,30.693056106567383,31.46371385270319,30.588402107924534,31.435172183019567,40182500,INTC
2022-08-31,30.36957359313965,30.81674397852586,30.22685979479974,30.81674397852586,44074500,INTC
2022-09-01,30.217348098754883,30.28394775650257,29.617947549616545,30.036576302936464,36440700,INTC
2022-09-02,29.703571319580078,30.807229090598508,29.551343036964628,30.645484498777286,34893300,INTC
2022-09-06,28.88534927368164,29.865318769509376,28.856805785711146,29.865318769509376,46989600,INTC
2022-09-07,29.161264419555664,29.29446555794472,28.590407323515283,28.942436440730003,37329500,INTC
2022-09-08,29.25640296936035,29.35154610618533,28.45720352355757,28.894861227070713,37359500,INTC
2022-09-09,29.931917190551758,29.969975172940625,29.570375431379905,29.675033068244815,34069500,INTC
2022-09-12,30.027057647705078,30.31248704599366,29.589401777581966,30.198314923737364,38305500,INTC
2022-09-13,27.867319107055664,29.427660004910727,27.82926112676438,29.332516868886895,71417900,INTC
2022-09-14,27.76266098022461,28.32400347656698,27.600918196283516,28.114688218111237,40767200,INTC
2022-09-15,27.439176559448242,27.981490088656386,27.315489935243747,27.734118654951818,39919100,INTC
2022-09-16,27.819747924804688,27.895862074220805,27.039577439613396,27.30597786992203,72748000,INTC
2022-09-19,28.010034561157227,28.067119720267634,27.496262685050105,27.610434817975406,33151900,INTC
2022-09-20,27.553348541259766,27.75314932525788,27.315491588460063,27.658006181197088,31129000,INTC
2022-09-21,27.08715057373047,28.152750577478592,27.07763607734736,27.734121810144906,39977300,INTC
2022-09-22,26.70657730102539,27.11569153381817,26.678035629242753,27.020548393565633,36092700,INTC
2022-09-23,26.18329429626465,26.54483607290654,25.869323185203022,26.54483607290654,43491100,INTC
2022-09-26,25.66000747680664,26.354551159837232,25.555351651320706,26.22135003194812,44786400,INTC
2022-09-27,25.583890914916992,26.25940554253098,25.3270068086398,26.069119271869596,44121400,INTC
2022-09-28,25.81223487854004,25.954950497334636,25.30797931644131,25.555350757059607,40433400,INTC
2022-09-29,25.098663330078125,25.479235883108505,24.917893363563564,25.479235883108505,41831300,INTC
2022-09-30,24.518293380737305,25.27943484950694,24.48974989514429,25.022548923283036,43821000,INTC
2022-10-03,25.66000747680664,25.92640791788033,24.80372280759737,25.051094256871966,44096200,INTC
2022-10-04,26.354551315307617,26.44969264545526,25.774179764943327,26.097665368618056,42427500,INTC
2022-10-05,26.297462463378906,26.487748739507303,25.58389164995404,26.040578349721315,30120000,INTC
2022-10-06,25.85980796813965,26.411636021126025,25.688550673298273,26.107179414610027,33985100,INTC
2022-10-07,24.470722198486328,25.003523069498016,24.404122543285993,24.898865431494915,57215500,INTC
2022-10-10,23.975980758666992,24.727607760492898,23.871323122262893,24.68003709742075,43409300,INTC
2022-10-11,23.82375144958496,24.24237834805178,23.49075137807841,23.795207964128604,48134900,INTC
2022-10-12,24.09966468811035,24.28043646762643,23.4622080269052,23.83326426643952,39634100,INTC
2022-10-13,25.136720657348633,25.536320375871682,23.395607986934852,23.528807288207744,62447000,INTC
2022-10-14,24.651493072509766,25.33652040519587,24.50877927170488,25.174777613695817,48185400,INTC
2022-10-17,25.136720657348633,25.45069173513786,24.898863725244542,25.03206302651743,39416500,INTC
2022-10-18,24.61343765258789,25.650492271076327,24.299466555409587,25.441178811192287,51126900,INTC
2022-10-19,24.73712158203125,24.974978520320015,24.442179486670426,24.489750148446408,33882300,INTC
2022-10-20,24.8132381439209,25.64098116817171,24.689553322446667,24.879837802768915,33247700,INTC
2022-10-21,25.66000747680664,25.736121629298474,24.53732418122822,24.59440934192096,53058700,INTC
2022-10-24,25.85980796813965,26.145235583072267,25.231865763524276,25.450693722619583,43831600,INTC
2022-10-25,26.07863426208496,26.221348060438835,25.688549033055654,25.859806316962064,32205300,INTC
2022-10-26,25.888347625732422,26.449690130817128,25.679034178721185,25.869320450334584,37111100,INTC
2022-10-27,24.994007110595703,26.24989143429279,24.860805993288405,26.116692131689884,56305100,INTC
2022-10-28,27.658004760742188,27.800718562151634,26.506778039374286,26.811234632968954,91695700,INTC
2022-10-31,27.049089431762695,27.762660197012696,26.687545894468286,27.667517065371836,59507700,INTC
2022-11-01,26.92540168762207,27.448687982360752,26.535316497479094,27.40111551118221,44418700,INTC
2022-11-02,26.08814811706543,27.44869004504039,26.078633622114737,26.896862040830722,51956100,INTC
2022-11-03,26.059608459472656,26.525807892299095,25.85029498392955,26.116695437560924,39678200,INTC
2022-11-04,27.19263458251953,27.231204737967765,26.4308542408671,26.585138541087908,43051900,INTC
2022-11-07,27.395130157470703,27.452986306280927,26.893705296545274,27.346917006664487,34389800,INTC
2022-11-08,27.462629318237305,27.915841028586772,26.93227730224422,27.732627744845203,36258000,INTC
2022-11-09,26.536924362182617,27.289059836909928,26.536924362182617,27.211917689778566,30544800,INTC
2022-11-10,28.6969051361084,28.7644042821594,27.626556279545973,27.84833971348892,62943900,INTC
2022-11-11,29.342973709106445,29.535828165320652,27.838700858094295,27.89655701103716,49826500,INTC
2022-11-14,29.265830993652344,29.88296818436314,29.10190369746805,29.256187995145748,39395300,INTC
2022-11-15,29.612972259521484,30.220468342548013,29.092263170427096,29.989041876371164,40933200,INTC
2022-11-16,28.47512435913086,29.15011772183715,28.388339209192143,29.03440541472817,35582800,INTC
2022-11-17,28.822263717651367,28.880121711620205,27.964057038467566,28.031556192217213,31983300,INTC
2022-11-18,28.802978515625,29.1790462667312,28.55226606848289,29.1790462667312,27122200,INTC
2022-11-21,27.906200408935547,28.65833592559415,27.877271412443307,28.600479771823636,36086800,INTC
2022-11-22,28.754762649536133,28.793334642947404,28.021911327646837,28.099053475255506,25584100,INTC
2022-11-23,28.610122680664062,29.00547643541131,28.436552380684496,28.667978834252597,23143900,INTC
2022-11-25,28.29191017150879,28.61976476337277,28.29191017150879,28.61976476337277,11314900,INTC
2022-11-28,27.70370101928711,28.147269767948515,27.520489559757404,28.060484617975934,28267900,INTC
2022-11-29,27.867626190185547,28.13762461826266,27.713341899631146,27.819413039092478,24361500,INTC
2022-11-30,28.995832443237305,29.005475441707357,27.21191818898294,27.74227206955256,72072500,INTC
2022-12-01,28.764406204223633,29.39118639556841,28.46548060636023,29.159759948266366,38896300,INTC
2022-12-02,28.35940933227539,28.378695329266066,27.684414151313096,28.127982886029038,31546000,INTC
2022-12-05,28.127981185913086,28.687262190341098,27.857982762004674,28.369050616084017,34040400,INTC
2022-12-06,27.578344345092773,28.262980672894155,27.32763190641211,28.147268371480845,27701200,INTC
2022-12-07,27.3179874420166,27.530127876031965,27.14441715999777,27.26977429221749,28239900,INTC
2022-12-08,27.424060821533203,27.578345120565167,27.06727723051309,27.30834667765227,28486100,INTC
2022-12-09,27.231204986572266,27.751915883981724,27.18299183201833,27.37584628944802,25641300,INTC
2022-12-12,27.665132522583008,27.684416682122666,26.86478196644399,27.125135592763037,35117900,INTC
2022-12-13,27.70370101928711,29.015119428460356,27.356562258610747,28.725836821361064,58546800,INTC
2022-12-14,27.250490188598633,28.079769665058897,27.00942074443822,27.491559632759046,37141100,INTC
2022-12-15,26.18014144897461,26.999777932629357,26.151214292572266,26.94192178061076,45682700,INTC
2022-12-16,25.958354949951172,26.170495375234097,25.505145107168403,26.03549708998257,81104200,INTC
2022-12-19,25.8330020904541,26.00657054243023,25.553360657044916,25.939071393459425,37662500,INTC
2022-12-20,25.495506286621094,25.910146046924293,25.476220288650246,25.591934437261326,31863300,INTC
2022-12-21,25.871570587158203,26.006568876451833,25.630501162440286,25.640144160134653,28100900,INTC
2022-12-22,25.042295455932617,25.50515022826992,24.444444210451955,25.50515022826992,47478300,INTC
2022-12-23,25.15800666809082,25.254434811023486,24.762652937359356,24.994079376869443,23600900,INTC
2022-12-27,25.01336669921875,25.167651000403847,24.733725253812043,24.926581549900387,29548100,INTC
2022-12-28,24.627655029296875,25.186936060072682,24.589083035829773,24.916937623444614,26176900,INTC
2022-12-29,25.273719787597656,25.350863775815828,24.830152890626614,24.849438887681156,30944800,INTC
2022-12-30,25.485862731933594,25.51478988904513,24.878366683595974,24.974794832133654,31030100,INTC
2023-01-03,25.775142669677734,26.102997237232728,25.428003945782972,26.083711241679193,31308000,INTC
2023-01-04,26.691207885742188,26.922634320453884,26.189783024259942,26.43085245698635,37665200,INTC
2023-01-05,26.57549476623535,26.7876370522534,26.401924473752903,26.459782464056307,33552600,INTC
2023-01-06,27.70370101928711,27.800129168058195,26.401925608912368,26.93227950754635,31788600,INTC
2023-01-09,28.262981414794922,28.80297829961147,27.80977151713731,27.80977151713731,37493200,INTC
2023-01-10,28.388338088989258,28.455837238674977,27.88691320673265,28.195481799132445,23008100,INTC
2023-01-11,28.78369140625,28.812618561855047,27.964054945186252,28.61976411403725,30375400,INTC
2023-01-12,29.207975387573242,29.294758697326316,28.41726604818337,28.90904794592512,28963900,INTC
2023-01-13,29.034404754638672,29.09226090687782,28.745120315015104,28.89940461379544,31361900,INTC
2023-01-17,28.542621612548828,29.179044776949084,28.465479466537094,29.101902630937353,34759100,INTC
2023-01-18,27.78084373474121,28.754764562604766,27.607273431270517,28.73547856461602,44199600,INTC
2023-01-19,27.404773712158203,27.732628294098987,27.231203422987925,27.58798699952837,36886600,INTC
2023-01-20,28.17619514465332,28.185838142842474,27.240846390871358,27.404773681659314,35158500,INTC
2023-01-23,29.188690185546875,29.400830644794553,28.13762720983005,28.28226851564501,38795800,INTC
2023-01-24,28.851192474365234,29.111547927414794,28.66797917341769,28.870478472194236,24855100,INTC
2023-01-25,28.63905143737793,28.822262895410606,28.127983540516905,28.465481138851015,28268000,INTC
2023-01-26,29.015121459960938,29.03440745890826,28.282270052889473,28.986192461539954,56088100,INTC
2023-01-27,27.15406036376953,27.231202507561513,25.82335792355445,26.102997505095207,148548200,INTC
2023-01-30,26.95156478881836,27.49155983268477,26.681566347278196,26.729779500775336,55145800,INTC
2023-01-31,27.250490188598633,27.279419184014884,26.546567853061564,26.787637297221977,52621600,INTC
2023-02-01,28.03155517578125,28.378695770150827,26.691209630742602,26.893707084648902,63330600,INTC
2023-02-02,29.111547470092773,29.217616778058037,27.771200069456867,28.2051258177228,62230700,INTC
2023-02-03,29.236902236938477,30.056538724554706,28.4751237408344,28.5619088888887,57603100,INTC
2023-02-06,28.002229690551758,28.93921520347328,27.924147564474964,28.841612080471105,48726400,INTC
2023-02-07,28.353595733642578,28.56832295693167,27.748459777304095,27.963185138968626,50780800,INTC
2023-02-08,27.56301498413086,28.421920183249103,27.533733490425252,28.255995442166576,36479100,INTC
2023-02-09,27.06524085998535,28.129110934064443,26.909076616232884,27.99246768618719,43906400,INTC
2023-02-10,27.133562088012695,27.319007822872113,26.68459035918154,26.967637348743658,31232500,INTC
2023-02-13,27.865581512451172,27.865581512451172,27.05547884529115,27.201884444523,32347500,INTC
2023-02-14,27.95342445373535,28.031506572145943,27.31900700894623,27.699657103494793,27928900,INTC
2023-02-15,28.15839195251465,28.187671584208548,27.4849324991859,27.680138731393377,23359400,INTC
2023-02-16,27.523975372314453,28.13887185871126,27.45565188571511,27.816782868384426,28972500,INTC
2023-02-17,26.948116302490234,27.397087999461537,26.723628592380113,27.32876638136803,32086200,INTC
2023-02-21,25.435274124145508,26.616268274114095,25.415754990518632,26.460104035351655,63668400,INTC
2023-02-22,24.859416961669922,26.255136427710145,24.693492230847845,25.28886953467257,89195300,INTC
2023-02-23,24.996061325073242,25.454793514818004,24.71301249664335,25.161986051002106,56473200,INTC
2023-02-24,24.537328720092773,24.742295446145526,24.32260335807878,24.61541083915464,44089900,INTC
2023-02-27,24.303083419799805,24.966782391500903,24.283562423779266,24.9375008974701,37657000,INTC
2023-02-28,24.33236312866211,24.517808854002507,24.13715690602753,24.34212362595629,50255300,INTC
2023-03-01,24.722774505615234,25.298630833078455,24.371404038247963,24.42996702389222,47823400,INTC
2023-03-02,25.57192039489746,25.669521652354405,24.517810804390407,24.60565156377673,48309300,INTC
2023-03-03,25.767126083374023,25.84520821028994,25.386475947362026,25.57192169689661,36744900,INTC
2023-03-06,25.366952896118164,25.903769104117636,25.30839177107945,25.8354456196771,37879800,INTC
2023-03-07,24.91798210144043,25.366953846261588,24.888700607012005,25.220550097368804,43164600,INTC
2023-03-08,25.357192993164062,25.3864744871826,24.839899630209082,24.947261385027765,36071900,INTC
2023-03-09,25.806167602539062,26.333221484111967,25.34743348643194,25.357193984819826,54886100,INTC
2023-03-10,26.567462921142578,26.860272233466144,25.68903870742063,25.913524543731633,65187000,INTC
2023-03-13,26.303937911987305,26.655306493215953,25.972088462987042,26.098971199781527,50977000,INTC
2023-03-14,27.33852767944336,27.42637029431564,26.5967466325355,26.694349744796313,47689800,INTC
2023-03-15,27.728939056396484,27.816781673769935,26.99691848603412,27.065240108074672,49322800,INTC
2023-03-16,29.45650863647461,29.544351255599253,27.70941861346735,27.70941861346735,75779500,INTC
2023-03-17,29.095378875732422,30.256852106897263,28.734249747934122,29.202742495057443,80628500,INTC
2023-03-20,28.460960388183594,29.18322048020236,27.943665167769986,29.085617362551254,38780100,INTC
2023-03-21,27.777738571166992,28.470718984748284,27.309245871678645,28.304794254309765,55650800,INTC
2023-03-22,27.455650329589844,28.421919107429034,27.426370698617145,27.797260296726222,37415500,INTC
2023-03-23,28.334075927734375,28.46095866988316,27.543492397953248,27.69965663211691,43785500,INTC
2023-03-24,28.656166076660156,29.09537730527202,28.236473981906343,28.343837595436273,55912100,INTC
2023-03-27,28.480480194091797,29.01729452630721,28.382877080518664,28.665925923718298,34758200,INTC
2023-03-28,28.58784294128418,28.626883068558943,27.943663155817884,28.38287622281206,37407900,INTC
2023-03-29,30.76438331604004,31.125512402388914,29.046574912128595,29.056335409276464,85556200,INTC
2023-03-30,31.32071876525879,31.798973819568147,31.04743042874265,31.086472417512596,70077600,INTC
2023-03-31,31.88681411743164,32.11130370114696,30.96934968031998,31.037671302059724,59765000,INTC
2023-04-03,32.10154342651367,32.755483778380075,31.759935295631553,32.15034405617549,57038300,INTC
2023-04-04,32.30650329589844,33.02876516195409,32.05273782705385,32.06249646217338,55714100,INTC
2023-04-05,32.04298400878906,32.199148256918505,31.564728904564877,32.01370065253086,39615700,INTC
2023-04-06,32.02346420288086,32.20890809091326,31.681852337663894,31.81849559445088,28551900,INTC
2023-04-10,31.74041175842285,31.974656251348996,31.428083285688604,31.81849201498187,30534400,INTC
2023-04-11,31.574481964111328,32.316264804141184,31.54520233627418,31.87705177034044,27059100,INTC
2023-04-12,31.252397537231445,32.101540325723725,31.19383455334442,31.98441808119869,37070800,INTC
2023-04-13,31.359760284423828,31.652567749315725,30.89126573432255,31.057190460861143,29722300,INTC
2023-04-14,31.12551498413086,31.467126827768343,30.9303106098554,31.232878600038376,24623600,INTC
2023-04-17,31.369518280029297,31.857531952645182,31.008389204803215,31.184074424804844,29601100,INTC
2023-04-18,31.06694984436035,31.681846243243104,31.018149222502373,31.652566614778074,26041400,INTC
2023-04-19,30.40325355529785,30.76438451737318,30.334931934219302,30.35445292927733,25746600,INTC
2023-04-20,30.120208740234375,30.500858863126293,29.97380312839162,30.022605619547434,30255100,INTC
2023-04-21,29.57362937927246,30.100685067139953,29.505307759354345,30.100685067139953,28655800,INTC
2023-04-24,28.948974609375,29.64195508107446,28.90017398052806,29.407706850060094,38732500,INTC
2023-04-25,28.187671661376953,28.861131116549412,28.177913025202002,28.734248368404405,38289900,INTC
2023-04-26,28.353595733642578,29.095376794335365,28.148630869547965,28.5000013355668,41218800,INTC
2023-04-27,29.14417839050293,29.232021004320046,27.826541044870687,28.060787394508164,60186200,INTC
2023-04-28,30.315410614013672,31.789212215845687,30.071403763279058,31.213355899182034,80252400,INTC
2023-05-01,29.57362937927246,30.491095653546697,29.554110246170513,30.3642129110737,36918500,INTC
2023-05-02,29.056339263916016,29.846921021528146,29.0368182670306,29.573632650006484,33463400,INTC
2023-05-03,29.91524314880371,30.364216776545785,29.524832512696314,29.905482650197932,45554500,INTC
2023-05-04,30.615957260131836,31.086368450197742,29.77313580932783,29.831938610021997,46104000,INTC
2023-05-05,30.37095069885254,30.782560950703065,30.116144174445274,30.753159550839502,35024600,INTC
2023-05-08,30.155349731445312,30.223951136941427,29.782939431254807,30.086748325949195,30882800,INTC
2023-05-09,29.498729705810547,29.969140887733957,29.312524578664576,29.773135293975265,30706500,INTC
2023-05-10,29.371328353881836,29.792739112805663,28.900917126396287,29.68493770812026,40526500,INTC
2023-05-11,28.28350067138672,29.087120263507554,28.24429880384525,29.008718397672542,47144400,INTC
2023-05-12,28.371702194213867,28.51870545480219,28.146295200780703,28.45010405781083,24153800,INTC
2023-05-15,29.204723358154297,29.234124760049205,28.303100928438564,28.32270186303517,28717500,INTC
2023-05-16,28.636308670043945,29.30272547676297,28.626508202974787,29.028319875818404,22812000,INTC
2023-05-17,28.29330062866211,28.96951600834132,28.107095499689855,28.930316010753835,41667300,INTC
2023-05-18,29.087120056152344,29.165521921428446,28.29330093657583,28.420703266681524,36529200,INTC
2023-05-19,29.332128524780273,29.635935543989117,28.91071776338681,29.00872057033265,40683000,INTC
2023-05-22,29.67513656616211,29.841740772433006,29.224324414797557,29.25372581681525,28693400,INTC
2023-05-23,28.920516967773438,29.59673424999005,28.900916033390814,29.44972911136836,29400900,INTC
2023-05-24,28.420703887939453,28.900915556908675,28.244299219900157,28.72451088886938,28045800,INTC
2023-05-25,26.852663040161133,27.724885860098915,26.323450937587317,27.724885860098915,78009400,INTC
2023-05-26,28.420703887939453,28.5089062219591,26.55865814499301,26.89186654701214,71910600,INTC
2023-05-30,29.390928268432617,29.439930604540834,28.420704444465784,29.106722195996916,54874800,INTC
2023-05-31,30.811962127685547,31.64498309198206,29.07731880248832,29.106720202139208,136243800,INTC
2023-06-01,30.508153915405273,31.301974899480218,30.400352519575563,31.16477023413201,52667400,INTC
2023-06-02,30.684558868408203,30.958966332449027,30.214147675122152,30.772761200805327,36521000,INTC
2023-06-05,29.263525009155273,30.772761397927788,29.23412360841859,30.68455906496566,48244100,INTC
2023-06-06,30.341550827026367,30.82176436940935,29.106721878535176,29.175323279090467,42295300,INTC
2023-06-07,30.65515899658203,30.74336132799938,30.312150137653216,30.410152935811148,39098000,INTC
2023-06-08,31.184371948242188,31.213773349248747,30.439553279307525,30.802163081396642,35199000,INTC
2023-06-09,30.713960647583008,31.35097604666667,30.067144781529084,31.292175114093027,40218000,INTC
2023-06-12,32.409400939941406,32.63480606389449,30.733560406314766,30.772760403448927,59881600,INTC
2023-06-13,33.23262023925781,33.27182210422168,32.40939976749475,33.095417450379905,51990000,INTC
2023-06-14,34.86927032470703,34.88886752304277,33.124824331607385,33.193425741271795,74404300,INTC
2023-06-15,35.10447311401367,35.692486248650205,34.516459979377146,34.575259049742996,67676300,INTC
2023-06-16,35.64347839355469,36.0648890901967,34.88885932604447,35.63367979668896,110240300,INTC
2023-06-20,34.30084991455078,36.36870175041591,34.02644431155308,36.03549334456329,65970200,INTC
2023-06-21,32.242801666259766,34.349851713963076,32.17420026284826,34.222447505414806,70973500,INTC
2023-06-22,32.05659866333008,32.57601416078447,31.488186429875647,32.03699772583212,45740300,INTC
2023-06-23,32.340797424316406,32.78180904598346,31.39017278855582,31.56657743722264,46327100,INTC
2023-06-26,32.674007415771484,33.311024649713566,32.43879995967875,32.52700228840156,38952400,INTC
2023-06-27,33.418827056884766,33.546231262367364,32.35060042282913,32.556408366607485,33038900,INTC
2023-06-28,32.8994140625,33.13462152950488,32.370200065610916,32.93861593008346,33906900,INTC
2023-06-29,32.25259780883789,32.67400853399177,31.840989419708507,32.67400853399177,38313000,INTC
2023-06-30,32.772010803222656,32.88961640935033,32.49760519925002,32.69361080430017,33811300,INTC
2023-07-03,32.94841384887695,33.21302084186965,32.4780026630552,32.87001385382122,15753000,INTC
2023-07-05,31.860591888427734,32.664215343143134,31.850793289277156,32.644614406345546,37664700,INTC
2023-07-06,31.331375122070312,31.399978390882627,30.753160655387852,31.262773722505944,41693600,INTC
2023-07-07,31.213773727416992,31.762586801452922,31.18437232605422,31.360776995734906,28356300,INTC
2023-07-10,32.08599853515625,32.1742008752923,31.135373729078424,31.23337653692382,36305700,INTC
2023-07-11,32.63480758666992,32.69361038898678,31.850788914924802,32.16439638362285,28148800,INTC
2023-07-12,33.30122756958008,33.39923224945889,32.39960694567266,33.017019605675934,37762200,INTC
2023-07-13,33.19342041015625,33.61483113812526,32.948414346848494,33.46782974323811,32745800,INTC
2023-07-14,32.48780059814453,33.193415412045496,32.340795486896894,33.10521309299597,30438700,INTC
2023-07-17,33.683433532714844,33.9088386690032,32.40940271354346,32.49760504848202,34111200,INTC
2023-07-18,33.81083679199219,34.00684239065943,33.154222335727155,33.59523025960864,29662200,INTC
2023-07-19,33.771636962890625,34.144047248986105,33.644236493788966,33.712837896688654,26486700,INTC
2023-07-20,32.703407287597656,33.52662778478136,32.56620449448299,33.02681707579284,37878000,INTC
2023-07-21,33.34042739868164,33.56583254084737,32.752410570926834,33.05621945219162,79737000,INTC
2023-07-24,32.958221435546875,33.77163973900653,32.88962002700798,33.16402566116356,25225800,INTC
2023-07-25,33.418827056884766,33.654034533276025,32.732813039276934,33.026819580894006,31771100,INTC
2023-07-26,33.67363739013672,33.84023973578182,33.02682146625675,33.04642240194962,32643200,INTC
2023-07-27,33.85983657836914,34.330247762644376,33.42862726074078,34.12444357049192,58890800,INTC
2023-07-28,36.094295501708984,36.251099234687665,34.80066003151501,36.0158917659717,90863000,INTC
2023-07-31,35.05546569824219,36.44709825250526,34.957461036219414,36.13349081102357,55630700,INTC
2023-08-01,35.08486557006836,35.300472090127435,34.575252538062315,35.104466502664245,24702200,INTC
2023-08-02,33.703033447265625,34.47725350402442,33.59523018132506,34.44785397276639,39052000,INTC
2023-08-03,34.17344665527344,34.33025039539027,33.44823075916909,33.60503449928593,24817900,INTC
2023-08-04,34.56195068359375,34.975043685807705,33.91280775321122,33.91280775321122,26674900,INTC
2023-08-07,34.65046691894531,34.965202626684565,34.17836335733644,34.82750622354184,22486900,INTC
2023-08-08,34.44392395019531,34.52260600489445,33.30300601746458,34.09967917404251,34753600,INTC
2023-08-09,33.716094970703125,34.52260572248699,33.66691821792523,34.4242522169312,28720200,INTC
2023-08-10,34.10951614379883,34.512771515517244,33.91280538277738,34.129187595095544,30957300,INTC
2023-08-11,34.316062927246094,34.37507728487278,33.79478256668778,33.89313607745299,28783700,INTC
2023-08-14,35.09306716918945,35.1225724709791,33.902972472360176,34.09967948688556,36896100,INTC
2023-08-15,34.198036193847656,35.04388984965245,34.17836474232362,34.82750763483381,27420300,INTC
2023-08-16,32.978431701660156,34.06033899883146,32.90958349888829,33.952147893919765,35757300,INTC
2023-08-17,32.04405975341797,33.03744357008837,31.817839959101025,33.00793827167546,39906700,INTC
2023-08-18,32.211265563964844,32.36863342885599,31.65064231079349,31.699819065082128,23701100,INTC
2023-08-21,32.5948486328125,32.6243539342114,31.49327360788662,32.063730695957865,43718200,INTC
2023-08-22,32.34896469116211,33.24399520132266,32.28995408184249,32.6735380502047,23425300,INTC
2023-08-23,33.4210319519043,33.58823741993685,32.26044253360494,32.3391283425487,32324300,INTC
2023-08-24,32.05389404296875,33.52921901502571,31.955540545609786,33.165306572463045,37931000,INTC
2023-08-25,32.703041076660156,32.85057509357383,31.81784447906994,31.994883798587985,27324800,INTC
2023-08-28,33.066951751708984,33.22431961020821,32.66369637980811,32.94892679582099,22341800,INTC
2023-08-29,33.745601654052734,33.91280335214455,32.919419508789375,32.9390909589082,29943600,INTC
2023-08-30,33.96198272705078,34.089845286735404,33.22432017432113,33.499716745329984,26279200,INTC
2023-08-31,34.56195068359375,34.975043685807705,33.73576843111181,33.75543988378352,48157600,INTC
2023-09-01,36.00776672363281,36.14546312570516,35.142241658105185,35.20125600982714,43808500,INTC
2023-09-05,36.10612487792969,36.79461072896934,35.8602373419831,35.97826606063861,43379400,INTC
2023-09-06,36.37167739868164,36.43069174751434,35.43730417786343,35.95858821268886,39643400,INTC
2023-09-07,37.551944732666016,37.709312605354064,36.1454677290402,36.22415354135724,67659700,INTC
2023-09-08,37.38473892211914,38.19125348335013,37.08967463246908,37.49293003711157,44255200,INTC
2023-09-11,37.9552001953125,38.10273421764534,37.217537587540384,37.61095914579726,36349300,INTC
2023-09-12,38.22075271606445,39.410847288064396,38.014208121309835,38.014208121309835,55326600,INTC
2023-09-13,38.07322311401367,38.50598755520661,37.62079097271727,38.161742772262606,35407800,INTC
2023-09-14,38.033878326416016,38.26009813780729,37.66996586139009,38.17157848394199,30616500,INTC
2023-09-15,37.25687789916992,37.88634934698742,37.001152778527945,37.78799208829982,68881200,INTC
2023-09-18,37.36506652832031,37.758484281127345,36.892959221839014,37.00115032324325,29322200,INTC
2023-09-19,35.74220657348633,37.473252894705155,35.42747087871927,37.41424229690223,53288100,INTC
2023-09-20,34.11935043334961,35.653689886763196,34.06033983064438,35.62418458541059,57660800,INTC
2023-09-21,34.08000946044922,34.67013796763067,33.893132556683504,34.00132365845407,45240600,INTC
2023-09-22,33.617740631103516,34.316060258283514,33.578397729078986,34.237378206180104,29232700,INTC
2023-09-25,33.725929260253906,33.804611306582146,33.21448282731153,33.440698869430115,21729400,INTC
2023-09-26,33.27349853515625,34.20786804017717,33.08662163259565,33.578396636057406,34198300,INTC
2023-09-27,34.04066848754883,34.25705070334605,33.322677387430296,33.362016538710535,44369100,INTC
2023-09-28,34.601287841796875,35.073391371665416,33.8144486253493,34.08000756439011,32265300,INTC
2023-09-29,34.96520233154297,35.31928093774724,34.58161842547019,35.06355958434724,28763700,INTC
2023-10-02,34.87668228149414,35.388128734395956,34.40457872926451,35.024216283042065,26086200,INTC
2023-10-03,35.10289764404297,35.93891738317694,34.68980845092264,34.68980845092264,45292600,INTC
2023-10-04,35.33895492553711,35.919249626936264,34.74882637412426,35.919249626936264,39842200,INTC
2023-10-05,35.29961013793945,35.50615474471777,35.01437972746714,35.37829594163346,25771200,INTC
2023-10-06,35.594669342041016,35.8602282638699,34.60128559915083,35.27993367586125,33262200,INTC
2023-10-09,35.46681594848633,35.57500330172597,34.9160265729728,35.11273733222375,19376100,INTC
2023-10-10,35.83073043823242,36.135632319891045,35.22093042686105,35.5455000088046,24044100,INTC
2023-10-11,36.27333068847656,36.420860960239764,35.78155561204039,36.01760554763995,19262600,INTC
2023-10-12,36.23398208618164,36.60773213606729,35.79138383657303,36.1946391857841,23639200,INTC
2023-10-13,35.3782958984375,36.184806625588166,35.27010479446316,36.13562987431227,28390100,INTC
2023-10-16,35.95859146118164,36.3323377817168,35.4864878837064,35.54549848592473,29555800,INTC
2023-10-17,35.46681594848633,35.75204260985726,34.493099753764234,35.3291157906487,24993600,INTC
2023-10-18,35.05372619628906,35.42747629797615,34.86685302141852,34.935701230683776,22086000,INTC
2023-10-19,35.083229064941406,35.76188101195215,34.93569880615984,35.36845948464315,29201800,INTC
2023-10-20,34.34556579589844,35.68319445840024,34.29638904400115,35.063560630992285,32303300,INTC
2023-10-23,33.29317092895508,34.61112827418337,32.840738762430185,34.03083353818108,53924700,INTC
2023-10-24,34.02099609375,34.13902104821362,33.08662280371101,33.08662280371101,52673900,INTC
2023-10-25,32.28995132446289,33.88330142311442,32.01455474735268,33.61774244801486,44658500,INTC
2023-10-26,31.985050201416016,32.67353603255021,31.62113770928137,32.34896269355066,59142500,INTC
2023-10-27,34.95536804199219,35.781550195415,34.03082863700385,34.08984298794316,84128200,INTC
2023-10-30,35.10289764404297,35.36845659045408,34.34556370471026,34.886519198480364,36656300,INTC
2023-10-31,35.89957809448242,35.96842630026138,35.034052969330894,35.07339587318911,41185200,INTC
2023-11-01,36.67658233642578,36.706087637360646,35.68319468290073,35.899576894944936,41710700,INTC
2023-11-02,37.079837799072266,37.197862755048476,36.302832355675335,36.961812843096055,35440000,INTC
2023-11-03,37.51259994506836,37.68963926195629,37.0503302007559,37.37490353236572,30502700,INTC
2023-11-06,37.44845962524414,37.695155665246695,37.34977895067342,37.51753421530223,23877200,INTC
2023-11-07,38.25762176513672,38.385904758025376,37.47806138691897,37.73462737269627,32052000,INTC
2023-11-08,37.418853759765625,38.37603560514898,37.251102258437705,38.336563335089636,33483400,INTC
2023-11-09,37.30044174194336,38.010927565462474,37.270839420724386,37.54713779018939,48955800,INTC
2023-11-10,38.346431732177734,38.47471472253525,37.73462662816008,37.73462662816008,38862500,INTC
2023-11-13,37.724754333496094,38.06026106599183,37.635943617121264,37.84316736723504,24558300,INTC
2023-11-14,38.889163970947266,38.96810851136614,37.56687303319415,38.28722502524342,45457400,INTC
2023-11-15,40.073307037353516,40.300266952053384,39.05692051407083,39.066786699804304,47392100,INTC
2023-11-16,42.77709197998047,42.82643419957941,40.280529251014535,40.45815070157873,86405700,INTC
2023-11-17,43.231014251708984,43.231014251708984,41.99753408460766,42.34290702568293,49735000,INTC
2023-11-20,44.14872741699219,44.33621506262218,43.20141171013172,43.20141171013172,44564900,INTC
2023-11-21,43.063262939453125,44.06978329979618,42.72775615267211,43.911897974504114,37252100,INTC
2023-11-22,43.09286117553711,44.04017680174799,42.96458194884538,43.44810406483085,31481200,INTC
2023-11-24,43.3790283203125,43.41850058791116,43.0336553895308,43.10272997568714,13037100,INTC
2023-11-27,43.49745178222656,43.96123782252361,43.07313425128787,43.07313425128787,33339900,INTC
2023-11-28,43.64546203613281,43.79348116276332,43.082995377789274,43.11259769740228,24548900,INTC
2023-11-29,44.3460807800293,44.74079596740847,44.010574000041906,44.010574000041906,38982000,INTC
2023-11-30,44.1092529296875,44.49409815176386,43.82308461840098,44.05991447429258,46263000,INTC
2023-12-01,43.16193771362305,43.77374279486742,42.29356666121382,43.77374279486742,43928400,INTC
2023-12-04,41.790306091308594,42.73762170997078,41.13902872088735,42.72775176074531,50417600,INTC
2023-12-05,41.365989685058594,41.731102530170645,41.06008900826224,41.35612349986118,31859300,INTC
2023-12-06,40.72458267211914,42.027137460168056,40.6259019977016,41.91859060045017,31992300,INTC
2023-12-07,41.59295654296875,41.87912110704372,40.63577464121815,41.19824134769675,29118700,INTC
2023-12-08,42.135684967041016,42.39224719590146,41.257447654791754,41.28704997543026,42815000,INTC
2023-12-11,43.95136642456055,44.138854055701096,42.51066248602941,42.58960325966863,48288200,INTC
2023-12-12,43.45797348022461,43.852684869037354,43.05339214222901,43.773744096987876,31452200,INTC
2023-12-13,43.9809684753418,44.128987600899464,42.75735825929165,43.497446358514516,35216100,INTC
2023-12-14,44.582908630371094,46.44793008966711,44.05991423037119,44.41515336581766,70620800,INTC
2023-12-15,45.549957275390625,46.64528830971267,45.06643137433316,45.33286355275876,84583400,INTC
2023-12-18,45.0861701965332,45.61903458514181,44.800005630161714,45.54009380402375,27895700,INTC
2023-12-19,46.04335021972656,46.06308635526833,44.908546893913886,44.99735762171038,35358800,INTC
2023-12-20,45.15523910522461,46.32951460235054,45.09603446791247,46.02361017386815,38159100,INTC
2023-12-21,46.457801818847656,46.497270325887236,45.411809214497815,45.865729041858266,28320500,INTC
2023-12-22,47.365638732910156,47.52352404478188,46.57621217355154,46.625550627708435,30095700,INTC
2023-12-26,49.832603454589844,49.85233959084029,48.066258785147724,48.27348256935273,60287400,INTC
2023-12-27,50.08916473388672,50.60229297367966,49.526698036558166,49.96088549715075,52148000,INTC
2023-12-28,49.72405242919922,50.19770836675126,49.497092527723204,50.13850372723399,27705200,INTC
2023-12-29,49.58590316772461,49.9016737922272,49.11224723097072,49.63524162200012,29288700,INTC
2024-01-02,47.168277740478516,48.7273983761933,46.822904822077135,48.54977694264902,45905700,INTC
2024-01-03,46.42819595336914,47.178154054921954,46.181499902857844,46.4775344106148,35858400,INTC
2024-01-04,46.250572204589844,46.536740512433994,44.64211674522337,45.11577268702602,47797800,INTC
2024-01-05,46.27030944824219,47.19788898358277,46.02361340404019,46.408458630710044,34344000,INTC
2024-01-08,47.8096923828125,48.115593057371974,46.34925230589207,46.44792921427588,42135100,INTC
2024-01-09,47.41497802734375,47.91824005579795,47.16828198790462,47.37550575760561,30097000,INTC
2024-01-10,46.84264373779297,47.6616726062049,46.31964559049682,47.60246796769483,31480200,INTC
2024-01-11,47.010398864746094,47.2077564583543,46.11242538989763,46.81304127113789,31707900,INTC
2024-01-12,46.49726486206055,47.039995353979776,45.994006636825546,46.97092076942365,27587900,INTC
2024-01-16,46.43806076049805,46.59594606476858,45.767047276277616,46.35911622622149,43720700,INTC
2024-01-17,45.45127868652344,45.80651781369869,45.04669734109243,45.80651781369869,33488000,INTC
2024-01-18,46.12229537963867,46.941324312035725,45.559824919872035,46.408459938119755,46681300,INTC
2024-01-19,47.51365661621094,48.115591764024586,45.82625291965619,46.37885337888682,55979800,INTC
2024-01-22,47.582733154296875,48.520175090034456,47.01039653759373,48.2044044616061,45639500,INTC
2024-01-23,48.24387741088867,48.29321586647265,46.6946265669979,47.48405314919019,37224100,INTC
2024-01-24,48.44123077392578,49.11224425135441,47.63206812719406,48.520171543120746,49375800,INTC
2024-01-25,48.89515686035156,49.63524501796823,48.32282397588851,49.33921050777817,84845100,INTC
2024-01-26,43.0731315612793,44.80987008592942,42.777093291739064,43.59612597937656,127665300,INTC
2024-01-29,43.260616302490234,43.40863542733626,42.24422985568122,43.1323333119092,51790900,INTC
2024-01-30,42.3527717590332,43.2408789546181,42.323169440607906,43.09285983392641,47958800,INTC
2024-01-31,42.51066589355469,43.21128178449899,41.80018005243761,42.00740383466907,51584200,INTC
2024-02-01,42.78696060180664,42.994184366273146,41.92845946024345,42.579736837340135,38819900,INTC
2024-02-02,42.03700256347656,42.56986689876739,41.05021843039699,42.43171772242148,53683500,INTC
2024-02-05,42.20475769042969,42.57973671381655,41.869250935669385,42.05673856522146,28890300,INTC
2024-02-06,42.29877853393555,42.3383627277486,41.70497032294128,42.259190564805955,34068200,INTC
2024-02-07,42.33836364746094,42.65505985674417,42.11073848299591,42.44722867727391,34269200,INTC
2024-02-08,42.061256408691406,42.52640562884181,41.89301319520865,42.278986473496566,33206500,INTC
2024-02-09,42.86289596557617,43.07072715064209,41.96229038830714,42.11073961678992,51193000,INTC
2024-02-12,43.57545852661133,44.57503398469183,42.87278906222066,42.94206612066388,51107300,INTC
2024-02-13,42.71444320678711,43.17959243106469,42.318571044595544,42.55609509697383,36622200,INTC
2024-02-14,43.73380661010742,43.83277653306883,42.94206610299881,43.36762733344154,36186200,INTC
2024-02-15,43.595252990722656,44.802659637413264,43.56556390115373,44.29792246284209,44024500,INTC
2024-02-16,43.060829162597656,43.76350244978494,42.67485587510025,43.57546147103312,29975300,INTC
2024-02-20,44.060401916503906,44.703689430093235,42.97175541030291,43.80308389081493,61514100,INTC
2024-02-21,43.021240234375,44.22864304125819,42.63526698932861,44.02081187474342,57485200,INTC
2024-02-22,42.53630065917969,44.218751667634606,42.090945425277404,44.218751667634606,62809300,INTC
2024-02-23,42.54619598388672,43.060824460813436,42.21960091454698,42.68475009500671,33810700,INTC
2024-02-26,42.54619598388672,43.22907143525656,42.3779490094436,43.05092935658332,27035400,INTC
2024-02-27,42.28887939453125,42.82330564855216,42.07114934097092,42.803511664108804,25126400,INTC
2024-02-28,41.556522369384766,42.01177270231313,41.477346428710284,42.00187382207049,26928500,INTC
2024-02-29,42.60557556152344,42.704545483662436,41.922700087688604,41.93259519224425,48875100,INTC
2024-03-01,43.36762619018555,43.81298139348012,42.68475072867816,42.96185895503192,41426100,INTC
2024-03-04,45.1391487121582,46.12882527668589,43.397315844412255,43.81298196467845,59990800,INTC
2024-03-05,42.71444320678711,44.40678933828843,42.24929398250953,44.09999199914086,56655100,INTC
2024-03-06,44.05050277709961,45.04017935400904,43.11031304928887,43.476492325656736,52652000,INTC
2024-03-07,45.67357635498047,45.94078571326764,44.71358885003174,45.07976813297767,50378200,INTC
2024-03-08,43.54576873779297,46.14861915352694,43.54576873779297,45.960578190502105,54916600,INTC
2024-03-11,44.39689254760742,44.46616960706335,43.20927988143693,43.4171110598047,35051000,INTC
2024-03-12,44.77296829223633,44.802657380309554,44.00101802448503,44.59482621316421,31795800,INTC
2024-03-13,42.78371810913086,44.51565212448583,42.75402901982607,44.0505029236892,53195900,INTC
2024-03-14,42.30867385864258,42.90247829740919,42.07114981794601,42.783718164719176,38100000,INTC
2024-03-15,42.199806213378906,42.70454335281141,41.912799116471504,42.011769033672145,66952900,INTC
2024-03-18,42.26908493041992,42.93217018813967,42.16021990487515,42.64516307994282,27668300,INTC
2024-03-19,41.61589813232422,41.853422165234505,41.01219483335548,41.81383419719672,34673000,INTC
2024-03-20,41.76435470581055,42.565990363070036,40.982509258950394,42.54620015267069,74865000,INTC
2024-03-21,41.98208236694336,43.149901135053874,41.88311621045273,42.54620153995399,50807600,INTC
2024-03-22,42.13053512573242,42.35816030455685,41.65549078184012,41.81383889647089,28503100,INTC
2024-03-25,41.39817428588867,41.78414755859529,40.15117964680319,40.46787585904025,47276500,INTC
2024-03-26,41.556522369384766,41.83363061111218,41.22992727707748,41.51693439904752,39109700,INTC
2024-03-27,43.318145751953125,43.37752770777571,42.061256001916675,42.100843972465064,51017800,INTC
2024-03-28,43.714012145996094,44.139573371770645,43.25876183131705,43.30824490459669,54204200,INTC
2024-04-01,44.060401916503906,44.94121347108948,43.72391172736055,43.832776755512306,31712600,INTC
2024-04-02,43.48638916015625,43.62494705770123,43.05093280810779,43.476494055132804,32748400,INTC
2024-04-03,39.913658142089844,41.22003092103447,39.804793114625035,40.97261177691137,83718000,INTC
2024-04-04,39.31985092163086,40.3590105980652,39.29016183168939,40.170973402908174,57307200,INTC
2024-04-05,38.31037902832031,39.052636454070694,38.11244295972358,38.943771427576664,67263000,INTC
2024-04-08,37.58791732788086,38.4588338048539,37.518640266960844,38.24110374178147,56967800,INTC
2024-04-09,37.93430709838867,38.18172625626916,36.94463046686671,37.657195074347136,78671700,INTC
2024-04-10,36.81596755981445,37.82543807040204,36.63782548292745,37.62750200993688,51108400,INTC
2024-04-11,37.24153137207031,37.28111556667766,36.697209999223986,37.04359529776712,41909100,INTC
2024-04-12,35.321556091308594,36.32113156006494,35.23248504731364,36.311232680000735,80254800,INTC
2024-04-15,35.935157775878906,36.32113103584749,35.519491651462836,35.66794464775069,50751600,INTC
2024-04-16,35.88566970825195,36.13308884345184,35.390831437852185,35.895568587837126,30607500,INTC
2024-04-17,35.31166076660156,35.757015983802184,35.00485966690412,35.727323119111105,41173300,INTC
2024-04-18,34.67826843261719,35.29186685801872,34.41105530172058,35.054342816560656,42334400,INTC
2024-04-19,33.84694290161133,34.767342507621755,33.82714891515427,34.767342507621755,59070300,INTC
2024-04-22,34.054771423339844,34.213119527250065,33.72818011072603,34.06466652813322,39909900,INTC
2024-04-23,33.92611312866211,34.242809343199326,33.82714697736298,33.98549508463159,46834000,INTC
2024-04-24,34.14384078979492,34.816821142169815,33.9854926936665,34.50012494991297,53261100,INTC
2024-04-25,34.74754333496094,34.93558051526241,34.14384005173473,34.203222002242924,66549400,INTC
2024-04-26,31.55088996887207,31.907176045518334,30.323691180607266,31.45192381651619,119742500,INTC
2024-04-29,31.036256790161133,31.58057813019865,30.749249688486604,31.53109505843458,58533300,INTC
2024-04-30,30.155445098876953,30.858116461249818,30.105962024307132,30.719562342327688,72346400,INTC
2024-05-01,30.05647850036621,30.719561883042896,29.710091320581384,29.858542429729663,60654800,INTC
2024-05-02,30.195032119750977,30.353380218588107,29.87833592207671,30.274206169169542,50899400,INTC
2024-05-03,30.58100700378418,30.739355111056643,30.383072813522766,30.66018105742041,36794800,INTC
2024-05-06,30.774776458740234,31.003328068462462,30.536289553022886,30.923832433223346,36185600,INTC
2024-05-07,30.486604690551758,31.251751344198457,30.417046248461222,30.894020047360957,44683400,INTC
2024-05-08,29.81089210510254,29.959946186562956,29.5425936212785,29.81089210510254,63734600,INTC
2024-05-09,29.90032386779785,30.198432020098114,29.622088202412307,29.741332600527656,45003400,INTC
2024-05-10,29.66183853149414,30.267992059188092,29.65190133984991,30.138812358464122,42931300,INTC
2024-05-13,30.317676544189453,30.933767233590086,29.810891166912885,29.84070274039695,51459100,INTC
2024-05-14,30.854272842407227,30.913895991776922,30.417047785649103,30.42698497721072,47759900,INTC
2024-05-15,31.072887420654297,31.202067120946793,30.615786083174033,31.182192737724716,36992900,INTC
2024-05-16,31.828094482421875,32.056644199568396,31.32131098625367,31.430616301444132,47752800,INTC
2024-05-17,31.629356384277344,31.907592059017553,31.390869475353796,31.8579079970722,41449800,INTC
2024-05-20,31.897653579711914,32.21563613099912,31.55979854046339,31.649231369928607,31989000,INTC
2024-05-21,31.5399227142334,32.036772797045785,31.420680210618762,31.77840961678809,42975400,INTC
2024-05-22,31.221940994262695,31.867843275827525,30.90395844920465,31.708852003298507,36706400,INTC
2024-05-23,29.8903865814209,31.37099393773446,29.68171125454082,31.25175143532453,62014500,INTC
2024-05-24,30.526351928710938,30.82446197812326,29.94007091639133,30.099064079939822,42434500,INTC
2024-05-28,30.86421012878418,31.172257382164105,30.466731941725964,30.744967620329465,36799100,INTC
2024-05-29,29.94007110595703,30.476668061101428,29.920198618797393,30.277928026901556,35848600,INTC
2024-05-30,29.99969482421875,30.307740177296864,29.870513230933255,30.019567311756507,33351000,INTC
2024-05-31,30.655534744262695,30.76484006095746,29.75127115934644,30.029504942197292,95797500,INTC
2024-06-03,30.099063873291016,30.874145826725712,29.86057507726836,30.83439895760554,35544900,INTC
2024-06-04,29.8407039642334,30.556164699264862,29.75127113543878,30.556164699264862,51027200,INTC
2024-06-05,30.585975646972656,30.645596899838363,29.820828969781854,30.079190259300518,44161700,INTC
2024-06-06,30.22824478149414,30.397173246523653,29.96988348819456,30.35742448048119,34248100,INTC
2024-06-07,30.546226501464844,30.585975266431074,30.019566737614863,30.059315502581093,34085500,INTC
2024-06-10,30.71515464782715,30.75490341238691,30.099063959754154,30.35742334809095,37396500,INTC
2024-06-11,30.7250919342041,30.834399141756844,30.337550955172254,30.57603785729381,25326900,INTC
2024-06-12,30.56610107421875,31.281561790135704,30.198432577294135,31.26168740752887,51323900,INTC
2024-06-13,30.26799201965332,30.387236423902817,29.950009468755333,30.18849638192882,33787200,INTC
2024-06-14,30.258056640625,30.36736195761891,30.01956783277801,30.099065365610674,28125900,INTC
2024-06-17,30.784713745117188,30.804588127819695,29.989757390271375,30.14874866124054,36235300,INTC
2024-06-18,30.436920166015625,31.27162530099019,30.307740466821567,30.79465147966915,33294700,INTC
2024-06-20,30.426984786987305,30.913895798509436,30.258056322146935,30.367361637990363,43826300,INTC
2024-06-21,30.894020080566406,31.162318553482905,30.476667532249213,30.65553318086021,90795200,INTC
2024-06-24,30.37729835510254,31.221940666114026,30.337551485050767,30.943704994449813,40611800,INTC
2024-06-25,30.546226501464844,30.635659327313434,30.099064267547327,30.506479631824043,29323600,INTC
2024-06-26,30.347488403320312,30.48660529023788,30.079189925414628,30.446856525218326,30743000,INTC
2024-06-27,30.397172927856445,30.466731372376067,30.099064766965085,30.228244464597882,30184300,INTC
2024-06-28,30.774776458740234,31.11263338233784,30.526352361702315,30.556163935664028,41467700,INTC
2024-07-01,30.645597457885742,30.824463115065406,30.417047738300834,30.71515590338328,32401800,INTC
2024-07-02,30.874147415161133,31.112634328128223,30.39717358922695,30.66547207706199,35999300,INTC
2024-07-03,31.033138275146484,31.14244548620724,30.71515572877935,30.923832959411207,24065700,INTC
2024-07-05,31.818159103393555,32.13614164734713,31.112633675586775,31.2020665029894,45309400,INTC
2024-07-08,33.77574157714844,33.87510969875,32.613114843025684,32.82179017277948,82315900,INTC
2024-07-09,34.3719596862793,34.99798949894323,33.507444853034585,34.79924945469186,97546900,INTC
2024-07-10,34.65019226074219,34.7495641747144,33.91485905060243,34.22290250728898,52256200,INTC
2024-07-11,33.2888298034668,34.928430399599435,33.10002884981283,34.809184100885474,55213700,INTC
2024-07-12,34.27259063720703,35.25634795426933,33.55712801341558,33.55712801341558,62792600,INTC
2024-07-15,34.242774963378906,35.00792159998404,34.093722786783545,34.48126375284248,39847900,INTC
2024-07-16,34.12353515625,34.232842368767805,33.626686947097056,34.143409539494236,28409900,INTC
2024-07-17,34.242774963378906,36.925755839253235,34.18315560900105,35.85256576329393,112304200,INTC
2024-07-18,34.65019226074219,36.07117841001198,34.31233533453851,34.73962508799172,84188600,INTC
2024-07-19,32.7721061706543,34.362022653681926,32.64292457982029,34.35208356711346,69628700,INTC
2024-07-22,33.15964889526367,33.19939766232487,32.55349346485917,33.07021606470152,48503700,INTC
2024-07-23,32.7422981262207,33.020531913608885,32.623055616004486,32.75223342263411,29466400,INTC
2024-07-24,31.50017547607422,32.59323995949019,31.460426711784343,32.32494148650973,62216700,INTC
2024-07-25,30.90395736694336,31.78834652633028,30.754903291082982,31.17225584068728,49774000,INTC
2024-07-26,31.152381896972656,31.361057227049322,30.824462167334016,31.23187753157216,38352500,INTC
2024-07-29,30.63566017150879,31.27162526588968,30.595913300772725,31.221941203638227,32342200,INTC
2024-07-30,29.94007110595703,30.715154964946016,29.820828601697457,30.655533712816226,48256600,INTC
2024-07-31,30.546226501464844,30.675408092279664,30.08912707630577,30.34748836260998,56110600,INTC
2024-08-01,28.866878509521484,30.516414316046976,28.70788724349436,30.238180548162198,107672500,INTC
2024-08-02,21.3445987701416,21.8414469830145,20.291281089542203,21.801700111553938,300895900,INTC
2024-08-05,19.983234405517578,20.26146817330116,19.168403693593557,20.072667229540986,147385700,INTC
2024-08-06,19.704999923706055,20.4999563012095,19.62550428595571,20.191910941842604,106670400,INTC
2024-08-07,18.989999771118164,20.25,18.950000762939453,19.920000076293945,97972300,INTC
2024-08-08,20.489999771118164,20.549999237060547,18.84000015258789,19.100000381469727,96836800,INTC
2024-08-09,19.709999084472656,20.149999618530273,19.5,20.079999923706055,76394500,INTC
2024-08-12,19.360000610351562,19.969999313354492,19.0,19.8700008392334,54677600,INTC
2024-08-13,20.469999313354492,20.479999542236328,19.469999313354492,19.479999542236328,77511300,INTC
2024-08-14,19.920000076293945,20.5,19.790000915527344,20.489999771118164,56758200,INTC
2024-08-15,20.690000534057617,21.059999465942383,20.229999542236328,20.31999969482422,84814900,INTC
2024-08-16,20.8700008392334,20.899999618530273,20.40999984741211,20.530000686645508,48582700,INTC
2024-08-19,21.520000457763672,21.860000610351562,20.84000015258789,20.889999389648438,65956300,INTC
2024-08-20,20.989999771118164,21.229999542236328,20.81999969482422,21.209999084472656,84161300,INTC
2024-08-21,21.40999984741211,21.440000534057617,21.06999969482422,21.06999969482422,57028900,INTC
2024-08-22,20.100000381469727,21.399999618530273,20.040000915527344,21.389999389648438,81444700,INTC
2024-08-23,20.540000915527344,20.93000030517578,20.260000228881836,20.31999969482422,73398400,INTC
2024-08-26,20.1299991607666,20.559999465942383,19.950000762939453,20.530000686645508,58534800,INTC
2024-08-27,20.06999969482422,20.260000228881836,19.84000015258789,20.1299991607666,43862000,INTC
2024-08-28,19.610000610351562,20.110000610351562,19.510000228881836,19.979999542236328,50144900,INTC
2024-08-29,20.1299991607666,20.600000381469727,19.75,19.760000228881836,64529700,INTC
2024-08-30,22.040000915527344,22.1200008392334,21.0,21.25,177785400,INTC
2024-09-03,20.100000381469727,21.690000534057617,19.989999771118164,21.540000915527344,115305500,INTC
2024-09-04,19.43000030517578,20.049999237060547,19.280000686645508,19.760000228881836,85871900,INTC
2024-09-05,19.399999618530273,19.899999618530273,19.239999771118164,19.280000686645508,65388800,INTC
2024-09-06,18.889999389648438,19.489999771118164,18.639999389648438,19.440000534057617,92686500,INTC
2024-09-09,19.06999969482422,19.540000915527344,18.950000762939453,19.0,64244100,INTC
2024-09-10,18.979999542236328,19.110000610351562,18.510000228881836,19.030000686645508,55621300,INTC
2024-09-11,19.639999389648438,19.690000534057617,18.520000457763672,19.010000228881836,71403100,INTC
2024-09-12,19.360000610351562,19.540000915527344,19.040000915527344,19.43000030517578,51520600,INTC
2024-09-13,19.65999984741211,19.799999237060547,19.489999771118164,19.489999771118164,44236300,INTC
2024-09-16,20.90999984741211,21.06999969482422,19.760000228881836,20.030000686645508,149337000,INTC
2024-09-17,21.469999313354492,22.579999923706055,21.239999771118164,21.709999084472656,196249800,INTC
2024-09-18,20.770000457763672,21.739999771118164,20.719999313354492,21.360000610351562,118727900,INTC
2024-09-19,21.139999389648438,21.690000534057617,21.030000686645508,21.280000686645508,99829200,INTC
2024-09-20,21.84000015258789,23.139999389648438,20.350000381469727,20.889999389648438,260377900,INTC
2024-09-23,22.559999465942383,22.81999969482422,22.030000686645508,22.43000030517578,184439100,INTC
2024-09-24,22.809999465942383,23.110000610351562,22.290000915527344,22.530000686645508,113082500,INTC
2024-09-25,23.540000915527344,24.059999465942383,22.729999542236328,22.799999237060547,117013400,INTC
2024-09-26,23.920000076293945,24.420000076293945,23.25,24.280000686645508,95416900,INTC
2024-09-27,23.90999984741211,24.65999984741211,23.700000762939453,24.15999984741211,85883300,INTC
2024-09-30,23.459999084472656,23.950000762939453,23.09000015258789,23.739999771118164,66308200,INTC
2024-10-01,22.690000534057617,23.719999313354492,22.260000228881836,23.459999084472656,86344400,INTC
2024-10-02,22.389999389648438,23.06999969482422,22.350000381469727,22.670000076293945,59033900,INTC
2024-10-03,22.260000228881836,22.729999542236328,21.649999618530273,22.139999389648438,49565900,INTC
2024-10-04,22.59000015258789,22.90999984741211,22.299999237060547,22.700000762939453,49845500,INTC
2024-10-07,22.3799991607666,22.649999618530273,22.020000457763672,22.399999618530273,54928700,INTC
2024-10-08,23.31999969482422,23.420000076293945,22.049999237060547,22.25,58650500,INTC
2024-10-09,23.459999084472656,23.479999542236328,23.059999465942383,23.25,44759000,INTC
2024-10-10,23.219999313354492,23.530000686645508,22.959999084472656,23.190000534057617,44874600,INTC
2024-10-11,23.559999465942383,23.81999969482422,22.979999542236328,23.049999237060547,43585300,INTC
2024-10-14,23.440000534057617,23.770000457763672,23.270000457763672,23.579999923706055,35403600,INTC
2024-10-15,22.65999984741211,23.719999313354492,22.469999313354492,23.40999984741211,68900600,INTC
2024-10-16,22.309999465942383,22.540000915527344,21.739999771118164,22.3799991607666,62151800,INTC
2024-10-17,22.440000534057617,22.81999969482422,22.399999618530273,22.719999313354492,43807600,INTC
2024-10-18,22.770000457763672,22.81999969482422,22.5,22.610000610351562,39971700,INTC
2024-10-21,22.84000015258789,22.8799991607666,22.25,22.610000610351562,39727000,INTC
2024-10-22,22.399999618530273,22.81999969482422,22.170000076293945,22.729999542236328,50160400,INTC
2024-10-23,21.979999542236328,22.43000030517578,21.579999923706055,22.299999237060547,45799100,INTC
2024-10-24,22.34000015258789,22.3700008392334,21.969999313354492,22.09000015258789,40554400,INTC
2024-10-25,22.68000030517578,23.34000015258789,22.40999984741211,22.420000076293945,67503000,INTC
2024-10-28,22.920000076293945,23.270000457763672,22.559999465942383,22.670000076293945,41915000,INTC
2024-10-29,22.899999618530273,23.139999389648438,22.40999984741211,22.8700008392334,83422200,INTC
2024-10-30,22.299999237060547,22.93000030517578,22.260000228881836,22.420000076293945,50941200,INTC
2024-10-31,21.520000457763672,22.25,21.469999313354492,22.149999618530273,112485500,INTC
2024-11-01,23.200000762939453,23.579999923706055,21.90999984741211,23.0,173471100,INTC
2024-11-04,22.520000457763672,23.0,22.0,22.959999084472656,84616300,INTC
2024-11-05,23.31999969482422,23.579999923706055,22.399999618530273,22.579999923706055,59153300,INTC
2024-11-06,25.049999237060547,25.1200008392334,24.049999237060547,24.299999237060547,116760500,INTC
2024-11-07,26.229999542236328,26.3799991607666,25.190000534057617,25.43000030517578,101489300,INTC
2024-11-08,26.200000762939453,26.43000030517578,25.829999923706055,26.0,76428000,INTC
2024-11-11,25.049999237060547,26.290000915527344,24.829999923706055,25.959999084472656,80185300,INTC
2024-11-12,24.15999984741211,24.959999084472656,23.889999389648438,24.65999984741211,62539700,INTC
2024-11-13,24.920000076293945,25.139999389648438,24.020000457763672,24.059999465942383,58202000,INTC
2024-11-14,25.030000686645508,25.610000610351562,24.93000030517578,25.1200008392334,49252100,INTC
2024-11-15,24.350000381469727,24.81999969482422,24.229999542236328,24.809999465942383,55104900,INTC
2024-11-18,24.84000015258789,25.020000457763672,24.15999984741211,24.329999923706055,59589500,INTC
2024-11-19,24.200000762939453,24.540000915527344,24.100000381469727,24.5,61190900,INTC
2024-11-20,24.010000228881836,24.209999084472656,23.549999237060547,24.06999969482422,50191500,INTC
2024-11-21,24.440000534057617,24.770000457763672,23.829999923706055,24.079999923706055,58928400,INTC
2024-11-22,24.5,24.68000030517578,24.139999389648438,24.350000381469727,36784700,INTC
2024-11-25,24.8700008392334,25.56999969482422,24.760000228881836,25.040000915527344,91128400,INTC
2024-11-26,24.049999237060547,24.989999771118164,23.809999465942383,24.950000762939453,69613600,INTC
2024-11-27,23.649999618530273,23.93000030517578,23.059999465942383,23.829999923706055,53992300,INTC
2024-11-29,24.049999237060547,24.280000686645508,23.600000381469727,23.719999313354492,36616800,INTC
2024-12-02,23.93000030517578,25.479999542236328,23.440000534057617,24.84000015258789,150497900,INTC
2024-12-03,22.469999313354492,23.75,22.440000534057617,23.68000030517578,138160500,INTC
2024-12-04,21.959999084472656,22.540000915527344,21.809999465942383,22.530000686645508,104649000,INTC
2024-12-05,20.799999237060547,22.190000534057617,20.65999984741211,22.040000915527344,167993500,INTC
2024-12-06,20.920000076293945,21.049999237060547,20.65999984741211,20.950000762939453,78539100,INTC
2024-12-09,20.809999465942383,21.059999465942383,20.729999542236328,20.920000076293945,68818200,INTC
2024-12-10,20.15999984741211,20.860000610351562,19.959999084472656,20.829999923706055,90004800,INTC
2024-12-11,20.1200008392334,20.25,19.8700008392334,20.139999389648438,75209300,INTC
2024-12-12,20.780000686645508,20.899999618530273,19.920000076293945,20.020000457763672,77695000,INTC
2024-12-13,20.34000015258789,20.799999237060547,20.25,20.600000381469727,55104100,INTC
2024-12-16,20.829999923706055,21.100000381469727,20.0,20.170000076293945,73832900,INTC
2024-12-17,20.440000534057617,20.770000457763672,20.290000915527344,20.639999389648438,51767200,INTC
2024-12-18,19.299999237060547,20.579999923706055,19.209999084472656,20.479999542236328,86041200,INTC
2024-12-19,19.059999465942383,19.690000534057617,19.030000686645508,19.530000686645508,69117800,INTC
2024-12-20,19.520000457763672,19.760000228881836,18.899999618530273,18.969999313354492,108453700,INTC
2024-12-23,20.200000762939453,20.229999542236328,19.520000457763672,19.579999923706055,57988400,INTC
2024-12-24,20.399999618530273,20.399999618530273,19.959999084472656,20.219999313354492,29884000,INTC
2024-12-26,20.440000534057617,20.670000076293945,20.079999923706055,20.229999542236328,39846200,INTC
2024-12-27,20.299999237060547,20.610000610351562,20.09000015258789,20.209999084472656,48260800,INTC
2024-12-30,19.81999969482422,20.110000610351562,19.729999542236328,20.010000228881836,59608100,INTC
2024-12-31,20.049999237060547,20.399999618530273,19.8799991607666,19.989999771118164,49846700,INTC
2025-01-02,20.219999313354492,20.43000030517578,20.0,20.229999542236328,46438500,INTC
2025-01-03,20.559999465942383,20.670000076293945,20.059999465942383,20.389999389648438,48983900,INTC
2025-01-06,19.8700008392334,20.979999542236328,19.780000686645508,20.829999923706055,83271000,INTC
2025-01-07,20.010000228881836,20.34000015258789,19.899999618530273,20.020000457763672,61726100,INTC
2025-01-08,19.8799991607666,20.1200008392334,19.709999084472656,19.829999923706055,47897100,INTC
2025-01-10,19.149999618530273,19.65999984741211,18.90999984741211,19.65999984741211,71244600,INTC
2025-01-13,19.200000762939453,19.25,18.729999542236328,18.920000076293945,50669000,INTC
2025-01-14,19.200000762939453,19.520000457763672,18.81999969482422,19.360000610351562,47147500,INTC
2025-01-15,19.719999313354492,19.770000457763672,19.170000076293945,19.399999618530273,56306000,INTC
2025-01-16,19.670000076293945,19.950000762939453,19.399999618530273,19.75,44898100,INTC
2025-01-17,21.489999771118164,21.6200008392334,20.790000915527344,21.260000228881836,166483900,INTC
2025-01-21,21.770000457763672,22.40999984741211,21.75,22.030000686645508,96262200,INTC
2025-01-22,21.860000610351562,22.290000915527344,21.56999969482422,21.729999542236328,60972600,INTC
2025-01-23,21.56999969482422,21.75,21.350000381469727,21.690000534057617,55778200,INTC
2025-01-24,20.829999923706055,21.40999984741211,20.75,21.360000610351562,66300600,INTC
2025-01-27,20.290000915527344,21.059999465942383,20.139999389648438,20.809999465942383,83582100,INTC
2025-01-28,19.799999237060547,20.34000015258789,19.739999771118164,20.34000015258789,73411400,INTC
2025-01-29,19.75,20.079999923706055,19.65999984741211,19.8700008392334,86506800,INTC
2025-01-30,20.010000228881836,20.100000381469727,19.43000030517578,19.719999313354492,108167000,INTC
2025-01-31,19.43000030517578,20.329999923706055,19.3799991607666,20.100000381469727,117081700,INTC
2025-02-03,19.3799991607666,19.75,18.780000686645508,18.969999313354492,77523100,INTC
2025-02-04,19.290000915527344,19.530000686645508,19.020000457763672,19.100000381469727,54098200,INTC
2025-02-05,19.649999618530273,19.770000457763672,18.90999984741211,19.190000534057617,66059200,INTC
2025-02-06,19.3799991607666,19.700000762939453,19.219999313354492,19.510000228881836,45553800,INTC
2025-02-07,19.100000381469727,19.360000610351562,19.030000686645508,19.350000381469727,58277900,INTC
2025-02-10,19.770000457763672,20.079999923706055,19.239999771118164,19.25,73007300,INTC
2025-02-11,20.969999313354492,21.8799991607666,19.860000610351562,19.8700008392334,150960700,INTC
2025-02-12,22.479999542236328,22.559999465942383,20.93000030517578,21.979999542236328,162631200,INTC
2025-02-13,24.1299991607666,24.829999923706055,22.790000915527344,22.84000015258789,248661300,INTC
2025-02-14,23.600000381469727,25.190000534057617,22.860000610351562,24.360000610351562,230254100,INTC
2025-02-18,27.389999389648438,27.549999237060547,24.489999771118164,24.600000381469727,284292200,INTC
2025-02-19,25.719999313354492,26.329999923706055,25.459999084472656,25.979999542236328,151881700,INTC
2025-02-20,26.09000015258789,26.1200008392334,24.479999542236328,25.559999465942383,144939600,INTC
2025-02-21,24.8700008392334,26.290000915527344,24.84000015258789,25.959999084472656,111630900,INTC
2025-02-24,24.270000457763672,24.799999237060547,23.6200008392334,24.549999237060547,91358100,INTC
2025-02-25,22.989999771118164,24.280000686645508,22.770000457763672,24.209999084472656,88886500,INTC
2025-02-26,23.520000457763672,23.81999969482422,23.209999084472656,23.25,67449300,INTC
2025-02-27,23.09000015258789,24.399999618530273,23.06999969482422,23.700000762939453,97871900,INTC
2025-02-28,23.729999542236328,24.440000534057617,22.639999389648438,23.020000457763672,104133800,INTC
2025-03-03,22.739999771118164,25.040000915527344,22.520000457763672,25.0,141348700,INTC
2025-03-04,21.329999923706055,22.6299991607666,20.760000228881836,22.540000915527344,152182200,INTC
2025-03-05,20.809999465942383,21.360000610351562,20.18000030517578,21.329999923706055,127219300,INTC
2025-03-06,20.75,21.1299991607666,20.0,20.260000228881836,96466400,INTC
2025-03-07,20.639999389648438,21.200000762939453,20.110000610351562,20.270000457763672,81099600,INTC
2025-03-10,19.93000030517578,20.510000228881836,19.649999618530273,20.239999771118164,82760600,INTC
2025-03-11,19.780000686645508,20.059999465942383,19.290000915527344,19.969999313354492,80789000,INTC
2025-03-12,20.68000030517578,21.170000076293945,20.209999084472656,20.790000915527344,128671100,INTC
2025-03-13,23.700000762939453,24.530000686645508,23.1299991607666,23.5,243261000,INTC
2025-03-14,24.049999237060547,24.3700008392334,23.520000457763672,23.68000030517578,116901600,INTC
2025-03-17,25.690000534057617,26.149999618530273,24.3700008392334,24.420000076293945,160723600,INTC
2025-03-18,25.920000076293945,26.40999984741211,25.389999389648438,25.549999237060547,132488800,INTC
2025-03-19,24.1200008392334,25.229999542236328,24.030000686645508,24.899999618530273,135491400,INTC
2025-03-20,23.959999084472656,24.309999465942383,23.729999542236328,23.770000457763672,68937600,INTC
2025-03-21,24.260000228881836,24.700000762939453,23.489999771118164,23.600000381469727,94110700,INTC
2025-03-24,24.219999313354492,24.989999771118164,24.1299991607666,24.719999313354492,69169000,INTC
2025-03-25,24.200000762939453,24.75,24.110000610351562,24.18000030517578,51743300,INTC
2025-03-26,23.420000076293945,24.420000076293945,23.25,24.25,59496700,INTC
2025-03-27,23.6200008392334,23.760000228881836,22.860000610351562,23.290000915527344,57720600,INTC
2025-03-28,22.709999084472656,23.579999923706055,22.559999465942383,23.350000381469727,58365300,INTC
2025-03-31,22.709999084472656,22.75,21.75,22.3799991607666,65832000,INTC
2025-04-01,22.049999237060547,22.6200008392334,21.65999984741211,22.559999465942383,64060400,INTC
2025-04-02,21.979999542236328,22.3799991607666,21.700000762939453,21.889999389648438,58878800,INTC
2025-04-03,22.43000030517578,23.899999618530273,20.860000610351562,21.399999618530273,242972100,INTC
2025-04-04,19.850000381469727,22.200000762939453,19.700000762939453,21.700000762939453,175014700,INTC
2025-04-07,19.56999969482422,20.670000076293945,18.559999465942383,19.139999389648438,142491200,INTC
2025-04-08,18.1299991607666,20.389999389648438,17.670000076293945,20.059999465942383,163982700,INTC
2025-04-09,21.530000686645508,21.729999542236328,17.979999542236328,18.06999969482422,224183500,INTC
2025-04-10,19.8799991607666,20.81999969482422,19.15999984741211,20.68000030517578,129064900,INTC
2025-04-11,19.739999771118164,19.799999237060547,18.18000030517578,19.25,128425800,INTC
2025-04-14,20.309999465942383,21.049999237060547,19.979999542236328,20.59000015258789,101964400,INTC
2025-04-15,19.850000381469727,20.469999313354492,19.809999465942383,20.200000762939453,64056900,INTC
2025-04-16,19.229999542236328,19.43000030517578,18.719999313354492,19.34000015258789,89469700,INTC
2025-04-17,18.93000030517578,19.100000381469727,18.559999465942383,18.90999984741211,85646700,INTC
2025-04-21,18.84000015258789,18.989999771118164,18.25,18.93000030517578,72409900,INTC
2025-04-22,19.510000228881836,19.739999771118164,19.040000915527344,19.059999465942383,83365600,INTC
2025-04-23,20.59000015258789,21.030000686645508,20.309999465942383,20.719999313354492,97188100,INTC
2025-04-24,21.489999771118164,21.549999237060547,20.8799991607666,21.040000915527344,117086200,INTC
2025-04-25,20.049999237060547,20.18000030517578,19.34000015258789,19.729999542236328,147711200,INTC
2025-04-28,20.510000228881836,21.079999923706055,20.049999237060547,20.1200008392334,96624400,INTC
2025-04-29,20.34000015258789,20.850000381469727,20.219999313354492,20.309999465942383,70031900,INTC
2025-04-30,20.100000381469727,20.18000030517578,19.549999237060547,19.709999084472656,68297300,INTC
2025-05-01,19.979999542236328,20.649999618530273,19.940000534057617,20.219999313354492,72607500,INTC
2025-05-02,20.6200008392334,20.780000686645508,20.209999084472656,20.260000228881836,63298500,INTC
2025-05-05,20.270000457763672,20.579999923706055,20.239999771118164,20.389999389648438,44237000,INTC
2025-05-06,19.940000534057617,20.1200008392334,19.770000457763672,19.920000076293945,51330800,INTC
2025-05-07,20.309999465942383,20.3700008392334,19.81999969482422,19.969999313354492,61002600,INTC
2025-05-08,21.0,21.239999771118164,20.639999389648438,21.010000228881836,71651700,INTC
2025-05-09,21.420000076293945,21.450000762939453,20.829999923706055,21.200000762939453,51768600,INTC
2025-05-12,22.18000030517578,22.670000076293945,21.8799991607666,22.18000030517578,94578700,INTC
2025-05-13,22.559999465942383,22.8799991607666,22.299999237060547,22.360000610351562,76850400,INTC
2025-05-14,21.520000457763672,22.459999084472656,21.459999084472656,22.350000381469727,91584800,INTC
2025-05-15,21.549999237060547,21.6299991607666,21.190000534057617,21.229999542236328,66705500,INTC
2025-05-16,21.65999984741211,21.760000228881836,21.350000381469727,21.530000686645508,55795100,INTC
2025-05-19,21.3799991607666,21.559999465942383,21.049999237060547,21.18000030517578,64279100,INTC
2025-05-20,21.270000457763672,21.40999984741211,21.1200008392334,21.329999923706055,48497400,INTC
2025-05-21,20.690000534057617,21.6299991607666,20.59000015258789,21.190000534057617,62904700,INTC
2025-05-22,20.549999237060547,20.899999618530273,20.510000228881836,20.729999542236328,56077500,INTC
2025-05-23,20.049999237060547,20.270000457763672,19.940000534057617,20.15999984741211,68206100,INTC
2025-05-27,20.549999237060547,20.670000076293945,20.18000030517578,20.440000534057617,69504600,INTC
2025-05-28,20.3700008392334,20.639999389648438,20.329999923706055,20.56999969482422,46096500,INTC
2025-05-29,20.25,20.600000381469727,20.100000381469727,20.540000915527344,66372200,INTC
2025-05-30,19.549999237060547,20.260000228881836,19.309999465942383,20.260000228881836,114281900,INTC
2025-06-02,19.739999771118164,19.81999969482422,19.3700008392334,19.479999542236328,67885500,INTC
2025-06-03,20.290000915527344,20.40999984741211,19.399999618530273,19.75,80401900,INTC
2025-06-04,20.25,20.5,20.010000228881836,20.34000015258789,71166500,INTC
2025-06-05,19.989999771118164,20.549999237060547,19.850000381469727,20.270000457763672,72458400,INTC
2025-06-06,20.059999465942383,20.440000534057617,20.030000686645508,20.170000076293945,70072800,INTC
2025-06-09,20.479999542236328,20.959999084472656,20.219999313354492,20.219999313354492,92893900,INTC
2025-06-10,22.079999923706055,22.440000534057617,20.280000686645508,20.5,171457000,INTC
2025-06-11,20.68000030517578,21.829999923706055,20.3799991607666,21.780000686645508,146784500,INTC
2025-06-12,20.770000457763672,20.979999542236328,20.40999984741211,20.5,78175900,INTC
2025-06-13,20.139999389648438,20.600000381469727,20.100000381469727,20.329999923706055,87655900,INTC
2025-06-16,20.739999771118164,20.93000030517578,20.299999237060547,20.40999984741211,86745100,INTC
2025-06-17,20.799999237060547,21.479999542236328,20.6200008392334,20.6299991607666,87512200,INTC
2025-06-18,21.489999771118164,21.600000381469727,20.65999984741211,20.809999465942383,94200600,INTC
2025-06-20,21.079999923706055,21.889999389648438,20.8799991607666,21.700000762939453,133472800,INTC
2025-06-23,21.190000534057617,21.579999923706055,20.729999542236328,21.06999969482422,81461000,INTC
2025-06-24,22.549999237060547,22.690000534057617,21.329999923706055,21.34000015258789,130368700,INTC
2025-06-25,22.200000762939453,22.770000457763672,22.1299991607666,22.579999923706055,64975100,INTC
2025-06-26,22.5,22.6200008392334,22.209999084472656,22.399999618530273,63229300,INTC
2025-06-27,22.690000534057617,23.3799991607666,22.420000076293945,22.709999084472656,95542400,INTC
2025-06-30,22.399999618530273,22.969999313354492,22.270000457763672,22.969999313354492,77102400,INTC
2025-07-01,22.850000381469727,23.15999984741211,22.280000686645508,22.329999923706055,79094900,INTC
2025-07-02,21.8799991607666,22.770000457763672,21.520000457763672,22.530000686645508,138245300,INTC
2025-07-03,22.489999771118164,22.6299991607666,21.989999771118164,22.149999618530273,61176000,INTC
2025-07-07,22.0,22.389999389648438,21.860000610351562,22.209999084472656,80725200,INTC
2025-07-08,23.59000015258789,23.790000915527344,22.1299991607666,22.18000030517578,119545500,INTC
2025-07-09,23.440000534057617,23.530000686645508,23.1299991607666,23.290000915527344,70247700,INTC
2025-07-10,23.81999969482422,24.040000915527344,23.479999542236328,23.6299991607666,54599800,INTC
2025-07-11,23.43000030517578,23.65999984741211,23.15999984741211,23.559999465942383,49367900,INTC
2025-07-14,23.299999237060547,23.399999618530273,22.8799991607666,23.239999771118164,48420500,INTC
2025-07-15,22.920000076293945,23.780000686645508,22.899999618530273,23.56999969482422,66099400,INTC
2025-07-16,22.690000534057617,23.1299991607666,22.25,22.989999771118164,58865900,INTC
2025-07-17,22.799999237060547,23.049999237060547,22.59000015258789,22.65999984741211,49384000,INTC
2025-07-18,23.100000381469727,23.59000015258789,22.899999618530273,23.219999313354492,60195600,INTC
2025-07-21,23.260000228881836,23.829999923706055,23.15999984741211,23.399999618530273,61658000,INTC
2025-07-22,23.239999771118164,23.540000915527344,23.079999923706055,23.34000015258789,53969800,INTC
2025-07-23,23.489999771118164,23.6200008392334,22.920000076293945,23.260000228881836,68711700,INTC
2025-07-24,22.6299991607666,23.579999923706055,22.600000381469727,23.489999771118164,131963300,INTC
2025-07-25,20.700000762939453,21.049999237060547,20.360000610351562,20.68000030517578,245077700,INTC
2025-07-28,20.68000030517578,21.290000915527344,20.649999618530273,20.81999969482422,86105600,INTC
2025-07-29,20.40999984741211,20.850000381469727,20.34000015258789,20.690000534057617,100831500,INTC
2025-07-30,20.34000015258789,20.6200008392334,20.079999923706055,20.43000030517578,67420300,INTC
2025-07-31,19.799999237060547,20.229999542236328,19.65999984741211,20.170000076293945,90665200,INTC
2025-08-01,19.309999465942383,19.549999237060547,18.969999313354492,19.5,86496100,INTC
2025-08-04,19.5,19.59000015258789,19.350000381469727,19.520000457763672,69249400,INTC
2025-08-05,20.190000534057617,20.540000915527344,19.68000030517578,19.700000762939453,97338200,INTC
2025-08-06,20.40999984741211,20.479999542236328,19.8700008392334,20.1200008392334,67074200,INTC
2025-08-07,19.770000457763672,20.440000534057617,19.600000381469727,20.0,131382800,INTC
2025-08-08,19.950000762939453,20.020000457763672,19.610000610351562,20.0,75415000,INTC
2025-08-11,20.649999618530273,21.600000381469727,20.440000534057617,20.450000762939453,175545600,INTC
2025-08-12,21.809999465942383,21.860000610351562,20.760000228881836,21.200000762939453,134153600,INTC
2025-08-13,22.219999313354492,22.299999237060547,21.360000610351562,21.6200008392334,86024400,INTC
2025-08-14,23.860000610351562,24.200000762939453,21.899999618530273,21.989999771118164,188052500,INTC
2025-08-15,24.559999465942383,25.649999618530273,24.110000610351562,25.010000228881836,310161100,INTC
2025-08-18,23.65999984741211,24.899999618530273,23.209999084472656,24.0,212515600,INTC
2025-08-19,25.309999465942383,26.530000686645508,24.940000534057617,24.940000534057617,297659200,INTC
2025-08-20,23.540000915527344,24.93000030517578,23.329999923706055,24.899999618530273,161149400,INTC
2025-08-21,23.5,23.56999969482422,22.780000686645508,23.530000686645508,97718300,INTC
2025-08-22,24.799999237060547,25.229999542236328,23.649999618530273,23.649999618530273,200266800,INTC
2025-08-25,24.549999237060547,25.8799991607666,24.440000534057617,25.5,156825600,INTC
2025-08-26,24.350000381469727,24.739999771118164,24.100000381469727,24.579999923706055,78558200,INTC
2025-08-27,24.850000381469727,24.989999771118164,24.049999237060547,24.190000534057617,90934400,INTC
2025-08-28,24.93000030517578,25.139999389648438,24.610000610351562,24.959999084472656,60035100,INTC
2025-08-29,24.350000381469727,24.969999313354492,24.280000686645508,24.760000228881836,63734400,INTC
2025-09-02,24.209999084472656,24.239999771118164,23.68000030517578,23.8799991607666,57661800,INTC
2025-09-03,24.0,24.09000015258789,23.719999313354492,24.09000015258789,47822900,INTC
2025-09-04,24.610000610351562,24.639999389648438,23.75,23.850000381469727,59056500,INTC
2025-09-05,24.489999771118164,24.709999084472656,24.170000076293945,24.600000381469727,55975300,INTC
2025-09-08,24.479999542236328,24.739999771118164,24.1200008392334,24.479999542236328,51122100,INTC
2025-09-09,24.440000534057617,24.809999465942383,24.270000457763672,24.530000686645508,42146200,INTC
2025-09-10,24.770000457763672,24.8700008392334,24.280000686645508,24.420000076293945,61600700,INTC
2025-09-11,24.610000610351562,24.93000030517578,24.56999969482422,24.760000228881836,55536900,INTC
2025-09-12,24.079999923706055,24.6299991607666,24.049999237060547,24.610000610351562,52672800,INTC
2025-09-15,24.770000457763672,25.459999084472656,24.219999313354492,24.329999923706055,83951600,INTC
2025-09-16,25.270000457763672,25.34000015258789,24.690000534057617,24.81999969482422,60336600,INTC
2025-09-17,24.899999618530273,25.260000228881836,24.450000762939453,25.079999923706055,63093700,INTC
2025-09-18,30.56999969482422,32.380001068115234,30.15999984741211,31.780000686645508,523908000,INTC
2025-09-19,29.579999923706055,30.6299991607666,29.329999923706055,30.3799991607666,225702900,INTC
2025-09-22,28.760000228881836,30.100000381469727,28.729999542236328,29.670000076293945,130314500,INTC
2025-09-23,29.34000015258789,30.200000762939453,28.81999969482422,28.989999771118164,126317900,INTC
2025-09-24,31.219999313354492,31.700000762939453,29.229999542236328,29.3799991607666,164458500,INTC
2025-09-25,33.9900016784668,34.25,31.209999084472656,31.610000610351562,295709300,INTC
2025-09-26,35.5,36.29999923706055,34.4900016784668,35.02000045776367,268583300,INTC
2025-09-29,34.47999954223633,35.04999923706055,33.72999954223633,34.52000045776367,152605900,INTC
2025-09-30,33.54999923706055,34.2400016784668,33.02000045776367,33.93000030517578,124818400,INTC
2025-10-01,35.939998626708984,36.060001373291016,33.5,33.529998779296875,162649700,INTC
2025-10-02,37.29999923706055,37.56999969482422,35.439998626708984,35.7599983215332,149361700,INTC
2025-10-03,36.83000183105469,38.08000183105469,36.45000076293945,37.95000076293945,125359300,INTC
2025-10-06,36.59000015258789,38.68000030517578,36.43000030517578,37.189998626708984,112086100,INTC
2025-10-07,37.16999816894531,38.04999923706055,36.349998474121094,36.63999938964844,111140200,INTC
2025-10-08,37.43000030517578,37.790000915527344,35.90999984741211,36.54999923706055,103202100,INTC
2025-10-09,37.79999923706055,38.099998474121094,36.86000061035156,37.529998779296875,89884700,INTC
2025-10-10,36.369998931884766,39.650001525878906,36.29999923706055,38.459999084472656,183063300,INTC
2025-10-13,37.220001220703125,37.5099983215332,36.279998779296875,36.439998626708984,104020700,INTC
2025-10-14,35.630001068115234,36.54999923706055,34.689998626708984,36.0,117908300,INTC
2025-10-15,37.150001525878906,37.4900016784668,35.63999938964844,36.400001525878906,99242700,INTC
2025-10-16,36.84000015258789,38.02000045776367,36.40999984741211,37.150001525878906,83357800,INTC
2025-10-17,37.0099983215332,38.380001068115234,36.08000183105469,36.36000061035156,119394700,INTC
2025-10-20,38.099998474121094,38.52000045776367,37.560001373291016,37.56999969482422,80230200,INTC
2025-10-21,38.119998931884766,38.349998474121094,37.66999816894531,38.13999938964844,73134900,INTC
2025-10-22,36.91999816894531,37.93000030517578,36.040000915527344,37.84000015258789,87099900,INTC
2025-10-23,38.15999984741211,38.400001525878906,36.43000030517578,36.599998474121094,121974200,INTC
2025-10-24,38.279998779296875,41.119998931884766,37.83000183105469,40.02000045776367,246380000,INTC
2025-10-27,39.540000915527344,40.66999816894531,38.22999954223633,38.38999938964844,160007600,INTC
2025-10-28,41.529998779296875,42.47999954223633,39.540000915527344,39.59000015258789,181256400,INTC
2025-10-29,41.34000015258789,42.040000915527344,40.91999816894531,41.599998474121094,106962900,INTC
2025-10-30,40.15999984741211,41.43000030517578,40.11000061035156,40.970001220703125,84855500,INTC
2025-10-31,39.9900016784668,40.83000183105469,39.790000915527344,40.68000030517578,80471400,INTC
2025-11-03,39.5,40.45000076293945,39.04999923706055,40.25,61267500,INTC
2025-11-04,37.029998779296875,38.25,36.630001068115234,38.13999938964844,102250300,INTC
2025-11-05,38.380001068115234,38.689998626708984,37.11000061035156,37.41999816894531,74631600,INTC
2025-11-06,37.2400016784668,39.84000015258789,36.79999923706055,38.34000015258789,77629900,INTC
2025-11-07,38.130001068115234,38.27000045776367,36.970001220703125,37.2599983215332,95521400,INTC
2025-11-10,38.45000076293945,39.529998779296875,37.970001220703125,38.93000030517578,77820300,INTC
2025-11-11,37.880001068115234,38.220001220703125,37.4900016784668,38.150001525878906,53741900,INTC
2025-11-12,37.88999938964844,38.20000076293945,37.349998474121094,38.060001373291016,53876000,INTC
2025-11-13,35.90999984741211,37.310001373291016,35.45000076293945,37.27000045776367,95593200,INTC
2025-11-14,35.52000045776367,36.099998474121094,34.619998931884766,35.029998779296875,71716200,INTC
2025-11-17,34.709999084472656,35.72999954223633,34.22999954223633,35.45000076293945,72580100,INTC
2025-11-18,34.33000183105469,34.7599983215332,33.56999969482422,34.25,61504800,INTC
2025-11-19,35.11000061035156,35.75,34.25,34.33000183105469,67115500,INTC
2025-11-20,33.619998931884766,36.68000030517578,33.47999954223633,36.0,96389100,INTC
2025-11-21,34.5,34.97999954223633,32.88999938964844,33.5099983215332,105641700,INTC
2025-11-24,35.790000915527344,36.15999984741211,34.689998626708984,34.970001220703125,103804200,INTC
2025-11-25,35.83000183105469,36.130001068115234,34.68000030517578,35.54999923706055,62203300,INTC
2025-11-26,36.810001373291016,37.2400016784668,36.130001068115234,36.20000076293945,54563400,INTC
2025-11-28,40.560001373291016,40.59000015258789,37.34000015258789,37.400001525878906,95799500,INTC
2025-12-01,40.0099983215332,40.380001068115234,39.599998474121094,39.86000061035156,74534900,INTC
2025-12-02,43.470001220703125,43.68000030517578,40.04999923706055,40.470001220703125,167205800,INTC
2025-12-03,43.7599983215332,44.02000045776367,42.5099983215332,43.38999938964844,91957200,INTC
2025-12-04,40.5,43.279998779296875,40.13999938964844,43.2599983215332,107850200,INTC
2025-12-05,41.40999984741211,42.83000183105469,41.150001525878906,41.15999984741211,103042000,INTC
2025-12-08,40.29999923706055,42.119998931884766,39.70000076293945,41.939998626708984,93953600,INTC
2025-12-09,40.5,41.2599983215332,40.029998779296875,40.72999954223633,61877200,INTC
2025-12-10,40.779998779296875,40.9900016784668,38.88999938964844,40.11000061035156,75974900,INTC
2025-12-11,39.5099983215332,40.189998626708984,39.08000183105469,40.06999969482422,59096800,INTC
2025-12-12,37.810001373291016,40.029998779296875,37.619998931884766,39.25,87784500,INTC
2025-12-15,37.5099983215332,38.47999954223633,37.31999969482422,38.33000183105469,60898500,INTC
2025-12-16,37.310001373291016,37.959999084472656,36.91999816894531,37.58000183105469,50490300,INTC
2025-12-17,36.04999923706055,37.84000015258789,35.970001220703125,37.59000015258789,54792000,INTC
2025-12-18,36.279998779296875,37.4900016784668,35.66999816894531,37.380001068115234,69468400,INTC
2025-12-19,36.81999969482422,37.58000183105469,36.439998626708984,36.47999954223633,163221300,INTC
2025-12-22,36.369998931884766,37.900001525878906,36.290000915527344,37.88999938964844,51685400,INTC
2025-12-23,36.349998474121094,36.79999923706055,36.029998779296875,36.2400016784668,35958000,INTC
2025-12-24,36.15999984741211,36.18000030517578,34.95000076293945,35.16999816894531,37443800,INTC
2025-12-26,36.20000076293945,36.4900016784668,35.849998474121094,36.16999816894531,28779400,INTC
2025-12-29,36.68000030517578,36.79999923706055,35.81999969482422,36.0099983215332,38062300,INTC
2025-12-30,37.29999923706055,38.2599983215332,36.81999969482422,36.90999984741211,61935300,INTC
2025-12-31,36.900001525878906,37.58000183105469,36.869998931884766,37.400001525878906,51524700,INTC
