Date,Close,High,Low,Open,Volume,Ticker
,META,META,META,META,META,
2018-01-02,180.0074005126953,180.16615833200692,176.16753849046654,176.29651597117564,18151900,META
2018-01-03,183.2321014404297,183.34124555259893,179.91811132907898,180.46383188992525,16886600,META
2018-01-04,182.89476013183594,184.76012680396246,182.66655521130346,183.4603140896738,13880900,META
2018-01-05,185.39512634277344,185.4447249132327,183.49006281380875,184.1449274556417,13574500,META
2018-01-08,186.81398010253906,187.4291477052418,184.87916656179783,185.7423875707489,17994700,META
2018-01-09,186.4071807861328,187.32994738909062,185.64318714688596,187.23071996426356,12393100,META
2018-01-10,186.37741088867188,186.4270245998348,184.18462717107303,185.48442464765515,10529900,META
2018-01-11,186.30795288085938,186.93303715692767,185.9209901804445,186.93303715692767,9588600,META
2018-01-12,177.97335815429688,180.06692956843747,176.01869604602433,176.67356069082177,77551300,META
2018-01-16,177.0009765625,180.33481473346046,176.65369576011722,180.0867613431806,36183800,META
2018-01-17,176.21713256835938,177.92374108587103,174.43114515003586,177.8641955552792,27992400,META
2018-01-18,178.40000915527344,179.5708139416445,175.70118693925764,176.7430142522012,23304900,META
2018-01-19,179.87840270996094,180.94999524947485,178.76712828675176,179.44184142939912,26826500,META
2018-01-22,183.9266357421875,183.9464842539808,179.00526461593918,179.39222732602718,21059500,META
2018-01-23,187.87562561035156,188.07406527531055,184.10521141622712,184.60131814861253,25678800,META
2018-01-24,185.0974578857422,189.17545655869773,185.06769268768969,188.41144781540044,24334500,META
2018-01-25,186.02020263671875,187.1513255420997,185.14706495851576,186.48654424279474,17377700,META
2018-01-26,188.52059936523438,188.52059936523438,185.3554353008635,186.28811858327765,17759200,META
2018-01-29,184.53187561035156,187.369607027703,184.18460994464814,187.28031143994878,20453200,META
2018-01-30,185.66299438476562,186.71473832397322,180.42410805891768,186.1591011591071,20858600,META
2018-01-31,185.43478393554688,188.3518941034136,183.77778917583538,186.90325570427726,43275100,META
2018-02-01,191.58651733398438,193.7991645274697,186.4270097242907,186.75444202386447,54211300,META
2018-02-02,188.7983856201172,192.69779259027246,188.5007185388877,190.54467594869928,26677500,META
2018-02-05,179.8486328125,189.12583608662013,179.2037000244502,185.47448214295298,33128200,META
2018-02-06,183.86709594726562,184.32352085530795,176.35604702517875,177.17958611274838,37758500,META
2018-02-07,178.7770538330078,183.6389099554623,178.54884892549848,182.71614335904567,27601900,META
2018-02-08,170.24403381347656,180.42414124503927,170.1448063843661,179.60060203135833,38478300,META
2018-02-09,174.7387237548828,175.52256577473037,165.87824914129024,173.39922944580292,39887600,META
2018-02-12,175.0364227294922,176.1675457436953,170.50199884607702,175.68135557952797,32092100,META
2018-02-13,171.80178833007812,174.59983810473963,171.75218975930463,174.25255726945196,21809400,META
2018-02-14,178.12217712402344,178.40991238610002,171.8613121728498,172.0994337304368,28929700,META
2018-02-15,178.55877685546875,179.0945655700988,175.4630599421185,179.0945655700988,20922100,META
2018-02-16,175.97903442382812,178.4794173573277,174.9272902525888,177.5963477097795,20645300,META
2018-02-20,174.63954162597656,176.5644387778102,173.7465552817147,174.4014200088298,21204900,META
2018-02-21,176.5247344970703,179.8585729740723,175.026482192657,175.3340811424222,23200800,META
2018-02-22,177.59632873535156,178.80683061366898,176.02862933326867,177.30857829510717,18464200,META
2018-02-23,181.86282348632812,181.9620509019941,178.1122573018194,178.49921999895196,19007300,META
2018-02-26,183.4900665283203,184.2143934074253,181.79338963283567,183.14280082818172,17599700,META
2018-02-27,180.04708862304688,183.26185103505412,180.04708862304688,183.0137976321534,15849800,META
2018-02-28,176.9315643310547,181.45605663842016,176.75295798209004,180.88057084283693,18783000,META
2018-03-01,174.57008361816406,178.71752968391854,173.05199784385871,177.61617185354214,23201600,META
2018-03-02,175.24478149414062,175.73097166487122,171.6430560039666,171.94070800647535,20025900,META
2018-03-05,178.9953155517578,179.7394757025661,174.52043796195582,174.8280217352269,16189300,META
2018-03-06,178.3801727294922,180.95993433251797,177.71539138609242,180.36460007336458,15086800,META
2018-03-07,182.27955627441406,182.3887003695206,176.68347250890474,177.34825376456183,19097300,META
2018-03-08,180.92019653320312,182.96415381434767,180.03712716979672,182.13069815135245,17225900,META
2018-03-09,183.7877197265625,184.0655383216074,181.7834591680213,182.4780056556335,18526300,META
2018-03-12,183.32138061523438,184.65095835526108,182.78559192893863,183.787722221815,15301200,META
2018-03-13,180.4638214111328,184.54182007087564,179.6998126703109,184.16477404346094,18067500,META
2018-03-14,182.7558135986328,182.8153439883901,180.43403755823635,181.17819771015652,16821700,META
2018-03-15,182.4283905029297,182.56729979935182,180.77139563133073,181.81322292448564,15614300,META
2018-03-16,183.64881896972656,183.8869556936874,181.9819073219367,183.05349986979246,24403400,META
2018-03-19,171.2163848876953,175.79049041621707,168.73585076463533,175.6317325987463,88140100,META
2018-03-20,166.84072875976562,168.87476988691293,160.6890068049623,166.16603070626175,129851800,META
2018-03-21,168.07107543945312,172.0498468645589,162.028497733451,163.51681826044535,106598800,META
2018-03-22,163.60610961914062,168.94422394910038,162.44522145496325,164.8364600066346,73743000,META
2018-03-23,158.14891052246094,165.3027765807086,157.78179636908934,164.15180527719423,53609700,META
2018-03-26,158.81370544433594,159.84561606055564,147.85967402740113,159.5677974654145,126116600,META
2018-03-27,151.0347442626953,161.58197889751168,149.57618916708182,155.0928939537666,79117000,META
2018-03-28,151.8384246826172,154.66623910165646,149.62579290440726,150.4691652620328,60029200,META
2018-03-29,158.54580688476562,160.16311992206482,152.93980601581222,153.94193631660485,59434300,META
2018-04-02,154.18006896972656,157.9604003209448,152.91003678716447,156.58122403800732,36796000,META
2018-04-03,154.89447021484375,156.16450244865112,149.6357349536215,155.331046633961,42543900,META
2018-04-04,153.892333984375,154.34874375774146,149.33806209635878,150.84623099352257,49885600,META
2018-04-05,158.0993194580078,160.3119667997005,155.43026231541282,160.30203497360776,41449600,META
2018-04-06,155.97596740722656,160.1631098094975,155.58900472739475,156.50183937879345,41644800,META
2018-04-09,156.70030212402344,159.28006379590303,154.82501883961191,156.59117315157778,34915200,META
2018-04-10,163.7549591064453,164.68764250207275,155.78748349313256,156.7003183735391,57889300,META
2018-04-11,165.0249481201172,167.33679213332218,161.97884556421738,164.07241654739985,56144600,META
2018-04-12,162.5940704345703,166.14619765260147,161.83007670995173,165.6798559557662,38263000,META
2018-04-13,163.239013671875,164.40981865322894,162.4948533444102,163.2985440756753,19990600,META
2018-04-16,163.5465545654297,164.4891543713311,162.1177646895478,164.42962398316547,18119400,META
2018-04-17,167.34674072265625,167.6840896955498,164.3701000771731,164.53877456361988,22743000,META
2018-04-18,165.0646514892578,166.8109419366492,164.4792491116637,165.58060678916027,20969600,META
2018-04-19,166.79110717773438,167.01931205964715,163.913678740666,164.9058923106942,22235000,META
2018-04-20,164.9852752685547,167.11852844056128,164.5189336679802,166.48351234573315,19119400,META
2018-04-23,164.54869079589844,167.13836875594143,163.80453063657546,165.96756403912903,23088100,META
2018-04-24,158.4465789794922,164.8066712581551,156.95825870373514,164.14187487847073,35079900,META
2018-04-25,158.4465789794922,159.8059066532244,154.9738316693924,158.89307203422396,41083600,META
2018-04-26,172.80392456054688,174.8974958663979,169.47008625217697,171.87124135225616,77556900,META
2018-04-27,172.23834228515625,175.72102144979658,171.2560605843413,175.43327104896906,29804700,META
2018-04-30,170.66073608398438,174.3517718197897,170.37300080682832,172.43679173396586,20750500,META
2018-05-01,172.50625610351562,172.66501391219182,168.90451591156153,170.66073821259428,26025900,META
2018-05-02,174.69906616210938,176.69341016579082,172.84361632507387,172.89323003600683,30424500,META
2018-05-03,172.66502380371094,174.74866338703478,170.7798087826326,173.76638156203168,24026100,META
2018-05-04,175.23484802246094,175.6019622170441,171.71248664369318,171.73233515528582,17677800,META
2018-05-07,176.58424377441406,178.10232926952438,175.7904699195907,175.96907622841505,18697200,META
2018-05-08,177.52685546875,177.64591625593928,175.7309512754141,176.86207417364642,15577200,META
2018-05-09,181.2377471923828,181.585012882542,177.38795342276703,178.27102295714008,23282800,META
2018-05-10,184.08538818359375,184.68072240018904,181.07898218374137,181.72391496840459,21071400,META
2018-05-11,185.53402709960938,186.8536730085692,182.7458941572334,183.41069059451098,21207800,META
2018-05-14,185.186767578125,186.39726952434344,184.7501911201472,186.24844352275093,15646700,META
2018-05-15,182.8848114013672,183.84724462976104,181.77352191439496,183.44044857486458,15429400,META
2018-05-16,181.77352905273438,182.8848185833475,181.23774036867192,182.26963585426475,16975500,META
2018-05-17,182.32916259765625,182.62682970061053,180.80116034112504,181.25757011100754,14840700,META
2018-05-18,181.25759887695312,182.75585131494014,181.18815178789646,182.06130472447273,13130500,META
2018-05-21,183.05349731445312,183.85718792913116,181.7040861774695,182.3391022925219,13532900,META
2018-05-22,182.36886596679688,183.97624718272667,182.00173663305148,183.4900570596467,12731400,META
2018-05-23,185.4447479248047,185.45467975211199,180.76149770991785,181.07901338413828,16628100,META
2018-05-24,184.48226928710938,185.34550542321446,183.58928309387315,184.4326707185793,12354700,META
2018-05-25,183.4801483154297,184.87917321057796,183.0138066837136,184.57158939816497,10965100,META
2018-05-29,184.29376220703125,185.35542290175417,182.27956978080095,182.90465406274876,16398900,META
2018-05-30,186.208740234375,186.53617256684836,183.80758493621627,185.0875339268128,13736900,META
2018-05-31,190.28672790527344,191.21941113572862,186.02020628722232,186.40716899560496,30782600,META
2018-06-01,192.47952270507812,193.0351599015415,190.57447440007027,191.56668800517716,17307200,META
2018-06-04,191.77503967285156,192.46958615136904,189.9791355141215,190.3462496941998,18939800,META
2018-06-05,191.4376983642578,193.48165600011896,191.12018273850393,192.78710949375522,15544300,META
2018-06-06,189.85015869140625,191.03089537306258,187.6375264615675,189.54257487819743,22558900,META
2018-06-07,186.71475219726562,189.48303668216764,185.315742496056,189.26474847403995,21503200,META
2018-06-08,187.6276092529297,188.00464014872674,184.9783854562642,186.06982653878478,12677100,META
2018-06-11,190.04859924316406,191.1003584484725,187.3299434833457,187.3398601696299,12928900,META
2018-06-12,190.90187072753906,191.7750234495119,190.06841502382485,190.67366586246942,11562700,META
2018-06-13,190.91183471679688,192.98555764088545,190.41572788481517,191.23926704270227,15853800,META
2018-06-14,195.27757263183594,195.74391427429026,191.40794532208653,191.59646834435267,19120900,META
2018-06-15,194.32504272460938,195.535544547172,193.12445758781328,194.26549719007528,21860900,META
2018-06-18,196.765869140625,198.02598460408896,192.61842371690886,193.28320498693134,16826000,META
2018-06-19,195.9522705078125,196.41861211385094,192.28106805347113,194.71200350025885,19994000,META
2018-06-20,200.42715454101562,201.96508870534092,197.26199061868914,197.54974105161622,28230900,META
2018-06-21,199.93106079101562,201.8063440806771,198.532035838734,201.18124460413006,19045700,META
2018-06-22,200.16915893554688,200.66526569049174,197.75807223372695,199.59367328301363,17420200,META
2018-06-25,194.8211212158203,198.44269433137754,191.60634411726062,198.44269433137754,25275100,META
2018-06-26,197.45050048828125,197.54972790130157,194.70206465937628,196.06140754586227,17897600,META
2018-06-27,194.3151092529297,199.1868816991921,194.27542737022137,197.62909906827792,18734400,META
2018-06-28,194.7021026611328,195.80346054471892,191.75522657099654,193.66027518098696,18172400,META
2018-06-29,192.8069610595703,196.06142057520924,192.44976354492806,195.78360196826287,15811600,META
2018-07-02,195.82325744628906,195.9125530279139,190.72328064936914,191.86432012117947,13961600,META
2018-07-03,191.22933959960938,193.87854832631626,191.0209832037896,193.03517577660398,13489500,META
2018-07-05,196.90478515625,197.1032248475129,192.51920287743454,193.22368119239252,19684200,META
2018-07-06,201.64756774902344,202.05437896277454,196.16062769616207,196.90478790376508,19740100,META
2018-07-09,203.1458282470703,204.19757229416905,200.54621818766037,203.3343361230769,18149400,META
2018-07-10,201.95516967773438,203.31451274085245,200.6851373539306,202.90770149057698,13190100,META
2018-07-11,200.96295166015625,202.90769713042994,200.17910951620655,200.64545115601763,12927400,META
2018-07-12,205.308837890625,205.4675957014534,201.60788537305933,201.8460069493238,15454700,META
2018-07-13,205.7057342529297,206.80707683293494,204.84249811133506,206.19190923545924,11486800,META
2018-07-16,205.61642456054688,207.09482830709123,205.22946185373033,205.88432647756704,11078200,META
2018-07-17,208.35494995117188,208.82129157817744,203.24504056631784,203.30457096296044,15349900,META
2018-07-18,207.72984313964844,209.34715617765175,206.81700843021673,208.18626806435344,15334900,META
2018-07-19,206.46974182128906,208.3549569044322,206.14230948884872,207.14445499903923,11350400,META
2018-07-20,208.30531311035156,209.85316381110093,206.87652318966687,207.22380398482503,16163900,META
2018-07-23,209.26779174804688,209.97225498537256,207.17422026898748,208.94035941549492,16732000,META
2018-07-24,212.99850463867188,214.51659032772451,210.94463023465084,213.4350810715982,28468700,META
2018-07-25,215.8064422607422,216.91771656690142,212.60159680567276,214.04030339274897,58954200,META
2018-07-26,174.88755798339844,178.72743478538428,172.39710737899168,173.52823024051227,169803700,META
2018-07-27,173.52821350097656,178.52896273793556,171.65293064461994,178.46943235201567,60073700,META
2018-07-30,169.72804260253906,173.93503338501145,165.2630817548119,173.93503338501145,65280800,META
2018-07-31,171.23623657226562,172.8833148940868,168.6763234930443,169.34110483354291,40356500,META
2018-08-01,170.31346130371094,173.71676188284266,169.56930109095373,172.57570713929462,34042100,META
2018-08-02,174.9967041015625,175.41343198798833,168.94421035302224,169.35100641407132,32400000,META
2018-08-03,176.39573669433594,177.4574125381873,174.77842364397407,176.3064411018564,24763400,META
2018-08-06,184.24412536621094,184.34333763121745,176.9910471772695,177.57644950272982,49716200,META
2018-08-07,182.37879943847656,186.83384444251334,182.289503838257,185.04785673822354,33398600,META
2018-08-08,183.73812866210938,185.3951388910154,182.32918700218374,183.3114840314187,22205200,META
2018-08-09,181.6643829345703,185.1172971356833,181.0591320378216,184.40290213821012,19732100,META
2018-08-10,178.85641479492188,180.68209929171536,178.02295901985093,180.62255375922936,21500400,META
2018-08-13,178.6480712890625,181.1881358188921,177.50701650387984,178.69768499971894,17423300,META
2018-08-14,179.69981384277344,180.572966695124,177.22919641645174,179.3029344407843,19102000,META
2018-08-15,178.13211059570312,179.46167321744863,173.4190958846087,177.9435875848628,33020200,META
2018-08-16,173.3397216796875,179.09456387943234,172.65509183858282,179.01518497061076,31351800,META
2018-08-17,172.44671630859375,174.8478712589947,170.7004107883188,173.1412627587135,24893200,META
2018-08-20,171.1568603515625,173.21074994297132,169.57924422887356,172.6848627620957,21518000,META
2018-08-21,171.27590942382812,172.8138435554987,170.05549091623485,171.46443243312672,19578500,META
2018-08-22,172.28797912597656,172.88331337730875,170.7897419514284,170.86912086093795,16894100,META
2018-08-23,171.5537109375,174.1830858400676,171.4842638641367,171.742233928021,18053600,META
2018-08-24,173.29010009765625,173.4587897337263,171.57357479979996,172.34750020068213,14631600,META
2018-08-27,176.07823181152344,177.27880178704885,174.42122177922306,174.61967661086052,17921900,META
2018-08-28,174.88755798339844,176.85215174812703,174.46091341649864,176.7132424542553,15910700,META
2018-08-29,174.53036499023438,175.41343448259514,173.38932541403022,174.92725951150646,18494100,META
2018-08-30,176.2568359375,178.390089274481,174.33193899307219,174.5303786993064,24216500,META
2018-08-31,174.3616943359375,176.23697746280862,173.61753412463977,175.77063585253046,18065200,META
2018-09-04,169.82728576660156,172.53602469300188,167.48566103250337,172.1490619892304,29809000,META
2018-09-05,165.87826538085938,169.79752128372485,165.3722418860996,168.17029155589415,31226700,META
2018-09-06,161.2644500732422,165.67979687737503,158.75415126752253,165.67979687737503,41514800,META
2018-09-07,161.7705078125,163.3481390319225,158.91294277840828,159.06176877081657,24300600,META
2018-09-10,162.9016571044922,163.72519638887732,160.89739609621066,162.23687566432181,20197700,META
2018-09-11,164.64793395996094,165.88820101083448,162.44521846641123,162.66350667856327,20457100,META
2018-09-12,160.7386016845703,163.20921897566964,160.5401619944368,161.97886867287718,24078100,META
2018-09-13,160.1035919189453,162.04833729505097,159.607485104018,160.73860803645314,25453800,META
2018-09-14,161.05613708496094,161.5720773146908,159.09154303336734,160.46080280145142,21770400,META
2018-09-17,159.32968139648438,160.7981534667802,158.52599070355205,160.6592441512114,21005300,META
2018-09-18,159.0518341064453,160.50045740207267,157.63296086595798,158.1489161479513,22465200,META
2018-09-19,161.79034423828125,162.16739024418695,158.23821779836834,158.83355200348495,19629000,META
2018-09-20,164.72731018066406,165.15395477201457,163.1893760346749,163.219141232212,18936000,META
2018-09-21,161.66134643554688,165.94771623876872,161.54228565433868,165.342465367665,45994800,META
2018-09-24,164.1220703125,164.40980562138776,159.62734350208274,159.77616949978685,19222800,META
2018-09-25,163.62594604492188,164.30064401598187,159.89521327325136,160.7286841915896,27622800,META
2018-09-26,165.65008544921875,167.9817938587387,162.93142941596975,163.02072502144566,25252200,META
2018-09-27,167.5253448486328,170.43253864331763,165.90804693470875,166.24539593368888,27266900,META
2018-09-28,163.17945861816406,167.47573026988258,161.29424365604567,167.01932048303863,34265600,META
2018-10-01,161.17518615722656,164.5884035023504,160.004366188851,161.76058857142502,26407700,META
2018-10-02,158.0894012451172,161.01642845821567,157.43453660843005,160.3218819374772,36031000,META
2018-10-03,161.1652374267578,162.3856709771353,158.2878242276083,158.75416580084644,23109500,META
2018-10-04,157.61314392089844,160.20282214580766,156.12482345003056,160.20282214580766,25739600,META
2018-10-05,156.10496520996094,159.6471598371,154.98375901365037,157.9703315953319,25744000,META
2018-10-08,156.0255889892578,157.10709818236126,153.18785748057903,154.32889706743453,24046000,META
2018-10-09,156.67050170898438,159.3395583801949,156.1942434799878,156.46214535753793,18844400,META
2018-10-10,150.20130920410156,156.46217499750117,150.1318469804765,155.598953955172,30610000,META
2018-10-11,152.1559600830078,153.60458344602512,147.99858271849723,148.96103111199872,35338900,META
2018-10-12,152.5429229736328,155.66838973017065,150.12191938851547,155.5096319219713,25293500,META
2018-10-15,152.3246612548828,154.35870249863035,151.36221269281663,152.12622153012268,15433500,META
2018-10-16,157.54367065429688,158.21838375991396,153.80302122721474,154.18998391691443,19180100,META
2018-10-17,158.17869567871094,159.24037153403384,156.72014042587173,158.3176049818395,17592000,META
2018-10-18,153.7137451171875,157.4246298183748,152.08651524917622,157.27578867887388,21675100,META
2018-10-19,152.8505096435547,156.1248175844445,152.3544028385707,154.6464138552001,19761300,META
2018-10-22,153.57481384277344,156.11487813789978,153.25731337587135,153.5549653323491,15424700,META
2018-10-23,153.1878662109375,153.56491224615945,149.67543651958738,150.04255072863256,19095000,META
2018-10-24,144.90289306640625,153.44585427634718,144.4663317229087,153.0787400243226,27744600,META
2018-10-25,149.774658203125,151.02485718155754,145.8554170319628,146.57972880932172,22105700,META
2018-10-26,144.23809814453125,147.83983865590815,142.68033053618106,144.68460641352917,31303300,META
2018-10-29,140.98362731933594,147.67115245881772,137.94745611434155,147.34372015279192,31336800,META
2018-10-30,145.0814666748047,145.49819454953195,138.6519271019058,138.85036678416012,50528300,META
2018-10-31,150.60809326171875,155.18219848979928,147.800142142031,153.79310552811708,60101300,META
2018-11-01,150.5684356689453,151.56064941305698,148.1871287390694,150.34023074699408,25640800,META
2018-11-02,149.17933654785156,152.9299031401732,147.80016010400823,150.61804339157626,24708700,META
2018-11-05,147.52230834960938,149.02056055050377,146.2919731954715,148.93126496157012,15971200,META
2018-11-06,148.77252197265625,149.79450085440686,146.8476250062586,148.1474225079038,16667100,META
2018-11-07,150.3501434326172,151.818615495626,148.6633831405149,150.38984045971407,21877400,META
2018-11-08,146.7186279296875,149.7647311096227,145.59743679770625,149.31823799405643,24145800,META
2018-11-09,143.83128356933594,146.60946941087013,142.94821411113884,145.60733917088652,17326900,META
2018-11-12,140.4478302001953,143.91064577963837,139.39608626580937,143.35500861731956,18542100,META
2018-11-13,141.05307006835938,143.7518919091478,140.5172663179218,140.89431228008337,15141700,META
2018-11-14,143.0970458984375,144.44645699339068,140.44783741628237,142.58109058978476,22068400,META
2018-11-15,142.7299346923828,143.71221648246322,139.73344533339812,141.22176575713524,30320300,META
2018-11-16,138.44357299804688,140.66613708263066,136.69728237871766,139.97159053744173,37250600,META
2018-11-19,130.52572631835938,136.67744875140656,130.18837726538143,136.5385394272403,44362700,META
2018-11-20,131.3988494873047,133.1153900428905,125.86230294350906,126.0409017075018,41939500,META
2018-11-21,133.77024841308594,136.12178986346993,133.08561858829606,133.353505366709,25469700,META
2018-11-23,130.7042999267578,133.4527359775338,130.23795829987594,132.6093483187103,11886100,META
2018-11-26,135.31813049316406,135.93329823894024,131.74615455644002,131.96444281590547,24263600,META
2018-11-27,133.94883728027344,135.546301797141,132.6688883856301,134.69299748738607,20750300,META
2018-11-28,135.6951446533203,135.72490985410724,130.82338673144227,135.21888630074972,29847500,META
2018-11-29,137.6001739501953,138.8999864759306,134.60369979706752,134.86166988111822,24238700,META
2018-11-30,139.51516723632812,139.87236476950758,136.29047275122844,137.18345901418738,25732600,META
2018-12-03,139.99142456054688,142.56125435967442,139.66399222915538,141.8865563240647,24819200,META
2018-12-04,136.8560333251953,142.27352698478865,136.09203964933968,139.63423481370523,30307400,META
2018-12-06,138.54278564453125,138.61223272165327,132.6291861048602,132.77802722436888,28218100,META
2018-12-07,136.34999084472656,139.77312473044262,135.59591396050388,138.16574354618837,21195500,META
2018-12-10,140.74551391601562,141.9361672816189,137.92761561144712,138.51303317801737,26422200,META
2018-12-11,140.97373962402344,142.75972750599635,140.00137433160864,142.75972750599635,20300300,META
2018-12-12,143.37486267089844,146.04391963021334,141.40035219133628,141.96592120054922,23696900,META
2018-12-13,143.8809051513672,144.7143761771331,142.07508406549724,144.4365575485377,18148600,META
2018-12-14,142.9383087158203,144.87312247749196,141.40037439347307,142.2239136130523,21785800,META
2018-12-17,139.09840393066406,143.79156924089747,137.3421819108187,141.96590015336162,24334000,META
2018-12-18,142.54141235351562,144.79372637124868,138.74123237023278,139.98149939584815,24709100,META
2018-12-19,132.20254516601562,143.78167603070526,131.4683016535584,140.11048874837508,57404900,META
2018-12-20,132.3612823486328,134.5143990888896,128.98776231335148,129.68230877473562,40297900,META
2018-12-21,123.97709655761719,133.84961966709113,122.45901083511416,132.35138245742544,56901500,META
2018-12-24,123.09402465820312,128.7298061390674,122.06212153987512,122.14150044974409,22066000,META
2018-12-26,133.13523864746094,133.1947841922537,124.9097930163676,125.01893713851634,39723400,META
2018-12-27,133.4726104736328,133.93895219130016,128.6603672764193,131.40880386224958,31202500,META
2018-12-28,132.162841796875,134.86166386335583,131.17062824713872,134.2861781877115,22627600,META
2018-12-31,130.06930541992188,133.5916674923913,128.93818227602833,133.40314444507882,24625300,META
2019-01-02,134.62351989746094,136.43927241230728,127.55896464929714,127.98562432545164,28146200,META
2019-01-03,130.7142333984375,136.10194632069562,130.0990506322651,133.64126067594293,22717900,META
2019-01-04,136.87586975097656,136.92548346138585,132.70857545623448,132.96654555439258,29002100,META
2019-01-07,136.97509765625,137.78870497792076,134.85176104703956,136.48890751648534,20089300,META
2019-01-08,141.42022705078125,142.02547805447074,138.4535024359785,138.80078331054713,26263800,META
2019-01-09,143.1069793701172,143.57332102571948,140.17003526247268,141.8369470305985,22205900,META
2019-01-10,143.0771942138672,143.43439170578438,139.74335600263245,141.96591985678148,16125000,META
2019-01-11,142.68031311035156,144.2281638432297,141.45989466942495,142.0353652116674,12908000,META
2019-01-14,144.25794982910156,145.42876987269327,140.17003421312768,140.8943459779043,20520300,META
2019-01-15,147.7902069091797,149.5067321308206,144.85326324648588,144.87309661692566,24069000,META
2019-01-16,146.39120483398438,148.48477637801153,145.8554160895323,147.83984351932185,18025700,META
2019-01-17,147.14529418945312,147.83984074886803,145.3593065081152,145.8057996434548,15787900,META
2019-01-18,148.87173461914062,151.24312472042595,147.39334591824291,148.58399931211375,31029600,META
2019-01-22,146.4209442138672,150.35010094730475,145.23027597709162,148.0382418215305,22378700,META
2019-01-23,143.17642211914062,147.64138321345908,141.9460718338698,147.12542791447743,20098400,META
2019-01-24,144.6945037841797,145.299754655157,141.41027935673696,143.51376723752094,20955500,META
2019-01-25,147.84974670410156,148.6633691432037,145.3989778409229,146.33166107014597,22237200,META
2019-01-28,146.32174682617188,147.8001506014188,145.07156308910322,146.89723255465768,15508500,META
2019-01-29,143.06729125976562,146.9468503365544,142.31319918224366,146.93691851028444,17632100,META
2019-01-30,149.24879455566406,149.77466664640286,144.56554431589214,145.0814997192516,44613200,META
2019-01-31,165.39210510253906,170.34324180670043,163.71526151672856,164.3105957964176,77233600,META
2019-02-01,164.41970825195312,167.78331146260734,164.37009454820185,164.54868571373441,30806500,META
2019-02-04,167.93214416503906,167.981757870779,162.34597700621873,164.40978301718607,20036000,META
2019-02-05,169.82728576660156,170.6408930571049,167.37651692938948,167.8329267133362,22557000,META
2019-02-06,169.16249084472656,171.12706940265178,167.9519891221724,169.86695397540728,13281200,META
2019-02-07,165.0845184326172,167.9222501889627,163.96331211917226,166.8903394739392,17517600,META
2019-02-08,166.027099609375,166.06678149085363,162.93139809480107,163.18936817435636,12561400,META
2019-02-11,164.4990997314453,166.98956576367348,163.79463649538135,166.592671206755,12811200,META
2019-02-12,163.7549591064453,167.02926767876124,163.21917031533013,165.56079549201863,16292300,META
2019-02-13,162.79249572753906,164.92574895228006,162.45513159071416,164.09229314596084,14205100,META
2019-02-14,162.67343139648438,163.58626617420055,160.98667115200928,161.91935444271346,12755200,META
2019-02-15,161.23471069335938,163.41757759475078,159.6074809879609,163.22905458754357,15504400,META
2019-02-19,161.02633666992188,162.87185455074814,159.08160651419917,159.25028100750322,14345400,META
2019-02-20,161.2942657470703,162.44523733758356,159.99446814915467,160.98668190511842,11770700,META
2019-02-21,158.7938690185547,160.9767512036217,158.34737589523792,160.66915224846838,15607800,META
2019-02-22,160.6294708251953,161.1454261740566,159.06177140594767,159.32967333669976,15858500,META
2019-02-25,163.33819580078125,164.7769176135051,161.63158722042746,161.80027685335008,18737100,META
2019-02-26,162.85203552246094,164.9456069848802,162.52460319251148,163.06039191607837,13784100,META
2019-02-27,161.54229736328125,162.65357177504464,159.1609907266516,161.63159295565973,12697500,META
2019-02-28,160.19287109375,162.22691185447738,159.6074687457289,161.10570572286176,11114200,META
2019-03-01,161.0164337158203,161.85982139424212,160.43103128208145,161.33394935851342,11097800,META
2019-03-04,166.0667724609375,166.19576506368998,162.55434325192755,162.62379032573335,18894700,META
2019-03-05,169.92648315429688,170.541665836115,165.25316592132063,166.06677314053218,28187900,META
2019-03-06,171.16676330566406,172.21852244305563,169.9364281267931,171.55372600546673,21531700,META
2019-03-07,167.81307983398438,170.40275776307303,166.30491102325666,170.16462106454432,18306500,META
2019-03-08,168.27943420410156,168.29926757550456,164.67769395731773,164.90589884827753,13184800,META
2019-03-11,170.73020935058594,172.94284154218153,170.24401921360752,170.26386772572346,18884000,META
2019-03-12,170.5813751220703,172.44674169700022,169.8868285696962,170.75004963193408,12155300,META
2019-03-13,172.0200653076172,172.67492991081787,170.77979831972704,170.97825314977177,11973300,META
2019-03-14,168.84498596191406,169.81735104764905,166.8506420826052,168.43817475360422,18037400,META
2019-03-15,164.68759155273438,166.2751391996822,161.24460951614773,165.85841134885308,37135400,META
2019-03-18,159.22052001953125,162.6238054519901,158.0397833952159,162.2963882822019,37524200,META
2019-03-19,160.3119659423828,162.5444466443645,159.5678057083889,160.2226552079197,25611500,META
2019-03-20,164.1518096923828,164.82650762915654,159.98451587237324,160.2424859411437,20211500,META
2019-03-21,164.78683471679688,165.09441850706298,162.47497523708407,163.60609812321184,16223000,META
2019-03-22,163.06039428710938,166.11641427109546,162.81234086444795,164.36019179945845,16389200,META
2019-03-25,164.99520874023438,165.243262164075,160.73861864872035,161.7308323440828,12631200,META
2019-03-26,166.37437438964844,168.13059675582596,165.05474358351418,166.04695721457836,15437900,META
2019-03-27,164.57846069335938,167.62456363307606,163.50686821651982,166.54305447088734,10620300,META
2019-03-28,164.26095581054688,165.42184384428168,162.05824052398015,163.28859077322645,10443000,META
2019-03-29,165.39210510253906,165.88821195562005,163.52673849016102,165.09443796269454,13455500,META
2019-04-01,167.3864288330078,167.58486852209703,165.97748735850328,166.52320785848195,10381500,META
2019-04-02,172.84359741210938,173.5381438692349,168.22981045979668,168.8152128208041,23946500,META
2019-04-03,172.18873596191406,176.5743332564893,171.6033335902772,173.14126764896554,27391100,META
2019-04-04,174.64944458007812,176.614023296656,174.16325445881316,174.64944458007812,17847700,META
2019-04-05,174.35179138183594,175.62182369794476,173.73662373683996,175.50276289955312,9594100,META
2019-04-08,173.56793212890625,174.1335011948488,172.87338557948675,173.84576588865332,7297400,META
2019-04-09,176.1973114013672,177.7947760706625,174.18311879312262,174.25256587962437,19751000,META
2019-04-10,176.43545532226562,177.39788872569292,175.1654078004656,176.79263773592098,11701500,META
2019-04-11,176.12782287597656,177.0108923352215,175.6217994128061,176.85214967264358,8071000,META
2019-04-12,177.70547485351562,178.23134688889846,176.56442004581427,176.61403375744985,12329800,META
2019-04-15,178.25119018554688,179.09457791036886,175.49283723280718,177.1101504542983,10834800,META
2019-04-16,177.4772491455078,178.76712990698255,176.91169524284823,177.60624176364888,11215200,META
2019-04-17,177.38795471191406,179.33270012285755,176.97122679670733,178.20157717015965,9973700,META
2019-04-18,176.89186096191406,177.48719525048324,175.95917764181297,177.4078163360087,11655600,META
2019-04-22,180.02725219726562,180.2554571040603,176.8620881413712,176.8620881413712,13389900,META
2019-04-23,182.34901428222656,182.78559068882757,180.06691997316187,181.31711879933349,19954800,META
2019-04-24,181.15835571289062,183.6984200336972,180.23558921854809,183.05348726817184,37289900,META
2019-04-25,191.7552032470703,196.93455967611376,190.62408029934696,195.44623921121573,54148800,META
2019-04-26,189.9989776611328,191.39798725672486,187.6176560631469,191.00110789371584,22075000,META
2019-04-29,193.2633819580078,193.88848142954217,189.16553456013492,189.46320169610266,19641300,META
2019-04-30,191.8940887451172,195.8530261409919,190.78281444731803,192.67794590443944,23494700,META
2019-05-01,191.52699279785156,194.65245962756978,191.50714428636743,193.26336662324573,15996600,META
2019-05-02,191.0308837890625,192.48943899678275,188.2725311837089,191.49722539370654,13209500,META
2019-05-03,193.947998046875,194.6326278689575,192.20170752125662,192.86648883169053,14575400,META
2019-05-06,192.370361328125,192.7672406785369,189.06628850302627,189.75091825146703,13994900,META
2019-05-07,188.29237365722656,191.39799184008598,186.38732541720447,191.04079434883323,16253000,META
2019-05-08,188.0641632080078,189.2349831544809,187.08188141204525,187.9153372207342,12505700,META
2019-05-09,187.18109130859375,188.2923808460176,184.80970138834417,185.74238460333387,12967000,META
2019-05-10,186.8734893798828,188.52056744483735,183.15268870662942,186.78419379731912,12578500,META
2019-05-13,180.12644958496094,183.98615986841705,179.43190309564582,182.07119489502122,16833300,META
2019-05-14,179.32276916503906,182.06128853534085,176.71325755432562,181.09884008128245,17628100,META
2019-05-15,184.8196258544922,185.8217561094283,178.618291044294,179.01517041615566,16746900,META
2019-05-16,185.53402709960938,187.1116430949908,183.6091302871413,183.6091302871413,12953100,META
2019-05-17,183.85719299316406,186.11943891159655,182.8451308275562,183.40076805103382,10485400,META
2019-05-20,181.29725646972656,182.79549344184133,179.95776215520357,180.4638007424565,10352000,META
2019-05-21,183.38092041015625,184.2540580619783,182.45815391155378,183.1328670161202,7502800,META
2019-05-22,183.87701416015625,185.2859555215806,182.180322403666,183.29159668535806,9213800,META
2019-05-23,179.46170043945312,182.46810696315416,178.2710469387762,180.9996348169853,12768800,META
2019-05-24,179.65020751953125,182.2002039590993,179.42200261100294,180.9103231396282,8807700,META
2019-05-28,182.87489318847656,183.2717877276444,180.03716157833563,180.12645717215642,14843300,META
2019-05-29,180.7714080810547,183.12294959671493,179.93795224512178,182.07120554565978,12797700,META
2019-05-30,181.5850067138672,182.0513483202198,179.48151871243195,181.6544689335265,8581500,META
2019-05-31,176.08816528320312,179.13425344749643,175.78058146081298,178.87628333774524,15226500,META
2019-06-03,162.87184143066406,173.68697776170785,159.75629161830335,173.63736405826728,56059600,META
2019-06-04,166.19578552246094,166.96971095429262,159.58763901376403,162.43530246984187,46044300,META
2019-06-05,166.86056518554688,167.40628571280695,163.34813557914495,166.17593535498227,19758300,META
2019-06-06,167.0193328857422,168.37866080138633,165.92789176662538,166.98956768612805,12446400,META
2019-06-07,172.00022888183594,172.51616903885096,167.5253359794175,168.84498184789277,16917300,META
2019-06-10,173.45880126953125,176.47512416844333,172.44673908569467,173.38933904535602,14767900,META
2019-06-11,176.7132568359375,178.57860819974294,175.41344423895202,177.09028772714373,15266600,META
2019-06-12,173.67706298828125,177.8741374437899,171.53389310501814,176.99106793976617,17699800,META
2019-06-13,176.08816528320312,176.64380252880846,173.25043351602207,174.16326829665647,12253600,META
2019-06-14,179.91812133789062,180.4241449006547,178.59847523187966,179.10449879464372,16773700,META
2019-06-17,187.5382843017578,188.0244744089328,182.97411089349598,183.56942996067215,29459900,META
2019-06-18,187.0024871826172,193.01529881543811,185.82175064706763,192.48942685018991,37571400,META
2019-06-19,186.02020263671875,186.63538536770005,183.1130240379683,185.54394434497365,21417100,META
2019-06-20,188.0542449951172,189.6715580302563,186.17896187080584,189.46318650978696,14635700,META
2019-06-21,189.6517333984375,190.50503781926884,187.28034316868226,187.28034316868226,22751200,META
2019-06-24,191.100341796875,192.46958624375878,190.0783630194278,190.92173547946894,15509000,META
2019-06-25,187.36964416503906,191.63616639200853,186.66518086871397,191.37819626292872,16750300,META
2019-06-26,186.1988067626953,189.27465982141456,185.8515259486567,188.06415802502235,12808600,META
2019-06-27,188.0244903564453,197.3314594204653,186.80407178224405,188.40153639562095,11159000,META
2019-06-28,191.49722290039062,191.69566259042654,188.46105173690523,189.0663026325004,16378900,META
2019-07-01,191.49722290039062,193.75946867475142,190.43554709173276,193.6900215962289,14181800,META
2019-07-02,193.4816436767578,193.4816436767578,191.2094812920926,191.49721656212438,9050000,META
2019-07-03,195.66452026367188,195.8629599570674,192.64819756011687,192.64819756011687,10246100,META
2019-07-05,194.87074279785156,195.5355392255742,192.65811073386783,194.6524545971022,11164100,META
2019-07-08,194.2357177734375,195.14855241641712,192.13222990657042,193.67016392658124,9723900,META
2019-07-09,197.65887451171875,197.90692790744453,193.372504566388,193.45188346981755,14698600,META
2019-07-10,201.15147399902344,201.3796940449512,198.115302577347,198.4427349067406,20571700,META
2019-07-11,199.66314697265625,202.21314330019712,198.65109995843773,201.67733945504267,13678500,META
2019-07-12,203.27479553222656,203.70145525331952,197.60926435057237,198.12520452215628,15366300,META
2019-07-15,202.322265625,203.73120702838713,200.24854296973157,202.65961459342148,16030300,META
2019-07-16,202.25283813476562,203.8701513198379,201.51860968214015,202.3024518480462,12132700,META
2019-07-17,200.22872924804688,202.76879391744066,200.02035770783237,202.5901875772597,12083700,META
2019-07-18,199.2166748046875,200.8935184586156,197.82758161562413,198.59157529961885,11937900,META
2019-07-19,196.8155059814453,200.7545954984619,196.52777067611243,200.60575436261726,12098300,META
2019-07-22,200.74465942382812,200.99271281963257,197.26198005714764,198.3534210546784,13589000,META
2019-07-23,200.7843780517578,202.64974477438702,199.3952848370215,201.26063641967016,14583700,META
2019-07-24,203.06643676757812,203.21526274994375,195.68436524268566,196.09117644778885,32532500,META
2019-07-25,199.147216796875,207.0353126208322,196.71628113932098,205.0905671227849,39889900,META
2019-07-26,198.1946563720703,201.30028962459562,194.7219089512831,198.63123275593708,24434000,META
2019-07-29,194.41433715820312,198.07560780135663,193.77932105342705,197.45050838228804,16530800,META
2019-07-30,195.50575256347656,197.16276252645497,191.99332323411687,193.8686062508045,11903600,META
2019-07-31,192.7176513671875,197.2123779524002,191.17971719472445,195.4164736835156,14593500,META
2019-08-01,191.22933959960938,196.92465161169306,189.3937533631913,192.65812973086238,17777000,META
2019-08-02,187.54824829101562,191.12020872658383,186.605648251351,189.61205471911256,15297000,META
2019-08-05,180.3149871826172,184.22431149023885,177.9435971014936,183.25194632650906,23086700,META
2019-08-06,183.0733184814453,184.34335062688226,181.66437704322547,182.25971123513918,18035700,META
2019-08-07,183.70834350585938,184.91884531908548,179.80895129274603,182.1704245251016,15833200,META
2019-08-08,188.67935180664062,188.8579429969137,182.61692578382804,185.16690699814845,14828900,META
2019-08-09,186.38734436035156,189.492962858845,185.66301747893215,188.5205976993792,11058800,META
2019-08-12,183.9266357421875,186.12935121191248,183.0237328453012,185.39512281532316,10930900,META
2019-08-13,186.98263549804688,189.88982899503915,183.92661602850245,184.07545714103145,13577000,META
2019-08-14,178.3107147216797,184.54181498851472,177.91382019323206,184.35329197999934,18903700,META
2019-08-15,181.16830444335938,181.77355543466942,178.62823967326483,179.54107450376878,12925900,META
2019-08-16,182.26963806152344,183.65874620661722,180.94007545091594,182.3192517702729,12654600,META
2019-08-19,184.7203826904297,186.04002844231098,183.41066876298348,184.56162489923128,9691200,META
2019-08-20,182.37879943847656,184.55174988369748,180.9698577884201,184.00602931572288,10083400,META
2019-08-21,182.12083435058594,184.45252754721943,181.71402308505247,183.55954124042023,8398200,META
2019-08-22,180.62255859375,182.67644803012516,178.50915390325136,182.001734903691,10821400,META
2019-08-23,176.36599731445312,181.7041122326745,175.2844879406068,179.43193422488963,17323400,META
2019-08-26,178.95562744140625,179.09453672578843,176.8521396664831,178.00309581994537,8773600,META
2019-08-27,179.88833618164062,182.60699186900402,179.60058574729803,180.51342048042534,14399600,META
2019-08-28,180.34474182128906,180.5332648311725,177.52685877876382,179.12432330990987,9386100,META
2019-08-29,184.12509155273438,184.63111505629817,182.0414368628062,182.3391039813643,10128700,META
2019-08-30,184.2243194580078,185.34552580568567,182.03153561659624,185.325677292104,10774500,META
2019-09-03,180.96986389160156,184.22432375585035,180.69204525489593,182.56732862264894,9779400,META
2019-09-04,185.68284606933594,186.28809694997892,182.45815198098745,183.21222884048626,11308000,META
2019-09-05,189.41358947753906,189.8700144416205,186.47664540077176,187.0620478508057,13876700,META
2019-09-06,186.03013610839844,188.72895835213058,184.8990131930091,188.72895835213058,15226800,META
2019-09-09,187.2902374267578,187.5085256343164,184.40290729946628,186.26825860954187,14722400,META
2019-09-10,184.7203826904297,186.63536258931688,183.11300168948054,185.98049805560564,15455900,META
2019-09-11,187.02232360839844,187.96492338293973,184.6310854967905,185.00813146259745,11761700,META
2019-09-12,186.01028442382812,189.4433349944387,185.77214770992174,188.38167431739254,11419800,META
2019-09-13,185.73248291015625,186.50640837656061,185.08753492816635,185.8713922210499,11441100,META
2019-09-16,184.77001953125,186.32778702503037,184.3235264350698,185.47448271545076,8444800,META
2019-09-17,186.61553955078125,186.85367627008114,184.0953084764538,185.20659802654154,9671100,META
2019-09-18,186.6750946044922,187.60777795331344,184.56167446897086,186.62548088892035,9681900,META
2019-09-19,188.65951538085938,189.61204720994286,186.68500463535224,187.19104332016965,10392700,META
2019-09-20,188.4511260986328,191.59645660587978,186.65522186388125,189.17545294401287,19934200,META
2019-09-23,185.36534118652344,188.61980039313607,183.7678767782794,187.86570841161895,13327600,META
2019-09-24,179.86846923828125,186.5758273152421,178.98539979368155,186.5162969252655,18546600,META
2019-09-25,181.37664794921875,181.9918155324956,176.4850270596817,180.03715354178527,18068300,META
2019-09-26,178.7075958251953,179.9875447342743,176.2865921683542,179.91809765361586,16083300,META
2019-09-27,175.7210693359375,179.3525603230844,174.29227904723268,179.084673498938,14656200,META
2019-09-30,176.69342041015625,177.2788228691604,175.4730017783385,176.48504886814843,10740000,META
2019-10-01,174.4410858154297,178.43970576115325,173.51833435409935,177.75507589501558,17073000,META
2019-10-02,173.24049377441406,175.1554586795992,171.7422416079968,173.47861533942427,16151700,META
2019-10-03,177.98329162597656,178.4397014323433,172.27806306653957,174.20295999420713,16086300,META
2019-10-04,179.04495239257812,179.57082442257075,176.71325936939817,178.15196615220776,10430200,META
2019-10-07,178.2809295654297,179.7692499419264,176.70331359993784,178.598445179605,9178300,META
2019-10-08,176.36599731445312,178.96559254259247,176.33623211260272,176.8720208858906,9466900,META
2019-10-09,178.44961547851562,179.3128364340987,176.55448393834877,177.76498569720047,7556900,META
2019-10-10,178.6282196044922,180.19591896552552,177.7749152722836,178.91597003720196,8605000,META
2019-10-11,182.7558135986328,185.03790775918344,180.72177282205558,180.7316895070228,14930500,META
2019-10-14,181.8529052734375,183.18246784831845,181.1484421040507,182.76573995798162,7006000,META
2019-10-15,187.41921997070312,188.89762363518096,182.2299472570986,182.36885655080957,15039100,META
2019-10-16,188.07412719726562,188.2229532099907,185.44475156593566,186.8537084729773,10516900,META
2019-10-17,188.90756225585938,189.35405538463465,187.30018093627666,188.81826665810019,9603000,META
2019-10-18,184.40289306640625,189.99897684465836,182.48791305517258,188.74877809059558,16874200,META
2019-10-21,188.282470703125,188.43131184562384,185.29591284606576,185.58364816426234,8122600,META
2019-10-22,180.92019653320312,189.16548786635207,180.0867408702079,188.52055518093388,19537600,META
2019-10-23,184.7005615234375,184.92878155956058,180.58288100701617,180.59279769294298,12300400,META
2019-10-24,184.92880249023438,185.27606821671895,181.376675469173,183.18249661084138,11413500,META
2019-10-25,186.42698669433594,187.52834424231045,183.6487859738621,184.38302938583706,8061200,META
2019-10-28,187.92526245117188,188.05425507265963,183.6389072830373,185.74239541203062,13657900,META
2019-10-29,187.83595275878906,191.03088173758235,187.00249697475027,190.19742595354356,13574900,META
2019-10-30,186.78419494628906,188.96706166002988,184.5318660190314,188.0839922337448,28734600,META
2019-10-31,190.15773010253906,196.54758809947734,186.78420992352372,195.1684118031179,42286500,META
2019-11-01,192.11239624023438,192.59858636437755,188.43129218879344,191.3484026536958,21711800,META
2019-11-04,193.20382690429688,195.83318679986047,192.30090892507408,193.03515241476802,16371300,META
2019-11-05,192.8069610595703,194.22581929219072,192.0925660302858,193.84877326562983,9942000,META
2019-11-06,190.05853271484375,192.85656740909667,189.86009300758838,192.5192183927646,10973000,META
2019-11-07,188.93731689453125,191.93380628501296,187.99471697758543,190.41572064804228,13473000,META
2019-11-08,189.35406494140625,190.84238553909282,188.22294189276366,188.520609040297,10760800,META
2019-11-11,188.13363647460938,188.59997811541814,187.07196056979558,188.45113697942728,8631200,META
2019-11-12,192.9557647705078,193.5411671146991,188.2625990521987,188.52056911744143,17615500,META
2019-11-13,191.68576049804688,194.17621134854932,191.23926737647986,193.18399768285414,10860700,META
2019-11-14,191.64608764648438,192.51924062722537,189.95932723003733,191.42779940129913,9040500,META
2019-11-15,193.58090209960938,193.77934181486674,191.8742932964324,192.74743107156078,11524300,META
2019-11-18,195.8629608154297,197.083394458118,191.54684069024395,193.04507779292095,16167200,META
2019-11-19,197.7680206298828,198.44271860595367,195.3271685294393,195.8629572080851,19056800,META
2019-11-20,195.97210693359375,198.03591308312716,193.90830078406032,197.0337827757966,12355400,META
2019-11-21,196.38885498046875,197.53982653306198,195.32719416935493,195.8828314319917,12131000,META
2019-11-22,197.27191162109375,197.7481699012133,196.08124321082823,196.8353352226601,9959800,META
2019-11-25,198.23434448242188,199.40516437958556,197.6985558108234,197.9664577166115,15272300,META
2019-11-26,197.42074584960938,198.5915506579755,196.49797930710295,198.442724670464,11735500,META
2019-11-27,200.42715454101562,201.55827748084596,197.8672415424567,198.3434998487067,12736600,META
2019-11-29,200.06997680664062,202.21316210662366,199.6433321680224,200.0302949188543,7985200,META
2019-12-02,198.1450653076172,200.60575095060796,196.5079188210261,200.55615237948257,11503400,META
2019-12-03,197.27191162109375,197.3810405807244,193.56102737438547,196.06140983997417,11595300,META
2019-12-04,197.16275024414062,198.47246418469376,196.50788570387584,198.44269899104324,8456300,META
2019-12-05,197.80770874023438,199.72267376788747,196.66666912831428,198.3038155523698,9740400,META
2019-12-06,199.48455810546875,200.00051344458964,198.502261137908,198.938837567935,12270600,META
2019-12-09,199.77227783203125,201.55826529748646,198.65108678592196,199.08764804194197,11954800,META
2019-12-10,199.30596923828125,200.47678932503035,198.59157413381945,200.08982657177856,9475700,META
2019-12-11,200.6851043701172,201.0522336736749,198.72052580774542,198.72052580774542,8036800,META
2019-12-12,195.21803283691406,202.07423269365034,192.58867275812622,200.77443525319376,23734800,META
2019-12-13,192.5985870361328,195.26764410536947,191.66590380777728,194.8707495720382,18798000,META
2019-12-16,196.37890625,197.56955949565122,193.29312146853317,193.7495463683545,14911500,META
2019-12-17,196.84524536132812,197.45049623175822,194.60284819119846,197.29173843033917,10175700,META
2019-12-18,200.9232635498047,202.70925114268758,198.53202502655532,198.53202502655532,23274400,META
2019-12-19,204.4555206298828,204.69365733103916,200.93315951766147,201.20106141396522,16514600,META
2019-12-20,204.6936798095703,206.09270469504125,201.84601632794207,205.86448465387954,27306900,META
2019-12-23,204.57456970214844,206.96580784198053,204.07846295811572,205.09052495513586,13348900,META
2019-12-24,203.52285766601562,205.17985263350567,203.40379687361448,204.69367763788193,6046300,META
2019-12-26,206.17205810546875,206.20183844236743,203.71137260683932,203.96935783345515,9350700,META
2019-12-27,206.4796600341797,207.3031840142275,204.9814077808883,207.04521392384925,10284200,META
2019-12-30,202.81838989257812,206.28120574011763,202.31235125630602,206.24152385687,10524300,META
2019-12-31,203.65185546875,203.95943928360214,202.01470897164327,202.41158838306944,8953500,META
2020-01-02,208.14654541015625,208.1564620946976,204.66388149911694,205.1401397367004,12077100,META
2020-01-03,207.04522705078125,208.76175248015903,205.3386183078235,205.59660355453667,11188400,META
2020-01-06,210.94464111328125,211.12323231415454,204.9119799307813,205.0905711316546,17058900,META
2020-01-07,211.40103149414062,212.9092004360152,210.1012340740953,211.16290991488245,14912400,META
2020-01-08,213.54421997070312,214.55628211870993,210.95454177490646,211.34150448738282,13475000,META
2020-01-09,216.60023498535156,216.67961389127672,214.59595924568188,215.84614294905182,12642800,META
2020-01-10,216.36212158203125,218.167957821468,215.72710540618112,217.49324461838862,12119400,META
2020-01-13,220.18212890625,220.24165930128555,217.50315514980076,217.89011785751035,14463400,META
2020-01-14,217.3542938232422,220.64845001554536,216.92764927181693,219.8844413569729,13288900,META
2020-01-15,219.42803955078125,219.95391156667583,218.42590922878898,218.8922508489187,10036500,META
2020-01-16,220.043212890625,220.89651718671533,218.6739532866718,220.83698679349612,10015300,META
2020-01-17,220.41033935546875,220.55916534680847,218.81287477518103,220.30119524849337,15905900,META
2020-01-21,219.71578979492188,220.63854120844226,217.41384689413272,220.4301848234441,14275800,META
2020-01-22,219.59671020507812,221.0155683147243,219.5570131846815,220.5789919302248,12212800,META
2020-01-23,218.0488739013672,219.76541447669973,217.5626988854463,219.03117089962214,11195000,META
2020-01-24,216.2430419921875,220.0531387162507,214.42728922369366,219.08077359333404,11905800,META
2020-01-27,213.19691467285156,214.37765118667988,210.84537347000224,211.44070763932004,13810700,META
2020-01-28,216.0941925048828,217.03680753347362,211.85745134891118,214.45704612676462,13413800,META
2020-01-29,221.49183654785156,222.454284946092,216.74905677548094,219.71578087459076,33181300,META
2020-01-30,207.89852905273438,209.7837289696415,203.15574892158747,204.92188804289427,48775500,META
2020-01-31,200.33786010742188,207.0650673895748,199.49447245565628,206.8070821530458,31359900,META
2020-02-03,202.60011291503906,203.54271287919764,200.92326938028347,201.85595265807504,15495600,META
2020-02-04,208.19618225097656,208.96019096490863,203.60222842171876,205.0111699219711,19628900,META
2020-02-05,208.47402954101562,211.07362469532146,207.08493636084768,210.8553364612979,12538200,META
2020-02-06,209.208251953125,209.54560095697394,207.7099996678324,208.83120592530642,10567500,META
2020-02-07,210.67672729492188,211.1629174365227,208.29540543766888,208.66253478539966,12242500,META
2020-02-10,211.40103149414062,212.13527502346943,209.01972486168884,209.87302918064674,11856400,META
2020-02-11,205.57675170898438,209.21817404336107,204.90203854387963,208.5533927044946,25030800,META
2020-02-12,209.1189422607422,209.57536719879477,205.7851038096818,206.2316120616819,13813700,META
2020-02-13,211.48040771484375,212.66114433026516,207.55123516722094,207.88859930018288,15396600,META
2020-02-14,212.51231384277344,213.2564740857115,210.99422815837812,212.33372265165818,10741700,META
2020-02-18,216.10414123535156,216.28273242948998,211.7383919855589,211.8872331206534,15609200,META
2020-02-19,215.7965545654297,216.62009372079666,214.427294868557,216.29266139589325,12135100,META
2020-02-20,212.90919494628906,217.0665723300639,211.2918819422964,214.83409174221154,13109200,META
2020-02-21,208.54347229003906,212.57187270865148,207.20399285274874,211.8177805922707,14092300,META
2020-02-24,199.1571044921875,202.06428291956448,196.62695691772672,200.2286969404289,23080100,META
2020-02-25,195.23788452148438,201.91547815950642,194.4242620597452,200.6752110946446,21433500,META
2020-02-26,195.66452026367188,199.6433065171503,193.96784347416536,195.65460357799446,16524500,META
2020-02-27,188.2725372314453,194.3548116584717,188.02448382270822,190.32642672297806,21682600,META
2020-02-28,190.97137451171875,191.23927645336616,180.40430452650662,181.2774422985748,32568900,META
2020-03-02,194.9104461669922,195.03943878253864,187.37954841583093,192.51920770635363,24949000,META
2020-03-03,184.4425811767578,195.70421132887967,182.53753292619203,194.69214924139928,27984100,META
2020-03-04,190.2668914794922,190.33635370488574,184.93870881639302,187.6970616595599,23062500,META
2020-03-05,183.72817993164062,187.51844293290662,182.45814780786012,185.32564434139258,19333400,META
2020-03-06,179.67996215820312,182.3490192383938,174.8875685209055,176.94145799688096,24559600,META
2020-03-09,168.18020629882812,173.63738113448332,163.90376807728393,168.27943371546766,29949000,META
2020-03-10,176.80255126953125,176.90176354973235,168.18021229917125,173.309955010909,24517800,META
2020-03-11,168.91444396972656,174.51052791093812,166.35453113683502,172.6550782358711,20373900,META
2020-03-12,153.2672576904297,165.30281520624732,153.13826505938434,158.2977734814563,43266300,META
2020-03-13,168.9541473388672,169.46017087461817,156.37288491134964,162.2567048752018,35028600,META
2020-03-16,144.87310791015625,157.89096114274597,141.98577772844195,151.13398868681,39120400,META
2020-03-17,148.25656127929688,152.7413712017619,138.9099105437907,149.56629056018528,34255600,META
2020-03-18,145.81568908691406,147.0261755157778,136.03246427939817,138.66182375434929,37553100,META
2020-03-19,151.93768310546875,158.68472390390542,143.67254147340694,145.47836246781847,39862300,META
2020-03-20,148.56414794921875,158.02987479986012,146.8476225464844,154.8051803858326,32568400,META
2020-03-23,146.94683837890625,151.12404910429632,141.1423828354806,148.494689153159,29830800,META
2020-03-24,159.72654724121094,160.05397955862045,151.38204205017757,154.00148544947513,30440400,META
2020-03-25,154.99368286132812,161.7208894129763,151.8682011441611,157.68257306101083,35184300,META
2020-03-26,162.0681610107422,162.72302560102386,155.7973791164667,157.01779756928065,26556800,META
2020-03-27,155.5691680908203,158.84347609160096,153.54505895105285,156.96819294005962,24879900,META
2020-03-30,164.65786743164062,165.45164145311486,156.82930161406097,157.9405761601368,22515200,META
2020-03-31,165.50123596191406,169.59906794500858,162.9214744764971,164.19150670747757,23676300,META
2020-04-01,158.3572998046875,162.87185966361065,156.80943383993798,160.36156041626128,19507600,META
2020-04-02,156.95826721191406,160.0936657297294,154.70593816665038,157.86118519507858,20886300,META
2020-04-03,152.97950744628906,156.68047560405546,149.65560049518731,155.92638347068657,25983300,META
2020-04-06,164.26095581054688,164.90588856040713,157.2757639580179,158.90299357025864,28453600,META
2020-04-07,167.51544189453125,172.03993397402672,164.71739197485502,170.45238598754636,31411900,META
2020-04-08,172.92298889160156,173.63738391089035,166.4339184630365,169.91658282708556,21664200,META
2020-04-09,173.825927734375,175.70121109954832,170.23411883620753,174.53039101220222,23534300,META
2020-04-13,173.42901611328125,173.63738764003992,168.13059888974578,172.31774167717816,19355400,META
2020-04-14,176.78271484375,179.81888637309189,175.24478056569035,177.58640552622524,21011800,META
2020-04-15,175.592041015625,176.80254281201508,171.47436065477507,173.82590202875645,17423000,META
2020-04-16,174.87765502929688,176.66364261929394,171.16677054452398,176.56441519874684,23593200,META
2020-04-17,177.8443603515625,178.87625577152366,175.2844476016866,177.8046633315772,20974800,META
2020-04-20,176.85218811035156,179.094585783901,175.39363265481884,176.02864886307944,16110700,META
2020-04-21,169.47007751464844,174.01441739437823,167.02922551794623,173.88542478797388,24850500,META
2020-04-22,180.86070251464844,183.34123663421514,176.75293861824514,177.06052242667482,33242000,META
2020-04-23,183.68849182128906,185.59353994234564,181.72389817209415,182.64666460852993,21426600,META
2020-04-24,188.59005737304688,188.9274063834041,179.42199771642456,181.80330444127193,28792000,META
2020-04-27,186.04005432128906,192.24138946533202,185.95075872880966,191.15988024980575,29197800,META
2020-04-28,181.48582458496094,187.7268425463211,181.13854370893162,187.191053771284,21731000,META
2020-04-29,192.677978515625,195.37680095847062,188.52060074006582,189.4433522028139,45954500,META
2020-04-30,203.1160430908203,208.0572623454353,200.00049314008223,205.30882656450473,46230100,META
2020-05-01,200.69505310058594,205.6660378850065,197.50012403387927,200.03027179216886,30415600,META
2020-05-04,203.6617431640625,204.30669104079635,197.21235523658538,198.6411451382997,19250700,META
2020-05-05,205.45770263671875,208.74192763342248,204.89213354811233,205.40808892263365,21071200,META
2020-05-06,206.84678649902344,209.95242015348194,205.05088216567125,206.4995056560085,21857000,META
2020-05-07,209.61502075195312,209.95238485186374,207.412305547717,209.51580848490138,15152000,META
2020-05-08,210.69656372070312,211.54986802110636,209.20824332278897,210.58741961925696,12506000,META
2020-05-11,211.5200958251953,213.32593191135558,208.73197792819232,209.24793325852076,12911900,META
2020-05-12,208.46408081054688,213.60373992712047,208.36485339579585,211.6292294374064,14704600,META
2020-05-13,203.50302124023438,209.13878738234018,200.53629704093484,207.79929292801273,20684600,META
2020-05-14,205.19969177246094,205.31875255942361,199.1273493977165,200.98278398111552,17178900,META
2020-05-15,209.23802185058594,209.6944316566375,202.53064780705802,203.6717026021449,19383200,META
2020-05-18,211.530029296875,212.96873605342822,209.2975485967128,210.49811862818973,20151900,META
2020-05-19,215.19131469726562,218.77320680308347,211.17284613578335,211.60942259144775,31843200,META
2020-05-20,228.1793670654297,229.53869487802802,221.4521599429684,221.75974374231737,50162900,META
2020-05-21,229.5883331298828,235.35309244741924,229.3998100998118,232.89240664960255,47782600,META
2020-05-22,233.0809326171875,234.1525252700597,226.95897567604052,229.7073968270387,33925600,META
2020-05-26,230.3920135498047,239.02426954087372,229.86614151041633,237.90307837726152,33178300,META
2020-05-27,227.35581970214844,228.764761172586,219.4081943562366,227.2863726241577,34697600,META
2020-05-28,223.70448303222656,229.82643907583383,222.25584452684524,222.55351163233212,29377200,META
2020-05-29,223.33737182617188,225.71869372327163,221.14458808915265,223.44651593570535,23241500,META
2020-06-01,230.10427856445312,230.63015060457363,221.75975786747784,222.84126714697254,18223800,META
2020-06-02,230.907958984375,231.1857775917419,224.79591934234608,229.1418199204089,20919000,META
2020-06-03,228.36788940429688,230.83849161760028,226.75057636604603,230.30270292675684,15380300,META
2020-06-04,224.52801513671875,229.8264474146918,222.86110350947578,227.7725579382905,17041500,META
2020-06-05,228.97314453125,229.54863025570177,223.55565142863753,224.94475960006616,16750400,META
2020-06-08,229.59820556640625,229.74704668039834,225.63928325783525,227.24666433710607,15466500,META
2020-06-09,236.81161499023438,237.9030559919151,228.61593621208456,229.71729389924317,27462900,META
2020-06-10,234.88671875,239.3318465307384,233.44801207354607,239.08379313341953,20720700,META
2020-06-11,222.6824951171875,231.07662899070073,221.80935742815382,228.14960184432616,26708200,META
2020-06-12,226.80018615722656,229.8562058573406,222.7519528586331,228.10990023443085,22091400,META
2020-06-15,230.68966674804688,231.94978228517638,223.0496248987954,223.33736018712725,15340300,META
2020-06-16,233.81517028808594,236.60330371658364,231.1858098373445,235.29357426490665,15236700,META
2020-06-17,233.69607543945312,235.7400330981517,229.925660611379,233.17020342590362,19578100,META
2020-06-18,234.10289001464844,234.30132971581455,230.342391818643,233.1602900791253,15782500,META
2020-06-19,236.93067932128906,238.95480354742614,233.71591694092012,235.93846571945113,30081300,META
2020-06-22,237.35733032226562,238.82580215983967,235.0653194086259,236.70246573551785,18917800,META
2020-06-23,240.3538360595703,243.28086325076663,237.99236276675106,239.40130430970032,24017900,META
2020-06-24,232.1978302001953,241.3261922642483,230.86825247388322,239.32191655919164,20834900,META
2020-06-25,233.84490966796875,235.45230610298375,230.92781420586104,232.79316560381045,18704300,META
2020-06-26,214.3975372314453,231.2750867486719,213.72282404542958,230.82859361350327,76343900,META
2020-06-29,218.92201232910156,219.03115643280992,205.49736327286647,208.1168066218885,58514300,META
2020-06-30,225.30197143554688,225.72861605804886,216.76892758571236,218.87241577847084,33927100,META
2020-07-01,235.70034790039062,237.13905461798524,225.7881284096902,226.72081163267626,43399700,META
2020-07-02,231.60250854492188,238.13127618375734,230.7988179101983,237.1390625329917,30633600,META
2020-07-06,238.4091033935547,238.52816419114757,230.46147721466446,231.9398659180404,26206200,META
2020-07-07,238.9845733642578,245.72169718938696,236.96046423896934,237.5458666417758,27887800,META
2020-07-08,241.6833953857422,245.0668474636678,234.74781673128183,236.25598567293406,29791300,META
2020-07-09,242.5962371826172,244.61042967890646,237.377198839224,243.0923440071215,22174900,META
2020-07-10,243.1618194580078,243.57854739646444,237.4565906658374,241.79255970309345,22982700,META
2020-07-13,237.13905334472656,248.2022290661148,236.563567632783,245.08667892902588,24674900,META
2020-07-14,237.8633575439453,238.45869174856148,230.22331599791937,234.9164819970531,23378100,META
2020-07-15,238.4091033935547,242.91376200888993,236.1964711117376,239.66921901467015,19133600,META
2020-07-16,239.0540313720703,239.87757053195742,234.48985759074168,236.1468525967872,18880700,META
2020-07-17,240.1454620361328,242.25888189855516,236.00793304376865,239.12348321533193,18152400,META
2020-07-20,243.50904846191406,244.13414784535723,233.8052011207294,238.19078321001928,20872200,META
2020-07-21,239.8676300048828,244.9874556480956,238.21063516352848,244.30282586394793,19364200,META
2020-07-22,238.00230407714844,240.0164967506023,236.26593003865509,238.3892668286992,15427900,META
2020-07-23,230.7888946533203,240.5324245536432,229.94550701818997,237.76415520841277,21771800,META
2020-07-24,228.91360473632812,231.67195731407605,225.13325822886,228.39764942869834,18325800,META
2020-07-27,231.681884765625,233.12059151454645,229.03267616561638,229.65777560313904,13163100,META
2020-07-28,228.3282012939453,233.13052688737727,228.04046599577487,232.8030945646447,14170100,META
2020-07-29,231.47352600097656,231.88033724909283,228.51673343218738,229.3402726149669,13588300,META
2020-07-30,232.67410278320312,233.06106550419435,227.21692766462053,228.42742953848625,20615300,META
2020-07-31,251.69480895996094,253.85784236786688,247.06117350657465,253.8280771726185,53005100,META
2020-08-03,249.99815368652344,253.4113558672022,248.38084061958932,250.68276837586004,23124900,META
2020-08-04,247.88473510742188,250.83161082477696,245.50341329118677,249.60126046272325,17183500,META
2020-08-05,247.18026733398438,250.30574951271805,245.84078794879503,248.24194323970724,13050100,META
2020-08-06,263.2144470214844,264.52417636220866,246.7337769905804,247.10089121185337,45241600,META
2020-08-07,266.3498229980469,276.71846729977585,261.3788231390226,262.0237559273697,72766400,META
2020-08-10,260.9521789550781,271.7276042056883,257.6679543343518,265.95294401876475,30248800,META
2020-08-11,254.1356964111328,263.84947688200344,253.14348272446458,258.16408155660923,28238300,META
2020-08-12,257.8664245605469,261.84518077653547,256.10025516377686,256.9535746633376,21415700,META
2020-08-13,259.2654113769531,263.09537176343133,257.5489011631833,259.51346478633786,17374000,META
2020-08-14,259.2059020996094,260.6049270761182,256.6658374029572,260.2675780454647,14792700,META
2020-08-17,259.12652587890625,262.04363649322056,257.3802201288519,260.4560885640764,13351100,META
2020-08-18,260.29730224609375,263.08541993318096,257.24129779802496,258.9181411403599,18690400,META
2020-08-19,260.54534912109375,265.82393240661906,259.3150140244503,259.3547110443287,23291500,META
2020-08-20,266.9154357910156,267.5306034832386,259.42420366420544,259.46390069336985,20299700,META
2020-08-21,264.9309997558594,268.38388418339855,264.3455972842934,266.5979115677721,15538600,META
2020-08-24,269.2768249511719,275.09118128175845,266.67720025556804,268.9593093773643,23685600,META
2020-08-25,278.63348388671875,280.88579829013565,268.1557086825143,270.2889622758773,42127200,META
2020-08-26,301.54364013671875,302.29773216562353,281.78866364018035,281.78866364018035,69015200,META
2020-08-27,290.9368896484375,298.8845307287282,289.7462211483339,297.82285484879753,30301300,META
2020-08-28,291.3734130859375,294.9156224635424,288.714288236623,292.70297551059474,17157400,META
2020-08-31,290.9170227050781,294.56836127343684,289.2798461363718,291.6611828617794,17345100,META
2020-09-01,293.1396179199219,299.1424986923142,290.4308636184182,292.4152910182119,17295900,META
2020-09-02,300.14459228515625,301.23603322218395,290.76816233153926,296.5527841578091,24341400,META
2020-09-03,288.8532409667969,295.2827964981779,281.42157021145084,293.6853167317261,32294100,META
2020-09-04,280.528564453125,286.74973287810445,269.0288123633383,285.0133590630986,30333700,META
2020-09-08,269.0486755371094,277.12527945997186,267.3222333565382,269.16773633853364,24864000,META
2020-09-09,271.5887756347656,276.3117232399472,269.2372336602413,273.6228019107983,22918800,META
2020-09-10,266.0025634765625,276.9863762490286,264.9508193916789,273.3648023507062,24814700,META
2020-09-11,264.5340576171875,269.27686777024303,260.5949986305776,267.9572067042382,18913900,META
2020-09-14,264.0776672363281,274.4860094229294,263.6311892443126,268.8403111108716,24093800,META
2020-09-15,270.2988586425781,272.38248310509124,267.2031265875012,268.5624847371786,18478500,META
2020-09-16,261.4681396484375,270.3186990512302,259.75162935073587,265.2088046240385,29183400,META
2020-09-17,252.8358917236328,259.4638716951567,248.24193764003047,256.2689425036203,31281400,META
2020-09-18,250.563720703125,257.18179930634693,248.10303500311386,256.388010190241,28130800,META
2020-09-21,246.2178192138672,248.00380687005463,242.229131111691,245.61256826204752,24709400,META
2020-09-22,252.7664031982422,253.33197219192002,246.28724989370133,251.33761325629538,30293100,META
2020-09-23,247.08102416992188,255.98116584622917,246.217788080264,253.2724270751791,19641300,META
2020-09-24,247.58709716796875,250.27600310663118,243.70753775085024,244.58069070037553,20006800,META
2020-09-25,252.8358917236328,253.7586431588387,244.68981092583851,247.4580803714351,18351300,META
2020-09-28,254.82037353515625,257.5787268844473,252.8359457937968,257.3802719983256,18826300,META
2020-09-29,259.7515869140625,261.27957393938357,254.89964824755418,255.80256618794593,20200200,META
2020-09-30,259.8607482910156,264.00819407144127,258.07477583703985,259.94014233961224,20142500,META
2020-10-01,264.553955078125,266.2407002728486,262.7381869720879,263.28392269858466,20009800,META
2020-10-02,257.916015625,263.0854402034157,257.16192357012176,259.1761160451637,16367600,META
2020-10-05,262.5893249511719,262.80761315583914,258.80899353212766,260.1584197827861,12822300,META
2020-10-06,256.6459655761719,263.6212257600727,256.22922255371117,259.741667068891,18696900,META
2020-10-07,256.1102294921875,258.1541875638792,252.83593595830246,257.1917389355612,23133400,META
2020-10-08,261.7062683105469,262.5595574704887,257.1321478779716,257.7274820927912,16312800,META
2020-10-09,262.39093017578125,262.6885821795816,260.1286841070195,262.46036212336156,14107800,META
2020-10-12,273.60296630859375,277.99846635145536,265.7843164066402,268.09619161001626,31019300,META
2020-10-13,273.9898376464844,276.92678099112914,271.26125064873577,275.41859716229544,18063300,META
2020-10-14,269.7034912109375,276.57952376322527,269.385975611536,275.45831762030724,15577800,META
2020-10-15,264.64324951171875,266.9451926519491,261.61700972164607,265.5164024462862,15416100,META
2020-10-16,263.8593444824219,269.25698866587527,263.2342450954479,265.2980662549797,16622700,META
2020-10-19,259.3645935058594,266.4589137194452,257.856439940942,263.4624399581132,13587000,META
2020-10-20,265.4767150878906,267.6000670997426,260.8331618903327,261.01175310255536,18763200,META
2020-10-21,276.5596923828125,280.8460318857518,274.21805267032346,277.3832163022332,28998600,META
2020-10-22,275.9544372558594,280.25073903320055,272.8984327390067,277.6908110286055,16720000,META
2020-10-23,282.572509765625,283.0189877020772,274.66456643827354,276.6291299185733,17535200,META
2020-10-26,274.9523010253906,283.00910103507454,272.1245164393334,280.9552115795528,21322900,META
2020-10-27,281.084228515625,282.2947304449759,274.15856596508183,276.5895016504046,16287200,META
2020-10-28,265.5858154296875,276.61922530983355,265.17900423878854,276.61922530983355,23121800,META
2020-10-29,278.643310546875,281.3917613867869,271.6482173165359,274.39663787649414,32368100,META
2020-10-30,261.06134033203125,274.54555158800633,257.0825838595243,272.362669266961,47247800,META
2020-11-02,259.3249206542969,268.3640019017437,255.3362330569995,262.53971316849265,27165700,META
2020-11-03,263.2342224121094,267.94723641131566,258.848655815937,261.1109013243579,17961900,META
2020-11-04,285.1423645019531,286.69021537855144,276.4505632103181,278.81203654973183,35364400,META
2020-11-05,292.385498046875,295.0644868941228,286.70013346565065,289.62714543435567,23823600,META
2020-11-06,291.12542724609375,292.30616397917817,285.8170778605396,291.66123112597086,13891000,META
2020-11-09,276.5993347167969,290.30180014595857,276.3612131765209,287.6129101538366,25117700,META
2020-11-10,270.3087158203125,271.8664982783663,261.9443633047033,270.9735121867272,29067700,META
2020-11-11,274.3272399902344,276.23227323546826,270.3583854027134,271.34066722353845,14957000,META
2020-11-12,272.9381103515625,277.57176129856583,272.2931775519897,275.021765017838,12899500,META
2020-11-13,274.7936096191406,275.59730033261957,270.97358063336856,275.5576033043108,10391200,META
2020-11-16,276.78790283203125,277.23441107281263,272.491631182549,272.9083439459854,12970400,META
2020-11-17,272.8587646484375,275.5178900694576,271.1620877175575,275.5178900694576,15040300,META
2020-11-18,269.8523254394531,275.23013630396935,269.7233328307537,272.3824579271771,12152900,META
2020-11-19,270.8147888183594,271.34066082761194,267.09398773026356,268.9097253380734,12963700,META
2020-11-20,267.5999755859375,270.8742678101234,267.31222521134265,270.4376914762385,18114700,META
2020-11-23,266.3399353027344,268.8403333850211,262.47030765153033,268.78080298115344,20990800,META
2020-11-24,274.76385498046875,275.65684133200045,265.78430204794444,266.399469750556,16930400,META
2020-11-25,273.44415283203125,277.99840979634354,270.5270423142432,275.97431577662064,12467000,META
2020-11-27,275.6468505859375,276.9565797708799,272.68014168909747,275.2301378416092,7808400,META
2020-11-30,274.8133850097656,275.53771179376014,268.89980079782725,273.8807018610428,16693300,META
2020-12-01,284.31878662109375,287.0473739409889,276.7878892517777,276.98634407793395,20738900,META
2020-12-02,285.2812194824219,289.508058754062,278.64330863186876,283.1380346522925,17361600,META
2020-12-03,279.6553955078125,284.4180084423758,278.88147014894713,284.0211290778213,12921700,META
2020-12-04,277.52215576171875,281.2528583037155,277.12524609814045,278.1174596971742,10880300,META
2020-12-07,283.3562927246094,286.243637385583,276.0337831831142,277.0160647708861,13007700,META
2020-12-08,281.193359375,284.1997657052833,279.35775795539723,283.78305290383537,10747700,META
2020-12-09,275.75604248046875,285.3904289470905,269.6340706803854,281.45133938041425,25189700,META
2020-12-10,274.9622497558594,276.55972952390835,269.743196117083,273.3945654669271,20065100,META
2020-12-11,271.4200134277344,274.3272222377273,268.1457207169015,272.3923936395362,14391400,META
2020-12-14,272.05499267578125,275.06139804566845,269.44546660714303,271.2413704262534,16376900,META
2020-12-15,273.40447998046875,273.93035204384483,265.3874064007042,272.69008488682954,23979500,META
2020-12-16,273.5235290527344,275.69644892052736,270.3881305277646,272.62061106750957,15885000,META
2020-12-17,272.34283447265625,278.2564198025171,271.4795830956817,274.9126643899615,16377800,META
2020-12-18,274.2478332519531,275.8353810694954,269.02881030122415,273.62273383854944,26693200,META
2020-12-21,270.6659851074219,272.5313517179054,265.70491658165054,270.85450813379794,16553700,META
2020-12-22,265.0103454589844,269.38601137682167,262.569508309428,269.38601137682167,17312900,META
2020-12-23,266.0224304199219,270.05084635146625,264.1570938897997,264.8119586388696,14329000,META
2020-12-24,265.3179016113281,268.29454231066234,264.1272634995675,266.78638859045014,6702000,META
2020-12-28,274.8432312011719,275.140883238502,263.59152999064725,266.6475352671011,23299700,META
2020-12-29,274.6248474121094,278.32581461524416,274.1287406691668,274.793537027889,16383000,META
2020-12-30,269.7530822753906,275.91471969767804,269.59432448010415,275.785757376464,11803800,META
2020-12-31,271.0331115722656,274.9325043424121,267.7091894539124,269.88213998871845,12900400,META
2021-01-04,266.8459167480469,272.85872848796714,263.13504773019605,272.6404402939786,15106100,META
2021-01-05,268.860107421875,270.27896553417906,266.1215883285125,266.2009823694545,9871600,META
2021-01-06,261.259765625,265.6651965162372,257.9854727939254,259.9599682063647,24354100,META
2021-01-07,266.6474609375,269.49510899402355,262.7183037402035,263.82957807641225,15789800,META
2021-01-08,265.486572265625,266.8558317342461,261.1307404858795,266.2208005627308,18528300,META
2021-01-11,254.8401336669922,261.4185145836699,253.90745047422294,258.45180565260176,30412300,META
2021-01-12,249.13491821289062,257.6977267357879,248.3510761020939,254.63179023434895,26383500,META
2021-01-13,249.6806182861328,251.97262917497432,247.25961479039424,249.591322699809,19528900,META
2021-01-14,243.7273406982422,253.04422551375964,242.7053619324702,251.42691255007225,29739400,META
2021-01-15,249.40283203125,251.88336623941407,245.23553758953017,245.96976602555998,24942900,META
2021-01-19,259.0669860839844,260.15842713817875,250.75223098015417,254.8996767061357,28028500,META
2021-01-20,265.39727783203125,268.21516053791925,261.54748460794593,266.83596923879514,25199900,META
2021-01-21,270.74530029296875,271.46962706852975,265.4071866724179,267.16342399454226,20838700,META
2021-01-22,272.36260986328125,276.3016987289684,269.88207607581967,269.89200790055463,21954000,META
2021-01-25,275.8453063964844,277.9190291400611,269.3959181421236,275.97429900636445,19087000,META
2021-01-26,279.8538513183594,283.16787159655127,275.6468750801152,275.97432254542565,19373600,META
2021-01-27,270.02099609375,281.2429283426131,266.03227844946406,280.3300786005515,35346200,META
2021-01-28,262.93658447265625,284.55692568937985,262.6389325267442,275.02173795594643,37758800,META
2021-01-29,256.3185119628906,264.48444034559407,252.8656282026834,263.23424158830284,30389500,META
2021-02-01,259.96990966796875,262.1130947982749,252.92518665519498,257.49927707444425,22914300,META
2021-02-02,265.0003662109375,266.7566034715487,261.220035227519,261.94436197771006,17320800,META
2021-02-03,264.57373046875,267.1038931262707,261.78561288501646,263.55175174887563,14223400,META
2021-02-04,264.4150695800781,266.07208009783034,261.9444666861498,264.93104018151627,16060000,META
2021-02-05,266.012451171875,267.07412690707577,263.60137958180314,264.7225554259444,12454400,META
2021-02-08,264.5042724609375,267.7587316645188,262.9365883891931,266.6573891682855,13755200,META
2021-02-09,267.35198974609375,271.2613140904737,263.6807869967148,264.36541686230146,14613400,META
2021-02-10,269.7530822753906,271.6680470836127,265.6354022624926,270.3285830682983,14687200,META
2021-02-11,268.28466796875,271.44980170908656,266.39943777738347,269.772988469329,12828600,META
2021-02-12,268.39373779296875,269.0684356706943,266.25055311082446,268.4135711611543,9097600,META
2021-02-16,271.83673095703125,274.44625727947283,267.94724075461835,268.6914008718187,15417200,META
2021-02-17,271.43988037109375,271.83675975298524,267.48092753784414,269.1280057386519,12763200,META
2021-02-18,267.29241943359375,269.8324836675024,263.9585662016173,267.4710106031762,15249100,META
2021-02-19,259.5234069824219,268.1655796323252,258.12438206399435,267.75876839108383,25622600,META
2021-02-22,258.302978515625,261.021664636817,255.524792274946,255.94153535102737,17434900,META
2021-02-23,263.7898864746094,265.3774342503566,252.97477970473903,257.47942267295707,21924600,META
2021-02-24,262.251953125,264.3058423791856,256.3780660416674,260.2873594540459,15736100,META
2021-02-25,252.7068634033203,264.86147900274045,252.06191553242624,260.2575937433579,19053100,META
2021-02-26,255.6140594482422,263.48230592627357,254.47301987913823,254.47301987913823,26619500,META
2021-03-01,262.8472900390625,264.57373189281464,255.89186349959488,258.7891403322834,22157300,META
2021-03-02,256.9833068847656,264.63326480051563,256.6360260897413,263.7105134754157,15191700,META
2021-03-03,253.4212646484375,258.9578028951367,253.11368087250722,258.26327158301694,15513500,META
2021-03-04,255.6339111328125,264.41497674309903,251.5261325403786,254.47300796713859,31626500,META
2021-03-05,262.22222900390625,263.3831323276618,253.61973825234838,258.6403521689941,26820100,META
2021-03-08,253.3220672607422,263.5120906541324,253.06409715938335,263.48232545551326,18391800,META
2021-03-09,263.67083740234375,266.43912187751977,257.78701790933485,259.14634572246285,22039700,META
2021-03-10,262.83740234375,266.8757193587203,260.82320974954456,266.548302161812,14210300,META
2021-03-11,271.74749755859375,275.7361857987075,265.73468485814243,266.0224050343976,21834000,META
2021-03-12,266.3101806640625,267.6397435364464,261.9642793295746,267.04443947415695,20600200,META
2021-03-15,271.6185302734375,273.81131431341987,266.4094077750428,266.98487846120577,16844800,META
2021-03-16,277.1054382324219,279.9431851324288,272.6603099988258,273.93034231128775,22437700,META
2021-03-17,281.7986145019531,284.0013300636442,273.26557087198046,273.5632228614151,21315000,META
2021-03-18,276.45050048828125,282.96934997798866,276.11315155632644,277.6907672733876,18728300,META
2021-03-19,287.8510437011719,290.5201004362551,279.0104480701917,279.0302814393915,38930500,META
2021-03-22,291.2543640136719,297.3763044516404,284.51722576051964,288.1884278823142,28273100,META
2021-03-23,288.3670654296875,295.67967537521406,287.5534429483778,290.867432991807,23000900,META
2021-03-24,279.9431457519531,289.4485382452627,278.9707655714033,288.73414327750163,18675000,META
2021-03-25,276.5696105957031,285.81704866241506,275.5873288162411,278.79218966149506,24505600,META
2021-03-26,280.8163146972656,282.2848018961399,275.6071926939098,276.1330647516216,17629200,META
2021-03-29,288.5555725097656,290.89718212081135,282.4832299943889,283.5448755560306,21718800,META
2021-03-30,285.75750732421875,290.19270318034495,284.46764179897343,287.57324482882785,17474500,META
2021-03-31,292.2366638183594,294.19132577755687,286.36274611540455,287.7320056973746,19498200,META
2021-04-01,296.33453369140625,300.0454030697104,294.29057598549946,296.0765484516456,17616000,META
2021-04-05,306.5047302246094,308.3502331272152,298.33880077200007,298.54718744548785,28237000,META
2021-04-06,303.8753662109375,308.9257301235245,302.8732207214209,306.4352641390623,17335200,META
2021-04-07,310.65216064453125,311.8031320847076,303.12126285402763,303.9547186665781,22855200,META
2021-04-08,310.58270263671875,313.4204493921913,307.63582691524516,312.39847055437156,20894100,META
2021-04-09,310.02703857421875,312.28928426591995,307.9136188596121,308.9752946294777,15988600,META
2021-04-12,309.1142578125,309.71949362187615,305.53235068829883,308.62805251976675,10881900,META
2021-04-13,307.34808349609375,311.98170388654387,306.9115071052222,309.7789885616756,14036900,META
2021-04-14,300.46209716796875,305.63152098726067,299.59887627399337,304.90719423670697,17421400,META
2021-04-15,305.42315673828125,307.72509924935554,301.7321214291283,303.9546699060541,14558300,META
2021-04-16,303.7959899902344,306.54444137804103,302.2382071802452,305.77051588644764,13059200,META
2021-04-19,299.8866882324219,305.3041973641103,298.21977632111566,302.6351398285244,14553500,META
2021-04-20,300.29345703125,302.72439260123326,294.89581231843675,299.6385923844795,16796400,META
2021-04-21,299.1226501464844,299.6286887973505,295.074431779428,299.5989235990618,14863500,META
2021-04-22,294.2112121582031,300.5614044233748,293.73496893428785,298.9837579042729,16375400,META
2021-04-23,298.7853088378906,300.2339323251979,294.83628751007234,296.4337672726164,17536800,META
2021-04-26,300.6804504394531,303.4189396821475,299.2119632513711,300.97810243975925,16172600,META
2021-04-27,301.2062683105469,302.96247535635484,298.7654012272768,301.9107314378546,15309300,META
2021-04-28,304.70880126953125,308.49906447197213,302.9922608483322,304.9667562140213,33907200,META
2021-04-29,326.9443054199219,329.2263845348517,319.10579393830335,327.5495411674635,56526800,META
2021-04-30,322.548828125,327.2519418261899,321.9733574810361,323.60060254321024,26332400,META
2021-05-03,320.0682373046875,325.99175347728556,319.33400895885666,323.6303106363787,18719500,META
2021-05-04,315.8811340332031,319.681329401256,310.68194401650095,317.52821238291256,24032600,META
2021-05-05,312.5671081542969,318.5600865999648,312.04123617300195,315.7124384967286,15577600,META
2021-05-06,317.5282287597656,317.7465169927918,310.8307860445956,312.0710532140715,19012200,META
2021-05-07,316.59552001953125,320.4254804771027,316.2681028362469,319.86984325216355,15916700,META
2021-05-10,303.58758544921875,312.1305297025952,302.4564474516533,311.9023399620006,24239200,META
2021-05-11,304.1432189941406,304.4508027729763,297.35648192958325,298.4082258726899,18920100,META
2021-05-12,300.19427490234375,302.58551380847115,295.86823724243555,298.7853482545603,24645500,META
2021-05-13,302.88311767578125,306.4550622284353,300.41248534825166,303.6967097732454,18079200,META
2021-05-14,313.47998046875,314.38289851654434,306.67337913920693,307.1298192160858,19245700,META
2021-05-17,313.0036926269531,313.2219808293489,309.1538990283127,311.10856102432524,15401300,META
2021-05-18,307.5465393066406,314.03562515796114,307.39771331279434,313.13270708868293,14522400,META
2021-05-19,311.1482849121094,312.2099608190644,301.2063147190204,301.82148235708155,19106200,META
2021-05-20,316.1291809082031,316.76421218745367,310.7216346081384,311.1383473901833,17320200,META
2021-05-21,313.7677307128906,317.4389030180048,313.3509876603318,316.8039020331024,13600900,META
2021-05-24,322.1023254394531,323.4120547384483,315.5537092244351,315.73230041612777,16445400,META
2021-05-25,325.23773193359375,326.6168932086771,322.2709924282731,324.5332384164337,16437000,META
2021-05-26,325.1086730957031,327.26175939453856,323.28300392269824,325.793302820574,9686900,META
2021-05-27,330.1590576171875,331.1810363589441,324.2157081628903,325.4460432710368,20477700,META
2021-05-28,326.17041015625,330.2781589983809,325.773500464872,328.4227242830254,12037400,META
2021-06-01,326.5672607421875,328.8394383209458,324.0966586152129,327.5793076939704,11765900,META
2021-06-02,326.5871276855469,329.2859501143572,324.5729351203657,327.80756141635504,11654300,META
2021-06-03,323.5013122558594,324.8308747707798,320.961248006466,323.24332704492036,12610800,META
2021-06-04,327.77777099609375,329.8713271716394,322.6480133267942,323.36240833474403,13289400,META
2021-06-07,333.9592590332031,335.0606319370068,326.36883062034224,326.91456629914944,20136700,META
2021-06-08,331.0818176269531,335.66583948741965,329.6530276600603,334.07832199527667,14580500,META
2021-06-09,327.6785583496094,334.17754565379573,327.4305049367785,333.1258016057894,13727900,META
2021-06-10,329.8713073730469,331.33979432346086,325.9917487704963,328.2143277062519,13240200,META
2021-06-11,328.6806945800781,330.2384469560632,326.3688198807592,329.99039355021097,13587900,META
2021-06-14,334.14776611328125,334.1973949616918,327.24196787486557,329.3156906835293,12250800,META
2021-06-15,334.1279602050781,337.2732909264785,332.42135144658135,334.3660818011608,15795200,META
2021-06-16,328.5020751953125,334.9216985906193,326.16046556361823,334.0783412293465,17232200,META
2021-06-17,333.88983154296875,335.348386848026,327.5793368606947,327.9166858746589,17794100,META
2021-06-18,327.0931091308594,333.53256511705314,326.43824458108406,331.9251840766744,23039500,META
2021-06-21,329.7026672363281,330.3277666521811,325.0987815754126,328.51199879851725,11337500,META
2021-06-22,336.39013671875,337.273221255067,330.0102112752948,330.0995068553798,15345300,META
2021-06-23,337.9380187988281,340.7460001805239,335.56664409367676,336.70768365205276,14817800,META
2021-06-24,340.50787353515625,342.214482226336,339.1287123056329,339.18824270230544,12329100,META
2021-06-25,338.71197509765625,341.44056268544,337.035131575858,339.92247698416224,14594400,META
2021-06-28,352.87091064453125,355.3514450058949,339.10888057251884,339.793510478652,29156100,META
2021-06-29,349.1500549316406,353.9622666221002,346.33214168796724,353.49592502331853,21417300,META
2021-06-30,345.00262451171875,350.17207980061676,344.4668509038547,349.42791950973475,15107500,META
2021-07-01,351.630615234375,351.9084338493456,343.80203488402134,344.1195505239757,17137000,META
2021-07-02,351.93817138671875,353.66461333834536,349.8743501691839,352.3350507654891,11521300,META
2021-07-06,350.03314208984375,355.9963560178773,346.4611667728856,353.72417820404075,13488500,META
2021-07-07,347.7608642578125,353.71414464722267,347.27468938226133,352.4937415465615,14218900,META
2021-07-08,342.9586181640625,345.61774329354535,339.89268183283735,343.03801220730537,14406500,META
2021-07-09,347.69146728515625,347.97918739800417,342.58154354659945,342.63117238947024,13018700,META
2021-07-12,350.4101867675781,351.4321656465033,346.91760551570826,348.49522163288634,10018600,META
2021-07-13,349.3484802246094,355.6986411619793,346.0840890261971,348.7630778385036,11456000,META
2021-07-14,344.9231872558594,352.43425079221873,344.03020115303184,351.7992196115705,13894200,META
2021-07-15,341.77783203125,346.51070950491726,337.5708567479468,346.51070950491726,14781600,META
2021-07-16,338.5035705566406,343.29594856960324,337.49152365972935,342.22437128345916,11026100,META
2021-07-19,334.3263244628906,337.14420694615836,331.93508648364974,334.94149193938523,14372300,META
2021-07-20,338.99969482421875,340.77576560791334,331.8954419693958,336.16194824446416,11024300,META
2021-07-21,343.53411865234375,343.82183878893244,338.59288412390543,338.84093751886803,9279700,META
2021-07-22,348.4555358886719,348.80281674381297,342.522086990995,343.9806423586199,12385400,META
2021-07-23,366.91064453125,372.40748560789234,354.4087481746398,358.09978366506846,33694300,META
2021-07-26,369.55987548828125,371.5244693516764,365.35289943975135,366.7022954251453,14925200,META
2021-07-27,364.94610595703125,370.24452329824976,361.71147971727765,369.01418804237403,15705400,META
2021-07-28,370.37353515625,374.6102768280347,364.07297199585037,371.64356750310543,29676900,META
2021-07-29,355.5299987792969,362.67391881987123,353.9622842712004,358.1891240675114,33413200,META
2021-07-30,353.5257568359375,357.92128688334,350.1919330776863,351.2436772595128,15976200,META
2021-08-02,349.2095947265625,356.6015680075973,348.00899444804065,355.3117024170683,13180400,META
2021-08-03,348.5051574707031,351.0154571162281,344.9927425004173,349.98357658934486,12406100,META
2021-08-04,356.1253356933594,357.67318656110393,348.7730289315938,349.6759469844377,14180600,META
2021-08-05,360.1437683105469,361.06651968292107,354.121024546421,356.8397103759352,10247200,META
2021-08-06,360.6795654296875,362.3067799430136,358.58597904613214,358.58597904613214,8925000,META
2021-08-09,358.79437255859375,362.9319169074044,357.94108333229246,360.92765618426364,7798900,META
2021-08-10,358.318115234375,361.2649909446652,356.2443923686089,359.01264661164123,7469900,META
2021-08-11,357.15716552734375,359.5384718883265,355.02391254312903,359.28051696685594,8400300,META
2021-08-12,359.82623291015625,360.1735137038781,354.32936144025535,355.6589542253566,7170700,META
2021-08-13,360.3521423339844,361.8206294212598,358.6653973147733,360.143785948073,7195700,META
2021-08-16,363.705810546875,364.09278838073544,354.597297072418,359.6972591712923,11222100,META
2021-08-17,355.65899658203125,361.83056672447157,352.30530958489106,360.1537232259015,12328700,META
2021-08-18,352.68231201171875,357.0579470408631,352.3846297841883,353.4760707252254,10042400,META
2021-08-19,352.3549499511719,354.7858858051313,348.267034054359,348.6143149306333,12004500,META
2021-08-20,356.57183837890625,357.1870060382135,350.5590256805761,351.83898985298094,8697700,META
2021-08-23,360.5207824707031,362.8425584347706,356.3038750817874,356.6412240393063,10942000,META
2021-08-24,362.6639709472656,365.094875886955,359.02253403016067,360.8283698916123,9235100,META
2021-08-25,365.5216064453125,367.9723451281747,362.5548669977145,362.75332184262254,9684500,META
2021-08-26,361.5428161621094,366.5634148299636,361.29476274855944,365.51167077890847,7888700,META
2021-08-27,369.7285461425781,370.8298886670531,361.2451019807343,362.2571791977708,11219100,META
2021-08-30,377.6960754394531,378.51959949765813,367.63501386017316,369.6591383120919,13547300,META
2021-08-31,376.42596435546875,379.77965084701674,375.8504635658198,376.99153332048314,12345400,META
2021-09-01,379.0751647949219,381.3374104188179,375.8604026662153,376.63432800386516,11567200,META
2021-09-02,372.35797119140625,378.77759530135984,371.1474692172277,378.529541866323,14832900,META
2021-09-03,373.33026123046875,374.223247324552,370.20476448124776,371.83200915575986,7509600,META
2021-09-07,379.2041931152344,379.97811852578053,370.2445053593143,372.95325943620423,10793800,META
2021-09-08,374.63006591796875,377.9043584211516,371.87171354427096,377.1998953005184,11067200,META
2021-09-09,375.0567932128906,376.87253103145304,373.6379348337995,374.6996108013545,9098900,META
2021-09-10,375.74139404296875,380.8016897745919,375.3147494355466,378.39058756343474,11549600,META
2021-09-13,373.5783996582031,378.7775898927496,371.4352143764918,378.7081276647406,13026300,META
2021-09-14,373.5981750488281,375.64213258472364,372.1892184534272,374.46139601166345,8711600,META
2021-09-15,371.008544921875,374.62018689725124,364.80720954935725,374.06454967027025,17940300,META
2021-09-16,370.1551818847656,370.6512886562061,366.83126046012364,369.88729512897135,11934200,META
2021-09-17,361.880126953125,368.51803802109464,358.7744936986694,368.51803802109464,26299000,META
2021-09-20,352.9303894042969,358.2188745657045,347.0763049441087,356.50233413802766,19822800,META
2021-09-21,354.6965026855469,357.23656689336485,352.4243252293509,355.70854958273947,11751900,META
2021-09-22,340.5376281738281,347.1160093217714,338.0372607512432,344.52634630694666,43692900,META
2021-09-23,343.2662353515625,346.9473698962506,340.32929134487557,342.67090108913663,21806300,META
2021-09-24,350.21173095703125,351.5909225024472,339.70419175115126,340.56741280535164,18801900,META
2021-09-27,350.8268737792969,352.38465640920737,344.3774853349106,347.0862393823371,15205800,META
2021-09-28,337.9975891113281,346.8779137926571,336.28107879832675,345.2606006251784,21710300,META
2021-09-29,336.96563720703125,342.5419029260096,336.24134067745075,340.4780817360786,14452200,META
2021-09-30,336.74737548828125,340.13079708981513,335.5170100804958,337.7991194420631,16547100,META
2021-10-01,340.3392333984375,342.33356235954994,336.0032643427392,338.95010998438113,14905300,META
2021-10-04,323.68988037109375,333.32426674467087,320.1873672849246,332.9174555014666,42885000,META
2021-10-05,330.3674011230469,332.5701163218567,323.6203613810825,326.021501113507,35377900,META
2021-10-06,331.04217529296875,331.77640370121645,323.26319366414805,327.17251785068817,26443000,META
2021-10-07,326.6565856933594,336.201676355274,326.4184641021134,334.3760068358188,28307500,META
2021-10-08,327.4801025390625,330.80402431715976,326.1505398838151,328.928756267281,15946100,META
2021-10-11,322.9159240722656,327.8868935538608,322.7769996356763,325.07894242521274,14708200,META
2021-10-12,321.2489929199219,321.8542589738375,314.89883180646416,320.51476453054045,31658700,META
2021-10-13,322.0130310058594,324.45386814100897,320.1476644726713,324.42410294228614,14761500,META
2021-10-14,325.971923828125,327.9464191482135,324.5530656863524,325.8032341975856,14302200,META
2021-10-15,322.2313232421875,326.50776176514034,319.9988424702533,326.1207838969584,21596400,META
2021-10-18,332.7289123535156,333.2746480135661,324.94996119096635,326.38868305478695,21585000,META
2021-10-19,337.3426818847656,339.7934506132104,334.65379158917005,337.00533290465023,18786300,META
2021-10-20,338.1265869140625,341.3016828983417,336.80695600282183,340.77581084319115,13639500,META
2021-10-21,339.21795654296875,339.6446010811802,335.16970850239795,337.6304088854891,16354400,META
2021-10-22,322.08245849609375,327.06339039987455,318.60971071997267,323.80893083802226,35224500,META
2021-10-25,326.1307067871094,326.9939278171444,317.23054914233694,317.8060197357078,38409000,META
2021-10-26,313.35101318359375,327.638884727191,307.18937444715965,325.70408613688915,65654000,META
2021-10-27,309.7889404296875,316.7642010297312,309.63018261546694,311.74360248983976,29971800,META
2021-10-28,314.4523620605469,322.98537519345757,305.7109319804182,310.5529394184158,50806800,META
2021-10-29,321.05059814453125,323.4616701981431,317.1115084956438,317.6969109522846,37059400,META
2021-11-01,327.41064453125,330.8536268282647,323.46162362425594,323.50132064541936,31518900,META
2021-11-02,325.52545166015625,332.18322727188917,321.27877830987967,328.79977498067046,28353000,META
2021-11-03,329.0378723144531,329.56374431625284,320.6834506798263,324.94002526271333,20786500,META
2021-11-04,333.2349548339844,334.64388123663895,330.0598590951158,331.40928538211995,22495300,META
2021-11-05,338.473876953125,344.08981033823187,336.99548817455815,337.66025442158127,26872800,META
2021-11-08,335.9833679199219,342.10533921947234,335.70554932019894,341.7382250284052,18342500,META
2021-11-09,332.7586364746094,338.65238708389546,331.8656503810712,337.3525898219776,17556700,META
2021-11-10,325.08892822265625,330.59570243398394,322.9755080862131,329.901140695636,21872600,META
2021-11-11,325.1881408691406,329.87139121269155,324.45391234730033,327.251962528312,12376600,META
2021-11-12,338.2356872558594,339.1981053182596,327.2121791111643,327.6090584700832,25414300,META
2021-11-15,344.853759765625,350.8963370151153,340.5277229617034,341.65883073118636,25076600,META
2021-11-16,340.2895812988281,343.95085205070313,338.2158584260246,341.15280232033473,18181100,META
2021-11-17,338.11663818359375,344.5957921753798,337.45187198784345,341.5596207966842,13602800,META
2021-11-18,336.0528564453125,339.793491148668,332.68923750827,337.07483533285813,17487200,META
2021-11-19,342.6113586425781,349.35842957953895,337.2534110290804,339.53552057480016,26488500,META
2021-11-22,338.35479736328125,351.0749537528082,337.8586905223181,346.3321735643987,27116800,META
2021-11-23,334.62408447265625,338.7417654457569,330.90328294034356,336.29099629194184,17225000,META
2021-11-24,338.4044189453125,339.11881405607335,330.21865551282673,333.38381979578475,13566200,META
2021-11-26,330.5262145996094,335.1201687600475,329.315712704807,333.18533998164787,14750700,META
2021-11-29,335.39794921875,338.0174075573323,332.69912711837196,334.26684150342027,16650900,META
2021-11-30,321.93359375,333.195223381446,320.91161502439473,332.39153284383184,25390000,META
2021-12-01,308.1815490722656,327.9265935829965,307.87396527980366,327.7182372061574,30329600,META
2021-12-02,307.9732360839844,312.1504474345972,304.8080718434129,308.9753513670774,24396200,META
2021-12-03,304.4508056640625,311.30700500958125,297.167961754166,311.2871716391293,27471000,META
2021-12-06,315.39495849609375,317.60760590944744,303.954735944998,305.73080691553787,21758300,META
2021-12-07,320.29644775390625,323.9974151280257,318.5005436838794,319.0661126641519,18794000,META
2021-12-08,327.9861145019531,330.15906463751605,320.5544445697957,322.46940948818246,19937700,META
2021-12-09,327.25189208984375,333.5127573929671,325.4460560967517,326.9740734970569,16879200,META
2021-12-10,327.1824035644531,332.42128966430977,323.82871706978085,329.9705210935841,14528000,META
2021-12-13,331.88555908203125,338.43417572097843,327.02371788704136,328.3731442981991,22948700,META
2021-12-14,331.1413879394531,333.0861485777015,325.09881018765583,325.49568960853713,20461000,META
2021-12-15,338.99969482421875,339.44617276651826,321.4573660255817,329.9010829872585,24681300,META
2021-12-16,332.2923583984375,341.7779188431185,331.1413868855736,336.3406072064359,22635000,META
2021-12-17,331.19097900390625,334.4851050733317,328.1746412454397,330.20866697035297,40012600,META
2021-12-20,322.9159240722656,327.3312563674149,320.0186470744069,327.2121955817415,17901800,META
2021-12-21,331.5978088378906,333.3837812684171,321.2291642430061,323.86845614497594,16116800,META
2021-12-22,327.87701416015625,331.90539917403015,325.7040638349438,331.2009056779404,16764600,META
2021-12-23,332.6296691894531,334.04855761445225,325.8032349487416,327.5297071595906,13987700,META
2021-12-27,343.4844055175781,345.16124847844026,335.3780395162014,336.2114950851589,17795000,META
2021-12-28,343.524169921875,349.963626048627,342.51212302101527,343.93098110318874,16637600,META
2021-12-29,340.269775390625,346.96721799730705,338.9799096672479,344.20886506827196,10747000,META
2021-12-30,341.6786804199219,344.52635905092467,340.54757259642133,341.3214980377505,10593300,META
2021-12-31,333.7311096191406,340.7659016575022,333.65171556028093,340.34915854839227,12870500,META
2022-01-03,335.90399169921875,338.42419237470216,334.5644973188107,335.66583985117506,14537900,META
2022-01-04,333.9096984863281,340.41861838888224,329.2859786889718,337.3030828996532,15998000,META
2022-01-05,321.6458740234375,333.1456252268606,321.3184266010709,330.426939558543,20564500,META
2022-01-06,329.8713073730469,336.5290820753032,320.20715711438896,320.30638452508464,27962800,META
2022-01-07,329.2065734863281,334.37599809420357,326.31922814812157,330.1491582803403,14722000,META
2022-01-10,325.5155334472656,325.78342022706335,312.9739386071096,322.77701413394965,24942400,META
2022-01-11,331.76641845703125,332.0244036529667,322.74720150321167,324.23552173215785,16226800,META
2022-01-12,330.6651306152344,333.7509005316702,327.4602696256606,332.57016386603556,14104900,META
2022-01-13,323.9378967285156,333.016644823847,323.223501748033,332.3717120603452,14797100,META
2022-01-14,329.31573486328125,330.1392892257927,318.7089675405318,319.2844684675813,16868500,META
2022-01-18,315.67279052734375,321.6856032779629,315.16678211800723,320.7727836078139,22645600,META
2022-01-19,317.1015625,324.5530968357373,316.84357725675176,317.09163067373413,20814700,META
2022-01-20,314.0951232910156,325.2674577074556,313.5196527472708,321.3779672147133,16925000,META
2022-01-21,300.80938720703125,315.83148420546536,300.68039460419897,312.3587368736268,28710700,META
2022-01-24,306.3063049316406,307.1199274914886,286.7597118004124,295.520946079868,38878100,META
2022-01-25,297.8129577636719,303.845634457327,295.2629611011237,297.61453317714614,25108500,META
2022-01-26,292.3359375,305.11565524775347,288.5853707940254,304.61954838040253,28348800,META
2022-01-27,292.3457946777344,299.3607209780765,291.96874871003104,295.43156407033877,21629900,META
2022-01-28,299.36077880859375,299.54930182886426,290.74837139396675,293.3182011734946,21871600,META
2022-01-31,310.8208312988281,311.3467032774815,296.98937176977,298.338767684822,21579500,META
2022-02-01,316.5161437988281,317.1710084195929,309.6897092695964,312.110712917288,18023800,META
2022-02-02,320.4849853515625,325.4460532362616,314.4027112801285,325.2674620596017,58458300,META
2022-02-03,235.90870666503906,246.06897966279848,233.91436272380943,242.74505795410397,188119900,META
2022-02-04,235.24392700195312,240.72095050433083,228.3182800713967,233.14043894132064,89342200,META
2022-02-07,223.15875244140625,236.44449122728196,222.26575116531183,235.849157043219,88613800,META
2022-02-08,218.465576171875,224.01206152431283,214.4669567033592,219.1303725857273,94729700,META
2022-02-09,230.1935577392578,231.55288554145955,220.47979314969592,222.45428854589056,86563300,META
2022-02-10,226.294189453125,233.1702232371406,224.934846367152,226.49262916830958,49310400,META
2022-02-11,217.84051513671875,228.62587292741537,217.06658968226097,226.6811426049242,46156900,META
2022-02-14,216.00494384765625,219.27925245530182,213.10768133337038,217.60240869059956,38184000,META
2022-02-15,219.27919006347656,219.42801603694065,213.38543927466827,218.75331810393428,42685500,META
2022-02-16,214.85394287109375,215.76679277675476,210.70649697006257,210.7561106818888,45817500,META
2022-02-17,206.09271240234375,215.80647777484828,205.54699184434253,212.35357836964496,38747500,META
2022-02-18,204.5547637939453,209.10902068196484,203.5823835443195,207.75960955144294,37128400,META
2022-02-22,200.5065155029297,205.86446260363473,198.50223989771277,200.76448557489732,39852400,META
2022-02-23,196.90478515625,205.32868403916535,196.5079057737242,202.57033145267047,44481400,META
2022-02-24,205.98353576660156,206.72769591729016,188.7388596965179,189.57231543169465,49957200,META
2022-02-25,208.84112548828125,209.6745964633609,201.59796279185824,203.3442685110929,37627600,META
2022-02-28,209.3868408203125,211.49032886803136,205.21954660842596,206.06291910870078,34239800,META
2022-03-01,201.90553283691406,210.10121098872736,200.6454174385438,208.23584474294873,27094900,META
2022-03-02,206.4895782470703,207.52147375619305,200.44700090023863,203.1855050567392,29452100,META
2022-03-03,201.3896026611328,207.45202857519675,199.85166849923849,207.39249817950693,27263500,META
2022-03-04,198.50225830078125,204.2868656360038,197.2421427393917,200.7942693856852,32130900,META
2022-03-07,186.01028442382812,199.32578909187365,185.82176141781613,199.2265616760848,38560600,META
2022-03-08,188.80831909179688,195.16841189497072,184.66087351517342,186.38733062782254,37508100,META
2022-03-09,196.95440673828125,197.54974097584935,192.4100664687819,194.21590255342085,31894700,META
2022-03-10,193.69003295898438,194.7516936899463,189.5822690603511,193.32290361390366,24853000,META
2022-03-11,186.14920043945312,192.0528685324607,185.2165172013014,191.14003380617865,34694500,META
2022-03-14,185.17681884765625,190.79273600899157,184.3731282981707,185.57369820987867,31010500,META
2022-03-15,190.53475952148438,190.78281289951474,184.46241767209364,189.31434114076848,31721700,META
2022-03-16,202.04446411132812,202.14367638925566,193.00539743531633,193.18398861957286,40640300,META
2022-03-17,206.22169494628906,206.42013466134534,199.54410088177565,200.1295033401846,29499700,META
2022-03-18,214.80430603027344,215.1118897928269,204.39598096658355,205.0905273884747,52128000,META
2022-03-21,209.84326171875,213.03819075246523,206.01331658056841,212.82981923288457,30142300,META
2022-03-22,214.96307373046875,217.75120670745483,208.54345042733235,209.72418705211007,31998800,META
2022-03-23,211.79794311523438,215.11193324044734,210.50806227692397,211.66895048940947,23717300,META
2022-03-24,217.8603515625,218.95177745927012,213.1175565355208,213.325928057074,31502300,META
2022-03-25,220.0928192138672,223.7441578485975,217.1856256093876,218.79300673228764,40039000,META
2022-03-28,221.8490447998047,222.29553791114895,217.830576517749,220.4004213594452,26224100,META
2022-03-29,228.0702362060547,229.09221508129363,223.53581243884693,224.3097530350269,31417900,META
2022-03-30,226.07589721679688,229.3501903092489,224.9447742063183,227.12764131461282,25588000,META
2022-03-31,220.6286163330078,226.7108905356395,220.5293889171824,226.67119351331812,24192300,META
2022-04-01,223.0992431640625,225.51031504373782,220.9659747526021,222.80157604386122,19544800,META
2022-04-04,232.06886291503906,232.52528788104456,224.1013880730897,224.22044887292608,28054800,META
2022-04-05,230.03480529785156,235.01572198026443,229.2211979906724,232.2573692886443,29727200,META
2022-04-06,221.56130981445312,227.20700787328028,219.68602663220452,225.14320167620593,28995100,META
2022-04-07,221.21405029296875,223.7640468718205,216.85823258020494,222.18641551892142,21037200,META
2022-04-08,220.59886169433594,223.37706293065762,218.31676728092958,220.6484754046232,18375700,META
2022-04-11,214.77456665039062,218.8922471136339,213.54421631232353,216.7192968654244,20516600,META
2022-04-12,212.47264099121094,220.3012064741465,211.47051060517515,218.52515061375053,20128800,META
2022-04-13,213.31600952148438,214.92339072532232,209.68450407431595,210.17069419373846,19231800,META
2022-04-14,208.54347229003906,213.3160329982505,208.36488108772562,213.21680557031203,18379500,META
2022-04-18,209.12889099121094,211.71856941823995,206.67812188003873,208.3648821840085,16580800,META
2022-04-19,215.61795043945312,216.7292249062666,207.37265725519583,208.88082627442776,20089900,META
2022-04-20,198.85948181152344,212.49250445108487,197.3711611576841,211.94678385001433,43036500,META
2022-04-21,186.60562133789062,201.38959810560033,184.13500399279943,200.03027030150272,49954100,META
2022-04-22,182.6764678955078,191.21942859760426,181.84301200749346,188.88772030853818,36426800,META
2022-04-25,185.53402709960938,185.72253496662242,180.24552677813085,181.307187460691,29281100,META
2022-04-26,179.5410614013672,185.73248018162553,178.10235460110894,185.17684294621372,31747400,META
2022-04-27,173.5877685546875,179.79903546123612,167.68410058572994,173.07181323676826,71062900,META
2022-04-28,204.12811279296875,206.90631407931315,191.39800967095255,201.33999482037984,100890600,META
2022-04-29,198.9090576171875,210.82553726399675,198.3434886093317,202.867995252245,49193400,META
2022-05-02,209.486083984375,210.2302442617145,199.4250376403443,199.60362883971555,49915300,META
2022-05-03,210.37905883789062,213.2267071664261,206.4697346374748,208.8113594552885,41556300,META
2022-05-04,221.67044067382812,222.5535101589403,205.348530227441,209.0097856387637,41375900,META
2022-05-05,206.6582489013672,218.4556680856586,204.5547608988458,217.03680989451814,41129200,META
2022-05-06,202.18338012695312,207.74969932081515,199.454792583687,205.7255749921496,34747200,META
2022-05-09,194.68226623535156,200.99274628078112,194.05716672906522,198.28399184686057,36303200,META
2022-05-10,196.11102294921875,201.37969017738874,192.67797217965332,197.95654095400684,34452500,META
2022-05-11,187.27040100097656,199.10750202518517,186.8040593960686,194.80129861899218,31153400,META
2022-05-12,189.7509765625,196.5079502605456,183.34126861778643,185.60351491827794,38262200,META
2022-05-13,197.07345581054688,198.3335712924769,189.79061178927196,191.0804924673125,24549800,META
2022-05-16,198.48240661621094,203.7709070471389,194.4044080173516,195.5156975710409,27112600,META
2022-05-17,201.04232788085938,203.8602261947691,196.8155031199633,200.54622104854852,24872700,META
2022-05-18,190.74313354492188,199.43491857574162,190.1378826889188,198.44270505048917,23960000,META
2022-05-19,189.80052185058594,193.76937601990323,188.1236936816302,189.7112262653708,24446900,META
2022-05-20,192.0330047607422,196.36898829099752,186.4071557210518,193.451878017089,31465600,META
2022-05-23,194.7021026611328,195.45619481132397,189.7509656685992,193.67020700821402,25059200,META
2022-05-24,179.86846923828125,182.2497756772085,174.73872705560913,179.14415759360392,50406300,META
2022-05-25,182.3986358642578,184.0060171216073,177.92375778337643,178.99533519495697,28030200,META
2022-05-26,190.1378936767578,191.32854694787179,180.84084211269274,181.4560248290842,23056500,META
2022-05-27,193.61065673828125,193.80909644271358,188.3221561022746,189.87000699281722,22562700,META
2022-05-31,192.1322479248047,196.06142058608745,190.5149348528655,193.37251497016206,26131100,META
2022-06-01,187.1711883544922,197.97639474515785,183.55953115785042,194.979905186522,36623500,META
2022-06-02,197.3115997314453,199.3754058637499,186.26825737146237,186.98265238418233,31951600,META
2022-06-03,189.2945098876953,195.07911700749378,188.30229628512222,194.45401759307975,19465000,META
2022-06-06,192.73748779296875,195.38669623309409,186.93303229765272,192.47951771272406,30574200,META
2022-06-07,194.1265869140625,194.99973973643614,189.99898979915574,190.43555107036437,18828700,META
2022-06-08,195.10888671875,200.45691755476113,192.8962545730106,193.15422466525632,22267200,META
2022-06-09,182.5673065185547,197.8970039563833,182.24979089220236,192.76726134545828,23501600,META
2022-06-10,174.2029266357422,181.67429287254325,173.65720619786654,181.61474734661275,27450800,META
2022-06-13,162.9810028076172,171.23622734441977,162.75279791555977,169.2617168018966,31749300,META
2022-06-14,162.45513916015625,165.45162866818345,160.10359761848122,164.73723361805804,27244300,META
2022-06-15,168.0314178466797,170.81953628127604,162.70321929453337,165.898149032251,30008300,META
2022-06-16,159.61740112304688,163.79462714887313,158.36721740504552,162.4452160123095,26944100,META
2022-06-17,162.46507263183594,164.6082426639391,158.65496061258537,160.42109974328864,31374200,META
2022-06-21,155.82716369628906,166.45376388238589,154.75557108979552,164.63801100527013,50724900,META
2022-06-22,154.63648986816406,159.5380121523933,154.22967867369047,157.1467889716582,47267800,META
2022-06-23,157.51393127441406,158.50614501472532,153.04896944301333,155.05324543763655,40499200,META
2022-06-24,168.83509826660156,168.92439387205752,160.0440836832847,160.4707283360058,68736000,META
2022-06-27,168.1702880859375,170.41268536583237,166.70180106089464,169.9860407861088,29174600,META
2022-06-28,159.42886352539062,169.9661815615334,159.35941645073356,168.57707352864495,27744500,META
2022-06-29,162.6635284423828,165.03491875533774,159.07171942727453,162.2964141909988,28595200,META
2022-06-30,159.99444580078125,163.9434517587167,157.25594166723448,160.8874320004222,35250600,META
2022-07-01,158.78395080566406,159.36935323149515,153.7931173068404,159.0617694192781,31423900,META
2022-07-05,166.88043212890625,166.9399625311862,155.7974064183734,156.90868096754664,28618600,META
2022-07-06,168.44810485839844,170.25392571345915,164.17166672198726,166.8903222600425,23085900,META
2022-07-07,170.84927368164062,171.37514571376303,166.47360777815038,168.13060278464656,24083400,META
2022-07-08,169.54946899414062,171.05762280254982,166.84071489855444,168.65646764813104,19249200,META
2022-07-11,161.6117706298828,166.18587634519014,160.64932213963525,165.76914841229626,21885600,META
2022-07-12,161.99871826171875,164.61816155285183,160.83783016973706,163.5168038543085,16639700,META
2022-07-13,162.21702575683594,163.6954145029734,158.36723169686718,158.91295226825136,16555100,META
2022-07-14,156.81939697265625,161.3240410450648,156.05538809355392,159.96471295911425,23765200,META
2022-07-15,163.41758728027344,163.6954058947358,158.57559489965857,159.2899748082911,23342800,META
2022-07-18,165.92788696289062,170.35316657049168,164.35027086909628,165.4516286428729,23574300,META
2022-07-19,174.4113311767578,175.11580959847797,168.19014674600294,169.04345117373006,25933700,META
2022-07-20,181.6643829345703,182.17042155610093,175.32413868697932,176.1079959030853,24784300,META
2022-07-21,181.74375915527344,182.41847226069277,177.47723774446465,179.2235433302716,27195800,META
2022-07-22,167.95199584960938,174.23270958756183,167.09869157067797,171.72241045744528,42583900,META
2022-07-25,165.35240173339844,169.24189263554436,163.52673221768362,167.68410990943246,26166300,META
2022-07-26,157.9108123779297,164.70748262664796,156.72015890501024,164.64795222399903,28468400,META
2022-07-27,168.25958251953125,169.53953138988183,160.75845019660002,161.32400407048306,43846600,META
2022-07-28,159.4685821533203,160.25242429053662,153.6442927588761,159.8059311673132,73214300,META
2022-07-29,157.86117553710938,158.89307092618188,153.9617685690305,156.46215085405942,42065400,META
2022-08-01,158.68470764160156,163.9037606652723,154.02130693001527,156.0255825636675,40596700,META
2022-08-02,158.94268798828125,160.97672875527448,156.779654617437,157.07732170479792,27374500,META
2022-08-03,167.48565673828125,168.21988510406044,160.31195673384136,161.42323110797926,31721900,META
2022-08-04,169.2418975830078,170.80958190125747,165.50124770571404,166.98956825137697,23938200,META
2022-08-05,165.80882263183594,170.27378402922727,164.50902518076973,165.68976183936536,25832700,META
2022-08-08,168.92437744140625,176.12784324049753,165.82867563352886,166.69189668226872,27299100,META
2022-08-09,167.21775817871094,168.20997178691073,165.30279318207488,167.63448607735745,18655100,META
2022-08-10,176.95138549804688,179.07472218493237,172.59556801298828,174.6196924150537,30262100,META
2022-08-11,176.1079864501953,181.67430500840524,174.9966969915663,178.31070171750684,24079100,META
2022-08-12,179.09454345703125,180.0470751142929,177.5169275665444,179.4021272311539,21274000,META
2022-08-15,179.48150634765625,180.0272268217476,176.8124495070817,177.56654148581777,15878700,META
2022-08-16,178.0725860595703,179.58075505593564,175.66149900261934,178.0428208610876,21156700,META
2022-08-17,173.48854064941406,176.75291648031703,172.81382758060934,175.38365697301987,20118100,META
2022-08-18,173.30003356933594,174.3914594614701,170.52183242030472,172.9825179454566,18844500,META
2022-08-19,166.65220642089844,170.9782584134384,165.74928839232285,168.87475524203418,26240800,META
2022-08-22,161.78042602539062,164.20142956470605,160.996568824722,164.20142956470605,19499700,META
2022-08-23,159.8555145263672,163.76483806382655,159.4487033655709,161.21484215051808,18111800,META
2022-08-24,161.98880004882812,164.1716822581917,158.52598399302542,159.34952316474363,20891500,META
2022-08-25,167.4658203125,167.565047734485,162.74288874160553,163.89384508074522,15550500,META
2022-08-26,160.52032470703125,169.58915695402584,160.41118059882976,167.1681532011775,24023600,META
2022-08-29,157.93063354492188,161.78042707604678,157.77187573869497,159.40903722795167,20052700,META
2022-08-30,155.93629455566406,160.40125579993304,154.6960275433671,159.10145839344236,19567900,META
2022-08-31,161.66134643554688,166.53311859967866,160.87750439263087,165.76912506695646,40953000,META
2022-09-01,164.07244873046875,166.05687601790066,159.10146382584418,162.30630965585266,30145700,META
2022-09-02,159.07168579101562,166.62241647598805,157.98024481501335,166.14615820463135,22634200,META
2022-09-06,157.3055419921875,160.43102400577848,156.46216949199575,158.85340797014467,19339800,META
2022-09-07,159.14114379882812,159.7067128361439,155.58901718018615,156.5316171024006,16831200,META
2022-09-08,160.79815673828125,160.96683125776227,156.51180124210805,157.47424978383748,22530800,META
2022-09-09,167.83291625976562,168.21987893943492,161.75065748137297,161.97886235913248,22086800,META
2022-09-12,167.64442443847656,170.05549633320575,165.9774976389288,166.0866417456848,23220400,META
2022-09-13,151.93768310546875,160.3714992434936,151.48125815876136,160.2821885074128,44444100,META
2022-09-14,150.29058837890625,152.34446256485677,147.88943339273362,152.13610619670536,43064200,META
2022-09-15,148.3855438232422,152.99933091133602,147.54215622478398,148.63359721808547,34606300,META
2022-09-16,145.15090942382812,147.42308686684436,143.16648238048384,146.8972149115563,40122800,META
2022-09-19,146.8674774169922,147.42311467152805,143.97021520406963,144.1091245177036,22169500,META
2022-09-20,144.95249938964844,147.68108713223123,144.08927829406127,144.6449155574268,23217400,META
2022-09-21,141.01339721679688,148.43516612082303,140.89433642517437,145.25015368511407,38338600,META
2022-09-22,141.70794677734375,143.45423717863846,139.77311823877739,140.44783132698993,34418500,META
2022-09-23,139.31674194335938,141.50952594174933,137.80857274275996,140.31887242126808,31710700,META
2022-09-26,135.3081512451172,141.1324548324313,135.12956008086076,139.0289519002258,30497000,META
2022-09-27,133.35350036621094,138.33441682444828,133.0756817723629,136.84609644027194,30826500,META
2022-09-28,140.50738525390625,140.9241131987942,133.2245401951875,133.57180591260422,32658500,META
2022-09-29,135.34786987304688,138.7511554817555,134.1472846750604,138.2748971610571,38985400,META
2022-09-30,134.62351989746094,139.8921862798723,134.44492873533332,134.99064918623955,33166400,META
2022-10-03,137.53074645996094,138.53287688225336,135.04029543467058,136.07219105782457,27723100,META
2022-10-04,139.18771362304688,141.2812847896686,138.25503047678262,139.396085127203,34670700,META
2022-10-05,137.89784240722656,139.11827604059891,133.73054829955544,137.1636140300522,27979300,META
2022-10-06,137.98715209960938,140.3486101635324,135.5363833056393,136.64765768866192,36231100,META
2022-10-07,132.410888671875,137.21319838280945,131.40875848632146,135.69511293757594,33214800,META
2022-10-10,132.7482452392578,135.05018796059127,130.84319702503913,132.51012367496634,24024000,META
2022-10-11,127.53913116455078,131.62706154565242,126.00120460626015,130.59515090965465,38481400,META
2022-10-12,126.50723266601562,128.6603343385144,125.2669656790939,127.32085507662566,34605200,META
2022-10-13,129.27549743652344,130.11888501437636,121.57592569909303,122.56813925422476,34325700,META
2022-10-14,125.77300262451172,130.76382843262456,125.53486590146892,129.9799863217405,23559400,META
2022-10-17,132.99630737304688,133.74046759034007,129.1663621824455,129.2854381123977,29612200,META
2022-10-18,131.76596069335938,136.76671025641883,130.37685265808165,136.02255010394123,25445000,META
2022-10-19,132.19264221191406,135.93329253022526,131.1905117100772,131.85529314871923,30691000,META
2022-10-20,130.505859375,135.70506431958893,130.28757116213697,131.89495242051143,26356300,META
2022-10-21,128.99769592285156,129.10684003395843,124.46328724863885,125.32650831104277,46348600,META
2022-10-24,128.7099609375,132.440678957435,123.60005892557997,126.25919191467688,63563400,META
2022-10-25,136.4392852783203,137.27275620010687,129.57316905393745,129.86091947335717,38433200,META
2022-10-26,128.80914306640625,134.49452126543198,127.52917937941662,130.65464534443714,82791500,META
2022-10-27,97.17739868164062,101.70189010182288,95.62954037737664,97.21708813251803,232316600,META
2022-10-28,98.42758178710938,100.06473566950352,96.75074602404112,98.8046277834116,95928300,META
2022-10-31,92.43461608886719,98.54664749730443,91.87897136447218,97.45521412829655,121361400,META
2022-11-01,94.458740234375,96.73091049225727,92.82159370231095,93.59551916910262,110189600,META
2022-11-02,89.83502960205078,94.45874152287298,89.7754992022516,93.47645207623735,71821100,META
2022-11-03,88.21772766113281,89.75565442318421,87.72162078886008,89.37861592545339,60664000,META
2022-11-04,90.08308410644531,90.67841082153454,87.40410253355893,89.64650764938459,55638100,META
2022-11-07,95.9668960571289,96.12564628921443,92.37508027008157,94.04199934191713,81987300,META
2022-11-08,95.7188491821289,97.03849511420917,94.05192999686678,95.17312866285086,52088300,META
2022-11-09,100.67992401123047,104.0832172597688,99.95560468906787,100.92797743293154,107677300,META
2022-11-10,110.99894714355469,111.87209245704757,103.79547370477209,106.28593216199393,80671000,META
2022-11-11,112.13998413085938,114.00535064993957,107.96276554524319,108.37950103418012,59961700,META
2022-11-14,113.33065032958984,115.36468387805913,109.93728128327324,110.12579673918653,53395000,META
2022-11-15,116.16836547851562,117.8154360525285,113.5191570888149,115.16622766282778,50670500,META
2022-11-16,112.34835815429688,115.1761656241988,111.78279666031649,113.60846619527436,33287800,META
2022-11-17,110.58221435546875,111.45536726035598,108.94506779878482,109.55031876422171,35093800,META
2022-11-18,111.17755126953125,113.42987310168331,109.75868533544744,112.9139252938301,33357700,META
2022-11-21,109.00457763671875,111.49503568520781,108.33979639679968,110.65164813935317,24351100,META
2022-11-22,110.5722885131836,110.75088726803217,107.47657928580465,109.00458917284487,29029000,META
2022-11-23,111.36605834960938,111.79271052341535,109.86782118321183,110.85011058058302,21343100,META
2022-11-25,110.54252624511719,111.85224795871838,110.15555595769946,110.43338213815132,12007600,META
2022-11-28,107.9330062866211,111.16762510453496,107.53611928816707,109.91743370890127,23309400,META
2022-11-29,108.60770416259766,110.07618368108777,107.6948694302875,108.68708307062184,23899200,META
2022-11-30,117.18042755126953,117.2399655163382,108.52832353355872,108.65731614954981,43348600,META
2022-12-01,119.50221252441406,120.25628943600728,117.4780958022648,118.27186216762439,36551400,META
2022-12-02,122.52847290039062,123.07419348657756,116.69425882165534,116.91254705613011,39950500,META
2022-12-05,121.47671508789062,123.69927150066809,120.40512255012695,120.80200951633452,35474900,META
2022-12-06,113.23143005371094,119.6113644410036,112.85438400330203,118.97634827925043,43689200,META
2022-12-07,113.04290008544922,114.97771365164438,112.00107273750456,112.87422558377872,29461100,META
2022-12-08,114.43199157714844,116.42633538036192,113.69774809309091,115.48373552730014,30619400,META
2022-12-09,114.99755096435547,116.62478056668206,112.9833586864749,114.40222435350232,26033400,META
2022-12-12,113.81682586669922,114.81896376384701,112.25905075290997,114.28316748923302,24747100,META
2022-12-13,119.21448516845703,122.33996003669183,117.71624026635261,121.17906418049702,44701100,META
2022-12-14,120.64323425292969,123.17338167282097,118.46036760948525,118.46036760948525,36922000,META
2022-12-15,115.24561309814453,117.70629862846144,113.12227656392382,117.40863908543345,34531000,META
2022-12-16,118.50007629394531,122.34986252333044,117.8948253630125,119.29385024041143,67064000,META
2022-12-19,113.58861541748047,116.8827642422822,113.43978186458503,115.9203158462125,29769900,META
2022-12-20,116.17828369140625,116.41642039944615,111.58433757114356,112.37811145796563,28742500,META
2022-12-21,118.82749938964844,119.40297750767131,114.71973581106239,115.79132071461487,20392800,META
2022-12-22,116.20805358886719,117.69637391242856,113.48938301410328,116.2874249195991,23618100,META
2022-12-23,117.12090301513672,117.25981232393049,114.6403688295484,115.12655141032663,17796600,META
2022-12-27,115.96992492675781,117.67653356062343,115.14639337715077,117.01175225347482,21392300,META
2022-12-28,114.71973419189453,117.23003328004548,114.61059009501939,115.34482600764325,19612500,META
2022-12-29,119.3236083984375,120.08760953159305,114.86856393098249,115.49366333718959,22366200,META
2022-12-30,119.40298461914062,119.48236352635037,116.823230694738,117.23996617259452,19583800,META
2023-01-03,123.76873016357422,125.38604327854202,121.32788546177093,121.86368174801889,35528500,META
2023-01-04,126.37825775146484,128.04517701826012,124.87008873532221,126.38817443776281,32397100,META
2023-01-05,125.95160675048828,127.51930617905816,123.5702924084817,125.14790852344242,25447100,META
2023-01-06,129.0076141357422,129.3151979236821,125.05860074966127,127.96578684693003,27584500,META
2023-01-09,128.4619140625,131.91481363671815,128.27339102960076,130.1387577046288,26649100,META
2023-01-10,131.9544677734375,132.40096078307965,126.15993748193009,126.2789982471746,28684400,META
2023-01-11,131.8552703857422,132.80780214441828,129.32512256861318,129.94030532233305,25423000,META
2023-01-12,135.64552307128906,136.60795630012376,130.7340538147821,132.40098047601523,30757700,META
2023-01-13,135.91343688964844,136.32024816569393,133.79010004441014,133.91909267827347,22423800,META
2023-01-17,134.30604553222656,135.68522195416884,133.20468773197197,135.11965288431784,21147600,META
2023-01-18,131.98426818847656,136.18132782317699,131.76597996728842,134.75253769902895,20215500,META
2023-01-19,135.0898895263672,136.37977036748882,131.1111180301182,131.45839888195158,28625200,META
2023-01-20,138.28480529785156,138.85037431994746,133.56187398797255,134.831906191301,28688600,META
2023-01-23,142.15444946289062,142.6406244467156,137.5803440727501,138.20542835766489,27470100,META
2023-01-24,142.02545166015625,143.87096953007216,140.25931269367496,140.58674499285107,21970200,META
2023-01-25,140.39822387695312,142.05521876598272,139.21748727495543,140.12040528118638,26622000,META
2023-01-26,146.15306091308594,146.36141728300726,142.18420665958723,143.2756324953129,25482100,META
2023-01-27,150.55850219726562,151.99720893784095,146.24236683556117,147.08575448002523,35771900,META
2023-01-30,145.91494750976562,149.9433327979943,145.80580339476526,148.24665581205556,28040100,META
2023-01-31,147.81005859375,148.71297658740454,146.37135192714462,146.79799650042315,29842100,META
2023-02-01,151.92774963378906,152.38417457555312,145.91493732172768,146.87738577590028,55661000,META
2023-02-02,187.30014038085938,195.62481076232703,178.75718182548152,181.95211040001152,150475700,META
2023-02-03,185.0775909423828,195.23786307187538,181.4659342518953,182.0414199235635,76809700,META
2023-02-06,184.6112518310547,189.21512212589636,184.0754631723348,185.07759341363374,42483800,META
2023-02-07,190.12796020507812,192.27114515851267,182.96417698960028,184.13499687970858,47080700,META
2023-02-08,182.00173950195312,189.34412947288163,181.49571599932648,188.52059034038672,36139100,META
2023-02-09,176.53468322753906,185.19670574439786,175.88975029253115,184.68076545238415,37118800,META
2023-02-10,172.79400634765625,177.49710464211017,172.00024751549427,174.97688855603946,33433600,META
2023-02-13,178.03285217285156,179.59063455747216,174.45097615058478,176.83228237601952,31463200,META
2023-02-14,178.08248901367188,180.09668136890622,174.51052921137415,175.78056138196592,24034600,META
2023-02-15,175.78057861328125,176.80255748917412,173.96482576796248,175.04633504206592,25308900,META
2023-02-16,171.0973358154297,174.48078822465834,170.45238781526533,171.40491964536324,25827500,META
2023-02-17,171.53390502929688,171.83155701990117,168.37865766907873,168.8946130194248,24171300,META
2023-02-21,170.74012756347656,176.78270508862917,170.541687860479,172.95275977485835,34592600,META
2023-02-22,169.78758239746094,171.41481205762443,168.36872424999137,169.73798383060884,22433200,META
2023-02-23,170.700439453125,172.33760115330253,168.06116249947036,170.6607575664448,20017800,META
2023-02-24,169.06329345703125,169.39072579815928,166.35455426767354,167.3269194643697,19791300,META
2023-02-27,168.2198944091797,171.77202106868893,167.74363609963024,170.54168584068796,19277000,META
2023-02-28,173.57785034179688,176.16752845436773,170.53174730970196,170.5615125066298,46051100,META
2023-03-01,172.06968688964844,176.46520116867393,171.70257268922543,173.23057502664264,30998400,META
2023-03-02,173.17105102539062,173.64730934892816,170.0951825850901,171.03779768581322,17352000,META
2023-03-03,183.80755615234375,185.16688384157925,175.6714082467401,177.52684270021945,45877700,META
2023-03-06,183.46031188964844,188.18325891520774,183.20234177126963,186.5361804963786,33209400,META
2023-03-07,183.0733184814453,188.87777386268286,182.5772117015097,187.5283628156589,36701500,META
2023-03-08,183.5297393798828,183.81747464438317,179.92799939127048,181.44608489358308,19432400,META
2023-03-09,180.2753143310547,187.4589320189714,178.89613785727124,184.89903392862337,26582800,META
2023-03-10,178.1122589111328,183.33131216676873,177.40779572946437,179.60057931970218,25665000,META
2023-03-13,179.491455078125,182.3490354235612,173.45880901106162,176.5743594721353,24728000,META
2023-03-14,192.50926208496094,192.80692915456902,185.10734292193126,186.11940490260835,41642600,META
2023-03-15,196.21026611328125,196.24003131413542,189.35406557024092,191.44763715687185,42123600,META
2023-03-16,203.3343505859375,204.15788979119992,194.5631849255218,196.71628688338527,50447100,META
2023-03-17,194.0869140625,200.32793130379721,193.90830773144071,198.99836863693588,50141100,META
2023-03-20,196.269775390625,197.80770954247785,192.13224637743252,196.9345567047852,25186300,META
2023-03-21,200.58590698242188,201.9650832943874,196.4086810237472,201.61780247498058,31827000,META
2023-03-22,198.2542266845703,205.75536020155923,198.11531736536608,200.9232840906904,28477800,META
2023-03-23,202.6894073486328,206.2613826175449,200.5759873861949,201.26061724106796,27389700,META
2023-03-24,204.4059295654297,205.96371227058293,201.9650924531236,203.5823904151866,27716400,META
2023-03-27,201.26060485839844,204.2570941974041,199.79213295596273,203.2152668797388,18527200,META
2023-03-28,199.11741638183594,199.46469719503838,196.3590638071846,198.5915443892571,19127300,META
2023-03-29,203.75106811523438,204.1181823011788,200.962935191242,201.9749972989551,18851100,META
2023-03-30,206.22169494628906,206.46974837510436,201.24079299646337,201.7964302546129,22608300,META
2023-03-31,210.28976440429688,210.51796930568898,205.1600216261787,205.62636325509658,25440300,META
2023-04-03,211.4109649658203,211.8276928727448,206.57887430271677,207.21389041897956,17924600,META
2023-04-04,213.04812622070312,214.55629527926422,210.8850924885587,211.72848018695962,21026400,META
2023-04-05,209.83334350585938,213.51446289742063,208.3053411097266,212.48255219823199,19396600,META
2023-04-06,214.41738891601562,215.25084479932204,207.0253846600838,207.6207189424339,26104400,META
2023-04-10,213.077880859375,213.98079891244384,209.019730673576,213.0381989750547,16106100,META
2023-04-11,212.1848907470703,214.33799250651626,211.74831432764745,213.80218866814147,16710100,META
2023-04-12,212.33370971679688,215.15159269813535,210.92476822612764,213.16716550452043,18972200,META
2023-04-13,218.63429260253906,219.42805144239233,214.01057317449468,214.05025506049557,23310400,META
2023-04-14,219.76541137695312,220.38057900800283,215.85608709194122,216.1835194200745,21591200,META
2023-04-17,217.15585327148438,219.25934110535243,215.4393281078086,218.07860458502867,15481900,META
2023-04-18,216.19342041015625,218.7235681147785,214.52650883156815,218.19769611867787,12281000,META
2023-04-19,214.02049255371094,215.63780573322012,211.2720563592022,211.80786023682174,15898100,META
2023-04-20,211.4109649658203,215.0623038493368,211.11329784945184,211.8177610468795,16475400,META
2023-04-21,211.2323455810547,211.74830087486373,207.94812109811113,208.57322048984176,17717200,META
2023-04-24,211.1331329345703,212.2543391879995,209.0693418949524,212.01620246497654,15750900,META
2023-04-25,205.93394470214844,209.61504884053275,205.51721678874523,209.1784875550475,19198200,META
2023-04-26,207.76951599121094,212.44284857850462,207.25357583437997,210.84538412144423,41992700,META
2023-04-27,236.70249938964844,239.80813313564792,234.92644351668397,238.02214543603193,71196500,META
2023-04-28,238.44879150390625,238.5579204709665,233.91436785871295,237.1489789055397,39554000,META
2023-05-01,241.28646850585938,242.1000908324028,234.6188078018763,236.7619774274533,29143900,META
2023-05-02,237.37718200683594,243.01294786638383,237.12912861217322,241.28649078913926,24350100,META
2023-05-03,235.1844024658203,239.86765214917628,230.93772921497737,237.60540621704422,34463900,META
2023-05-04,231.7017059326172,236.34525794910945,231.11628844816386,234.22192161729876,17889400,META
2023-05-05,230.9674835205078,232.85268332838044,228.0603049028967,230.43169483131584,27000500,META
2023-05-08,231.45370483398438,233.78539805375476,228.47706359514368,229.61810334737382,16400500,META
2023-05-09,231.5529022216797,234.04336825414188,229.2807395505276,229.65778559464076,16865600,META
2023-05-10,231.26516723632812,234.9065896390676,228.92354233696676,234.3311038856675,19119000,META
2023-05-11,233.95404052734375,236.35521078761784,230.49122471674158,231.23538492451843,20449000,META
2023-05-12,231.98944091796875,235.11492259304225,229.64781640285656,234.89663440722848,16161400,META
2023-05-15,237.00015258789062,238.38924563922228,233.4976396213384,235.07525568820336,20653200,META
2023-05-16,236.96047973632812,237.77408708598546,233.68617154482772,233.95405833923843,18163800,META
2023-05-17,240.60186767578125,241.94134687586555,236.28573270445185,236.59331648061985,21193100,META
2023-05-18,244.92794799804688,245.1660695868322,239.3120150495156,239.42115915770188,22943300,META
2023-05-19,243.7273406982422,246.7535951143533,241.51470867661695,245.54309334790887,21733600,META
2023-05-22,246.386474609375,251.59559571740687,243.21137915535476,243.49912956161424,27738500,META
2023-05-23,244.81878662109375,249.65086195908967,244.72947589162,244.88823369959792,17748100,META
2023-05-24,247.26956176757812,247.64659264626343,243.04272207618027,243.37015438607577,17724300,META
2023-05-25,250.7224578857422,253.6296364767489,247.22986176229892,251.4269210658252,22371400,META
2023-05-26,259.99969482421875,260.26758163108605,250.74233888741432,250.96061197968322,25727200,META
2023-05-30,260.4759521484375,266.55822750020894,259.2555485710743,263.1847066844682,23816500,META
2023-05-31,262.6587829589844,262.93660155320083,256.43761464566063,257.9755335993669,25473700,META
2023-06-01,270.4873352050781,271.8665266446984,263.81968887583463,263.8295904214734,25609500,META
2023-06-02,270.4873352050781,273.2060210618952,269.0089466293334,270.5369640530964,19416900,META
2023-06-05,269.2768249511719,273.4242699391963,267.46105736592057,268.19528563539285,20742900,META
2023-06-06,269.00897216796875,274.41654891819206,267.59011385118043,268.0366221259544,19419000,META
2023-06-07,261.5475158691406,272.11458484922684,260.75372680643784,269.5546870369073,26163600,META
2023-06-08,262.5198974609375,265.56600090360325,256.8642973226566,258.59073953708463,20899400,META
2023-06-09,262.88702392578125,265.86366493518454,259.6623294989277,260.43625495017426,16949800,META
2023-06-12,268.939453125,269.63401467681086,263.2639907769064,265.08969023653174,15442500,META
2023-06-13,269.2074279785156,273.57316219648015,266.9947805297934,272.73970632322903,16164000,META
2023-06-14,271.22161865234375,272.8488333609741,266.23078499484023,269.77299514100963,19175100,META
2023-06-15,279.63555908203125,281.7787441952247,269.3066416531064,270.1797642281489,25973500,META
2023-06-16,278.8120422363281,285.6087119553762,277.94882118522963,282.53284351172397,43127700,META
2023-06-20,282.1160888671875,282.5824304857627,274.0692508402336,276.55971674793904,20701600,META
2023-06-21,279.4470520019531,281.78866155656544,276.1925623349365,281.32231995476303,20556200,META
2023-06-22,282.6618347167969,283.0388807556065,275.6270434409826,276.90697727173125,17563100,META
2023-06-23,286.4819030761719,287.41458647610796,276.77805326574025,279.3181181864284,51092000,META
2023-06-26,276.30169677734375,287.53356095482366,275.43847587019695,286.4520518647239,24232700,META
2023-06-27,284.81494140625,287.09705117182915,278.4647795384772,279.8142059678566,26108300,META
2023-06-28,283.06866455078125,287.29547446574816,281.84823075760875,282.60232288476834,16722100,META
2023-06-29,279.3379211425781,284.33868665809604,278.50446526998496,282.28479703637055,15395700,META
2023-06-30,284.74554443359375,286.799404110949,282.20547937448003,282.5428284532725,19694900,META
2023-07-03,283.79296875,287.14665610377796,282.6320956075144,284.46769711960735,8629300,META
2023-07-05,292.077880859375,295.7986814551919,284.1302410971252,285.41020498047294,33865500,META
2023-07-06,289.7164611816406,295.79873585225204,289.0417631500449,293.5861187368782,47600500,META
2023-07-07,288.267822265625,293.89368682314864,286.4123876380687,289.90496868523604,25586000,META
2023-07-10,291.80999755859375,295.80861676818955,284.81487418799236,293.24868897130455,37058300,META
2023-07-11,295.9674072265625,297.84267521035605,289.6271477024056,291.6115749292531,27585900,META
2023-07-12,306.9313659667969,307.04052521355806,297.7633215569858,299.4004680187438,36677100,META
2023-07-13,310.9696960449219,313.77764746289074,307.87399417862326,311.17805244131847,30281000,META
2023-07-14,306.46502685546875,312.4282406131699,304.9667745464392,309.36230405201036,23054100,META
2023-07-17,308.201416015625,309.2829253198248,302.3374293890318,305.14541112925815,25323100,META
2023-07-18,309.6202697753906,311.75355343232627,305.22477039697566,308.4593967151567,20731900,META
2023-07-19,313.5494384765625,316.1986319082592,308.1021650649504,310.59263096242654,21763700,META
2023-07-20,300.16448974609375,313.0831320210186,299.86683773605597,311.05900751288084,23836900,META
2023-07-21,291.9687805175781,303.081554551309,288.9326093562947,302.19850020228625,42139300,META
2023-07-24,289.3393859863281,295.2033718464492,286.0551614764398,293.4769299160423,24915700,META
2023-07-25,292.1771240234375,295.97728858041813,289.58743092349596,292.89151898756404,19585600,META
2023-07-26,296.2452392578125,299.42030479674065,289.62716083305537,298.844834198046,47256900,META
2023-07-27,309.28289794921875,322.81670621390026,307.4274633309865,322.58848618129997,64229200,META
2023-07-28,322.9457092285156,323.66010426666475,311.80313905459457,314.4126657950555,39220300,META
2023-07-31,316.1192932128906,323.12431956427827,315.1171476788954,321.16965734963014,25799600,META
2023-08-01,320.1972961425781,321.61618484159317,312.2099874333956,315.06756792601067,22817900,META
2023-08-02,311.8626708984375,315.9109195600562,308.23116529432224,315.5239417009489,20461100,META
2023-08-03,310.75140380859375,313.4899232457008,307.5167775331678,307.5167775331678,15180200,META
2023-08-04,308.310546875,315.9307401558167,307.7846748712968,312.50759107890946,17612800,META
2023-08-07,314.0951232910156,314.60116189806973,308.04261449667547,310.79106544719536,16236500,META
2023-08-08,310.2056579589844,315.41477908225454,307.69532861558554,311.95193321184496,15183500,META
2023-08-09,302.83355712890625,311.1880104193689,300.49194715939456,310.44385008974183,19955800,META
2023-08-10,303.3593444824219,309.907959609961,301.50391009027555,305.5422262849192,14358900,META
2023-08-11,299.29132080078125,302.34732532437346,298.02125834115725,300.2140721691434,14046300,META
2023-08-14,303.8058776855469,303.82571105631087,295.9276994586192,298.63645342569663,15641900,META
2023-08-15,299.598876953125,304.8377629959797,297.69381371938107,303.75625391993054,11623600,META
2023-08-16,291.99859619140625,298.735705826755,291.9886643642091,297.8625831522771,18547700,META
2023-08-17,282.87017822265625,293.7448310552386,282.73128406097686,290.76819018544745,23950100,META
2023-08-18,281.0445251464844,283.4655289505489,272.2435946407065,276.85738220141786,35347900,META
2023-08-21,287.64276123046875,288.23809553886474,279.6554526227014,281.24300068510377,20181500,META
2023-08-22,285.3606262207031,290.61934598241027,284.5172386377998,290.27206518004357,12980200,META
2023-08-23,291.9489440917969,295.08434296040133,285.4301232140553,286.25364724690445,18287000,META
2023-08-24,284.51727294921875,297.12830035290386,284.4081439787186,296.1757836977918,18360900,META
2023-08-25,283.2770080566406,286.1445201506835,273.8807432156826,283.90210752516674,23701400,META
2023-08-28,287.9999694824219,289.1807062538626,283.57467440628267,285.7575567433899,14239300,META
2023-08-29,295.6697082519531,296.8206796120224,285.93609567718016,286.3329750441115,20844500,META
2023-08-30,292.8022155761719,295.9673791248622,291.14520567590415,294.8561048281346,17717000,META
2023-08-31,293.5860900878906,298.7555143501628,293.3578700641985,293.49676421952233,17229900,META
2023-09-01,294.0722961425781,299.39054694781646,292.17716437490265,297.03900536445764,12842300,META
2023-09-05,297.8129577636719,299.0433234319612,293.20910160479315,294.7073238109135,14956000,META
2023-09-06,296.8405456542969,300.93836224382807,293.3578663505046,299.36074630859395,15418100,META
2023-09-07,296.3444519042969,304.6591765120229,289.9446620146728,295.67965546312854,33748700,META
2023-09-08,295.570556640625,302.87323501269304,294.46918367681815,296.8901875518962,17548000,META
2023-09-11,305.16522216796875,306.6337092437882,298.93412177158643,299.063114388511,19489300,META
2023-09-12,299.3111267089844,306.2566211780148,297.8922686774997,303.94474677654966,13480400,META
2023-09-13,302.6846923828125,304.78818046723666,298.97382303689284,300.00570342701496,13210900,META
2023-09-14,309.2928466796875,310.4338863451406,302.65493479949475,304.3516116982113,19343100,META
2023-09-15,297.97161865234375,309.5705963015512,296.42376809323207,309.18361852179754,28131100,META
2023-09-18,300.19427490234375,301.2361175666525,295.48125932370203,295.86823724243555,14234200,META
2023-09-19,302.69464111328125,303.7860822406688,297.47558735502014,300.12481126059,15924400,META
2023-09-20,297.33660888671875,305.66126373472446,297.09845707555866,302.6746916510192,19379500,META
2023-09-21,293.4273376464844,297.92206402517564,290.98647039875095,293.39757244980257,21319600,META
2023-09-22,296.75128173828125,303.00224667263234,295.94759100500147,296.9695699794166,25369600,META
2023-09-25,298.48760986328125,298.6067009327977,291.41315219064484,293.3380490350795,18987000,META
2023-09-26,296.6321716308594,297.9617342313641,293.7051596565991,295.34230605304384,19417200,META
2023-09-27,295.4216613769531,298.95393929645525,284.55694085285074,298.11058197811235,36429800,META
2023-09-28,301.59326171875,303.9448032957464,294.3898109917405,296.6123599455331,22167100,META
2023-09-29,297.8724670410156,308.2212789671032,297.0290793382049,304.9866526085404,25373700,META
2023-10-02,304.4310302734375,304.7882126893277,299.281438484629,300.38278121358445,16265600,META
2023-10-03,298.5967712402344,304.38136336068993,297.30690563751256,301.89092774805414,17362300,META
2023-10-04,303.2006530761719,304.51038244443924,296.1757933117586,296.40401336651956,16880500,META
2023-10-05,302.4168395996094,303.82576617835457,297.1680203445175,302.2580817648284,19130000,META
2023-10-06,312.973876953125,313.8470296218841,298.56694875845375,299.09282066850847,21803900,META
2023-10-09,315.8811340332031,317.8357962026818,309.3920783387563,310.0667763769625,22503700,META
2023-10-10,319.3340759277344,322.13212602478757,315.6827365233314,316.6352532636189,19038000,META
2023-10-11,325.2674865722656,326.2795335962298,320.4354109332088,320.4949413299151,22036300,META
2023-10-12,321.6359558105469,327.9662832580327,320.17740064543665,325.4460523014571,20530500,META
2023-10-13,312.2397155761719,322.5190344437851,309.93777264367094,321.0108805983314,21341000,META
2023-10-16,318.6493835449219,319.3141799633307,313.0632162730603,316.15894806212225,16536100,META
2023-10-17,321.4772033691406,321.87408274940765,314.8293601998335,315.70251300439446,16387800,META
2023-10-18,314.501953125,323.4021105297396,313.1029282837248,318.8875506594912,16851000,META
2023-10-19,310.37432861328125,319.38364490768606,309.3225846372319,317.3892859153871,18709200,META
2023-10-20,306.2467346191406,312.8449492839968,304.08371614626304,311.6940081053693,22312300,META
2023-10-23,311.56500244140625,314.88889377974385,304.86756063676694,307.09010941272055,17796800,META
2023-10-24,310.11639404296875,315.8712519348251,308.2113606083932,314.313469087205,19525500,META
2023-10-25,297.19775390625,308.4593849099364,296.5131240641257,307.5862320515774,42192500,META
2023-10-26,286.10479736328125,292.703011741462,277.22447353914265,292.703011741462,66684100,META
2023-10-27,294.4195861816406,296.9794842399318,290.68885292835586,292.1871053257045,29596300,META
2023-10-30,300.3033752441406,306.9908852950392,296.7214683615975,296.7611653844392,28435100,META
2023-10-31,298.9242248535156,301.31546361894567,294.548558592787,300.94834937710914,19434200,META
2023-11-01,309.42181396484375,310.3048683139882,299.4996780690973,299.4996780690973,20434600,META
2023-11-02,308.44940185546875,316.3375111890121,305.92917112013004,314.8293273096192,21631800,META
2023-11-03,312.1504211425781,313.093005944509,308.59827930973705,310.1163649869128,16764300,META
2023-11-06,313.34100341796875,315.8513022995217,312.0015394501464,313.51962485630366,12887700,META
2023-11-07,316.33758544921875,318.5006040914344,312.66638257356414,314.59127961258827,14055600,META
2023-11-08,317.2900695800781,318.8279885761275,312.4282289074521,315.66285499199586,13609700,META
2023-11-09,318.0540466308594,321.6557867220615,316.3176728894775,316.93287073587214,16103100,META
2023-11-10,326.2100524902344,326.53749993312164,316.9725463498959,317.44881977593377,19096200,META
2023-11-13,326.6268310546875,329.74236633406514,323.16401492354265,323.66012177465035,16908900,META
2023-11-14,333.69134521484375,335.46741599370006,330.7345378585308,331.9351380866725,17179400,META
2023-11-15,330.1193542480469,335.7650516417798,327.450297436741,335.2987100726681,14531200,META
2023-11-16,331.5878601074219,331.97480765966105,323.838674437655,326.8053833646593,18932600,META
2023-11-17,332.4312438964844,332.8876536615673,326.7855462450736,327.68846422988145,14494400,META
2023-11-20,337.3229064941406,339.2081065446803,331.5879122865215,332.28247401670154,16960500,META
2023-11-21,334.3561706542969,337.2534175899777,333.28456294277595,335.6956348737611,12027900,META
2023-11-22,338.8310546875,340.2499433246193,335.943709119039,336.5688086095252,10702700,META
2023-11-24,335.5964050292969,339.1981148354986,334.14775142266285,337.4816047470225,5467500,META
2023-11-27,332.09393310546875,337.25342610918796,331.59782626203656,333.56238998285437,15684500,META
2023-11-28,336.3504638671875,336.73744168864545,330.8039937193066,330.8039937193066,12637200,META
2023-11-29,329.6133728027344,337.25339941898335,328.20441615570996,337.04504303961954,16024500,META
2023-11-30,324.6026916503906,330.9032544248157,319.88967678227107,329.305804972317,23146400,META
2023-12-01,322.2908630371094,324.314957194441,318.26247781580844,322.9457277162317,15276400,META
2023-12-04,317.5282287597656,318.3616846640582,311.21776393585293,314.8195046408047,19037100,META
2023-12-05,315.8116760253906,319.37371922485295,312.93426263406553,316.49630583352786,16952100,META
2023-12-06,314.9781799316406,319.74079250239515,314.5713687730627,319.4232769230243,11294300,META
2023-12-07,324.04705810546875,325.684204601207,315.2957262890319,315.2957262890319,15905100,META
2023-12-08,330.1590576171875,330.57580062992184,320.4849755382466,320.5742711238423,14087400,META
2023-12-11,322.74725341796875,327.3213740695982,317.50836658058734,326.8351687929006,25802500,META
2023-12-12,331.6176452636719,331.86569867463805,322.0328578303436,322.07255485448627,18485500,META
2023-12-13,332.133544921875,335.7352848543165,330.04992074802453,331.329854390829,16353300,META
2023-12-14,330.5758361816406,332.0939218599385,326.08110954354635,331.2505341986713,19607300,META
2023-12-15,332.3121337890625,336.0230023108195,328.6409320027607,329.4049254396075,31776900,META
2023-12-18,341.9366455078125,344.8537559101192,334.39581610239355,334.85225615932194,18993900,META
2023-12-19,347.6319580078125,350.8467508068738,342.4327681993937,342.8891779975481,17729400,META
2023-12-20,346.5603942871094,352.196160744239,345.0820055877461,345.9352948214848,16369900,META
2023-12-21,351.3328857421875,353.63482840250197,346.4908788635791,350.2315432565786,15289600,META
2023-12-22,350.6383972167969,354.4187288106996,348.4852802675343,352.8113172583685,11772800,META
2023-12-26,352.067138671875,354.2004221377004,350.6979093378439,352.2258964816082,9898600,META
2023-12-27,355.0437927246094,356.2046960041271,352.5434252578998,353.29751731228595,13207900,META
2023-12-28,355.5299987792969,359.08211028758853,355.0239601332717,356.8992584473952,11798800,META
2023-12-29,351.2039794921875,357.19695917450446,349.0806577582301,356.19481357167723,14987100,META
2024-01-02,343.5936584472656,350.41016108257946,337.3625582064885,348.58449167928967,19042200,META
2024-01-03,341.7878112792969,345.24072541994775,340.5078472895794,342.29384989196654,15451100,META
2024-01-04,344.41717529296875,345.43915407584143,340.72613954007755,341.8175805411929,12099900,META
2024-01-05,349.2095947265625,350.7475137214206,343.56389682163444,344.28819338310336,13920700,META
2024-01-08,355.86737060546875,356.1848862578455,349.3088222783808,351.9382128171741,13890200,META
2024-01-09,354.64691162109375,357.8319391849978,352.5930221333329,353.62493279017207,13463900,META
2024-01-10,367.5853576660156,370.03612636295736,356.28403071762176,357.3655701410914,22117200,META
2024-01-11,366.7916564941406,369.8774266062331,360.10411548022216,369.232493748975,17205400,META
2024-01-12,371.5740661621094,374.1240624141553,366.6626269467996,367.277794541933,19310000,META
2024-01-16,364.5988464355469,372.6853822277794,364.3706566582682,370.74065180769946,15306900,META
2024-01-17,365.50177001953125,365.6704596782648,355.8177542418374,363.4478803135723,12724800,META
2024-01-18,373.2013244628906,373.91571950102383,368.06166503074314,368.59743859937487,16354300,META
2024-01-19,380.4643249511719,381.3672126996037,375.02698340921194,376.0489622272857,21670800,META
2024-01-22,378.8072509765625,387.3105275382375,378.19208348033004,384.9292213063903,17680500,META
2024-01-23,382.20068359375,385.3559155148058,379.10495178521484,381.6251827598736,15506100,META
2024-01-24,387.6578369140625,393.06538246549474,384.7903252881106,386.9632753335336,15698500,META
2024-01-25,390.1185607910156,392.4105719303832,382.65712494527804,387.13201825545184,15091100,META
2024-01-26,391.07110595703125,393.70046609647795,388.5409429594839,391.2794623469608,13163700,META
2024-01-29,397.8974914550781,399.79262308602887,390.03917661129907,391.9144445908541,18742400,META
2024-01-30,396.9449768066406,403.1959104756482,396.4588018243719,400.4474896600289,18614700,META
2024-01-31,387.1022644042969,394.90104949050806,384.0859263016593,385.9711262608232,20180800,META
2024-02-01,391.70611572265625,397.3815791884309,389.9895751539661,390.8726598643205,29727100,META
2024-02-02,471.2915344238281,482.176118971358,449.48269858581074,456.0213826629202,84707600,META
2024-02-05,455.83282470703125,468.2255620956706,455.64430171258823,466.2213016515371,40832400,META
2024-02-06,451.1794128417969,463.4828566103552,449.47280407428997,460.3871547251005,21655200,META
2024-02-07,465.9335632324219,467.84852814106995,452.62797572422755,454.4338116753669,23066000,META
2024-02-08,466.34039306640625,466.9257954581502,461.40909025193133,464.6734814817839,18815100,META
2024-02-09,464.4651184082031,469.9024601255168,463.8301174160843,469.26745913339795,18413100,META
2024-02-12,465.24896240234375,475.41915205194476,462.947019526659,464.5444992074422,19382000,META
2024-02-13,456.537353515625,464.2468731870275,451.54651991731083,453.3126590561984,20916600,META
2024-02-14,469.5948486328125,470.4183725927847,462.4608304684062,464.2864998480657,16858400,META
2024-02-15,480.2611389160156,484.8153956241021,468.5430989342173,471.5792700729416,24212300,META
2024-02-16,469.6345520019531,475.2306210030674,465.5565383292655,474.38723338064216,23324600,META
2024-02-20,468.0767822265625,472.4722813616275,462.9271910394476,466.0625897590752,18015500,META
2024-02-21,464.8784484863281,465.84191805812145,458.68047616341727,463.3587521836112,12921800,META
2024-02-22,482.8565673828125,486.69056087896115,472.85436813311964,477.00621413077533,21625800,META
2024-02-23,480.7707214355469,491.0311497339842,479.1020412033738,484.76364134369345,18374300,META
2024-02-26,478.4961242675781,482.86652048024735,477.3638163849019,480.2144859744723,12101400,META
2024-02-27,483.7703552246094,483.9888750302903,476.68839173449226,476.7479852894886,10809600,META
2024-02-28,480.7607421875,487.74340304330303,479.49930490259146,481.73415407096195,12715500,META
2024-02-29,486.82965087890625,488.3890863550295,479.36026837522473,485.1510282882917,17732000,META
2024-03-01,498.91766357421875,500.8545450353312,488.5380486516633,488.7962772842843,16273600,META
2024-03-04,494.83538818359375,501.02344874221626,493.07731757525386,499.6129971227631,12324100,META
2024-03-05,486.91900634765625,492.24289916092766,484.6047092081151,491.66681804477713,15325300,META
2024-03-06,492.7495422363281,499.58322016092893,490.96167477767403,494.2791810340301,11757900,META
2024-03-07,508.7411193847656,516.3495133273082,498.0039120353607,499.8911121312514,18586400,META
2024-03-08,502.54315185546875,520.0445011354961,495.9875874923853,510.72765736734266,18597100,META
2024-03-11,480.33367919921875,493.9712373423791,472.7947911045604,493.6633271933071,20428300,META
2024-03-12,496.3848571777344,498.9276166024425,481.4660075501953,489.9385682821363,15448200,META
2024-03-13,492.2330017089844,497.60657618383044,487.723564090034,492.0542210447472,12090700,META
2024-03-14,488.5182189941406,497.97413488615047,484.8729481404794,496.8914781058929,12620000,META
2024-03-15,480.84027099609375,488.5182008794358,478.05910688483056,485.71721266457956,29153600,META
2024-03-18,493.6335144042969,494.0705540169501,483.5319824334074,488.5976468076453,11755300,META
2024-03-19,492.8985290527344,493.28591751458134,478.03927158062527,484.8828919098991,10903100,META
2024-03-20,502.11602783203125,504.77800486477514,491.8357446734777,496.136574918537,11711100,META
2024-03-21,504.3409729003906,511.5719209963109,502.6027566454652,511.24418672335725,9712500,META
2024-03-22,506.148681640625,506.5360700886192,500.9439753750218,503.5860676514322,8120600,META
2024-03-25,499.6328125,503.80454316153504,496.87153334771386,502.3841796013196,8380600,META
2024-03-26,492.5509033203125,506.5658780636044,491.87545911237584,501.72867541124447,11205400,META
2024-03-27,490.5345458984375,496.5239715871602,484.78355507786483,495.9379177172375,9989700,META
2024-03-28,482.310302734375,489.57110826984064,481.88320544172586,489.5214267607809,15212800,META
2024-04-01,488.04144287109375,494.0804891364972,478.5358763202007,483.919393448101,9247000,META
2024-04-02,494.0209045410156,494.17983080247325,481.38655471994537,481.83353672480007,11081000,META
2024-04-03,503.32781982421875,503.8244530380208,495.3916307675297,495.5704114495978,12099200,META
2024-04-04,507.47967529296875,526.4311846012982,507.1419380470807,512.9426101041053,26476300,META
2024-04-05,523.7890014648438,527.1263611997492,510.94601671641885,513.3795309238456,19263300,META
2024-04-08,515.753662109375,527.9112351234567,515.3961006970031,525.7161548218018,13260600,META
2024-04-09,513.41943359375,522.3290042268167,503.3278128790067,518.7134999304255,10863800,META
2024-04-10,516.32958984375,519.0411871916722,502.39403584687636,505.8605555247708,11418500,META
2024-04-11,519.63720703125,520.3325056145172,513.8067382940332,517.6010230992423,10369500,META
2024-04-12,508.4530334472656,516.6872198942802,505.90033167824595,514.26364759941,11984500,META
2024-04-15,496.8616638183594,515.0384571853876,493.93151580388917,513.2405867962719,13512900,META
2024-04-16,496.3948059082031,501.37104976093684,493.76262580382166,494.7558921640913,9847900,META
2024-04-17,490.84246826171875,499.77192346212956,483.85980671013607,499.71232990333476,12193700,META
2024-04-18,498.42108154296875,508.76101901000555,495.67968681337135,496.45443341487936,14808700,META
2024-04-19,477.83062744140625,499.4142847960301,472.52658902325265,499.4142847960301,25215400,META
2024-04-22,478.48626708984375,488.6970451800913,470.2123404271616,486.4224564783826,17271100,META
2024-04-23,492.7594909667969,495.4015833562038,485.67749634188175,487.94214263107534,15079200,META
2024-04-24,490.1769714355469,506.56586713703933,481.317021755362,504.6389278841395,37772700,META
2024-04-25,438.4078674316406,442.76829055814767,411.70886546766474,418.56239661086227,82890700,META
2024-04-26,440.3050231933594,443.43380595163336,429.0512991270312,438.4873289037164,32691400,META
2024-04-29,429.7069091796875,436.7988458925218,425.67424998253733,436.60018048581003,21502600,META
2024-04-30,427.2734069824219,436.65975597546355,426.8264249918601,428.147455924362,18429500,META
2024-05-01,436.232666015625,446.93013406880516,424.23399111108887,425.71397863682915,20344900,META
2024-05-02,438.7059020996094,440.9705483091824,429.3692038781096,435.8850291236209,15221300,META
2024-05-03,448.9166564941406,451.11179697891964,440.86128084790545,442.92726154360383,16489100,META
2024-05-06,462.5442810058594,463.02105978106573,450.28737750238747,452.5122844958483,15094600,META
2024-05-07,465.0870056152344,468.3548602507181,458.2036773866879,463.15015450497714,13406800,META
2024-05-08,469.4176940917969,472.3776084845462,459.8823308455416,460.37896403219986,11683900,META
2024-05-09,472.2187194824219,472.8742486238149,464.48116583313845,466.8352023225762,9437700,META
2024-05-10,472.99346923828125,474.2847034264408,466.437904971436,473.87746056720033,10750000,META
2024-05-13,464.8586120605469,470.1626509363038,459.73335385977305,469.5666850409423,14668800,META
2024-05-14,468.6727294921875,469.35808569307136,456.9819652481851,460.24982000044906,10478600,META
2024-05-15,478.2974853515625,479.25101255755794,468.02711495824536,471.7816605384409,13100500,META
2024-05-16,470.04345703125,474.4734165714435,469.5666782594295,471.801527600696,16608200,META
2024-05-17,468.7323913574219,469.6163827682642,465.26590101884466,467.65964657705945,10807300,META
2024-05-20,465.6829833984375,470.013640367692,463.8951161258971,466.7855247891009,11745100,META
2024-05-21,461.5013427734375,467.53047671083374,459.1572184570371,463.97456625143184,11742200,META
2024-05-22,464.6301574707031,470.5301623382244,462.51449517924743,464.71954780965524,10078600,META
2024-05-23,462.64361572265625,471.1658279710308,458.4321759489414,469.6958131205523,11747900,META
2024-05-24,474.9998779296875,476.6189070760728,463.1601286330432,464.47124760813773,12024300,META
2024-05-28,476.68841552734375,477.6220580395815,471.6426053305284,473.37087913585106,10175800,META
2024-05-29,471.165771484375,476.6188238980227,470.5102424233148,471.46376955148327,9226200,META
2024-05-30,463.9050598144531,468.5535696018269,461.5808200768087,468.4939760428169,10719600,META
2024-05-31,463.6865234375,465.9611118987805,451.3998233629331,462.66346029491183,16919800,META
2024-06-03,474.2747802734375,476.3705882132415,465.0870657511374,467.68941896049296,11279400,META
2024-06-04,473.7781066894531,475.6653370045295,470.04344582485936,473.78804905282203,7088700,META
2024-06-05,491.7264404296875,493.30573030037567,480.65152660799043,481.18789892832643,15690500,META
2024-06-06,490.43524169921875,499.4342331212912,487.5845718978277,489.6604950970564,10667300,META
2024-06-07,489.6405944824219,495.5505416682554,486.8694030600324,492.57074247783544,9380700,META
2024-06-10,499.2156982421875,499.2752918011658,490.087577609636,490.53452930197295,11220900,META
2024-06-11,504.05291748046875,504.18204696656784,494.91485418085466,496.7921422872139,9673700,META
2024-06-12,505.41363525390625,510.5488355125895,501.0730662457402,510.52895078627483,11983200,META
2024-06-13,500.7055969238281,505.9301575612256,497.98402638310364,502.3047412736244,9954600,META
2024-06-14,501.2623291015625,504.2351342784647,497.8719245365479,499.76099816181073,10243300,META
2024-06-17,503.7181701660156,507.81448578396373,493.15921302560884,498.78668605391897,11266600,META
2024-06-18,496.6191711425781,503.0917646222148,492.1748612572284,501.66003859591564,13060400,META
2024-06-20,498.8165588378906,500.7752377414344,493.9148702900185,499.1148224913511,11801200,META
2024-06-21,491.9363098144531,500.55649337523585,489.5600618320149,500.55649337523585,22359200,META
2024-06-24,496.0425720214844,504.88146192373665,491.44912982983715,496.33091377345426,13525300,META
2024-06-25,507.66534423828125,507.77469745154934,492.65212507473245,494.1932043482864,12063200,META
2024-06-26,510.1709289550781,510.8569657298351,501.7794339307379,503.7381129188355,8882300,META
2024-06-27,516.5738525390625,519.8747782877508,510.9464098062174,511.294373925033,10121200,META
2024-06-28,501.3219909667969,518.8804935548256,500.94417016641717,514.1776987031992,15855100,META
2024-07-01,501.7793884277344,503.6684622749848,490.3355617817053,502.0478560452752,10328200,META
2024-07-02,506.5716857910156,507.5659383637164,496.57945957224564,497.88192801510917,7739500,META
2024-07-03,507.0290222167969,508.3414428657344,503.1116647399918,503.45965920114367,6005600,META
2024-07-05,536.806884765625,537.7613890905714,508.659626943001,508.659626943001,21354100,META
2024-07-08,526.2778930664062,539.6903534680489,523.6232551138687,539.2329753391592,14917500,META
2024-07-09,526.9537963867188,534.3907852639005,525.1542018868099,530.6822430592663,8753200,META
2024-07-10,531.616943359375,535.7828643236683,525.3233071938398,527.739333812602,10983300,META
2024-07-11,509.7533264160156,532.3825255793723,505.44819561353233,527.8387838594573,16458300,META
2024-07-12,496.0028076171875,505.1698181338821,491.3894911645417,494.89920175558495,19750500,META
2024-07-15,493.3083801269531,503.76790669294775,490.5344068407608,495.764185294849,12539200,META
2024-07-16,486.9750061035156,501.0536270420419,482.9979955675087,498.61769595186473,14075800,META
2024-07-17,459.3346862792969,476.4159666762798,456.4811865614618,476.4159666762798,28076600,META
2024-07-18,473.1151123046875,476.4856128872466,461.8701176709462,472.26999151459347,19267200,META
2024-07-19,474.0496826171875,483.91265093835443,472.975872869739,473.3238673312673,15149400,META
2024-07-22,484.59869384765625,489.23191443908513,481.11880987205853,483.78339946267863,12023100,META
2024-07-23,485.88128662109375,492.3737546328562,484.9168604229217,487.024670998181,9455500,META
2024-07-24,458.61883544921875,473.56244917033604,457.93279880328066,469.5953914420506,17649700,META
2024-07-25,450.8040771484375,460.88578278239254,440.10590941212183,460.5974713733936,18240500,META
2024-07-26,463.0234680175781,467.0700532148404,456.7795626327453,461.53208905296344,14222400,META
2024-07-29,463.0332946777344,471.2358772960628,462.3472580677364,467.1793406971926,11339600,META
2024-07-30,460.52789306640625,470.0130719603185,454.07520299774194,464.31599328229834,11390400,META
2024-07-31,472.1009216308594,473.7613367281888,464.06737443417023,468.3128218694942,24285800,META
2024-08-01,494.8792419433594,524.1400864636705,489.2716734818862,518.0055653777843,43083100,META
2024-08-02,485.33447265625,498.2696781877349,473.4133634987111,486.18951531730556,24044700,META
2024-08-05,472.99578857421875,480.7012460328518,448.2090488117456,448.7559059334732,21396200,META
2024-08-06,491.250244140625,499.6715645445627,475.8989821739981,476.24697663872547,20955000,META
2024-08-07,486.1099853515625,507.21794823147314,484.0617971194812,500.2383060346242,20105300,META
2024-08-08,506.7008972167969,507.028987185273,491.87658907027446,494.6406097563313,16156800,META
2024-08-09,514.7942504882812,515.3609818210642,502.7936128702813,504.79204020570734,13696600,META
2024-08-12,512.984619140625,515.0427292166193,506.1739830538234,513.8893622667638,9767400,META
2024-08-13,525.502197265625,528.4452065274616,515.1719598564413,517.0212549519154,13743800,META
2024-08-14,523.7324829101562,530.9308616621455,520.1233412991648,525.0249990881922,11444200,META
2024-08-15,534.2417602539062,536.667738996692,523.6728503857054,528.7335620768248,13482100,META
2024-08-16,524.3887329101562,530.5928599406125,521.6445857964466,528.8430261939557,14776700,META
2024-08-19,526.2379760742188,528.6042411215221,519.7554305554554,523.8417936399916,9879700,META
2024-08-20,523.70263671875,528.0376240435813,522.8575463080886,525.3133210272216,7944400,META
2024-08-21,532.084228515625,536.2999107822917,523.901548516815,524.1203156585808,13423300,META
2024-08-22,528.8727416992188,541.1020356974973,525.551972227874,533.9136093150988,15708300,META
2024-08-23,524.9652709960938,536.767042214686,522.0421664915824,533.8339854766065,11323900,META
2024-08-26,518.1248779296875,524.9653402482775,511.99035675969463,524.5676149591942,9584000,META
2024-08-27,516.1165161132812,520.9983305112823,512.348320490828,515.9972106523948,6282700,META
2024-08-28,513.809814453125,518.095040120393,509.5046843177006,514.6946530207725,9106100,META
2024-08-29,515.2415161132812,524.169945083232,512.7161365376401,516.0667627034325,8317400,META
2024-08-30,518.313720703125,520.5308841553244,512.2388530507853,518.3534689531028,9157500,META
2024-09-03,508.81866455078125,522.4697318344816,505.69669716450665,516.6533790353354,12459100,META
2024-09-04,509.7930908203125,513.6209999091698,501.1729373910715,503.1614426784679,8335200,META
2024-09-05,513.8893432617188,518.6319472042396,508.2121698645864,508.7789010834829,8640900,META
2024-09-06,497.39471435546875,521.5650218623427,495.38633511921387,518.88052782919,14744500,META
2024-09-09,501.8887634277344,508.39115339074016,499.19431711601146,503.2508845942156,11047800,META
2024-09-10,501.8887634277344,511.22477928436297,497.15611148388973,505.23938973469745,9899000,META
2024-09-11,508.8882751464844,510.1708694464899,492.75157549409465,504.096000860634,10782500,META
2024-09-12,522.5791625976562,523.6828291466688,512.25881535378,514.0783146741212,11970500,META
2024-09-13,521.604736328125,524.5477455442109,514.1378904204591,517.3493672277767,10321400,META
2024-09-16,530.7208862304688,531.5368977015272,514.9170874723145,522.0227773558852,9527600,META
2024-09-17,533.7462768554688,539.4985077957741,528.0238703630636,535.0201027147613,11690800,META
2024-09-18,535.3683471679688,541.5883529191947,531.337795589623,534.4925654988167,10323500,META
2024-09-19,556.4169921875,559.3727714732779,543.8974042507192,547.3606851483152,15647000,META
2024-09-20,558.6560668945312,561.790974396656,553.630313904446,557.3125698177632,22066800,META
2024-09-23,561.701416015625,571.2254976602934,559.7110138514457,566.7670162500528,12830700,META
2024-09-24,560.6266479492188,565.0254197663409,551.5304953936857,563.9605473092387,12993000,META
2024-09-25,565.5827026367188,574.1115828691105,561.0147031201811,561.3431364723867,16543400,META
2024-09-26,565.1150512695312,574.6291718932196,559.6513458984354,572.967142227921,14400800,META
2024-09-27,564.6372680664062,568.1006091166316,561.8009692958777,567.3641092966835,9398400,META
2024-09-30,569.6929321289062,571.9221729211617,562.0895809864053,564.975688534177,12792300,META
2024-10-01,573.7034912109375,580.2419690688359,567.3640657014531,575.206254439428,15259300,META
2024-10-02,570.06103515625,573.2357285129472,566.6077171286033,572.1011848887936,6524700,META
2024-10-03,579.9732666015625,580.5604011358083,566.0006066407063,567.4138356986169,11581000,META
2024-10-04,593.080078125,593.9856842958213,578.6397020969828,580.9286522167133,14169500,META
2024-10-07,581.9736938476562,600.0564797527886,581.2371940539072,595.3491375246505,12014200,META
2024-10-08,590.044677734375,590.7114453313045,583.1578437538082,586.8600226975324,7857400,META
2024-10-09,587.6761474609375,591.53753216899,578.8188343358976,591.1394274753203,9529700,META
2024-10-10,581.0282592773438,587.397509697218,579.7245483018079,584.7503015704497,7740400,META
2024-10-11,587.118896484375,588.3728595792917,579.9136502956993,582.0234717517561,8587100,META
2024-10-14,587.5865478515625,597.2200860857456,587.1287942740497,591.36829944158,8252000,META
2024-10-15,583.45654296875,587.7756815393129,577.3559556315927,587.3278289153324,9564200,META
2024-10-16,574.02197265625,579.2866249105597,571.275268873164,578.6098955081545,11268400,META
2024-10-17,574.1613159179688,582.162710233978,572.4396375946716,580.5306267288739,8701200,META
2024-10-18,573.7034912109375,581.1674987096003,572.4893751474343,578.3112766994918,7694300,META
2024-10-21,572.3998413085938,574.4698766165733,566.37888676671,573.2657221535495,8171900,META
2024-10-22,579.2169799804688,580.7297050326658,569.3744268963089,571.5339961936412,8544500,META
2024-10-23,560.9849243164062,582.1926578504655,559.8006325485245,577.1867670377931,14248400,META
2024-10-24,565.0552978515625,566.1499947416787,558.8253293775932,564.4083928532417,7184700,META
2024-10-25,570.4989624023438,578.5003564229931,568.9762757450173,571.1756917804064,11337900,META
2024-10-28,575.3854370117188,580.948637846338,571.3648464645419,579.2070359341649,10925100,META
2024-10-29,590.4329223632812,590.8210046180449,572.6387223000493,577.3659274017436,13019100,META
2024-10-30,588.9599609375,598.3148749725009,586.5515914382872,598.0958991586175,26864900,META
2024-10-31,564.856201171875,587.0690948039123,560.3081253081026,582.1925856019707,26838400,META
2024-11-01,564.4381103515625,570.9168778677306,559.8602105519794,564.8859629007535,15303200,META
2024-11-04,557.9893798828125,565.9609509043612,555.2127905097288,561.3929508469568,12064600,META
2024-11-05,569.6829223632812,570.7278713037589,563.950554670974,564.5775361837109,9775400,META
2024-11-06,569.3046875,570.25014054464,552.5056907167225,560.0493308752114,18305400,META
2024-11-07,588.8604736328125,591.9455725919563,572.4496180315167,574.1215485070126,14653700,META
2024-11-08,586.5118408203125,590.2537459189086,581.7149642470737,588.70123463837,9415700,META
2024-11-11,580.3713989257812,584.1830360838699,573.7433864354757,583.5460928122134,10209100,META
2024-11-12,582.0135498046875,596.78230100658,577.5948542236526,585.7156689643949,16287700,META
2024-11-13,577.2166137695312,582.8295623160514,572.409775650482,579.8140739533536,10757600,META
2024-11-14,574.3902587890625,577.9730193106801,570.2602105353902,574.2310533344881,11053700,META
2024-11-15,551.4210815429688,569.822341466235,548.8534455153184,568.4787834407424,17712900,META
2024-11-18,551.739501953125,557.2131078822542,547.4501877365338,554.3667866349945,14327300,META
2024-11-19,558.3974609375,558.7357953255338,547.9577494586872,549.2117126735113,9522400,META
2024-11-20,562.80615234375,563.6321255323566,551.5404684658788,560.2285547368579,9797300,META
2024-11-21,560.3877563476562,567.2645685130409,546.4150954692434,566.7868914718125,11154700,META
2024-11-22,556.4567260742188,561.1242213982047,551.9285734744715,560.8455359497274,9164000,META
2024-11-25,562.3980102539062,569.8421548761189,553.7198868796414,559.402445590544,13599800,META
2024-11-26,570.78759765625,574.7286157457173,562.4876547795837,563.2838034841143,10356600,META
2024-11-27,566.468505859375,572.220736911576,561.3929435568074,572.1312028238776,7200200,META
2024-11-29,571.5637817382812,575.6839279960051,564.1794081512957,566.2693057208555,7130500,META
2024-12-02,589.9850463867188,591.6470151067747,572.8078668096863,574.7285975175146,12522400,META
2024-12-03,610.7051391601562,611.252487580719,588.4126116889108,592.1446155685445,14907200,META
2024-12-04,610.8345336914062,614.8153379179051,602.1961350667218,610.0184615359037,14697000,META
2024-12-05,606.0077514648438,616.9251382698544,604.136768682784,614.1186640967649,8081200,META
2024-12-06,620.776611328125,626.7676806622193,605.609756240286,607.1721685184903,16935500,META
2024-12-09,610.6255493164062,623.3939965020669,603.2610368421125,620.9258564568023,11426000,META
2024-12-10,616.347900390625,622.5878301971734,609.7994606988705,614.5963368840676,10938900,META
2024-12-11,629.643798828125,635.3363804725623,618.547343463704,620.37847939692,10837200,META
2024-12-12,627.7628173828125,633.6046423977135,624.2000415346207,628.4694319605399,7474700,META
2024-12-13,617.373046875,628.0515971725233,613.9296895603886,624.2100743343924,8453300,META
2024-12-16,621.745361328125,628.6277811747395,616.1080069405396,627.462413035997,10885600,META
2024-12-17,616.964599609375,629.842921517428,614.0761642573996,623.6676857660912,12897800,META
2024-12-18,594.8035278320312,624.8529462687603,593.9370093659079,618.5183765194273,17075500,META
2024-12-19,593.1900024414062,609.0762755305054,592.6222729689903,607.9507863504745,14958100,META
2024-12-20,582.9111938476562,600.6998062071282,577.68217416769,588.219910849056,48989400,META
2024-12-23,597.4528198242188,598.6879155279142,583.9071932608068,587.2437814772281,10205800,META
2024-12-24,605.3213500976562,605.5603812991077,596.8852265249648,600.311421467438,4726100,META
2024-12-26,600.9389038085938,603.8771273499036,596.5465535400348,603.0603968908488,6081400,META
2024-12-27,597.4130859375,599.4449119716119,587.4430773536361,597.0146600682612,8084200,META
2024-12-30,588.877197265625,594.554430315314,583.2398432689357,586.3971578659622,7025900,META
2024-12-31,583.1702880859375,591.5964426773724,581.5168874699713,589.9032845791338,6019500,META
2025-01-02,596.8453979492188,602.4927233305804,585.4710498488531,587.3634208812482,12682300,META
2025-01-03,602.2138061523438,607.0643399858958,594.0266229827574,602.3432915147383,11436800,META
2025-01-06,627.681640625,628.4684617844035,603.1998488847688,609.385054699766,14560800,META
2025-01-07,615.4208374023438,629.5740132949604,605.7994061067093,629.175648227163,12071500,META
2025-01-08,608.2793579101562,613.9765307551536,600.3810557676817,610.9487013550364,10085800,META
2025-01-10,613.3988647460938,627.3927055003096,594.9529163376031,607.592206559942,19256600,META
2025-01-13,605.8989868164062,606.5363830240626,596.058464764125,604.6738608485571,10785000,META
2025-01-14,591.875244140625,603.0703168610439,586.1980104567526,602.6520122964943,13598000,META
2025-01-15,614.6538696289062,619.972556750708,604.0763139738187,607.7715100133968,15524300,META
2025-01-16,608.857177734375,613.7874092447745,607.2735655613326,609.0563906745308,8355300,META
2025-01-17,610.3212280273438,622.4724249589239,601.2575575659065,621.5561185444549,17280600,META
2025-01-21,613.99658203125,619.0164197693068,606.5763408669152,615.3611025019545,11674000,META
2025-01-22,621.0084228515625,631.1676746458771,616.9546797410454,620.8092099161343,12274000,META
2025-01-23,633.9066772460938,634.0560413523201,618.6678301446317,624.8529752907019,9910200,META
2025-01-24,644.9025268554688,649.3945139716581,631.6656574969397,633.8568781379164,19065300,META
2025-01-27,657.2429809570312,661.2170263231972,622.601940216737,624.1059156551349,28399200,META
2025-01-28,671.6353149414062,679.8523469699959,656.8346510497705,663.3385855806857,20950100,META
2025-01-29,673.78662109375,678.3283961259809,663.0098523603809,672.3025851139503,21377800,META
2025-01-30,684.2546997070312,707.9496113098508,673.3982325567493,694.0354655916807,29322900,META
2025-01-31,686.4259033203125,702.4814799874082,682.8403138955325,688.2386375622425,19303900,META
2025-02-03,694.6728515625,701.1866947109021,672.5515846641146,673.2089204422564,21415700,META
2025-02-04,701.3759155273438,704.8818683424153,688.846170752285,699.6926666804768,13826300,META
2025-02-05,702.05322265625,715.270213081664,696.2166547369433,700.7384902909668,17778200,META
2025-02-06,709.1447143554688,716.0271344480996,700.6886520762018,703.0591459116995,13080700,META
2025-02-07,711.6646728515625,722.1127432544886,708.9057228017197,713.9355299622597,16427100,META
2025-02-10,714.533203125,718.3180056858356,708.4874523182466,715.6885408700438,12904300,META
2025-02-11,716.9235229492188,720.7680830266086,707.2025161364162,710.4694377796111,12998000,META
2025-02-12,722.4812622070312,724.1943596127884,709.7523040950127,712.4415265910553,12016500,META
2025-02-13,725.6484985351562,726.086742622161,715.170519503926,718.6366539343255,12569100,META
2025-02-14,733.72607421875,737.9491204423847,722.7202448085826,723.2381862179419,16901200,META
2025-02-18,713.50732421875,734.054889977904,703.6170125754637,733.0588860566314,21938700,META
2025-02-19,700.9576416015625,704.1747145500551,692.6111245629734,701.2862790989086,17535500,META
2025-02-20,692.0632934570312,702.8101523617008,690.8680767624129,694.4935451126314,12587400,META
2025-02-21,680.8184204101562,701.0572259638877,679.6331733954379,693.79637977263,15660400,META
2025-02-24,665.4600219726562,684.5235492434307,659.8027276987779,683.5375152106747,15677000,META
2025-02-25,654.8724975585938,665.3305374435599,639.2949835590877,663.3086205526677,20579700,META
2025-02-26,671.0077514648438,680.2805441243983,655.3704801302349,657.0139106659047,14488700,META
2025-02-27,655.6094970703125,685.8980050768483,654.9421915809927,679.7227696836991,12500000,META
2025-02-28,665.52978515625,666.9540633677159,640.0320501051021,655.4103519906419,17534200,META
2025-03-03,652.4322509765625,678.5275616526835,648.2391140524159,670.9878058928375,10843800,META
2025-03-04,637.4424438476562,647.1534810781478,621.1578057314852,642.9304346142569,21495200,META
2025-03-05,653.8465576171875,656.8644781827222,635.111729367083,638.4384086658453,13770000,META
2025-03-06,625.4207153320312,647.9602882252848,621.6159731774069,645.4105206986194,13446500,META
2025-03-07,623.1597290039062,632.2532488274342,598.2098452417057,622.8709097782997,21375700,META
2025-03-10,595.6002807617188,607.6718415110856,584.5247237757733,605.6400157185544,21999900,META
2025-03-11,603.2894287109375,612.4725537318918,590.9588979251555,592.6719951255427,17401500,META
2025-03-12,617.0840454101562,630.7990357116678,606.9148258229645,627.3827503406967,15747000,META
2025-03-13,588.2797241210938,618.0203842680918,584.1662233882897,617.771383307468,16480300,META
2025-03-14,605.7103271484375,606.9664182577417,592.9302511563588,600.9252674163599,12364500,META
2025-03-17,603.0187377929688,611.1931864721827,596.1401729971761,605.5707735579393,15473900,META
2025-03-18,580.5487670898438,598.3831413748485,572.8727029614505,598.1837512328132,20297700,META
2025-03-19,582.2435913085938,590.4779127315381,572.9825047893515,582.4629387558325,20537500,META
2025-03-20,584.1774291992188,608.3021747925519,577.707624061599,580.9475159470894,24336500,META
2025-03-21,594.3956298828125,595.6815960079244,579.1432258888485,581.6055148479699,25015900,META
2025-03-24,616.92529296875,620.6038191496141,610.2960116120224,613.0573552722462,15741300,META
2025-03-25,624.3621215820312,631.9085855563646,619.2480714393791,624.8107342138192,15312500,META
2025-03-26,609.0797729492188,624.8007461767364,604.7233689444203,622.9465455616044,12609800,META
2025-03-27,600.7059936523438,612.3396829236992,598.233665075804,600.1277804152494,10436500,META
2025-03-28,574.9463500976562,599.8785796536636,572.1351128923961,598.4430555668358,17602800,META
2025-03-31,574.5675048828125,576.9002542510486,551.5792239532071,561.7475141060938,21124700,META
2025-04-01,584.1774291992188,588.0752415879734,568.227192224496,569.0646064376122,12836600,META
2025-04-02,582.1138916015625,590.8167206530089,571.5767584264657,573.121925548239,13470800,META
2025-04-03,529.9666137695312,550.8414911032017,528.6507117752637,544.5211822460076,34777500,META
2025-04-04,503.1602783203125,516.3889970810194,492.6630283031205,505.0443845169023,38589800,META
2025-04-07,514.6444702148438,537.6925624927222,480.4012921169833,483.5913523338717,36606100,META
2025-04-08,508.86248779296875,545.7274587202911,501.29606629091035,541.5604660254379,28034200,META
2025-04-09,583.9482421875,586.06164400195,500.54839536763654,507.68613102008703,39216600,META
2025-04-10,544.5910034179688,579.4921312343394,533.6351923102783,573.7002029040485,28173500,META
2025-04-11,541.8794555664062,545.6975609575977,526.9460641882466,533.844525327306,17642300,META
2025-04-14,529.8270874023438,556.0353649218339,526.6370880203747,554.4403043855114,14130900,META
2025-04-15,519.8980712890625,536.2669873917704,515.8905541802854,530.4551018896253,15558700,META
2025-04-16,500.7477722167969,511.77337227474317,494.0885548667942,506.92850187672303,18735100,META
2025-04-17,499.92041015625,505.72228685828065,496.4612006254759,503.67867451915555,14593500,META
2025-04-21,483.1526794433594,491.9651828161341,478.3077785405203,489.8019182716785,16166000,META
2025-04-22,498.7240905761719,505.30357016721007,484.84736943102456,490.3402426542842,17399400,META
2025-04-23,518.6519775390625,533.6751170758674,514.9136400551463,526.8862986388891,18173900,META
2025-04-24,531.4918212890625,532.2394886391763,515.8904715785569,517.1166265622397,13910000,META
2025-04-25,545.5679321289062,548.1498427880772,534.5821864218168,545.0993622560148,17098900,META
2025-04-28,548.0302124023438,556.7529985261549,538.9087068486405,553.9118868125302,15179000,META
2025-04-29,552.7156372070312,554.8390175563454,542.4277261633298,544.3018840382675,11835000,META
2025-04-30,547.2926025390625,547.392267199569,527.8532478040685,536.7255930212515,29244000,META
2025-05-01,570.430419921875,591.1059077397648,568.7257162038675,590.238618351305,31159000,META
2025-05-02,595.1632080078125,602.4604491374204,576.5313339553563,581.6453838419038,24739300,META
2025-05-05,597.40625,601.3339987723356,586.2211133050413,589.3812373579714,13887700,META
2025-05-06,585.4834594726562,594.1763718529379,584.7557492481277,590.6872568767368,10600700,META
2025-05-07,594.953857421875,601.2043765510581,584.8453792561588,588.5239054125428,13139100,META
2025-05-08,596.150146484375,609.3987915210697,594.7644549027136,604.4043633227255,14622800,META
2025-05-09,590.6473999023438,605.0823489402519,589.8698572714408,601.8424561465808,10427300,META
2025-05-12,637.4412841796875,638.3983203620691,619.0985470240091,628.9577416253547,21965100,META
2025-05-13,653.98974609375,658.8644917290795,640.8307865245315,643.5323193603671,18570800,META
2025-05-14,657.3093872070312,660.6090907304957,652.275104788711,659.1536702462474,12348200,META
2025-05-15,641.8775024414062,655.2657270968772,636.5939979037247,652.2451822041022,14341800,META
2025-05-16,638.3485107421875,638.448175394899,624.2026405076157,635.9759078924747,18519000,META
2025-05-19,638.438232421875,641.0002469311114,625.8475073073743,626.2961199602966,9592400,META
2025-05-20,635.1185913085938,637.3615937967512,630.2936778074568,634.0320152877193,6743500,META
2025-05-21,633.5235595703125,644.5989922480402,628.2101191307713,629.8250759728282,11464600,META
2025-05-22,634.5902099609375,641.2494271811771,628.7484497588706,632.078027946325,8228400,META
2025-05-23,625.1097412109375,630.4829920563529,620.7134837844421,622.0592607315479,8454100,META
2025-05-27,640.3223876953125,641.080033825353,630.7821431595195,633.4338437693247,9508400,META
2025-05-28,641.5784301757812,648.8557144048555,640.5516043549418,640.6014366817531,9042900,META
2025-05-29,643.0438842773438,651.288184072806,637.5111569296643,649.6233948044612,8858800,META
2025-05-30,645.476318359375,647.3903301879006,630.812104900707,640.5018468251236,16241000,META
2025-06-02,668.8134155273438,671.166060938188,642.2562556848161,642.3858562311643,15766300,META
2025-06-03,664.7760620117188,673.4789529536675,662.9617757833167,669.3617924489035,11585000,META
2025-06-04,685.8104858398438,686.8572081679845,666.4907528237472,667.238420321753,14031900,META
2025-06-05,682.49072265625,692.2203773049333,680.1280985848566,689.5088052796527,13083100,META
2025-06-06,695.5401000976562,700.6242144400436,689.7182360915449,694.0048506531133,11728000,META
2025-06-09,691.9013671875,702.9967560909232,691.7817452730692,696.2877068677252,12773200,META
2025-06-10,700.2155151367188,701.0428899746662,689.4092014623567,699.1687320280228,10850100,META
2025-06-11,691.9811401367188,706.6653082639799,689.8378026054309,701.5213833723484,9582500,META
2025-06-12,691.20361328125,693.2173504861605,684.8634076906623,691.1438023170118,7322700,META
2025-06-13,680.7462768554688,692.4099021517203,678.8920760381308,685.810495147385,9274400,META
2025-06-16,700.4749145507812,705.4931583928874,691.8851025594383,697.6914734952734,13720300,META
2025-06-17,695.5963134765625,704.3158251974513,694.4290719322615,700.3551564610796,10066100,META
2025-06-18,694.1398315429688,699.9462025997926,693.2718748228809,696.5441581244662,10068300,META
2025-06-20,680.751220703125,700.1756339033776,677.079850298128,699.1081336202601,22538600,META
2025-06-23,696.8933715820312,697.4121118139869,677.1596869463602,682.0881149489193,11080100,META
2025-06-24,710.5313110351562,711.5189816994163,700.4649253469852,703.2384409706419,13823200,META
2025-06-25,707.01953125,714.9010456370576,703.7272754411318,711.6486741856498,9320400,META
2025-06-26,724.3887939453125,726.5137473228667,709.3839937767193,712.6862359929024,13964800,META
2025-06-27,731.9110717773438,733.7068421056694,724.1592578043636,724.8177454897765,18775700,META
2025-06-30,736.3607177734375,746.1477309842478,732.5296879143714,742.8055433362375,15402100,META
2025-07-01,717.5348510742188,736.0214648412638,713.6938959127618,735.1535081071979,13431200,META
2025-07-02,711.8980712890625,718.6122830220947,711.1298559583659,713.6539572494278,9336700,META
2025-07-03,717.3253784179688,727.3219211703462,712.7461059372963,724.9075473573512,8601700,META
2025-07-07,716.6668701171875,725.29662738586,711.8382444141125,715.9186273791692,9457100,META
2025-07-08,718.9813842773438,721.2161260005597,713.1351294314046,719.8792998482032,7770700,META
2025-07-09,731.0631103515625,735.8019810021477,721.0266226856489,721.0266226856489,11418000,META
2025-07-10,725.5360107421875,734.0759515650559,717.9138972384281,729.8359096434607,9913600,META
2025-07-11,715.8289184570312,723.4609583411119,708.037219345619,720.807217385224,10873900,META
2025-07-14,719.2308349609375,726.2942632522581,714.8710789388857,715.9186065632238,8939400,META
2025-07-15,708.7255859375,722.7725529543028,708.1569141283312,722.2039420372861,11529500,META
2025-07-16,701.2630004882812,712.2970836136572,697.6315755690009,711.6985138171127,13067600,META
2025-07-17,699.7665405273438,704.2460714207873,695.4766277838654,702.7395996705828,11803300,META
2025-07-18,702.6298828125,703.0588680042227,690.0294703606638,700.5447529444856,12779800,META
2025-07-21,711.2994384765625,715.3200251684316,704.1063709182977,705.1439122135475,9404400,META
2025-07-22,703.1585693359375,714.9209224678821,699.7665114607927,714.5119099243975,8921100,META
2025-07-23,711.9080810546875,712.9556086996904,703.2783238666914,704.7149523459423,8771600,META
2025-07-24,713.125244140625,721.9245865914077,712.3271306824367,715.3699724936158,10920800,META
2025-07-25,711.0101318359375,718.9614892126135,710.2319910963464,715.2401874661052,8271700,META
2025-07-28,715.9486083984375,723.0419351595109,711.0101939967738,713.5243091595448,8715700,META
2025-07-29,698.35986328125,722.7724995594365,698.270047363426,718.3130022321428,13267000,META
2025-07-30,693.5811157226562,706.8399547738821,689.5805015781577,706.4309422136296,27077300,META
2025-07-31,771.6278076171875,782.9113054874113,763.7163951695271,773.3836936232736,38831100,META
2025-08-01,748.2527465820312,764.2052724882252,743.5637464392476,758.9476005405788,19028700,META
2025-08-04,774.5509643554688,775.029820232538,756.6330226185955,758.2193240496142,15801700,META
2025-08-05,761.6712036132812,781.2950989411861,761.212259491104,774.6307577641016,11640300,META
2025-08-06,770.1812133789062,771.827371776558,758.6782598971715,768.1958857027562,9733900,META
2025-08-07,760.0449829101562,773.1841074016191,757.7702959207965,771.6776357205837,9019700,META
2025-08-08,767.49755859375,768.0961893607639,756.8027042152274,760.9629170758883,7320800,META
2025-08-11,764.0755615234375,771.6478049440495,762.8783609453131,768.2757194135389,7612000,META
2025-08-12,788.1489868164062,791.8103707559926,770.6201469797736,771.1888187456735,14563100,META
2025-08-13,778.2523193359375,793.5962894533881,776.4066172801486,789.2963900548351,8811800,META
2025-08-14,780.2974243164062,785.9641084064921,770.6999694623344,776.0573823379099,8116200,META
2025-08-15,783.3901977539062,794.3843975355859,778.9905571139482,782.3127720209482,13375400,META
2025-08-18,765.572021484375,773.9922487170201,754.7873521125813,773.2739649293972,16513700,META
2025-08-19,749.71923828125,765.3724785334582,747.604210382002,765.3226078635242,12286700,META
2025-08-20,745.9680786132812,748.4423094323544,729.2872824481717,745.8184665954027,11898200,META
2025-08-21,737.3682250976562,743.7532539146816,731.392269728463,742.965126847803,8876300,META
2025-08-22,753.021484375,755.1265868650723,732.6693186706706,737.4979443181139,10612700,META
2025-08-25,751.5349731445312,757.1019160115399,748.3724176422635,753.0514312038815,6861200,META
2025-08-26,752.3331298828125,753.1013452690629,746.187589469264,749.0408739151204,7601800,META
2025-08-27,745.62890625,752.3830637406979,741.0995653139147,750.5373617239242,8315400,META
2025-08-28,749.35009765625,751.2855545763716,739.0642569298059,742.2567713506037,7468000,META
2025-08-29,736.96923828125,745.3894657992533,733.6270507950396,743.5338383928589,9070500,META
2025-09-02,733.3875732421875,734.2755025264773,720.0389186102121,724.3388175548104,9350900,META
2025-09-03,735.3230590820312,738.5155735710689,732.2702311831985,734.2755314397929,7699300,META
2025-09-04,746.8959350585938,759.3765729399474,744.0725487076684,746.8161054490425,11439100,META
2025-09-05,750.68701171875,756.1741251448537,743.2844139282448,750.8565963566639,9663400,META
2025-09-08,750.5372924804688,764.71401930554,750.2579802053917,754.2286352813065,13087800,META
2025-09-09,763.9059448242188,764.5045146420852,751.6646744655906,755.715159278882,10999000,META
2025-09-10,750.2180786132812,763.9059640843684,749.2403942554,763.3372922969834,12478300,META
2025-09-11,749.140625,755.326049350588,746.6165236987539,752.8818385469593,7923300,META
2025-09-12,753.8196411132812,755.7949823874058,742.0173423532742,746.9756681630587,8248600,META
2025-09-15,762.9082641601562,772.2563046936084,750.2280226983954,755.6951631721865,10533800,META
2025-09-16,777.1747436523438,779.5291993784334,763.3072880544486,765.2028605665566,11782500,META
2025-09-17,773.9024658203125,781.4547366857648,764.5145401578408,778.16248073438,9400900,META
2025-09-18,778.421875,786.9319184464317,771.5480036492609,778.9207035004806,10955000,META
2025-09-19,776.5562133789062,788.9470955167301,767.3877436699294,784.5773532506886,23696800,META
2025-09-22,763.8824462890625,784.4181095052566,763.1935958899483,780.5445827585347,11706900,META
2025-09-23,754.1387329101562,769.3133047218867,749.815945650324,767.9655831903335,10872600,META
2025-09-24,759.3899536132812,759.8392144671293,751.2735837511626,756.2352564498105,8828200,META
2025-09-25,747.6595458984375,755.5064686568031,743.3068402529434,752.1920046258563,10591100,META
2025-09-26,742.5081787109375,750.6745134518627,736.1188402620083,748.7477432379202,9696300,META
2025-09-29,742.1587524414062,749.5264347617783,737.9158487633198,747.4698158948381,9246800,META
2025-09-30,733.1538696289062,741.7294934738761,725.087343094007,741.0107248479524,16226800,META
2025-10-01,716.1422729492188,720.6446913474787,709.0141800953496,720.28530706911,20419600,META
2025-10-02,725.8360595703125,726.5548890984803,716.9409630753169,721.3735522103992,11415300,META
2025-10-03,709.3735961914062,729.7794705550638,708.9942257916973,728.4117628788885,16154300,META
2025-10-06,714.465087890625,715.6830826309072,689.3571155710283,704.0125981338592,21654700,META
2025-10-07,711.889404296875,717.3003375901077,704.5716259627259,716.5216106896504,12062900,META
2025-10-08,716.6414794921875,718.4484549738279,706.6281969142439,712.2587946669486,10790600,META
2025-10-09,732.2852783203125,732.2852783203125,711.2504512938121,717.0807271377935,12717200,META
2025-10-10,704.1223754882812,734.0423674154782,703.333716456913,729.6995938834806,16980100,META
2025-10-13,714.5050048828125,718.7379155876384,706.4584651360833,711.8194939498104,9251800,META
2025-10-14,707.466796875,714.3552394376962,698.1623510959027,706.598254382022,8829800,META
2025-10-15,716.3519287109375,722.6913629779451,708.3253746524584,715.8627565899488,10246800,META
2025-10-16,710.881103515625,724.2786798244232,702.7047754671785,716.3519343648386,9017000,META
2025-10-17,715.7229614257812,717.3402516818879,704.9410060739878,705.8994251244851,12232400,META
2025-10-20,730.947509765625,732.5448748734839,718.9775387090459,719.9858621042338,8900200,META
2025-10-21,732.0457153320312,737.2669635645257,727.5332426508437,734.7911237948646,7647300,META
2025-10-22,732.1854248046875,739.3634223567747,722.8211423130082,732.6047674176828,8734500,META
2025-10-23,732.7744750976562,741.170406509876,731.8759534115667,733.4733185275871,9856000,META
2025-10-24,737.127197265625,739.9724753796752,729.9292742962166,735.5598112729552,9151300,META
2025-10-27,749.5663452148438,754.4881061640369,746.7610395763271,748.4781384032651,11321100,META
2025-10-28,750.1853637695312,757.1337649704751,744.2752651341964,751.3733793283152,12193800,META
2025-10-29,750.4149169921875,757.8924011644837,741.2702382858599,753.4897913670577,26818600,META
2025-10-30,665.3572387695312,679.8230975870755,649.08446528138,668.0328178882455,88440100,META
2025-10-31,647.2674560546875,673.7631824593219,644.4921293755289,673.383812052831,56953200,META
2025-11-03,636.645263671875,658.2291607688485,635.1177890022415,654.90470367213,33003600,META
2025-11-04,626.2725830078125,640.6684891460408,624.9647727272926,626.9913515895119,27356600,META
2025-11-05,634.88818359375,641.1576663615418,625.4938610947797,631.2542465797685,20219900,META
2025-11-06,617.9065551757812,634.938067569805,616.9681222612256,634.7882936522686,23628800,META
2025-11-07,620.6719360351562,621.0912176885568,600.1961723842201,615.4606203242017,29946800,META
2025-11-10,630.7052001953125,633.9397808237388,617.077966360211,630.0363359130761,19245000,META
2025-11-11,626.0330200195312,628.5088598168925,618.3558571038752,626.9514668906089,13302200,META
2025-11-12,607.9931640625,627.939784558569,606.7552442025384,627.0812350986922,24493300,META
2025-11-13,608.8717041015625,616.6187572691151,601.993193452889,612.0463872625083,20973800,META
2025-11-14,608.4424438476562,612.6553687237855,594.2062431482154,600.7852061056304,20724100,META
2025-11-17,601.0048217773438,610.6686515784111,594.4058732487083,608.0230519623859,16501300,META
2025-11-18,596.6920776367188,602.6520806612418,582.8053290854997,590.612218909938,25500600,META
2025-11-19,589.3343505859375,594.3359951431619,580.2794874440681,592.7286370493186,24744700,META
2025-11-20,588.1663208007812,605.706930555967,582.375956312388,602.4923362369276,20603000,META
2025-11-21,593.2578125,597.1213460929463,580.88848479756,587.517412968027,21052600,META
2025-11-24,612.0264282226562,615.6703584886146,596.6321908004635,597.7203367937327,23554900,META
2025-11-25,635.1576538085938,635.9862849922763,617.2675924687619,622.9580871825591,25213000,META
2025-11-26,632.5520629882812,637.2941320349476,630.5753884422047,636.6252677780955,15209500,META
2025-11-28,646.8681640625,646.9679727244463,634.4389389877349,635.0179876534709,11033200,META
2025-12-01,639.7999267578125,644.242508725797,636.6951341862962,638.4821234657416,13029900,META
2025-12-02,646.01953125,646.7882651016448,637.0046400682228,641.2675300698932,11640900,META
2025-12-03,638.5320434570312,647.7665988470103,636.4854785031988,643.3340098224904,11134300,META
2025-12-04,660.425537109375,674.9711573797597,658.9479666864565,674.87134871331,29874600,META
2025-12-05,672.2955932617188,673.5634922785046,661.2840414153883,662.8913386215002,21207900,META
2025-12-08,665.6866455078125,675.5801331063639,663.9595535520253,668.2224435191038,13161000,META
2025-12-09,655.8631591796875,663.3705623262879,652.2492080192432,662.6617867420982,12997100,META
2025-12-10,649.0444946289062,653.4171862971667,642.3257510862366,648.8648024836247,16910900,META
2025-12-11,651.6201782226562,654.1858943512054,639.730030479328,642.2158631242634,13056700,META
2025-12-12,643.1543579101562,709.8128965395189,637.543746077992,648.7150654102267,14016900,META
2025-12-15,646.9561157226562,652.4414097008485,638.1536544261938,645.1476664750544,15549100,META
2025-12-16,656.587890625,661.973233609148,642.6498114209788,642.9495426008936,14309100,META
2025-12-17,648.9443969726562,660.664343241777,648.644665798819,655.0491556477624,15598500,META
2025-12-18,663.881591796875,669.9863502083882,655.8984367998282,656.4679564970005,20260300,META
2025-12-19,658.2064819335938,670.4260003995075,657.6169598101359,665.8499012351181,49977100,META
2025-12-22,660.9341430664062,673.0038267300547,656.0883162216827,661.0840391473547,15659400,META
2025-12-23,664.3711547851562,665.4302455294139,657.6868755551602,659.4853234816244,8486800,META
2025-12-24,666.9789428710938,667.6084088263418,661.633543835896,661.9632786179176,5627500,META
2025-12-26,662.7225952148438,668.3777877623371,660.7543096382171,667.4885344385556,7133800,META
2025-12-29,658.1265258789062,659.6851889371151,653.8302165118,657.4471149030659,8506500,META
2025-12-30,665.3803100585938,671.6449047754843,657.2772625792347,658.1265110341435,9187500,META
2025-12-31,659.5253295898438,664.4311023248911,658.8758612620638,664.1813161961976,7940400,META
