Date,Close,High,Low,Open,Volume,Ticker
,MSFT,MSFT,MSFT,MSFT,MSFT,
2018-01-02,78.8703842163086,79.20073194713669,78.45745305325805,79.03555808172264,22483800,MSFT
2018-01-03,79.23739624023438,79.38422048804543,78.8886991531313,78.97128254180092,26061400,MSFT
2018-01-04,79.93482971191406,80.43952951647438,79.43930817679164,79.45765771469915,21912000,MSFT
2018-01-05,80.92585754394531,81.12773742775576,80.22845621831836,80.43951436983846,23407100,MSFT
2018-01-08,81.00843811035156,81.2837301242538,80.38444894634434,80.93502597318206,22113000,MSFT
2018-01-09,80.95336151123047,81.42135501309494,80.62301398061612,81.34794289496621,19484300,MSFT
2018-01-10,80.58633422851562,80.92586013497365,80.21010925197795,80.62304029956249,18652200,MSFT
2018-01-11,80.82491302490234,80.8707903589186,80.05409960318352,80.8707903589186,17808900,MSFT
2018-01-12,82.2197265625,82.38490040317807,81.16444963599947,81.36632955249135,24271500,MSFT
2018-01-16,81.07266235351562,83.31168326455533,80.76067130904138,82.6785159083429,36599700,MSFT
2018-01-17,82.71524810791016,82.84371587281072,81.43974172713446,81.74256160195785,25621200,MSFT
2018-01-18,82.67853546142578,83.20158474865815,82.27478266138324,82.40325041607417,24159700,MSFT
2018-01-19,82.5867691040039,83.14652443245286,82.27477800340857,82.71523685142165,36875000,MSFT
2018-01-22,84.06414794921875,84.0733262163761,82.3481760410562,82.58676198038127,23601600,MSFT
2018-01-23,84.33025360107422,84.69730724153239,83.99990602475846,84.33025360107422,23412800,MSFT
2018-01-24,84.2568359375,85.73422166758635,84.03660656807952,84.92670931240097,33277500,MSFT
2018-01-25,84.72483825683594,85.55987849464731,84.35778460243885,84.85330598573,26383200,MSFT
2018-01-26,86.31234741210938,86.31234741210938,84.95425780207921,85.44977925470117,29172200,MSFT
2018-01-29,86.18389129638672,87.5878654344753,86.00036791922578,87.30340209958543,31569900,MSFT
2018-01-30,85.10108184814453,85.94530753877152,84.51379867264522,85.6149598774322,38635100,MSFT
2018-01-31,87.18409729003906,87.54197271331725,85.80765120021006,86.02788061431198,48756300,MSFT
2018-02-01,86.49588775634766,88.15679739054353,85.87189848478197,86.98223099723586,47227900,MSFT
2018-02-02,84.22017669677734,86.22979093773127,83.9632411227862,85.92697101082628,47867800,MSFT
2018-02-05,80.75151062011719,85.55989406495328,80.75151062011719,83.10064323421102,51031500,MSFT
2018-02-06,83.80720520019531,83.9448511917385,78.22800941724392,79.73292305592652,67998600,MSFT
2018-02-07,82.22888946533203,84.2109681821036,81.85265750927424,83.03640197942907,41107600,MSFT
2018-02-08,78.0077896118164,82.47664674586684,77.77838193139192,82.32065120341022,55628700,MSFT
2018-02-09,80.91670989990234,81.60493321828403,76.92501605348245,79.1915659688413,63499100,MSFT
2018-02-12,81.78842163085938,82.38488298503323,80.68726759312813,81.43054621854839,35720300,MSFT
2018-02-13,82.43077087402344,82.58676641924995,80.56798159605506,81.60490180963755,26407700,MSFT
2018-02-14,83.72148132324219,83.88743102694336,81.50882798569789,81.60102070245334,34960900,MSFT
2018-02-15,85.42708587646484,85.48240010469493,83.5463247442474,84.09026674545404,27823900,MSFT
2018-02-16,84.81859588623047,86.20150777567987,84.63421044784532,85.23346663952384,30596900,MSFT
2018-02-20,85.4823989868164,85.79585565449312,83.90588019818914,84.33919373726903,30911700,MSFT
2018-02-21,84.34839630126953,86.07242883418127,84.34839630126953,85.72209371916226,26922500,MSFT
2018-02-22,84.56969451904297,85.49163599319697,84.2285736414181,84.86471550941803,24392800,MSFT
2018-02-23,86.71780395507812,86.72702533835772,85.1505064225637,86.29371176432545,26329200,MSFT
2018-02-26,87.97164916992188,87.99930628728168,86.89297938976037,87.03127201041426,30199800,MSFT
2018-02-27,86.84687042236328,88.35885363998281,86.84687042236328,88.26666091380682,25869100,MSFT
2018-02-28,86.45044708251953,88.23901575485456,86.32137584161444,87.43692415735424,31167300,MSFT
2018-03-01,85.60224151611328,87.1879815518945,84.67107890740857,86.65325395213509,37135600,MSFT
2018-03-02,85.78662872314453,85.87882143341812,83.7675753090442,84.43137407717872,32830400,MSFT
2018-03-05,86.33058166503906,86.9114021444224,85.05830521950013,85.13205517682782,23901600,MSFT
2018-03-06,86.03557586669922,87.11424567550095,85.68524064774837,86.97595305117521,22175800,MSFT
2018-03-07,86.53343200683594,86.60718901688256,85.21505534613905,85.8880757535671,26716100,MSFT
2018-03-08,87.05889892578125,87.67659777871106,86.4504144195382,86.91138497256387,25887800,MSFT
2018-03-09,89.00420379638672,89.00420379638672,87.58441351223134,87.85177730280473,36937300,MSFT
2018-03-12,89.21626281738281,89.62191926891275,88.54324955973114,88.96734174366952,26073700,MSFT
2018-03-13,87.04047393798828,89.64956224430638,86.63481755044127,89.42829832103224,35387800,MSFT
2018-03-14,86.52418518066406,87.96241831825452,86.20150714890944,87.69505451084254,32132000,MSFT
2018-03-15,86.82844543457031,87.19722341875995,85.58382589255345,86.22918208949405,27611000,MSFT
2018-03-16,87.21565246582031,87.93476561123468,86.58873205092108,87.28940946377422,49081300,MSFT
2018-03-19,85.63911437988281,86.57027692737881,84.92000139554342,86.42276296451284,33344100,MSFT
2018-03-20,85.86038970947266,86.45043157170436,85.7405398740941,85.78663975208407,23075200,MSFT
2018-03-21,85.26115417480469,86.70860206814181,85.01222602745918,85.6760250419065,24457100,MSFT
2018-03-22,82.7811050415039,84.58810903346983,82.66125521211785,84.14557414199594,38604700,MSFT
2018-03-23,80.37483978271484,83.39880600720033,80.28264706296417,82.51374323665729,44068900,MSFT
2018-03-26,86.45964050292969,86.66246868270993,83.34348192716395,83.5370887259034,56396800,MSFT
2018-03-27,82.48607635498047,87.713481021518,81.60101368925872,87.5290956038541,56569000,MSFT
2018-03-28,82.41231536865234,84.10869067088818,81.93290908571649,82.80875032782818,52501100,MSFT
2018-03-29,84.14558410644531,85.0859682244918,81.49961692773682,83.14067140896401,45867500,MSFT
2018-04-02,81.61024475097656,83.78602688752426,80.67908905705598,83.40803459374112,48515400,MSFT
2018-04-03,82.70733642578125,83.02080006189024,81.02940388101658,82.58748661324537,37213800,MSFT
2018-04-04,85.12284851074219,85.5192835818042,80.88191960901054,80.99254807191332,35560000,MSFT
2018-04-05,85.16893768310547,85.80507945275836,84.26543911707367,85.22425894602364,29771900,MSFT
2018-04-06,83.18679809570312,85.24272403429855,82.49534185885723,84.34843950922749,38026000,MSFT
2018-04-09,83.68461608886719,85.8972768108417,83.54633050875059,83.93354420078613,31533900,MSFT
2018-04-10,85.62991333007812,85.9986912909501,84.48670798184412,85.17816402078361,26812000,MSFT
2018-04-11,84.68954467773438,86.00792127178711,84.33920944850587,84.82783730611716,24872100,MSFT
2018-04-12,86.2752456665039,86.80997316684746,85.21501204585087,85.21501204585087,26758900,MSFT
2018-04-13,85.81430053710938,86.82843459159642,85.22425864963131,86.7085847510898,23346100,MSFT
2018-04-16,86.8192138671875,87.27097018591212,86.12775786563196,86.7270211404176,20288100,MSFT
2018-04-17,88.57089233398438,89.00420583089262,87.47378003618294,87.58441551428291,26771000,MSFT
2018-04-18,88.91200256347656,89.17014494788535,88.06381139975169,88.7091743946261,21043300,MSFT
2018-04-19,88.60777282714844,89.49283557037,87.89787413588984,88.91201512340213,23552500,MSFT
2018-04-20,87.58441162109375,88.60776688800635,86.708570318424,88.42338146655575,31154400,MSFT
2018-04-23,87.90709686279297,88.77372388943512,87.24329803675673,88.26665338792034,22331800,MSFT
2018-04-24,85.85118103027344,88.93968314550202,85.19660351594204,88.7276335401405,34524800,MSFT
2018-04-25,85.1043930053711,86.01711989082281,83.23285342696254,86.01711989082281,33729300,MSFT
2018-04-26,86.90218353271484,87.72271067625822,85.8327283146091,86.24760609426191,42529000,MSFT
2018-04-27,88.34040832519531,90.25804777059024,86.5795042345366,89.98146258821185,48272800,MSFT
2018-04-30,86.21993255615234,88.87512754835505,85.87881883507549,88.81059194973082,41523600,MSFT
2018-05-01,87.58441162109375,87.85177540589419,85.54692246849697,85.934136073855,31408900,MSFT
2018-05-02,86.21072387695312,87.74114261659477,85.9157029732961,87.57519291867187,27471000,MSFT
2018-05-03,86.72701263427734,87.51988266767174,85.23346528521623,85.70365728963698,31142500,MSFT
2018-05-04,87.73191833496094,87.92552512163982,85.66676520934811,86.03554305562557,22531300,MSFT
2018-05-07,88.70919036865234,89.16093962271505,87.67661361122677,87.74114921895001,24242000,MSFT
2018-05-08,88.33119201660156,88.65387709252711,87.63973605479616,88.36807051196031,23484600,MSFT
2018-05-09,89.37298583984375,89.40064295156017,87.63051746317478,88.51558020736748,27327400,MSFT
2018-05-10,90.26725769042969,90.30412914513514,89.47438777106542,89.85237996954235,22388100,MSFT
2018-05-11,90.07365417480469,90.23038952757534,89.46517662859767,90.16585392367682,16778300,MSFT
2018-05-14,90.37789154052734,90.98637608743391,89.71409277439396,90.27647744937624,19454100,MSFT
2018-05-15,89.7232894897461,90.21191704886223,88.81978429892403,89.64953252848491,24594000,MSFT
2018-05-16,89.95482635498047,90.18631072178981,89.46408062763942,90.14927237537925,17384700,MSFT
2018-05-17,89.056640625,90.31591578845975,88.7325640162435,89.59368589913377,17246700,MSFT
2018-05-18,89.22332000732422,89.75110399293281,88.89924336078228,88.89924336078228,17865800,MSFT
2018-05-21,90.37147521972656,90.75111288744783,89.63072964986708,89.81591427624677,19422500,MSFT
2018-05-22,90.27889251708984,90.89926885227815,90.00110848360838,90.44556152431043,15441200,MSFT
2018-05-23,91.35298919677734,91.41780453356726,89.18629196173644,89.54740699018627,21251200,MSFT
2018-05-24,91.02891540527344,91.61226056453121,89.64000912413424,91.41781453289283,26649300,MSFT
2018-05-25,91.0751953125,91.6492789937612,90.61222665274322,91.01964133391834,18363900,MSFT
2018-05-29,90.75110626220703,91.5566670989239,90.0288763819753,90.59369157050153,28671000,MSFT
2018-05-30,91.62147521972656,91.89925918152747,90.65850683131983,91.02887602793491,22158500,MSFT
2018-05-31,91.5196304321289,92.5844596363412,91.30666882989061,91.93630641517213,34140900,MSFT
2018-06-01,93.32522583007812,93.39004116164045,91.82520478833982,91.92705846141507,28655600,MSFT
2018-06-04,94.14006042480469,94.31599080384456,93.38079198564529,93.76042973739611,27281600,MSFT
2018-06-05,94.62154388427734,94.75117455337325,94.01042181767524,94.4456135200722,23514400,MSFT
2018-06-06,94.8992919921875,95.00114563896918,94.3529924906671,94.89003770745425,21122900,MSFT
2018-06-07,93.4085464477539,95.08449765984764,92.9455778266649,95.04745932243966,28232200,MSFT
2018-06-08,94.10302734375,94.39932706672398,93.09375884073762,93.60302023666715,22165100,MSFT
2018-06-11,93.56597137451172,94.06597132331778,93.21411066284803,93.52893303305547,23490900,MSFT
2018-06-12,93.80673217773438,93.9363628713113,93.28820940342668,93.612286137369,18325200,MSFT
2018-06-13,93.38078308105469,94.45487382952862,93.1122603939362,94.18635114241015,29492900,MSFT
2018-06-14,93.90858459472656,94.47340706518855,93.51969251929653,94.12155333946751,25691800,MSFT
2018-06-15,92.71410369873047,94.0104173930194,92.65854971868738,93.99190175445213,65738600,MSFT
2018-06-18,93.39002990722656,93.62151421553034,92.0566780308078,92.60298467186178,23586000,MSFT
2018-06-19,93.39002990722656,93.51966055472944,92.13075470490672,92.26964670275709,28653100,MSFT
2018-06-20,94.32520294189453,94.92705632899418,93.63075020508242,93.86223445068646,26180800,MSFT
2018-06-21,93.64928436279297,94.87152113880036,93.40853872172394,94.51966755903791,23198200,MSFT
2018-06-22,92.97335052490234,93.30668139218974,92.25111363015057,92.97335052490234,38923100,MSFT
2018-06-25,91.10298156738281,92.6955950492168,90.09371317734954,92.59374136856404,35433300,MSFT
2018-06-26,91.74186706542969,92.6678043420747,91.43630606869505,91.50112139548656,26897200,MSFT
2018-06-27,90.31592559814453,92.61224615904047,90.18629494056206,92.20483854849887,31298400,MSFT
2018-06-28,91.3251724243164,91.76962533475884,90.05664313523864,90.16775106459474,26650700,MSFT
2018-06-29,91.30667877197266,92.51040010160192,91.04741745527492,91.6029784288188,28053200,MSFT
2018-07-02,92.60299682617188,92.64928945530436,90.74186076511666,90.83445308772298,19564500,MSFT
2018-07-03,91.71410369873047,93.17707944421058,91.61225001802502,93.03819448355938,14670300,MSFT
2018-07-05,92.37150573730469,92.51965202978053,91.69556840942492,92.13076006464794,18977400,MSFT
2018-07-06,93.66783142089844,93.9178314123123,92.28817959905712,92.49188695875674,19234600,MSFT
2018-07-09,94.30671691894531,94.67709326880646,93.75115592632424,94.12153227618539,18212000,MSFT
2018-07-10,94.55670928955078,94.9178242319544,94.31596363983498,94.44559428252651,19293100,MSFT
2018-07-11,94.4271011352539,94.76043210703112,93.61227168503302,93.65857138173808,19644600,MSFT
2018-07-12,96.47339630126953,96.67710360959397,95.12152887660916,95.1585601469045,24335900,MSFT
2018-07-13,97.62156677246094,97.77897441310263,96.38080715575754,96.64007552570595,24635200,MSFT
2018-07-16,97.14009094238281,97.98269025883917,96.7789688760828,97.59379826662854,21786900,MSFT
2018-07-17,98.1030502319336,98.61231855254216,96.59377503574748,96.86229768985557,25901700,MSFT
2018-07-18,97.33452606201172,98.19564798530575,96.96414974990901,98.093794322869,29493900,MSFT
2018-07-19,96.66785430908203,97.51045356795767,96.19562431404485,97.15859994157478,40171600,MSFT
2018-07-20,98.39935302734375,100.18641228556255,98.2234297454103,100.07530433157109,56004000,MSFT
2018-07-23,99.97342681884766,100.13083442568515,98.2696989324901,98.42711360366683,29707000,MSFT
2018-07-24,99.68641662597656,100.76050025841461,99.31604028004091,100.52901592524748,26316600,MSFT
2018-07-25,102.62167358398438,102.91797335558668,99.63089180383344,99.96422992992902,30702100,MSFT
2018-07-26,101.50125122070312,102.77904217484927,101.39013619951346,102.53829649444222,31372100,MSFT
2018-07-27,99.70492553710938,102.01976871259545,98.27898129328908,102.01976871259545,37005300,MSFT
2018-07-30,97.56603240966797,99.56605364378953,97.00120999562084,99.25123829922144,34668300,MSFT
2018-07-31,98.22344207763672,98.8160414544634,97.57528165249755,98.60307274200609,27655200,MSFT
2018-08-01,98.40861511230469,98.56602275786062,97.61230846916875,98.17713078730799,23628700,MSFT
2018-08-02,99.60311126708984,100.08459572971692,97.075298411353,97.59382829150162,26104300,MSFT
2018-08-03,100.03826904296875,100.04753039419745,98.90862438066563,99.81604606386784,18659600,MSFT
2018-08-06,100.12159729003906,100.39011995364483,99.59381331380456,100.112343003403,20265900,MSFT
2018-08-07,100.81604766845703,101.01975499866482,100.15863305282147,100.51974802388409,16080200,MSFT
2018-08-08,101.38086700439453,101.62161266617487,100.70493677139284,101.23272071861165,15487500,MSFT
2018-08-09,101.54754638671875,102.00126076966394,101.48273105548961,101.58458472804129,13677200,MSFT
2018-08-10,100.92715454101562,101.56605346796503,100.35307093532627,101.31604646857605,18183700,MSFT
2018-08-13,100.19566345214844,101.46419995789128,100.0938097951152,101.1493776367867,18472500,MSFT
2018-08-14,101.44569396972656,101.62162432710075,100.0382723037571,100.51975661822678,16788300,MSFT
2018-08-15,100.07003784179688,101.30626824828296,99.28925365143678,100.84151794901739,29982800,MSFT
2018-08-16,100.05146026611328,101.1854523169301,99.73543341471998,100.66493416568092,21384300,MSFT
2018-08-17,99.99566650390625,100.29310638325525,99.16841161785665,99.79117525719266,18061500,MSFT
2018-08-20,99.33573913574219,100.29312369100401,98.97323444183775,99.93061899709959,17914200,MSFT
2018-08-21,98.50848388671875,99.78189526293681,98.38764426133585,99.38220969215011,22881900,MSFT
2018-08-22,99.5123291015625,99.77258812742485,98.32256950246222,98.3876342589278,18000600,MSFT
2018-08-23,99.97708129882812,100.55337421819866,99.3357307132753,99.59598974411142,18167700,MSFT
2018-08-24,100.75786590576172,100.90658231335225,99.97708171844951,100.07932735121095,17234000,MSFT
2018-08-27,101.87326049804688,101.91044137162726,100.86010828620566,101.56652360965353,19662300,MSFT
2018-08-28,102.48675537109375,102.70983356696883,102.04988888100605,102.18931541275097,19151500,MSFT
2018-08-29,104.1226577758789,104.13195476783537,102.49603166832433,102.66334206590531,20818000,MSFT
2018-08-30,104.05758666992188,104.6710604541522,103.58354648195474,103.79732764322777,22798700,MSFT
2018-08-31,104.41079711914062,104.82906952456453,103.65789686124073,103.81591734223596,23222700,MSFT
2018-09-04,103.83450317382812,104.06687830592196,102.44954937217618,103.03513215210322,22634600,MSFT
2018-09-05,100.84149932861328,103.5649358630875,100.47899472944482,103.18384437565228,32872400,MSFT
2018-09-06,101.07389831542969,101.30627347705618,99.93061649148257,100.61844498426937,23477600,MSFT
2018-09-07,100.58124542236328,101.05529264964477,99.67033892926251,100.59983940309439,22498600,MSFT
2018-09-10,101.66878509521484,101.91045726541492,100.7206974913955,101.16685386088896,20727900,MSFT
2018-09-11,103.39765167236328,103.72297548581166,101.21332653460725,101.22262352685642,24301800,MSFT
2018-09-12,103.83450317382812,103.96463268047857,102.71910537638819,103.57424416052721,18891100,MSFT
2018-09-13,104.94990539550781,105.7120955257436,104.21559914577043,104.21559914577043,26055600,MSFT
2018-09-14,105.37748718261719,105.71210797104439,104.51305132776805,105.36819019084784,19122300,MSFT
2018-09-17,104.23419952392578,105.6842182296893,103.97394048356074,105.67492832933839,20736500,MSFT
2018-09-18,105.228759765625,105.68421306400194,103.84380588764724,104.28067229470389,22170900,MSFT
2018-09-19,103.82522583007812,105.33101952394155,103.21175905285587,105.08005745406143,21728400,MSFT
2018-09-20,105.56338500976562,105.7771732723945,104.03900456202024,104.36432836034513,23714500,MSFT
2018-09-21,106.20475006103516,107.16213463020374,105.50762454854998,105.96307789774595,71229700,MSFT
2018-09-24,106.5858154296875,106.79960365452217,104.3085421524707,105.06143525142735,27334500,MSFT
2018-09-25,106.38136291503906,106.98553984875383,105.7307151965944,106.70669386578966,22668000,MSFT
2018-09-26,105.94449615478516,106.94835155200484,105.72141087404498,106.39994952612274,19352000,MSFT
2018-09-27,106.34415435791016,106.80890460244288,106.14895301466358,106.68806500028776,19091300,MSFT
2018-09-28,106.30699157714844,106.49288886998445,105.66563386126802,106.13968117698516,21647800,MSFT
2018-10-01,107.45956420898438,107.52462896688472,106.64160623944751,106.66019313105043,18883100,MSFT
2018-10-02,107.03199005126953,107.67334061033199,106.37204550990008,107.17141655246621,20787200,MSFT
2018-10-03,107.05058288574219,107.98938048162918,106.82750472635755,107.28295803679651,16648000,MSFT
2018-10-04,104.83836364746094,106.66948079158345,103.76013964911476,106.5300542964144,34821700,MSFT
2018-10-05,104.22486877441406,105.19154996233145,102.83991527731762,104.68961893640177,29068900,MSFT
2018-10-08,103.0351333618164,104.13194428183779,101.63158556186352,103.78803362087793,29640600,MSFT
2018-10-09,104.34576416015625,105.10795454978135,102.98869381236173,103.30472068759553,26198600,MSFT
2018-10-10,98.67578887939453,103.63931876897108,98.33187109824287,103.39764662298539,61376300,MSFT
2018-10-11,98.44341278076172,101.2505014961808,96.85396050080371,97.92288761813045,63904300,MSFT
2018-10-12,101.84538269042969,103.3976470244834,99.56810900713062,101.32486461231034,47742100,MSFT
2018-10-15,100.01426696777344,101.76173270120046,99.4100901363551,101.23191762259329,32068100,MSFT
2018-10-16,103.174560546875,103.55565917444926,101.2690815920564,101.81749060147584,31610200,MSFT
2018-10-17,102.9050064086914,103.92745560899004,101.82678944393922,103.80662308883184,26548200,MSFT
2018-10-18,100.85079193115234,102.73767658102665,100.22802837418868,102.33799113118688,32506200,MSFT
2018-10-19,100.99955749511719,103.04445636106995,100.58127789194859,101.25051958379585,32785500,MSFT
2018-10-22,101.9011459350586,102.74699486598296,100.60914069741555,101.6130030248225,26545600,MSFT
2018-10-23,100.47901153564453,101.28767959525405,97.69980677999253,100.17227464149678,43770400,MSFT
2018-10-24,95.10649108886719,100.8415074847166,94.42795260207944,100.76715283411023,63897800,MSFT
2018-10-25,100.66493225097656,101.56654200537606,98.6665042561162,99.03830596773427,61646800,MSFT
2018-10-26,99.41936492919922,101.08317154632407,97.37446682418262,98.23890250589497,55523100,MSFT
2018-10-29,96.52864074707031,101.03671746552051,94.46514817663267,100.48831548786883,55162000,MSFT
2018-10-30,96.41709899902344,97.02126870728466,93.05230432150927,96.35203424160176,65350900,MSFT
2018-10-31,99.27996063232422,100.5161981798028,97.96007143156353,98.00654929996053,51062400,MSFT
2018-11-01,98.45269012451172,99.75399222783456,98.09018550100745,99.50303021599542,33384200,MSFT
2018-11-02,98.67578887939453,99.75400590724453,97.57897786795421,98.97322879309732,37680200,MSFT
2018-11-05,99.93061065673828,100.1443918216972,98.4341141359189,98.8709805489133,27922100,MSFT
2018-11-06,100.12579345703125,101.16682946246759,98.78731048829775,99.80975960429099,24340200,MSFT
2018-11-07,104.06690979003906,104.32716888207804,101.68738998679316,101.72457087015992,37901700,MSFT
2018-11-08,103.87167358398438,104.29924293298907,103.09089662272157,103.91815144233239,25644100,MSFT
2018-11-09,101.84538269042969,103.59284130377816,101.0924894572175,103.03514234986072,32039200,MSFT
2018-11-12,99.33573913574219,102.20789280152768,98.62001964873176,101.70596158884601,33621800,MSFT
2018-11-13,99.40081024169922,101.0739072992039,99.12195718635121,99.96780625378645,35374600,MSFT
2018-11-14,97.9911880493164,101.0624569322997,97.52442999030065,100.91309093477652,39495100,MSFT
2018-11-15,100.14761352539062,100.63304592194673,97.00166859232937,98.0098606425552,38505200,MSFT
2018-11-16,101.0904541015625,101.64122515347289,99.6995171786206,99.96090053357212,33502100,MSFT
2018-11-19,97.66445922851562,101.34250790540551,96.66559726305752,101.07178737541892,44773900,MSFT
2018-11-20,94.94792175292969,96.12415403408403,92.74482318537956,95.03194190552203,64052500,MSFT
2018-11-21,96.25483703613281,97.48707789309091,95.44267553775693,96.71225789003643,28130600,MSFT
2018-11-23,96.21749877929688,96.90829866058864,95.21863689285635,95.37733291169216,13823100,MSFT
2018-11-26,99.39143371582031,99.54079254833698,97.62708932861788,97.82312680251141,32336200,MSFT
2018-11-27,100.01691436767578,100.19428470573847,98.35525684949678,99.20475279683164,29124500,MSFT
2018-11-28,103.7323226928711,103.92836024018294,100.68905788710858,100.71706223355835,46788500,MSFT
2018-11-29,102.86414337158203,103.73231364663113,101.7812612555368,102.99483505839262,28123200,MSFT
2018-11-30,103.51759338378906,103.59227637650852,102.08931497829984,103.3402230566209,33665600,MSFT
2018-12-03,104.63782501220703,105.87940323872688,103.36824956204612,105.48732815314058,34732800,MSFT
2018-12-04,101.30516052246094,105.15124928496128,101.01577282059615,104.49779088650456,45197000,MSFT
2018-12-06,101.93062591552734,101.97729744753995,98.01919115143974,98.78467407364067,49107400,MSFT
2018-12-07,97.85116577148438,102.17334312394328,97.36574049129504,101.17448109552781,45044900,MSFT
2018-12-10,100.43697357177734,100.8010513299121,96.9829675456113,97.83247044432375,40801500,MSFT
2018-12-11,101.3705062866211,103.57360477429087,100.29696850740977,102.50006699507954,42381900,MSFT
2018-12-12,101.82794189453125,103.87233739071253,101.7906003944059,103.51760382276616,36183000,MSFT
2018-12-13,102.17333984375,103.49893819056844,101.40785688507376,102.29470150152355,31333400,MSFT
2018-12-14,98.980712890625,101.99597308669344,98.48595048743795,101.05311981293988,47043100,MSFT
2018-12-17,96.04947662353516,98.76601205337496,94.94792727568718,98.4019413226777,56957300,MSFT
2018-12-18,97.05767059326172,97.56177014470885,95.7040679674789,96.85229591058001,49319200,MSFT
2018-12-19,96.79627227783203,99.7741833504337,94.6118412255082,96.75893078473162,68198200,MSFT
2018-12-20,94.7612075805664,97.37504800869603,92.2127058629244,96.19882302101041,70334200,MSFT
2018-12-21,91.69927978515625,96.15214797001647,90.98046847696975,94.87322848643701,111242100,MSFT
2018-12-24,87.87186431884766,91.4565696990963,87.73184260733048,91.18584918655921,43935200,MSFT
2018-12-26,93.8743896484375,93.99575131631372,87.71318396545477,88.81473339984893,51634800,MSFT
2018-12-27,94.45316314697266,94.46250030256017,89.99095714596949,92.6981553711537,49498500,MSFT
2018-12-28,93.71569061279297,95.60139732247933,92.90352895598785,95.30266530163419,38196300,MSFT
2018-12-31,94.81723022460938,95.5920502988283,93.76235959300134,94.55584685551447,33173800,MSFT
2019-01-02,94.39714050292969,94.98525301906949,92.36207533763465,92.93152066752192,35329300,MSFT
2019-01-03,90.92447662353516,93.52898759940106,90.73776911574217,93.44496744035342,42579100,MSFT
2019-01-04,95.1532974243164,95.69473847770364,92.35274909292929,93.09022767485408,44060600,MSFT
2019-01-07,95.27465057373047,96.404204196358,94.2664586018881,94.8825755223383,35656100,MSFT
2019-01-08,95.96544647216797,97.05765846945678,94.9479103411205,96.18948831521553,31514400,MSFT
2019-01-09,97.33772277832031,97.90716818175943,96.37620231347934,96.95498487233168,32280800,MSFT
2019-01-10,96.71224212646484,96.85227093055563,95.5733516323622,96.3575086619742,30067600,MSFT
2019-01-11,95.96544647216797,96.5628961350693,94.88256450680822,96.3295171379309,28314200,MSFT
2019-01-14,95.26531982421875,96.03080273305875,94.52784125853005,95.12529098629969,28437100,MSFT
2019-01-15,98.02852630615234,98.06586780429797,95.10661639517912,95.6947360882696,31587600,MSFT
2019-01-16,98.37391662597656,99.1954152901307,97.9818416029005,98.26189926061888,29853900,MSFT
2019-01-17,99.06473541259766,99.5408235163855,97.79515289150422,98.01919477106101,28393000,MSFT
2019-01-18,100.54900360107422,100.72637391327882,98.86867913961747,100.31562461013621,37427600,MSFT
2019-01-22,98.65398406982422,99.97957525390608,97.8885011345778,99.65284603559897,32371300,MSFT
2019-01-23,99.61550903320312,99.92357107672707,98.33658932419233,99.0647379149298,25874300,MSFT
2019-01-24,99.13941192626953,99.88622769246155,98.33658747037018,99.7555360017024,23164800,MSFT
2019-01-25,100.04492950439453,100.70772515213052,99.1394176503079,100.110275353547,31225600,MSFT
2019-01-28,98.09387969970703,99.4008037467752,97.70180462223551,99.19542905224351,29476700,MSFT
2019-01-29,96.09615325927734,97.99118987463487,95.37734184659234,97.90716971892232,31490500,MSFT
2019-01-30,99.30741882324219,99.30741882324219,97.39371550259449,97.66443596810448,49471900,MSFT
2019-01-31,97.487060546875,98.22453892338596,96.32016573381854,96.89894812507241,55636400,MSFT
2019-02-01,95.94676971435547,97.17901050289915,95.54535756463949,96.88028567907527,35535700,MSFT
2019-02-04,98.71000671386719,98.76602253218431,95.93746229965693,96.03081962279754,31315100,MSFT
2019-02-05,100.09159851074219,100.13827004297114,98.91536621726684,99.00871640388745,27325400,MSFT
2019-02-06,98.980712890625,99.88622466498445,98.51395483144283,99.88622466498445,20609800,MSFT
2019-02-07,98.2712631225586,98.5699880699511,97.35642108711603,98.19658722733386,29760700,MSFT
2019-02-08,98.64462280273438,98.74731012084004,97.32836909581056,97.44972359804405,21461100,MSFT
2019-02-11,98.25257873535156,99.49415697405809,97.99119534239509,99.13941626462005,18914100,MSFT
2019-02-12,99.78353118896484,100.01691020421121,98.46727724649973,99.08339414322573,25056600,MSFT
2019-02-13,99.70885467529297,100.61436645284813,99.61550448755965,100.3529830783297,18394900,MSFT
2019-02-14,99.79287719726562,100.15694792357682,98.63531917315214,99.2420989688955,21784700,MSFT
2019-02-15,101.0251235961914,101.0998066009877,100.22229910003954,100.73573585530993,26606900,MSFT
2019-02-19,100.97843170166016,101.4358597044565,100.61436100370382,100.6236981586203,18038500,MSFT
2019-02-20,100.45343017578125,101.19405827355652,99.64717716567546,101.11905633015621,21607700,MSFT
2019-02-21,102.57218933105469,102.63781424386248,100.19093125511925,100.21905519595416,29063200,MSFT
2019-02-22,104.0346908569336,104.25031250377266,102.95656116500119,103.17218996441927,27763200,MSFT
2019-02-25,104.6159439086914,105.16907433232286,104.30657339140473,104.77532483571842,23750600,MSFT
2019-02-26,105.33782958984375,106.16282959177087,104.22219881640638,104.3065777992899,21536700,MSFT
2019-02-27,105.1596908569336,105.33781868368321,103.95031134640085,104.70969350341102,21487100,MSFT
2019-02-28,105.0284423828125,105.82531836904346,104.74719582139048,105.03781941396694,29083900,MSFT
2019-03-01,105.4972152709961,105.95658975493089,104.69096208955432,105.83471693544058,23501200,MSFT
2019-03-04,105.24409484863281,106.17222086940436,103.87534124805215,105.95659201984093,26608000,MSFT
2019-03-05,104.71907043457031,105.3659497204769,104.27845008240642,105.23469988747838,19538300,MSFT
2019-03-06,104.76593017578125,105.6190610941191,104.46592958800294,104.87843307841493,17687000,MSFT
2019-03-07,103.4909439086914,104.57845069909814,103.00344555088871,104.43782383446562,25339000,MSFT
2019-03-08,103.60343933105469,103.79093703527211,102.00031035648524,102.33781194613975,22818400,MSFT
2019-03-11,105.7784423828125,105.89093814088794,104.04406363755533,104.0534335156758,26491600,MSFT
2019-03-12,106.5190658569336,106.86593729947653,105.60968703796071,105.76906079007928,26132700,MSFT
2019-03-13,107.3440933227539,107.8128448219799,106.66909001945562,106.99721463839778,35513800,MSFT
2019-03-14,107.428466796875,108.0003442068541,107.18472116341992,107.38159593778612,30763400,MSFT
2019-03-15,108.66594696044922,109.92219720960713,107.42843646653964,108.1315635275819,54681100,MSFT
2019-03-18,110.22221374511719,110.25971471877288,108.79721250909778,108.90970827748548,31207600,MSFT
2019-03-19,110.29723358154297,111.03786183806183,109.67847814473714,110.70973005349965,37588700,MSFT
2019-03-20,110.17533874511719,111.32847047060031,109.4159636774695,110.05346594184644,28113300,MSFT
2019-03-21,112.70661926269531,113.26911966940233,109.77223010086277,109.819108114997,29854400,MSFT
2019-03-22,109.73472595214844,112.11597721149982,109.72534891968735,112.03160537709023,33624500,MSFT
2019-03-25,110.30657958984375,110.63470412953723,109.05032215598777,109.27532081855209,27067100,MSFT
2019-03-26,110.54096984863281,111.29096787353255,109.54721191558593,111.20659604617036,26097700,MSFT
2019-03-27,109.47218322753906,110.82218935621603,108.30030489433412,110.51281175963128,22733400,MSFT
2019-03-28,109.6221923828125,110.2315705760311,108.87218735230066,110.10032076857824,18334800,MSFT
2019-03-29,110.56909942626953,110.92534796980975,109.65034339466183,110.69097223397492,25399800,MSFT
2019-04-01,111.58159637451172,111.66597535815288,110.71909538940078,111.51597145504849,22789100,MSFT
2019-04-02,111.74097442626953,112.01285112919574,111.11284203895333,111.61909446999734,18142300,MSFT
2019-04-03,112.47221374511719,112.90346418126737,111.7034617237053,112.36908786336618,22860700,MSFT
2019-04-04,111.90032196044922,112.71595187793567,110.98156617457099,112.59407195024835,20112800,MSFT
2019-04-05,112.39718627929688,112.71594088302697,111.90968807383446,111.92843497872342,15826200,MSFT
2019-04-08,112.4347152709961,112.51908709289567,111.22533575571578,112.32221235588432,15116200,MSFT
2019-04-09,111.8253173828125,112.06907007984245,111.16906837455238,111.21593921652654,17612000,MSFT
2019-04-10,112.67847442626953,112.82847116904648,112.0690961183983,112.2753478982236,16477200,MSFT
2019-04-11,112.80974578857422,113.29724423636443,112.42536609779782,113.00662057436915,14209100,MSFT
2019-04-12,113.3909683227539,113.41909941678662,112.84722209863477,113.10034472429547,19745100,MSFT
2019-04-15,113.48472595214844,113.9816013318026,113.03472142472658,113.38160006362634,15792600,MSFT
2019-04-16,113.22223663330078,114.04724386895327,112.59411132621476,114.0378668360262,14071800,MSFT
2019-04-17,114.15973663330078,114.23473858957212,113.00661195409484,113.66286119001852,19300900,MSFT
2019-04-18,115.65973663330078,115.80035634779995,113.71910589483697,114.55348291290336,27991000,MSFT
2019-04-22,116.02535247802734,116.25035115495999,114.90972181924721,114.95659982187354,15648700,MSFT
2019-04-23,117.6003646850586,117.73161451731232,116.0909844615613,116.34410709445652,24025500,MSFT
2019-04-24,117.1972427368164,117.98474176111466,116.73786115339607,117.92849387440184,31257000,MSFT
2019-04-25,121.07847595214844,123.15973322754627,120.77848250708439,121.93160689853771,38033900,MSFT
2019-04-26,121.77226257324219,122.36289403349903,120.9566395511049,121.59413471664661,23654900,MSFT
2019-04-29,121.65973663330078,122.04410189128392,121.26598719245871,121.78160226405586,16324200,MSFT
2019-04-30,122.43790435791016,122.53164608004755,121.30351937030554,121.69726893566975,24166500,MSFT
2019-05-01,119.88787841796875,122.4847585234948,119.71912759559153,122.37226274363006,26821700,MSFT
2019-05-02,118.32223510742188,120.00036608520415,117.67535584516847,119.98161917513818,27350200,MSFT
2019-05-03,120.84410095214844,121.34097627427842,119.29722710855995,119.40035298514299,24911100,MSFT
2019-05-06,120.14100646972656,120.52538614173719,118.2285066003512,118.49100630192896,24239800,MSFT
2019-05-07,117.67535400390625,119.23161216046104,116.45660459647064,118.55660896738084,36017700,MSFT
2019-05-08,117.66598510742188,118.47223813337725,116.95348093627034,117.60036019380128,28419000,MSFT
2019-05-09,117.6566162109375,117.92849291547154,115.84723529306453,116.52223853844838,27235800,MSFT
2019-05-10,119.18475341796875,119.93475867650197,116.08162078713352,117.10350277307053,30915100,MSFT
2019-05-13,115.64100646972656,117.70351759046477,115.3503827962576,116.35351083162384,33944900,MSFT
2019-05-14,116.93474578857422,118.01286845613316,115.96911174448408,116.12849268151946,25266300,MSFT
2019-05-15,118.58143615722656,119.23070994419304,116.39837868202451,116.92532854090473,24722700,MSFT
2019-05-16,121.31967163085938,121.74312107077519,118.99547378357154,119.2683568817107,30112200,MSFT
2019-05-17,120.51043701171875,122.75936224348773,120.36928242575861,120.73626137627788,25770500,MSFT
2019-05-20,118.7696304321289,120.05875903447827,118.33678365084577,119.05191806563253,23706900,MSFT
2019-05-21,119.40947723388672,120.00228764984313,119.10836615575823,119.90819178400066,15293300,MSFT
2019-05-22,120.13404083251953,120.6704024221227,119.05192026974974,119.1460233283818,15396500,MSFT
2019-05-23,118.73201751708984,118.8355251598507,117.37701359662556,118.75083382529321,23603800,MSFT
2019-05-24,118.78844451904297,119.89879308650009,118.53438493572585,119.41890196478387,14123400,MSFT
2019-05-28,118.71317291259766,120.444560016894,118.60966529450872,119.48477058804367,23128400,MSFT
2019-05-29,117.56520080566406,117.98863589889483,116.71832344014632,117.9792241562068,22763100,MSFT
2019-05-30,118.3085708618164,118.33679891090138,117.4146419594739,117.86631228200201,16829600,MSFT
2019-05-31,116.37957763671875,117.26409483301896,116.04082667554235,116.89711582158729,26646800,MSFT
2019-06-03,112.76622009277344,117.02883453965536,111.98521782574865,116.53952447599198,37983600,MSFT
2019-06-04,115.89026641845703,116.00317861142777,113.52842160172017,114.1212321519846,29382600,MSFT
2019-06-05,118.40265655517578,118.44029634373301,116.87827742435823,117.57459556502795,24926100,MSFT
2019-06-06,120.27518463134766,120.41633203600377,118.18622314379182,118.97664430243292,21459000,MSFT
2019-06-07,123.64385986328125,124.44369274324939,120.68920489723664,121.56431734834024,33885600,MSFT
2019-06-10,124.77304077148438,126.16567696118179,124.2084511593342,124.58483466202748,26477100,MSFT
2019-06-11,124.3025894165039,126.3162718782185,123.53098435192113,125.9775208866163,23913700,MSFT
2019-06-12,123.72856140136719,124.1802244811919,122.99460351236061,123.64386290793533,17092500,MSFT
2019-06-13,124.50958251953125,125.1494374129066,123.79443368798024,124.1896407147318,17200800,MSFT
2019-06-14,124.63187408447266,125.89277448995097,123.8696882327747,124.45308691271953,17821700,MSFT
2019-06-17,125.00830078125,125.83634746962264,124.70718245230563,124.80128551962879,14517800,MSFT
2019-06-18,127.18190002441406,127.25717957904033,125.68575656624782,126.26915516696768,25934500,MSFT
2019-06-19,127.6806869506836,127.90651138457795,125.911652308564,127.03141298700714,23744400,MSFT
2019-06-20,128.86627197265625,129.53436923684384,127.70887900089768,129.33675855478214,33042600,MSFT
2019-06-21,128.88507080078125,129.600205099889,128.40517974773493,128.51809191124977,36727900,MSFT
2019-06-24,129.6472930908203,130.23069191056948,128.91333510529319,128.91333510529319,20628800,MSFT
2019-06-25,125.55406188964844,129.46851430607614,124.89538344412291,129.14858682655137,33327400,MSFT
2019-06-26,126.02452087402344,127.72769425236231,125.71401238497043,126.41974221267473,23657700,MSFT
2019-06-27,126.23155212402344,126.75850918972505,125.62932983561925,126.2221475607136,16557500,MSFT
2019-06-28,126.052734375,126.65495644890473,125.29995319309238,126.62672841091754,30043000,MSFT
2019-07-01,127.67120361328125,128.6310000474317,127.00312085592456,128.56513940681288,22613500,MSFT
2019-07-02,128.5181427001953,128.52754726483536,127.35133056970045,128.0852886388155,15237800,MSFT
2019-07-03,129.34619140625,129.60966277196758,128.24524005036486,128.7251456050103,13629300,MSFT
2019-07-05,128.9697723388672,129.2238390991918,127.70887181565809,127.91588704879513,18141100,MSFT
2019-07-08,128.87571716308594,129.00745285860933,127.3795586147893,128.3487600228785,16779700,MSFT
2019-07-09,128.40521240234375,128.88510357743075,127.78416662885805,127.9723584019444,19953100,MSFT
2019-07-10,129.71315002441406,130.40005638009714,128.93214061371236,129.03564823098873,24204400,MSFT
2019-07-11,130.2306671142578,131.0022719233697,129.73195253592337,130.04247537192379,22327900,MSFT
2019-07-12,130.70115661621094,130.91759076501245,129.86369113942004,130.6541194481418,18936800,MSFT
2019-07-15,130.70115661621094,131.30337882021664,130.2871405169213,131.2092901259685,16651500,MSFT
2019-07-16,128.98861694335938,130.8423354248371,128.46167421203603,130.75765127689854,22726100,MSFT
2019-07-17,128.22642517089844,129.7884298095519,128.17937363810682,129.57200998844476,20211000,MSFT
2019-07-18,128.3675994873047,128.55579131031615,126.72089590925171,127.54895716024109,30381800,MSFT
2019-07-19,128.55577087402344,132.36671570617833,128.39580713198706,131.94328058218633,48992400,MSFT
2019-07-22,130.25888061523438,130.97402925761583,129.22381896889974,129.29909852905084,25074900,MSFT
2019-07-23,131.06813049316406,131.72682311804994,129.88250961296632,131.51038897759457,18034600,MSFT
2019-07-24,132.41372680664062,132.4325502876357,130.65411182348933,130.70114898881346,20738300,MSFT
2019-07-25,131.9150390625,132.31024609508248,131.09639694915856,132.1408634479117,18356900,MSFT
2019-07-26,132.9971160888672,133.31704345261304,132.01851051796575,132.0843711596273,19037600,MSFT
2019-07-29,132.7054901123047,133.15715336711736,131.14347067335407,133.14774880114152,16605900,MSFT
2019-07-30,132.0655975341797,132.88423964323982,131.54805939013113,131.8679868398659,16846500,MSFT
2019-07-31,128.22642517089844,132.19733332223063,127.10666473777279,132.04677416054224,38598800,MSFT
2019-08-01,129.91075134277344,132.62075862086454,128.84744708416753,128.91332209684015,40557500,MSFT
2019-08-02,128.81922912597656,130.15542374441895,127.27603360690789,129.9389895642122,30791600,MSFT
2019-08-05,124.40606689453125,126.02452750847426,123.06046781931991,125.4317241855099,42749600,MSFT
2019-08-06,126.73966979980469,127.67122398449112,125.34703362478477,125.90220431074479,32696700,MSFT
2019-08-07,127.29485321044922,127.64300869947908,124.0484985455629,125.89279797503693,33414500,MSFT
2019-08-08,130.69175720214844,130.78586025821318,127.90647042509131,128.53693505612625,27496500,MSFT
2019-08-09,129.5814208984375,131.15284436136244,128.40520444192683,130.4282910038808,23466700,MSFT
2019-08-12,127.77471923828125,129.72254026892156,127.25719556712986,128.9791779055179,20484300,MSFT
2019-08-13,130.41883850097656,130.60703019321937,127.03133060818271,128.01935494008973,25154600,MSFT
2019-08-14,126.49138641357422,129.2670618631319,126.1987156998724,128.73836452148703,32527300,MSFT
2019-08-15,126.20816040039062,127.05786496393036,124.85809490903395,126.87848240920786,28074400,MSFT
2019-08-16,128.5211944580078,128.83275126384933,127.19000112557194,127.3410615900864,24449100,MSFT
2019-08-19,130.67379760742188,130.80597195482486,129.23875154567287,130.14510021780998,24355700,MSFT
2019-08-20,129.58810424804688,130.95707073912703,129.56923248284804,130.48501730245874,21170800,MSFT
2019-08-21,131.0325469970703,131.69343313334414,130.28670913122966,130.8059706357634,14970300,MSFT
2019-08-22,130.07899475097656,131.41962427631512,128.67227085460985,130.9098130957754,18697000,MSFT
2019-08-23,125.9343490600586,130.61712302889075,125.37732975501284,129.52195617407807,38508600,MSFT
2019-08-26,127.87925720214844,127.98310952153177,126.41588884935626,127.44497616176417,20312600,MSFT
2019-08-27,128.1530303955078,129.07825079610006,127.13339357599018,128.7666939007539,23102100,MSFT
2019-08-28,127.98306274414062,128.17188114511805,126.0854140445486,127.34107729963328,17393300,MSFT
2019-08-29,130.4000244140625,130.70214549982853,129.25766327258458,129.57865612176627,20168700,MSFT
2019-08-30,130.15455627441406,131.4007696851287,128.65343000921834,131.3724476352892,23940100,MSFT
2019-09-03,128.43621826171875,129.5313850573956,128.11522556827117,128.97436578242727,18869300,MSFT
2019-09-04,129.93739318847656,129.99403727831717,128.85166197814678,129.6258362884301,17995900,MSFT
2019-09-05,132.2221221923828,132.5336790754862,131.00421670334944,131.33465975068032,26101800,MSFT
2019-09-06,131.32521057128906,132.3448328415527,130.47550613817484,132.2032226389941,20824500,MSFT
2019-09-09,129.83349609375,131.93884900667527,128.83274576937973,131.78778854860326,25773900,MSFT
2019-09-10,128.4740447998047,129.23876894170837,126.99179032748243,129.1538027939247,28903400,MSFT
2019-09-11,128.51181030273438,128.65343496331107,127.53938147166447,128.3135559462237,24726100,MSFT
2019-09-12,129.83349609375,130.68318596004826,129.21981838505175,130.1450528863042,27010000,MSFT
2019-09-13,129.6447296142578,130.34335930210972,128.9366496402951,130.07901059763753,23363100,MSFT
2019-09-16,128.71005249023438,129.05936731686623,128.07750280685522,128.23799919762993,16731400,MSFT
2019-09-17,129.71078491210938,129.83352336080964,128.8044363792482,129.30482605244111,17814200,MSFT
2019-09-18,130.7776641845703,130.91927442727277,128.89888666447607,129.68249695458798,23982100,MSFT
2019-09-19,133.1851043701172,134.41243123548338,132.24099791619165,132.45813836693657,35772100,MSFT
2019-09-20,131.64622497558594,133.73269246838157,130.52273583057755,133.12846482811528,39167300,MSFT
2019-09-23,131.36302185058594,131.82563937673066,130.70214996032686,131.44798800663494,17139300,MSFT
2019-09-24,129.70135498046875,132.82634517607883,129.22930173265038,132.51478830380807,29773200,MSFT
2019-09-25,131.57070922851562,132.13717900632307,128.42683221412662,129.81467020442244,21382000,MSFT
2019-09-26,131.7406005859375,132.34482810509775,130.70209219052603,131.64619858958395,17456600,MSFT
2019-09-27,130.03173828125,132.51474210909305,129.01210189269753,132.31647347552027,22477700,MSFT
2019-09-30,131.25917053222656,131.4385531336583,130.07903700273022,130.33394987876096,17280900,MSFT
2019-10-01,129.4086456298828,132.41089647468223,129.34255128008175,131.85387726600575,21466600,MSFT
2019-10-02,127.12397003173828,128.7478348185671,126.11378328516886,128.63454661676425,30521700,MSFT
2019-10-03,128.662841796875,129.10657303583397,125.77387800683437,127.40717833406802,24132900,MSFT
2019-10-04,130.4000244140625,130.52276290589572,128.7950457622277,129.10660272970156,22897700,MSFT
2019-10-07,129.45587158203125,130.45662211228984,129.36146958075318,129.4747577446553,15303700,MSFT
2019-10-08,128.0869598388672,130.06013947038318,128.03975162062613,129.41815380126675,25550500,MSFT
2019-10-09,130.51329040527344,130.9475713368054,129.3142710921859,129.77688847274337,19749900,MSFT
2019-10-10,131.32521057128906,131.8633437469326,130.52271434100135,130.74930507101598,17654600,MSFT
2019-10-11,131.87281799316406,133.14736781070172,131.70288570065244,132.28822724942597,25446000,MSFT
2019-10-14,131.7500762939453,132.4487059442759,131.72175424898182,131.8822506390827,13304300,MSFT
2019-10-15,133.6571502685547,133.86484042358296,131.99551378096498,132.23154038150483,19695700,MSFT
2019-10-16,132.56195068359375,133.10953399047614,131.73113264474918,132.9207012318901,20751600,MSFT
2019-10-17,131.88226318359375,133.5155636908473,131.24971344270278,133.07183240298096,21460600,MSFT
2019-10-18,129.72967529296875,132.1749076266404,128.92717902000976,131.9483168845772,32273500,MSFT
2019-10-21,130.69265747070312,130.75875184135003,129.35202795309812,130.71154363459112,20078200,MSFT
2019-10-22,128.74781799316406,132.18436558936338,128.6439656864414,131.2025010215596,27431000,MSFT
2019-10-23,129.56918334960938,129.76743765051162,128.03028511973127,129.22930442785477,29844600,MSFT
2019-10-24,132.11827087402344,132.57143797737498,130.91925154035994,131.5990093983485,37029300,MSFT
2019-10-25,132.86412048339844,133.25120765468353,131.4196385085285,131.5518128589766,25959700,MSFT
2019-10-28,136.13072204589844,137.52799566822608,135.48872211828478,136.32897634868806,35280100,MSFT
2019-10-29,134.84677124023438,136.42342781219008,134.67682453111692,136.02690469881733,20589500,MSFT
2019-10-30,136.52723693847656,136.8954378848265,134.80895625156265,135.49816434559108,18496600,MSFT
2019-10-31,135.3565673828125,136.8293714690805,134.99781664764748,136.80104942172338,24605100,MSFT
2019-11-01,135.68698120117188,136.3478528401246,134.97890135816795,136.19679234952932,33128400,MSFT
2019-11-04,136.47064208984375,136.89548727260788,136.10244101065794,136.73499084382706,16912000,MSFT
2019-11-05,136.3856201171875,136.91431740877906,135.86635870368838,136.86710920647536,18250200,MSFT
2019-11-06,136.00796508789062,136.44226036860792,135.1960330111829,136.30063576567125,16575800,MSFT
2019-11-07,136.19683837890625,136.78219437631083,135.73423527825764,135.80031526152482,17786700,MSFT
2019-11-08,137.80178833007812,137.83011037203946,135.7247425467683,135.9324471250993,16732700,MSFT
2019-11-11,137.9434051513672,138.2360758696096,136.64053353501333,137.21643909236604,14362600,MSFT
2019-11-12,138.84979248046875,139.32184587533385,137.89623540304834,138.10394004926312,18641600,MSFT
2019-11-13,139.07630920410156,139.21793380533717,138.10388078048177,138.53817605598272,16919200,MSFT
2019-11-14,139.784423828125,140.11486690743746,138.78367311604555,138.80255928210093,19729800,MSFT
2019-11-15,141.58763122558594,141.6065173863453,139.9826533031139,140.60575254897546,23485700,MSFT
2019-11-18,141.93698120117188,142.13524992356358,140.65299566327678,141.68208279428393,21534000,MSFT
2019-11-19,141.98422241210938,142.87168511741035,141.8048398134728,142.44683993459705,23935700,MSFT
2019-11-20,141.73788452148438,142.89361502395266,140.63900530933563,142.39153703820168,25696800,MSFT
2019-11-21,141.6052703857422,141.9084194690082,140.67690161439177,141.52948311492568,18576100,MSFT
2019-11-22,141.70948791503906,142.3820909653867,140.9800624755118,142.16421157792695,15901800,MSFT
2019-11-25,143.26307678222656,143.37676491417076,142.0220909584918,142.09787822814005,22420900,MSFT
2019-11-26,144.02090454101562,144.39035836801426,143.3483161545276,143.38620255386104,24620100,MSFT
2019-11-27,144.295654296875,144.46616479892097,143.53779611513806,144.30512228423004,15184400,MSFT
2019-11-29,143.4051513671875,144.27668309145497,143.3104136875091,144.08722218703866,11977300,MSFT
2019-12-02,141.6715545654297,143.83144065622756,140.5063562820904,143.81249022948293,27418400,MSFT
2019-12-03,141.44422912597656,141.55790280575013,138.92435655473975,139.72011567798677,24066000,MSFT
2019-12-04,141.95578002929688,142.26838262760975,141.34001391048014,142.2304962218862,17574700,MSFT
2019-12-05,142.03155517578125,142.4010235261113,141.6052644434032,142.14524330470715,17869100,MSFT
2019-12-06,143.75567626953125,143.869349938199,142.3536480211728,143.0357189430645,16403500,MSFT
2019-12-09,143.3861846923828,144.19141151358306,142.9598940920163,143.1114685803498,16687400,MSFT
2019-12-10,143.16835021972656,143.88830758229085,142.8178322988556,143.31991030056835,16476100,MSFT
2019-12-11,143.7083282470703,143.86937078600013,142.41050549190678,143.55675369692057,18856600,MSFT
2019-12-12,145.1671905517578,145.35665148920563,143.0641408997182,143.6609421299317,24612100,MSFT
2019-12-13,146.3892059326172,146.73024135551842,144.77876650139405,144.93980899902226,23845400,MSFT
2019-12-16,147.3365478515625,147.68705131530712,146.66395934248806,146.93867553881213,24144200,MSFT
2019-12-17,146.54080200195312,147.50707158481424,146.31344020159077,147.26075935401926,25425600,MSFT
2019-12-18,146.23765563964844,147.289180496491,146.05766268456694,146.1713508143225,24129200,MSFT
2019-12-19,147.50704956054688,147.56388638841537,145.65029793884352,145.8871276915896,24958900,MSFT
2019-12-20,149.1175079345703,150.14061433101858,148.0565006781002,149.06067109948032,53477500,MSFT
2019-12-23,149.1175079345703,149.79009642305894,148.9848838343794,149.79009642305894,17718200,MSFT
2019-12-24,149.08912658691406,149.40174371258172,148.84281430035668,149.18384985063534,8989200,MSFT
2019-12-26,150.3111114501953,150.36794828022363,149.1080122131433,149.25958672984655,14520600,MSFT
2019-12-27,150.5858612060547,151.14477604561935,149.88483981841782,151.05003834690453,18412800,MSFT
2019-12-30,149.2880401611328,150.64271423263378,148.47334501143888,150.6142958109539,16348400,MSFT
2019-12-31,149.39222717285156,149.45854645177255,148.20807823448885,148.51122730108239,18369400,MSFT
2020-01-02,152.15838623046875,152.2625919076215,149.9890318942147,150.4153225898607,22622100,MSFT
2020-01-03,150.2637481689453,151.5236842826628,149.7332517957889,149.9795640082844,21116200,MSFT
2020-01-06,150.65219116210938,150.71851045326142,148.2649424147143,148.80492136856677,20813700,MSFT
2020-01-07,149.27857971191406,151.2584736153163,149.03228189326714,150.92692052732374,21634100,MSFT
2020-01-08,151.65631103515625,152.32891395537885,149.62904874222338,150.55741741152548,27746500,MSFT
2020-01-09,153.5509490966797,153.674105204978,152.5467931657798,153.31411932222434,21385000,MSFT
2020-01-10,152.84043884277344,154.62140312836723,152.68886433869304,154.24248132310657,20725900,MSFT
2020-01-13,154.6782684326172,154.70668685049705,152.7646797173632,153.23833928861814,21626500,MSFT
2020-01-14,153.58888244628906,154.98144297107078,153.20047806483123,154.78249955826826,23477400,MSFT
2020-01-15,154.5835418701172,155.30351372144347,154.00569102831227,154.05304542489407,21417900,MSFT
2020-01-16,157.41600036621094,157.4823196362133,155.3887382345589,155.69188726038482,23865400,MSFT
2020-01-17,158.2970428466797,158.64754632231816,156.71500707487465,158.60017747170502,34371700,MSFT
2020-01-21,157.72860717773438,159.32957853635287,157.66228791202107,157.8991176525282,29517200,MSFT
2020-01-22,156.97076416015625,158.66647335945913,156.95181373171633,158.58120365895033,24138800,MSFT
2020-01-23,157.93704223632812,158.0128294992705,156.5634324259856,157.43496426740944,19680800,MSFT
2020-01-24,156.34548950195312,158.70431853447948,155.78657487516963,158.68536811096237,24918100,MSFT
2020-01-27,153.73094177246094,154.77299856024104,151.76051631780365,152.66046656819069,32078100,MSFT
2020-01-28,156.74343872070312,157.02762291226713,154.47934644660026,155.15193497322656,24899900,MSFT
2020-01-29,159.18753051757812,159.8601335879613,156.96133881169087,158.99806954653704,34754500,MSFT
2020-01-30,163.67782592773438,164.8809254745799,161.79265533503514,164.8809254745799,51597500,MSFT
2020-01-31,161.2621307373047,163.31781150569444,160.6463790875127,163.1378330139446,36142700,MSFT
2020-02-03,165.1935272216797,165.30720090044179,161.423186386706,161.45160480639652,30107000,MSFT
2020-02-04,170.63107299804688,171.1236828657956,167.02179035777237,167.8080667671797,36433300,MSFT
2020-02-05,170.42266845703125,174.4961427167114,169.01117251299462,174.33510023440238,39186300,MSFT
2020-02-06,173.95620727539062,174.1362002133704,170.57427122162437,171.43633505355797,27751400,MSFT
2020-02-07,174.20252990722656,175.85087054547617,172.86680634459037,173.21732428358098,33529100,MSFT
2020-02-10,178.7591094970703,178.89173359155058,173.59622334452445,173.90884037900125,35844300,MSFT
2020-02-11,174.7235107421875,180.6537222092398,173.83302860981544,180.60635337040168,53159900,MSFT
2020-02-12,174.97933959960938,176.05928293291046,172.2700060504583,175.8035026959606,47062900,MSFT
2020-02-13,174.03201293945312,176.41924686578838,173.23625384239782,173.43519723039753,35295800,MSFT
2020-02-14,175.5856170654297,175.64245390384997,173.02784369696806,173.59624099105812,23149500,MSFT
2020-02-18,177.36659240722656,177.8118336444515,175.72773402943122,175.8319397329295,27792200,MSFT
2020-02-19,177.8984832763672,178.75339330512708,177.1290613515988,178.63940916647175,29997500,MSFT
2020-02-20,175.18177795410156,177.87001544081576,172.02809549780588,177.5850405545757,36862400,MSFT
2020-02-21,169.64381408691406,174.30785891305882,168.3709427375459,173.99438799966083,48572600,MSFT
2020-02-24,162.3295440673828,165.80620582569023,155.05325577394382,159.36584000819616,68311100,MSFT
2020-02-25,159.65081787109375,166.0816754656081,159.25184432237913,165.4737357884397,68073300,MSFT
2020-02-26,161.6456298828125,164.58083826118965,159.78382076998352,161.20868089476,56206100,MSFT
2020-02-27,150.25624084472656,158.66292127296975,150.06626239603057,155.13877539221548,93174900,MSFT
2020-02-28,153.89434814453125,155.50920080368482,144.38578921735436,144.77525436429954,97012700,MSFT
2020-03-02,164.13436889648438,164.25786140312832,154.17935094628967,157.02907098692916,71030800,MSFT
2020-03-03,156.26918029785156,166.2337089859161,154.13188975374692,165.0938235946128,71677000,MSFT
2020-03-04,162.00660705566406,162.14908727738012,157.32355901142066,160.04980137381693,49814400,MSFT
2020-03-05,157.94097900390625,162.31054079350352,157.39003142065653,157.7319983863141,47817300,MSFT
2020-03-06,153.4764404296875,154.939290445947,148.1854528791767,154.46433707133426,72821100,MSFT
2020-03-09,143.07493591308594,149.84777500974567,142.48599842448084,143.43590508064403,70419300,MSFT
2020-03-10,152.85899353027344,152.96348385327482,144.93677465901976,150.23725610009342,65354400,MSFT
2020-03-11,145.9341583251953,149.8002707223912,143.5783794771565,149.25883148736696,56371600,MSFT
2020-03-12,132.09402465820312,145.7821838160187,131.6380734962404,138.0214477414232,93226400,MSFT
2020-03-13,150.8736572265625,153.79937110403267,133.6803430845326,140.11121440764762,92727400,MSFT
2020-03-16,128.6363525390625,141.8685592719839,128.23739349861998,132.98692659116145,87905900,MSFT
2020-03-17,139.2278289794922,140.1112352341527,128.23740173973297,132.98693513750086,81059800,MSFT
2020-03-18,133.3668670654297,138.68634927369683,128.25637994155176,131.08709725869974,81593200,MSFT
2020-03-19,135.5612030029297,142.6284972735,132.03704247024078,135.61819509064304,85922700,MSFT
2020-03-20,130.4696807861328,139.73127038304972,129.0543146964059,138.6863672974225,84866200,MSFT
2020-03-23,129.1682891845703,133.52837128420802,125.881620623842,130.14669177586433,78975200,MSFT
2020-03-24,140.9091339111328,142.10602543854912,134.19330215103852,136.5490663326342,82516700,MSFT
2020-03-25,139.56027221679688,146.59908341404636,137.20450796995928,141.45059151845882,75638200,MSFT
2020-03-26,148.28990173339844,148.81235319825882,140.9376203324005,140.96611636735446,64568100,MSFT
2020-03-27,142.20101928710938,147.1310370046496,141.7260659731949,144.1483307730437,57042300,MSFT
2020-03-30,152.2035369873047,152.55501230058746,142.49548995938957,144.8037706334884,63420300,MSFT
2020-03-31,149.80978393554688,156.52561640437477,148.71738259294858,151.41511399644187,77927200,MSFT
2020-04-01,144.49026489257812,149.84773647586877,143.2648919987837,145.33568101938462,57969900,MSFT
2020-04-02,147.4824676513672,147.6914482262968,142.827931924855,144.25279157514507,49630700,MSFT
2020-04-03,146.12413024902344,149.49630149094543,144.56628404497476,147.33051565835152,41243300,MSFT
2020-04-06,156.9910430908203,158.15942396618635,149.68626016931051,152.28900906098028,67111700,MSFT
2020-04-07,155.3002471923828,161.48413441584339,155.0817582215985,161.09466920123717,62769000,MSFT
2020-04-08,156.85809326171875,158.3209431578964,155.30974074936518,157.3710364866465,48318200,MSFT
2020-04-09,156.86758422851562,158.98587200804732,155.14825550424828,158.02647150570388,51385100,MSFT
2020-04-13,157.2190399169922,157.2760464896753,154.1698477747721,156.11715925033957,41905300,MSFT
2020-04-14,164.998779296875,165.04627752742255,159.58431438622728,160.53422101947862,52874300,MSFT
2020-04-15,163.26998901367188,164.8753338600931,160.76223558628584,162.62404483836073,40940800,MSFT
2020-04-16,168.1714630126953,168.3994458213664,164.23885015327437,165.5687281288851,50479600,MSFT
2020-04-17,169.65330505371094,170.98316834305447,167.06004989785689,170.50821509765711,52765600,MSFT
2020-04-20,166.2906494140625,169.79580713643446,166.22416348822875,167.7820097543469,36669600,MSFT
2020-04-21,159.413330078125,164.97027490463032,157.78898343996238,164.8087925244848,56203700,MSFT
2020-04-22,164.8278045654297,165.28375569511513,162.26305953111464,162.8044987799114,34620200,MSFT
2020-04-23,162.83297729492188,166.29063651962912,162.34853017767068,165.38822820580504,32790800,MSFT
2020-04-24,165.80616760253906,165.8156614486953,162.15853044836132,163.4408954116908,34277600,MSFT
2020-04-27,165.3312530517578,168.03847827027482,164.61882307408098,167.74400953194305,33194400,MSFT
2020-04-28,161.3036346435547,166.87008780328102,160.90467561776978,166.7940935372614,34392700,MSFT
2020-04-29,168.54197692871094,168.77945365740118,163.270005147331,164.5428769344477,51286600,MSFT
2020-04-30,170.23275756835938,171.36313417668887,167.4020256405569,170.98317735810693,53875900,MSFT
2020-05-01,165.82522583007812,169.69133870777904,165.29326588269856,166.99360705670193,39370500,MSFT
2020-05-04,169.8813018798828,170.03329042260975,165.09377873938547,165.74921664727339,30372900,MSFT
2020-05-05,171.70513916015625,174.45036909184662,170.88821877419855,171.57215279474113,36839200,MSFT
2020-05-06,173.3959503173828,174.97279880598006,172.53154629757884,172.95900138331487,32139300,MSFT
2020-05-07,174.40281677246094,175.30522493254165,173.4339082086081,174.94425587074093,28316000,MSFT
2020-05-08,175.4287567138672,175.7327338053412,174.1748874476006,175.7137316135177,30877800,MSFT
2020-05-11,177.38558959960938,178.11700735240797,173.69045296591057,173.97541339197414,30892700,MSFT
2020-05-12,173.36746215820312,177.67053823942587,173.16798987319115,177.4425699136979,32038200,MSFT
2020-05-13,170.74569702148438,174.83029795760064,167.69649071381875,173.405438177171,44711500,MSFT
2020-05-14,171.48666381835938,171.63865237649037,166.8796102991968,168.64643742779634,41873900,MSFT
2020-05-15,173.98487854003906,177.6895081033715,168.13345100384268,170.09025608059895,46610400,MSFT
2020-05-18,175.64723205566406,176.87260518633394,174.74482368880803,176.44515011723627,35264500,MSFT
2020-05-19,174.43136596679688,177.25258992843055,174.29837961314254,175.76122950334033,26799100,MSFT
2020-05-20,176.85086059570312,177.03184785529155,175.21246950388453,176.0411853401111,31261300,MSFT
2020-05-21,174.7266387939453,177.81291307895333,174.5932820706001,176.6031677448123,29119500,MSFT
2020-05-22,174.8028564453125,175.7077927017451,173.87887960911883,174.49804728640393,20826900,MSFT
2020-05-26,172.9549102783203,177.6509856570582,172.50720958063704,177.49857381640152,36073600,MSFT
2020-05-27,173.18350219726562,173.3549691405075,168.22071368879833,171.64989267092176,39517100,MSFT
2020-05-28,172.79298400878906,175.41250287324576,171.82139111320652,172.16431052776355,33810200,MSFT
2020-05-29,174.55520629882812,175.52681369967453,171.84996129665396,174.05987504067974,42130400,MSFT
2020-06-01,174.1551513671875,174.31708352574083,172.85015927280153,173.8789030406939,22622400,MSFT
2020-06-02,176.1364288330078,176.22215504170484,172.74534536425864,175.50774089964386,30794600,MSFT
2020-06-03,176.56509399414062,177.11757606945213,174.8695520717133,176.0507221501166,27311000,MSFT
2020-06-04,174.24081420898438,177.02226437046897,173.65023660617592,175.55534065114813,28761800,MSFT
2020-06-05,178.31776428222656,178.82261577227575,173.3740161676006,173.9550735758374,39893600,MSFT
2020-06-08,179.4227294921875,179.60371673224284,175.68872668481072,177.11755495708823,33211600,MSFT
2020-06-09,180.79440307617188,181.651694207209,178.37491244759534,179.07980627930513,29783900,MSFT
2020-06-10,187.5003662109375,189.10066141937924,181.94698529918034,182.06130144357863,43872300,MSFT
2020-06-11,177.431884765625,186.47159494477742,177.2413772514786,183.96639279090866,52854700,MSFT
2020-06-12,178.83216857910156,182.62332254770675,176.39362255626395,181.4993033099027,43373600,MSFT
2020-06-15,179.9751739501953,181.7659763289363,175.27908511704683,175.822046723925,32770200,MSFT
2020-06-16,184.38551330566406,186.3001377560509,182.37562783325563,183.73777033245818,42556700,MSFT
2020-06-17,185.02378845214844,187.00509924233316,184.49988171090789,185.77629847335106,25687800,MSFT
2020-06-18,187.0050506591797,187.166982785349,184.79512262836676,184.79512262836676,23061600,MSFT
2020-06-19,185.89056396484375,189.8341296600806,185.14757437985665,189.16734599852728,44441100,MSFT
2020-06-22,191.05340576171875,191.2343784743109,185.96676585995345,186.50019277764127,32818900,MSFT
2020-06-23,192.32977294921875,194.272972584817,191.87253753572176,192.50122532818784,30917400,MSFT
2020-06-24,188.45291137695312,193.6062219286943,187.23364580385098,192.03451671588377,36740600,MSFT
2020-06-25,190.8343048095703,191.0914979740535,186.19538023333627,188.41482860990715,27803900,MSFT
2020-06-26,187.01455688476562,190.40564005963446,185.6333592367713,190.25322823418622,54675800,MSFT
2020-06-29,189.02447509765625,189.11020131374772,184.36649507102788,186.49068256690614,26701600,MSFT
2020-06-30,193.8538818359375,194.7016526637686,188.35766642321764,188.49102314215313,34310300,MSFT
2020-07-01,194.98739624023438,196.5591157993737,192.1964257889842,193.50141740962292,32061200,MSFT
2020-07-02,196.473388671875,198.1498896510141,195.2731782720934,195.92090671600337,29315800,MSFT
2020-07-06,200.70272827148438,201.11233324014438,198.2165666631552,198.9214604627047,31897600,MSFT
2020-07-07,198.36898803710938,204.48437118224155,198.12132970713935,200.46459988972657,33600700,MSFT
2020-07-08,202.731689453125,203.14127992845096,198.78812386849197,200.1026505749674,33600000,MSFT
2020-07-09,204.15097045898438,206.11322543452593,201.43619119450554,206.06559492317183,33121700,MSFT
2020-07-10,203.5318145751953,203.9223644420307,201.0647080140899,203.48418406110454,26177600,MSFT
2020-07-13,197.24501037597656,205.56078782782424,196.7020485920236,204.3034118238034,38135600,MSFT
2020-07-14,198.4642333984375,198.94050944255682,192.44409722406942,196.34956659976442,37591800,MSFT
2020-07-15,198.1689453125,201.30285006378293,195.30176853848567,199.61682866793632,32179400,MSFT
2020-07-16,194.2444305419922,195.93997218751295,192.7108210160108,195.6542036387055,29940700,MSFT
2020-07-17,193.25379943847656,195.3113011914256,191.8344913952592,194.76835398301196,31635300,MSFT
2020-07-20,201.56004333496094,202.22682694154088,193.37760921523997,195.27319325053878,36884800,MSFT
2020-07-21,198.8452606201172,203.78900858696974,198.1594219117219,203.52229514868182,37990400,MSFT
2020-07-22,201.7029266357422,202.22683324824817,198.50235068955192,199.27391563942754,49605700,MSFT
2020-07-23,192.92991638183594,200.91230847679552,192.55842160486344,197.35929283705426,67457000,MSFT
2020-07-24,191.74876403808594,193.23474316986903,188.13858299901412,190.91051343665205,39827000,MSFT
2020-07-27,194.177734375,194.29203596584566,191.3295986131763,191.9106559246256,30160900,MSFT
2020-07-28,192.43458557128906,194.98741830562813,192.16787213739667,193.9491399712048,23251400,MSFT
2020-07-29,194.3778076171875,194.93980994999856,192.4250726197522,192.8918284495138,19632600,MSFT
2020-07-30,194.22537231445312,194.7588137132413,190.1008344071993,191.46297696813315,25079600,MSFT
2020-07-31,195.28271484375,195.36845558536268,189.56740183239614,194.7016574395373,51044000,MSFT
2020-08-03,206.26564025878906,207.3134534584986,200.45508074936077,201.48383883595034,78983000,MSFT
2020-08-04,203.16983032226562,204.57961789051777,200.33122914366757,204.0080808185462,49280100,MSFT
2020-08-05,202.83648681640625,204.79874220686773,201.53149483115251,204.70348116401652,28806400,MSFT
2020-08-06,206.08465576171875,206.1036963389564,201.51240270569892,202.2649124807569,32656800,MSFT
2020-08-07,202.39830017089844,205.4655196114251,200.92184126067818,204.6558589111581,27820400,MSFT
2020-08-10,198.36898803710938,201.8267570415429,196.55914474048373,201.62671469191105,36716500,MSFT
2020-08-11,193.73007202148438,197.79745947005014,193.50145425985625,197.33071819206666,36446500,MSFT
2020-08-12,199.26443481445312,200.30271342091012,195.03509991920916,195.54947180940022,28013100,MSFT
2020-08-13,198.79762268066406,201.32189449596746,198.27371611259795,199.50251647540682,22588900,MSFT
2020-08-14,198.98814392089844,199.64540724846154,197.66409697652952,198.85478719753726,17958900,MSFT
2020-08-17,200.30264282226562,201.1694686714029,199.00717145991686,199.6549144084866,20184800,MSFT
2020-08-18,201.45523071289062,202.28394631410026,199.28341328332795,200.54077438396357,21336200,MSFT
2020-08-19,200.23301696777344,202.52467686717384,199.80333528973762,201.9422149485262,27627600,MSFT
2020-08-20,204.89276123046875,205.29379853036912,199.4787358269198,200.0802844918058,26981500,MSFT
2020-08-21,203.40316772460938,206.487344560312,203.24084416167003,204.20524223675469,36249300,MSFT
2020-08-24,204.04290771484375,205.79029360312026,202.83978144131711,205.09323916626136,25460100,MSFT
2020-08-25,206.69740295410156,206.83108203246027,203.4795472015141,203.4795472015141,23043700,MSFT
2020-08-26,211.16610717773438,212.06367291034857,207.5472143423268,208.04374285673754,39600800,MSFT
2020-08-27,216.3510284423828,220.7147078286442,209.49516257463063,212.8276114739762,57602200,MSFT
2020-08-28,218.57582092285156,220.22771568625402,216.35100743795786,217.87876641205395,26292900,MSFT
2020-08-31,215.34844970703125,218.37533834690814,214.18352542670877,216.75208774037176,28774200,MSFT
2020-09-01,217.0098114013672,217.18167823768798,214.29801323448592,215.32925796218584,25725500,MSFT
2020-09-02,221.1920928955078,222.3474735322865,217.08622920281584,217.67823447442825,34080800,MSFT
2020-09-03,207.48992919921875,218.9577288996764,205.2555726982678,218.91954112244858,58400300,MSFT
2020-09-04,204.57766723632812,208.5021215523403,195.92668396583133,205.3892997487849,59664100,MSFT
2020-09-08,193.51087951660156,200.54815481211494,193.07163989272198,197.17751849448624,52924300,MSFT
2020-09-09,201.7512664794922,205.14100397041202,197.3684863965206,198.22786446784107,45679000,MSFT
2020-09-10,196.09854125976562,205.04554135717223,194.89542936094682,203.766024749938,35461500,MSFT
2020-09-11,194.81903076171875,199.21136882938845,192.15499218362683,197.8459188393803,33620100,MSFT
2020-09-14,196.13671875,199.75561186121092,194.81901452553066,195.019540434878,30375800,MSFT
2020-09-15,199.35458374023438,200.3094385390936,197.58809653437365,199.01083542984793,21823900,MSFT
2020-09-16,195.79295349121094,201.1401309147392,195.40145957874148,201.11148644016103,26328100,MSFT
2020-09-17,193.74957275390625,195.1054646940721,190.93275427264976,191.01868769979,34011300,MSFT
2020-09-18,191.3433380126953,194.4561591751333,187.3902400287708,193.64454139976738,55225300,MSFT
2020-09-21,193.39627075195312,193.55860887771348,187.5143766837805,188.28780668448618,39839700,MSFT
2020-09-22,198.05596923828125,198.7052780405181,192.95704840245924,195.80251145980125,33517100,MSFT
2020-09-23,191.5343017578125,198.70526991631596,190.99958545426037,198.51428731939603,30803800,MSFT
2020-09-24,194.01695251464844,196.28951164051597,190.2070765512696,190.82774092401178,31202500,MSFT
2020-09-25,198.4379425048828,199.60285202097856,193.39629547770284,194.360708203797,29437300,MSFT
2020-09-28,199.98477172851562,202.973471617275,198.6670675733569,201.35976483478098,32004900,MSFT
2020-09-29,197.90321350097656,200.58636790258805,197.47353172695807,199.8988712361869,24221900,MSFT
2020-09-30,200.8345947265625,202.41009918439974,197.21568718363864,198.35196663004595,33829100,MSFT
2020-10-01,202.86842346191406,204.32934989722492,201.77988975384076,203.85192257666776,27158400,MSFT
2020-10-02,196.88150024414062,201.46480588853086,196.26083592410876,198.6097849842091,33154800,MSFT
2020-10-05,200.88233947753906,200.91098395337687,197.63582470662806,197.8649950832573,21331600,MSFT
2020-10-06,196.61415100097656,200.69137041613547,195.57336278885933,199.3927819040882,28554300,MSFT
2020-10-07,200.3572235107422,200.6245817412944,197.38762392074432,197.7122711192819,25681100,MSFT
2020-10-08,201.0733642578125,201.65582638078803,198.91539723937618,201.0065174153728,19925800,MSFT
2020-10-09,206.0672149658203,206.11496062047993,201.69397817169286,201.69397817169286,26458000,MSFT
2020-10-12,211.4048614501953,213.75381083072148,207.0220811131626,208.9126896677775,40461400,MSFT
2020-10-13,212.7989501953125,215.0428648969688,210.47864535807548,212.6652711005284,28950800,MSFT
2020-10-14,210.88922119140625,214.09753374216916,209.23732654938445,212.93260977868263,23421700,MSFT
2020-10-15,209.7434539794922,210.41184956927498,206.25822446788095,207.29902749689745,22733100,MSFT
2020-10-16,209.7434539794922,212.25471273609966,209.41880677444502,210.21132360737457,26057900,MSFT
2020-10-19,204.54901123046875,212.2642403214248,204.0715837959041,210.46910850508448,27625800,MSFT
2020-10-20,204.95960998535156,207.55681662503048,203.47003858875664,206.05770192407343,22753500,MSFT
2020-10-21,205.10281372070312,207.12710123202376,203.49865008216514,203.49865008216514,22724900,MSFT
2020-10-22,205.18875122070312,206.3059296091729,202.14276202063672,204.27208418481786,22351500,MSFT
2020-10-23,206.46824645996094,206.5159921132841,203.53684984099252,205.32242362984323,18879600,MSFT
2020-10-26,200.59591674804688,206.57330310558484,198.7053081481749,204.19572375769516,37111600,MSFT
2020-10-27,203.62277221679688,204.97866419195947,200.83459813928872,202.0377098600853,36700300,MSFT
2020-10-28,193.52992248535156,199.41183029232755,192.97611964131525,198.29465216362,51195600,MSFT
2020-10-29,195.47784423828125,197.99865992019647,194.18878463858314,194.85719454653068,31432600,MSFT
2020-10-30,193.3294219970703,195.06724988232443,190.6080804187681,194.3129211201927,36953700,MSFT
2020-11-02,193.19577026367188,196.01258896348594,191.0855347795148,195.0672774818165,30842200,MSFT
2020-11-03,197.11065673828125,198.72436357805273,193.95008988401975,194.68533211248038,27512000,MSFT
2020-11-04,206.62103271484375,208.46391008308424,202.8302579359049,204.35803146698734,42311800,MSFT
2020-11-05,213.2095184326172,214.00204965218953,211.16612977646565,212.0159499519229,36080100,MSFT
2020-11-06,213.6201171875,214.2312236771775,208.18699104009195,212.22602276764897,25231900,MSFT
2020-11-09,208.53073120117188,217.8214639696989,208.04376051699998,214.30760543386708,44395000,MSFT
2020-11-10,201.48388671875,206.72604431159402,200.25213055602137,204.81633489532064,44045100,MSFT
2020-11-11,206.77381896972656,208.19654335969426,202.62019457864048,202.80161932982716,29440800,MSFT
2020-11-12,205.7139129638672,209.21822820406635,204.77815937346904,207.40400997799867,21593900,MSFT
2020-11-13,206.73561096191406,207.6045323412355,204.49171088632605,206.59238856748885,18621100,MSFT
2020-11-16,207.42312622070312,207.9101115453344,204.83547759620686,205.16966806985056,24953300,MSFT
2020-11-17,204.77818298339844,207.85280227776673,204.41533346837915,206.34414439621403,24154100,MSFT
2020-11-18,202.07843017578125,205.9940073608106,201.93481820711207,204.53882413845477,28372800,MSFT
2020-11-19,203.36129760742188,203.94528459890913,200.97747898156575,202.3656550784978,24792700,MSFT
2020-11-20,201.41786193847656,204.19418482435066,201.0444941764718,203.1506716700391,22843100,MSFT
2020-11-23,201.1497802734375,203.23680633815258,199.28294168158865,201.9539546502228,25683500,MSFT
2020-11-24,204.7398681640625,205.11323589712526,199.95309486424628,200.65195967575906,33979700,MSFT
2020-11-25,204.74945068359375,206.10889264226566,203.39959162135418,205.93657580336972,21012900,MSFT
2020-11-27,206.05142211914062,207.0470790626481,204.91216783189242,205.68763731230698,14512200,MSFT
2020-11-30,204.94093322753906,205.60149571776424,201.84866694443141,204.96965270067608,33064800,MSFT
2020-12-01,206.98965454101562,208.0523187829212,204.2516196677861,205.3621399555571,30904500,MSFT
2020-12-02,206.18551635742188,206.2812576888968,203.72512190573994,205.716421814193,23724500,MSFT
2020-12-03,205.10366821289062,207.15240660691688,204.53881785971507,205.4578847635359,25120900,MSFT
2020-12-04,205.21853637695312,206.19504217699352,204.08885033218635,205.08450731483558,24666000,MSFT
2020-12-07,205.15151977539062,206.3482130777084,203.90697042743815,205.22810989970768,24620000,MSFT
2020-12-08,206.7981719970703,207.69808770235701,203.8112301736273,204.84517494514358,23284100,MSFT
2020-12-09,202.76771545410156,206.05143485387185,202.20287972305044,205.9844276253421,32440600,MSFT
2020-12-10,201.54232788085938,203.99315372570663,201.38914761353783,202.7390213291695,26733300,MSFT
2020-12-11,204.16543579101562,204.2228893375298,200.1924200626549,201.0923357197763,30979400,MSFT
2020-12-14,205.0653839111328,206.98967630200812,203.80168324113518,204.01230245414715,28798400,MSFT
2020-12-15,204.9983367919922,206.23331774795298,203.1889372562856,205.99397910773743,27000600,MSFT
2020-12-16,209.9287109375,210.72331699112576,205.56317639407263,205.59189586280007,35023300,MSFT
2020-12-17,210.062744140625,211.47005656833366,208.62671224362202,210.49355078811152,32515800,MSFT
2020-12-18,209.26817321777344,210.3212692956712,206.80777908388407,209.26817321777344,63354900,MSFT
2020-12-21,213.0975341796875,214.44740752765114,208.01398413317597,208.27247393786632,37181900,MSFT
2020-12-22,214.38998413085938,216.0079156868305,212.38911659121038,213.19329092177676,22612200,MSFT
2020-12-23,211.59451293945312,214.0261871402473,211.38389376362787,213.59538050172162,18699600,MSFT
2020-12-24,213.25074768066406,214.0740732616441,211.7668450557722,211.97746424681867,10550600,MSFT
2020-12-28,215.36654663085938,216.39090869156607,213.50927594366328,214.87828632372674,17933500,MSFT
2020-12-29,214.59104919433594,217.49183275361256,214.04536461399422,216.65893884295096,17403200,MSFT
2020-12-30,212.2263641357422,216.00792655313228,212.02532784702316,215.62497594211862,20272300,MSFT
2020-12-31,212.93484497070312,213.49011248709138,210.31168765702222,212.24554837160557,20942100,MSFT
2021-01-04,208.40655517578125,213.49010649539775,205.6493688567727,213.0401486000575,37130100,MSFT
2021-01-05,208.60755920410156,209.20112898306692,206.50138202886356,207.9948528511583,23823000,MSFT
2021-01-06,203.19851684570312,207.2577056684526,202.9017392526193,203.12192672360536,35930700,MSFT
2021-01-07,208.98097229003906,209.98619774889107,204.5963001731968,204.9122144012225,27694500,MSFT
2021-01-08,210.2541961669922,211.1732629388103,207.7746514524589,209.35428057593944,22956200,MSFT
2021-01-11,208.21507263183594,209.5745145115379,207.4874737327891,209.1532761190525,23031300,MSFT
2021-01-12,205.76425170898438,207.84172439484524,204.22292456798172,207.26730569518543,23249300,MSFT
2021-01-13,207.1141357421875,207.51622300874428,204.80690714801807,204.89308018291067,20087100,MSFT
2021-01-14,203.93565368652344,208.1863098788865,203.6675956030474,206.7024075258848,29480800,MSFT
2021-01-15,203.5814208984375,205.36210078555595,202.98786580542128,204.41432921549068,31746500,MSFT
2021-01-19,207.20982360839844,207.72678864400729,203.56230506672608,204.63453750092,30480900,MSFT
2021-01-20,214.77294921875,216.16111060778343,208.0235956832945,208.4161146150016,37777300,MSFT
2021-01-21,215.37603759765625,216.64932080348763,212.93478076265833,215.1175477989207,30709400,MSFT
2021-01-22,216.31430053710938,220.2586119985924,216.17070316936838,217.39611606767164,30172700,MSFT
2021-01-25,219.74163818359375,219.9809768749982,214.65808671545548,219.34911922375264,33152100,MSFT
2021-01-26,222.4221954345703,224.19329267545595,220.26814758976505,221.9722376050097,49169600,MSFT
2021-01-27,222.96788024902344,230.18634210552298,220.32558681486526,227.85039454682703,69870600,MSFT
2021-01-28,228.74073791503906,232.29253006928437,225.0644995906523,225.5623280954357,49111200,MSFT
2021-01-29,222.06797790527344,227.86954440379412,221.48399101899585,225.92611574790212,42503100,MSFT
2021-02-01,229.43003845214844,232.15850507669126,222.51793663750792,225.0357840681807,33314200,MSFT
2021-02-02,229.29598999023438,231.97658573343273,228.51096683153912,231.00966286740996,25916300,MSFT
2021-02-03,232.63719177246094,234.63805958670622,229.05667994059564,229.35347216795947,27158100,MSFT
2021-02-04,231.68939208984375,232.86694881954378,230.11933105831628,232.31168137316456,25296100,MSFT
2021-02-05,231.87132263183594,232.9052675375618,230.1672323079751,231.9000421063221,18054800,MSFT
2021-02-08,232.12979125976562,233.2881822461942,230.54057897933532,232.78078543262248,22211900,MSFT
2021-02-09,233.3743438720703,234.32211561321034,231.0862668747444,231.55536129754788,23565000,MSFT
2021-02-10,232.46484375,235.43263415280472,230.61714183329966,234.55186970118112,22186700,MSFT
2021-02-11,234.06361389160156,234.69545677816905,231.82339319316318,234.34124027726764,15751100,MSFT
2021-02-12,234.5423126220703,234.83909021572526,232.37868184084263,233.52750445837592,16561100,MSFT
2021-02-16,233.3072967529297,235.63367586414148,232.56056138589153,234.58058003469236,26728500,MSFT
2021-02-17,234.32444763183594,234.429999771811,231.1962886570467,231.56092598454555,21653500,MSFT
2021-02-18,233.9310760498047,234.06541383547554,231.11957287764992,232.02156142789167,16925600,MSFT
2021-02-19,231.22508239746094,233.9982091087317,230.46702209962763,233.89265696504796,25262600,MSFT
2021-02-22,225.0263214111328,228.30801355738436,223.00165002550102,227.81864342177664,36446900,MSFT
2021-02-23,223.83645629882812,225.33336682720707,219.48004782088785,221.01534892993712,30228700,MSFT
2021-02-24,225.06468200683594,225.68838982058668,219.73912389245297,220.7082737093452,26339700,MSFT
2021-02-25,219.72955322265625,225.10307807896038,218.66444150450877,222.69458880716616,39542200,MSFT
2021-02-26,222.98245239257812,225.85152606966585,220.25729214925016,222.16682092029995,37819200,MSFT
2021-03-01,227.35806274414062,227.86662818043706,223.72132352037755,226.36011252225157,25324000,MSFT
2021-03-02,224.4121856689453,227.70348251561026,224.00917241783225,227.42520204873816,22812500,MSFT
2021-03-03,218.3573760986328,224.13392888093216,218.06950529574024,222.77135603173917,34029500,MSFT
2021-03-04,217.56092834472656,223.08800061349675,215.19081513202866,217.57053331073425,44727800,MSFT
2021-03-05,222.23399353027344,223.8364561921573,217.3018581200775,220.23810794614715,41872800,MSFT
2021-03-08,218.19427490234375,223.9324376851917,217.9447946567308,222.01331832648629,35267400,MSFT
2021-03-09,224.3258514404297,225.8611527209292,222.30118001460858,223.46225362122254,33080500,MSFT
2021-03-10,223.02085876464844,227.41564385006524,222.65622140139538,227.41564385006524,29746800,MSFT
2021-03-11,227.54039001464844,229.4978853058214,224.8344247079214,225.4581472805967,29907600,MSFT
2021-03-12,226.2161865234375,226.283362726676,223.79809211606153,224.54654746853438,22653700,MSFT
2021-03-15,225.31414794921875,225.67878521883108,222.43546965240142,225.4580906490886,26034900,MSFT
2021-03-16,228.09689331054688,230.35184933196322,226.39846890984123,226.724715623145,28092200,MSFT
2021-03-17,227.45401000976562,228.90295443295722,223.7980901339011,226.60000251813773,29562100,MSFT
2021-03-18,221.38961791992188,224.71929129183843,221.0153902179175,223.15520427595692,34833000,MSFT
2021-03-19,221.03457641601562,223.06883823635602,220.07501674352017,221.67747963958135,46430700,MSFT
2021-03-22,226.44650268554688,227.31969089953785,220.8330724893745,220.95781993782433,30127000,MSFT
2021-03-23,227.97218322753906,231.30185638179913,227.48281307743645,227.8858263731183,31638400,MSFT
2021-03-24,225.9379119873047,228.3751869519147,225.80357422770754,228.23125886724554,25620100,MSFT
2021-03-25,222.94407653808594,227.35805660601366,222.20522617954543,225.78437942941395,34061900,MSFT
2021-03-26,226.91665649414062,227.13736575038837,222.18603456103727,222.18603456103727,25479900,MSFT
2021-03-29,225.72679138183594,227.22370192103884,222.50267074289255,227.02218797535386,25227500,MSFT
2021-03-30,222.473876953125,224.3929959619362,221.75420732482078,224.0859298925027,24792000,MSFT
2021-03-31,226.23536682128906,229.4307019873928,222.9920507477263,223.49102583020917,43623500,MSFT
2021-04-01,232.54925537109375,233.0194301648767,228.42314650954665,228.82615975066759,30338000,MSFT
2021-04-05,238.99752807617188,239.85153557551078,232.88512317429942,232.94269441038907,36910600,MSFT
2021-04-06,237.8364715576172,239.3141870764356,236.89610713655097,237.59658162885503,22931900,MSFT
2021-04-07,239.79391479492188,240.78225991518588,237.1935167319145,237.78843894053895,22719800,MSFT
2021-04-08,243.00851440429688,243.86252202324732,241.80906467870807,242.54792980935247,23625200,MSFT
2021-04-09,245.5032958984375,245.63763363837313,242.2311945964939,242.6437981399692,24326800,MSFT
2021-04-12,245.56088256835938,247.2497167100151,244.32304257664887,244.40941406195913,27148700,MSFT
2021-04-13,248.03652954101562,248.70823291456193,246.44365723287845,246.85629007953642,23837500,MSFT
2021-04-14,245.2538299560547,248.36279362985277,244.84122636397595,247.06741162139323,23070900,MSFT
2021-04-15,249.00567626953125,249.41827980334187,247.30726659192428,247.49916091109114,25627500,MSFT
2021-04-16,250.19554138183594,250.4450362292379,247.1825396982639,248.97691132612795,24878600,MSFT
2021-04-19,248.27645874023438,250.90567213918928,247.39368024577658,249.66783197003826,23209300,MSFT
2021-04-20,247.81588745117188,249.6774355364168,246.45329984767133,247.39367885760478,19722900,MSFT
2021-04-21,250.0420684814453,250.13803031378995,246.84674737679163,248.46840570806458,24030400,MSFT
2021-04-22,246.7699432373047,251.19349872251507,245.30180365019515,249.6869831956242,25606200,MSFT
2021-04-23,250.58901977539062,250.93447650853264,246.86592330580729,247.4512699735004,21462600,MSFT
2021-04-26,250.97286987304688,251.82689220519174,249.6487018632657,251.0784366851228,19763300,MSFT
2021-04-27,251.37583923339844,252.54650316167644,249.60064804856367,251.00159691898284,31014200,MSFT
2021-04-28,244.26547241210938,246.1654108297521,242.72058097809375,245.7239923604383,46903100,MSFT
2021-04-29,242.2983856201172,245.7432156591493,238.93033674663465,245.1290981102082,40589000,MSFT
2021-04-30,241.98175048828125,242.84536297608295,239.5060994250514,239.64043719314697,30945100,MSFT
2021-05-03,241.67465209960938,244.0639604845384,240.9645728108028,243.1523672618422,19626600,MSFT
2021-05-04,237.769287109375,241.05099410582295,235.82138212667073,240.82069451117363,32756100,MSFT
2021-05-05,236.50267028808594,239.41013488306382,235.87896236652082,238.9879262904949,21901300,MSFT
2021-05-06,239.6308135986328,239.75556103135267,234.79463968140215,236.48345929785845,26491100,MSFT
2021-05-07,242.2504425048828,244.01602879660211,241.01260232215404,241.9529667059604,27032900,MSFT
2021-05-10,237.1839141845703,241.5499129115919,237.12634295627333,240.72469114199723,29299900,MSFT
2021-05-11,236.27235412597656,236.62740113121535,232.76037714863403,234.6603010402085,33641600,MSFT
2021-05-12,229.33474731445312,234.49718271340848,228.44236390313688,232.37654952810314,36684400,MSFT
2021-05-13,233.2017822265625,235.66785757262463,231.65689059340738,232.02152794835033,29624300,MSFT
2021-05-14,238.11468505859375,239.10303017636681,235.56226790568283,235.6486247470301,23901100,MSFT
2021-05-17,235.26480102539062,236.61778349101087,233.67194331645007,236.57940755176028,24970200,MSFT
2021-05-18,233.2497100830078,236.4450447704299,233.07698177037457,236.31070703469962,20168000,MSFT
2021-05-19,233.8268280029297,233.93262388279754,229.47961380869796,230.16246611695865,25739800,MSFT
2021-05-20,237.05838012695312,238.47219104144915,234.5385334489795,234.63471685255448,21800700,MSFT
2021-05-21,235.7984619140625,238.83767555656837,235.38490555585892,238.10673157029987,21863100,MSFT
2021-05-24,241.1939697265625,241.55944897788703,238.04896089277673,238.31825675937668,21411500,MSFT
2021-05-25,242.09808349609375,243.0887108966254,241.23249158269627,242.14617519695508,17704300,MSFT
2021-05-26,241.87689208984375,243.2714634355035,241.16517303578058,241.819173240438,17771600,MSFT
2021-05-27,239.7801971435547,241.86724777869244,239.72249297377158,241.56909978446225,24426200,MSFT
2021-05-28,240.1360321044922,242.44430145913847,240.02062377319373,241.40558245087644,18270200,MSFT
2021-06-01,237.94320678710938,241.68451217113508,237.5200379764385,241.62680800038572,23213300,MSFT
2021-06-02,237.84703063964844,239.74172912294227,236.4428322679461,238.64530588633542,19406700,MSFT
2021-06-03,236.3178253173828,236.9237338024007,233.71140768799265,235.846550117456,25307700,MSFT
2021-06-04,241.20362854003906,242.0307559108141,238.04900663185686,238.28945046434345,25281100,MSFT
2021-06-07,244.1082000732422,244.3774959981243,240.2610986600382,240.42459870903608,23079200,MSFT
2021-06-08,242.91561889648438,246.22412860795987,242.85790004526086,245.4066136508643,22455000,MSFT
2021-06-09,243.8966064453125,245.76245296444787,243.531141793228,244.10819819545324,17937600,MSFT
2021-06-10,247.40707397460938,247.6186657190944,243.97354371278735,244.56983971513966,24563600,MSFT
2021-06-11,248.03225708007812,248.6092988045353,246.8011564650918,248.12841113345158,18999700,MSFT
2021-06-14,249.9557647705078,250.01346893302807,246.98385364546934,248.04181221008912,19150500,MSFT
2021-06-15,248.4842987060547,250.05199743324715,247.8302984244831,249.84040565379067,18038900,MSFT
2021-06-16,247.54171752929688,250.6193807060856,244.69485634370264,249.48449295997696,27220000,MSFT
2021-06-17,250.92721557617188,251.74473060019503,246.22414876561822,246.2818529460379,27565500,MSFT
2021-06-18,249.5133514404297,252.2736417712476,248.85935130058786,249.70571823499586,37202200,MSFT
2021-06-21,252.5911407470703,253.4471058031608,248.06118570603078,249.88855354977582,26696100,MSFT
2021-06-22,255.36097717285156,255.63027309111683,252.36984063503186,252.67761578477896,24694100,MSFT
2021-06-23,255.13009643554688,256.6304633976864,254.3222087906294,255.82257575276896,19518700,MSFT
2021-06-24,256.4958190917969,257.61148179657937,255.3224522256505,255.9860794323836,21446900,MSFT
2021-06-25,254.88967895507812,257.03444843637993,254.63963733626937,256.05344819862387,25611100,MSFT
2021-06-28,258.4482421875,258.6213546854569,255.74565612665353,256.01495201827004,19590000,MSFT
2021-06-29,261.02581787109375,261.26626170283777,257.7365626894256,258.59252746788644,19937800,MSFT
2021-06-30,260.544921875,260.9873302929651,259.2946257303389,260.3429572810892,21656500,MSFT
2021-07-01,261.21820068359375,261.4490173838746,259.29464991177207,259.3042477069135,16725300,MSFT
2021-07-02,267.03692626953125,267.3735535200733,262.0837889720143,262.3915641354273,26458000,MSFT
2021-07-06,267.0464782714844,268.6911054771681,263.81489866709086,267.402330362961,31565600,MSFT
2021-07-07,269.229736328125,269.9606949040537,266.55600233060557,268.71999662413555,23260000,MSFT
2021-07-08,266.8157653808594,268.07568890593086,264.36322030721055,266.31562334882244,24618600,MSFT
2021-07-09,267.31585693359375,267.4216381390511,264.7960100826157,265.1807143722743,23916700,MSFT
2021-07-12,266.7195739746094,269.075906208845,266.00784018519494,268.48923727475227,18931700,MSFT
2021-07-13,270.2395935058594,272.03810834879346,266.7868242229715,266.91183033818885,26120100,MSFT
2021-07-14,271.71112060546875,272.8171562130653,269.8260200844515,271.557233051648,23113700,MSFT
2021-07-15,270.2877502441406,271.7111884591669,269.1336079777888,271.22067359330885,22604200,MSFT
2021-07-16,270.0184020996094,273.2403550652202,268.77770380577266,271.28795247697474,26186800,MSFT
2021-07-19,266.4214172363281,269.6529685438566,263.9592745207665,268.2680095974711,32935600,MSFT
2021-07-20,268.64306640625,270.2299896780536,265.70003652732663,267.4023681314722,26259700,MSFT
2021-07-21,270.6435852050781,270.75899355414396,266.69070249429734,268.23914676268924,24364300,MSFT
2021-07-22,275.2024230957031,275.4717190297968,272.5863928711976,272.9903220968104,23384100,MSFT
2021-07-23,278.5974426269531,278.9051883924715,275.5486022461029,276.38534199654606,22768100,MSFT
2021-07-26,278.00115966796875,278.616709994847,275.6833068492784,277.95308263976796,23176100,MSFT
2021-07-27,275.5871276855469,278.5109037300761,272.13435756738795,278.36664329219724,33604100,MSFT
2021-07-28,275.279296875,279.0590663386957,272.98064007555604,277.94340359284985,33566900,MSFT
2021-07-29,275.5486145019531,277.5875733755724,275.1446559746078,275.2985435397369,18168300,MSFT
2021-07-30,274.0193786621094,275.70248527997103,273.0576034519027,274.2694496090991,20944800,MSFT
2021-08-02,273.9328308105469,275.8082749172966,272.8940971151015,275.4139435469008,16267400,MSFT
2021-08-03,276.1449279785156,276.2507385273349,273.1441936458983,274.50992752859145,17879000,MSFT
2021-08-04,275.5583190917969,276.59702375952793,273.7694013265721,275.27939596716925,16191300,MSFT
2021-08-05,278.45318603515625,278.558996585167,275.1639308070006,275.91411439860224,13900200,MSFT
2021-08-06,278.3955078125,278.4339870480046,276.6258445430264,277.4818387644274,16589300,MSFT
2021-08-09,277.3086242675781,280.4055415160007,276.8085117411987,278.67435793533804,16117600,MSFT
2021-08-10,275.490966796875,278.193553507934,274.29837461151317,277.7607428078615,18616600,MSFT
2021-08-11,275.98150634765625,277.6261343230459,274.93314516719175,276.2315480324196,13955900,MSFT
2021-08-12,278.7320861816406,278.88597374560374,275.3947248502605,275.6736478943844,14561300,MSFT
2021-08-13,281.6558532714844,281.70393028766443,278.24153394231547,278.4146757728687,18249000,MSFT
2021-08-16,283.3390197753906,283.55061152329273,278.93407230117066,281.98291302988906,22507600,MSFT
2021-08-17,281.8770446777344,282.2136718464197,279.95349440073016,281.213446835132,20075300,MSFT
2021-08-18,280.1522216796875,284.0934094395426,279.7089369385495,281.41455687924235,21813000,MSFT
2021-08-19,285.9725036621094,286.64704708243323,278.13832497152845,278.1864940413031,29850500,MSFT
2021-08-20,293.2862854003906,294.71244831740665,287.21551359465093,288.81512041303324,40817600,MSFT
2021-08-23,293.5657653808594,294.2884777670295,290.8676509020545,292.21670814145693,22830200,MSFT
2021-08-24,291.6095886230469,294.5293451223388,291.0121511635646,293.9222620885944,18175800,MSFT
2021-08-25,291.0218200683594,293.5079376265004,289.48967340701506,293.2284806156416,20006100,MSFT
2021-08-26,288.2080383300781,291.42651371995913,288.0731473198594,290.0389036898351,17666100,MSFT
2021-08-27,288.81512451171875,289.92327755138285,286.0302588466658,288.1116739143192,22605700,MSFT
2021-08-30,292.5443420410156,293.15142516677145,290.10639336951124,290.1642080093696,16348100,MSFT
2021-08-31,290.8966064453125,293.4212774277083,290.53042740378993,293.34420103292587,26285300,MSFT
2021-09-01,290.8484191894531,294.0861866329376,290.5207930363041,291.8505888037755,18983800,MSFT
2021-09-02,290.1931457519531,292.3227302959744,289.2584364332611,291.20496087003505,16285600,MSFT
2021-09-03,290.1834716796875,291.5903434617449,289.33548449908074,290.0389056864893,14747900,MSFT
2021-09-07,289.2583923339844,290.1352868730688,287.3504504950294,290.05821049267576,17180400,MSFT
2021-09-08,289.2873229980469,289.67276374560055,286.6470229996981,288.8729749296078,15046800,MSFT
2021-09-09,286.43505859375,291.1471582820578,286.19415442336,289.87517720465905,19927000,MSFT
2021-09-10,284.9510803222656,289.0079277198995,284.6330997569278,287.56250269932383,19633400,MSFT
2021-09-13,286.18450927734375,287.67813278036044,283.3803812009098,286.7241322672505,23652900,MSFT
2021-09-14,288.8825988769531,290.42439115897747,287.2540846387654,288.66095649526324,21853400,MSFT
2021-09-15,293.7296142578125,294.21142254991946,290.83876450517084,292.2263747390184,28356300,MSFT
2021-09-16,294.1150817871094,294.20180375871473,289.81735966426726,292.70820968009997,19550800,MSFT
2021-09-17,288.959716796875,293.4212665400656,288.6320906685241,293.1032859884223,41372500,MSFT
2021-09-20,283.59228515625,287.8514824392424,278.98620009647595,285.54842520573646,38278700,MSFT
2021-09-21,284.07415771484375,286.7144871567123,283.3707364278861,284.93179059163447,22364100,MSFT
2021-09-22,287.71661376953125,289.29695901168185,283.79471679857085,285.9339466951143,26626300,MSFT
2021-09-23,288.6609802246094,289.9522229123692,286.70483974436394,287.9768206871402,18604600,MSFT
2021-09-24,288.45867919921875,288.8922890911744,286.1267137314538,287.3794331473521,14999000,MSFT
2021-09-27,283.4671936035156,285.6835006886542,282.28193424164806,285.3655200539966,23571700,MSFT
2021-09-28,273.20458984375,280.2004563333736,272.4626155886146,279.25610140272624,43186200,MSFT
2021-09-29,273.6671447753906,276.3363524670483,272.713173645824,274.7271290344914,26353700,MSFT
2021-09-30,271.6628112792969,277.3577596425143,271.3737086480666,275.3148971070343,32343600,MSFT
2021-10-01,278.5815734863281,279.42956082549745,271.055729962069,271.855518825413,30086300,MSFT
2021-10-04,272.8094177246094,277.2806118186714,270.05348900845405,276.94334020608034,31350700,MSFT
2021-10-05,278.2539978027344,279.8343140699178,273.715341481542,273.715341481542,24993000,MSFT
2021-10-06,282.44561767578125,282.94671707548684,275.1221558151547,275.38232168306524,28002600,MSFT
2021-10-07,284.1223449707031,285.8472268251137,283.2261886390808,284.440325492257,20430500,MSFT
2021-10-08,284.1223449707031,285.8472268251137,283.0720064625797,285.4424949358928,17685700,MSFT
2021-10-11,283.52490234375,287.1288187573514,282.0987392920623,282.26256704142725,19298600,MSFT
2021-10-12,282.2240905761719,284.69094720962636,281.71337485300944,284.59457964903424,17974100,MSFT
2021-10-13,285.5292053222656,286.46391451193523,282.81179971016536,284.18014809161934,23416300,MSFT
2021-10-14,291.7348937988281,292.2359637895139,286.9938877052562,288.32368317323034,27262900,MSFT
2021-10-15,293.14178466796875,293.3730726386509,289.5860372188823,291.33982641094127,25384800,MSFT
2021-10-18,296.1097412109375,296.996251978843,291.6770991496789,292.5250864283667,22729300,MSFT
2021-10-19,297.0155334472656,298.046580784232,296.04227134224186,297.1311627256362,17682100,MSFT
2021-10-20,296.22528076171875,298.4319702516022,294.9725619677643,297.9597782829051,16537100,MSFT
2021-10-21,299.4534912109375,299.70401151928974,295.2135548265935,295.99411129385413,16918100,MSFT
2021-10-22,297.91168212890625,299.7714549252828,296.6011483907177,299.10655718444485,17449300,MSFT
2021-10-25,296.91912841796875,298.14291066917554,295.3098760778801,298.1043577788396,17554500,MSFT
2021-10-26,298.8270568847656,301.0337465950121,297.37201617029336,299.6846895652335,28107300,MSFT
2021-10-27,311.41192626953125,314.2353152759642,304.5027837125642,304.5027837125642,52588700,MSFT
2021-10-28,312.5490417480469,313.0501117800628,309.667808194034,312.5297505959251,26297900,MSFT
2021-10-29,319.5544738769531,319.92065282329474,312.11535390609777,312.33699627026226,34766000,MSFT
2021-11-01,317.3863525390625,319.429214753653,314.49550312432325,319.3039399071891,27073200,MSFT
2021-11-02,321.009521484375,321.3178857761328,317.99339758395104,318.2921163018297,26487100,MSFT
2021-11-03,321.8478698730469,322.7151187307781,318.6197491291001,321.7515023539127,21500100,MSFT
2021-11-04,324.19915771484375,324.29552525226745,317.52130201351525,320.778330690629,23992200,MSFT
2021-11-05,323.83294677734375,326.4636303126045,322.2526310669871,326.19381887877574,22570100,MSFT
2021-11-08,324.7290344238281,325.3650246850341,322.2718247208711,325.0277531121959,20897000,MSFT
2021-11-09,323.72698974609375,326.39619698658385,322.3586413143152,324.8447590588509,21307400,MSFT
2021-11-10,318.76434326171875,322.4550111195703,317.916385399046,322.39719647909817,25500900,MSFT
2021-11-11,320.3350524902344,321.62629517799496,318.48492512550797,319.197991984075,16849800,MSFT
2021-11-12,324.46893310546875,324.9603869066264,321.645543957004,321.7708188010042,23831000,MSFT
2021-11-15,323.84271240234375,325.58685649744933,321.87692585158464,325.2592303068647,16723000,MSFT
2021-11-16,327.157470703125,328.27526945186895,323.30300442769504,323.4668027763442,20886800,MSFT
2021-11-17,327.3794860839844,330.34320817217764,326.2982657750648,327.2057248474174,19053400,MSFT
2021-11-18,329.4549865722656,330.59415654864347,325.4486683273101,326.4719680391964,22463500,MSFT
2021-11-19,331.2312927246094,333.15241765352346,330.35282344689676,330.7775927153273,21963400,MSFT
2021-11-22,328.06494140625,337.564302737887,327.7946362926537,332.68911800842596,31031100,MSFT
2021-11-23,325.98931884765625,327.6980592938018,322.01196030987296,325.38112509299714,30427600,MSFT
2021-11-24,326.21136474609375,326.4527096021285,322.34984704953825,324.63779157098065,21661300,MSFT
2021-11-26,318.2663269042969,326.230708290166,316.76033714457986,322.77466242134005,24217200,MSFT
2021-11-29,324.9757385253906,327.2926436665053,323.1511569453452,323.3442446492078,28563500,MSFT
2021-11-30,319.1447448730469,326.08582451918915,317.60013207363266,323.71099964845,42885600,MSFT
2021-12-01,318.6524658203125,327.5339693788618,317.9863810414146,323.5276501773053,33337600,MSFT
2021-12-02,318.0828857421875,321.94440378728416,316.4513920112506,318.864840789436,30766000,MSFT
2021-12-03,311.8272705078125,321.18180108322787,307.01966954803913,320.4963603630018,41779300,MSFT
2021-12-06,314.89715576171875,316.11354341449044,308.1781223856923,312.73471501105405,30032600,MSFT
2021-12-07,323.32489013671875,324.1743992838451,318.6717542353688,320.1584467996634,31021900,MSFT
2021-12-08,323.3731384277344,323.88478833070934,319.3474933714662,323.7013638880352,24761000,MSFT
2021-12-09,321.5679626464844,324.8405842928064,320.6218799972191,322.832607612771,22214200,MSFT
2021-12-10,330.6811218261719,331.12518817346324,323.19943025665486,323.38285472943636,38095700,MSFT
2021-12-13,327.6498107910156,331.88784112335867,327.3408822668036,328.8854954268182,28899400,MSFT
2021-12-14,316.97271728515625,323.05462611476247,312.8891511907512,321.68377419361184,44438700,MSFT
2021-12-15,323.0642395019531,323.5855526741377,313.26564359900055,317.23333915012444,35381100,MSFT
2021-12-16,313.65179443359375,325.10121065165634,311.83687625533753,324.0875444975225,35034800,MSFT
2021-12-17,312.5898132324219,313.6710628222482,306.2665904465463,309.77092210537467,47750300,MSFT
2021-12-20,308.8345947265625,311.6245264811282,306.57560997334616,308.9697325522861,28326500,MSFT
2021-12-21,315.9591064453125,316.3838758381777,308.7283930038444,312.0975879363911,24740600,MSFT
2021-12-22,321.6644287109375,322.06020834026276,314.47234037759364,316.93404606965555,24831500,MSFT
2021-12-23,323.10284423828125,324.74400105600773,321.2107088019103,321.23000578456225,19617800,MSFT
2021-12-27,330.59417724609375,330.6231374487701,323.8171952094219,323.84615541209826,19947000,MSFT
2021-12-28,329.4356994628906,331.9070682140661,328.5379037481907,331.26991431494497,15661500,MSFT
2021-12-29,330.111572265625,332.38019079981586,327.92014167698994,329.4840519448849,15042000,MSFT
2021-12-30,327.57257080078125,331.25066424671456,327.0898810628788,330.0729001077908,15994500,MSFT
2021-12-31,324.6764221191406,327.6111544209489,324.2226926014007,326.7906054612649,18000800,MSFT
2022-01-03,323.16070556640625,326.2981881447209,318.3627694912806,323.73993901153324,28865100,MSFT
2022-01-04,317.6195373535156,323.5952391659229,314.82957629356036,323.2380239826921,32674300,MSFT
2022-01-05,305.42669677734375,314.7812242182904,305.04055096329466,314.578473360559,40054300,MSFT
2022-01-06,303.0133361816406,307.6664726573991,300.7060649286775,302.30859850808565,39646100,MSFT
2022-01-07,303.1678161621094,305.54264171592666,299.35455497870817,303.2739937762214,32720000,MSFT
2022-01-10,303.38983154296875,303.824264140596,294.14150808241357,298.77531830555176,44289500,MSFT
2022-01-11,304.0752258300781,305.64876956592934,299.1614480285225,302.53061283786786,29386800,MSFT
2022-01-12,307.2513427734375,312.2134078663537,306.10253873709456,308.60289772987363,34372200,MSFT
2022-01-13,294.2476501464844,309.7709684945666,293.4753583562799,309.37515937724777,45366000,MSFT
2022-01-14,299.4607238769531,300.0592544355826,293.2340145006697,293.7167042364733,39846400,MSFT
2022-01-18,292.17205810546875,299.0745146536486,291.2935593504582,293.54290976278105,42333200,MSFT
2022-01-19,292.8285217285156,303.0422523236715,292.2203574511124,295.6860659770476,45933900,MSFT
2022-01-20,291.158447265625,300.86049892883005,290.71438096885566,298.36983291707537,35380700,MSFT
2022-01-21,285.78131103515625,293.58156494621363,285.37583865558236,292.21074246408233,57984400,MSFT
2022-01-24,286.1095275878906,286.8238990150419,266.4930083993814,282.08391143196826,85731500,MSFT
2022-01-25,278.5023498535156,284.77731721920185,275.2973119894379,281.42744884707827,72848600,MSFT
2022-01-26,286.4377136230469,297.81954500203807,282.8851245004796,297.32719208033615,90428900,MSFT
2022-01-27,289.4593811035156,296.6611038089516,287.6155027527548,292.18175832051594,53481300,MSFT
2022-01-28,297.587890625,297.80027529096344,284.2560022424525,289.8358945088993,49743700,MSFT
2022-01-31,300.21368408203125,301.5652092942881,295.76326991115974,298.2539651589988,46444500,MSFT
2022-02-01,298.0705871582031,299.875842129487,294.5662548205134,299.66345745868625,40950400,MSFT
2022-02-02,302.60784912109375,304.21038262271304,298.1864239841783,298.91045860750387,36636000,MSFT
2022-02-03,290.820556640625,300.4550540690847,289.57520891247447,298.7752738080084,43730000,MSFT
2022-02-04,295.34820556640625,298.10917678556535,289.5848887928777,289.816570444543,35096500,MSFT
2022-02-07,290.5309753417969,297.1824248464775,289.5173091795903,295.57025756283554,28533300,MSFT
2022-02-08,294.0160217285156,294.9814013715594,289.5656357153874,290.8206174669248,32421200,MSFT
2022-02-09,300.43572998046875,301.1308043619736,296.7480028768317,299.1421250545375,31284700,MSFT
2022-02-10,291.9114685058594,298.41811714419794,290.289637957717,293.5140020692782,45386200,MSFT
2022-02-11,284.82562255859375,293.75538439550695,284.0340041683453,292.69346087944797,39175600,MSFT
2022-02-14,284.78692626953125,286.4860034605709,281.263297311286,283.599498987924,36359500,MSFT
2022-02-15,290.06756591796875,290.3861281751453,286.7369950149994,289.62349961792046,27058300,MSFT
2022-02-16,289.7290344238281,291.0543344654578,284.0989005260468,288.6358951130052,29982100,MSFT
2022-02-17,281.2451477050781,287.1170957635478,280.53895281663284,286.69144809406896,32461600,MSFT
2022-02-18,278.53643798828125,284.2729679755153,276.96929430412916,283.48939613343924,34264000,MSFT
2022-02-22,278.33331298828125,282.02869492098785,275.21836232867406,275.70205013593005,41736100,MSFT
2022-02-23,271.1263732910156,282.18349983515145,270.9619359564501,280.71306989618563,37811200,MSFT
2022-02-24,284.97918701171875,285.53059821327315,262.6618238516017,263.61954581271243,56989700,MSFT
2022-02-25,287.6104431152344,287.92001039879176,282.135093565402,285.5112545529005,32546700,MSFT
2022-02-28,289.0421142578125,289.38070156418183,283.4410022275104,284.7082616845869,34627500,MSFT
2022-03-01,285.3274841308594,290.18369968046295,282.61881436647946,286.7301612299099,31217800,MSFT
2022-03-02,290.3965148925781,291.63475461259384,284.118256021791,285.7240737108103,31873000,MSFT
2022-03-03,286.2657775878906,293.2405468384808,284.45676056249704,293.00838616012356,27314500,MSFT
2022-03-04,280.40350341796875,286.0143001348497,277.80128997128503,284.68900016266156,32356500,MSFT
2022-03-07,269.81072998046875,280.2390376841762,269.4431225318955,279.1168784545169,43157200,MSFT
2022-03-08,266.8504943847656,274.69589424930484,261.1913427214112,268.7368585912487,48159500,MSFT
2022-03-09,279.0878601074219,280.1519791699358,271.6197193077244,274.192941941818,35204500,MSFT
2022-03-10,276.2728271484375,277.24988606847967,271.4262653649747,273.7866644734184,30628000,MSFT
2022-03-11,270.93292236328125,280.06495143344847,270.31378773793114,278.5655013687833,27209300,MSFT
2022-03-14,267.42132568359375,276.08900319722903,266.8215575071672,271.19408479495587,30660700,MSFT
2022-03-15,277.78192138671875,278.4300760838003,269.6366346705724,271.2037785530538,34245100,MSFT
2022-03-16,284.78570556640625,284.95982608211176,273.96077067732267,279.67793426336954,37826300,MSFT
2022-03-17,285.5886535644531,285.96591473369335,279.92949985014275,283.7216255602985,30816600,MSFT
2022-03-18,290.628662109375,291.1800733202025,283.17988724924487,285.7337436372442,43390600,MSFT
2022-03-21,289.4001159667969,290.3481547741918,285.2790860660752,289.1389351574977,28351200,MSFT
2022-03-22,294.1402282714844,295.04956371485423,289.02280298221535,290.01919868863627,27599700,MSFT
2022-03-23,289.7193603515625,293.33736581180995,288.0071158639621,290.70610253252346,25715400,MSFT
2022-03-24,294.178955078125,294.2756985521243,288.5875247357409,289.3807798917864,24484500,MSFT
2022-03-25,293.7725830078125,295.5332134926127,289.5258199394837,295.27203273707045,22566500,MSFT
2022-03-28,300.5635681152344,300.66028204395406,294.401361618458,294.401361618458,29578200,MSFT
2022-03-29,305.11993408203125,305.5165616109736,298.9674100649689,303.6688707174927,30393400,MSFT
2022-03-30,303.62054443359375,305.6423857684407,301.414928862999,303.52383047434716,28163600,MSFT
2022-03-31,298.2515563964844,304.8587480003614,297.8452751937795,303.6591822316137,33422100,MSFT
2022-04-01,299.32537841796875,300.01220684451596,295.57195627521304,299.27699192361627,27110500,MSFT
2022-04-04,304.6943054199219,304.8297226576166,299.60590012472653,299.97350759012323,24289600,MSFT
2022-04-05,300.7377624511719,304.5975820485766,299.7607035467808,303.04977502360924,23156700,MSFT
2022-04-06,289.7290344238281,296.9843524811861,287.03004784034084,295.2334047517675,40110400,MSFT
2022-04-07,291.53802490234375,293.7436404303179,286.6818092677771,286.9816933883639,31411200,MSFT
2022-04-08,287.28155517578125,291.2961583197062,286.61406359876185,290.63834994645777,24361900,MSFT
2022-04-11,275.95355224609375,283.06373875112814,275.7020251620772,282.2705132557711,34569300,MSFT
2022-04-12,272.85791015625,281.2547217643662,271.33912365293753,279.80365862610836,30966700,MSFT
2022-04-13,278.23663330078125,279.1653058374372,272.12281093036347,273.50618081290673,21907200,MSFT
2022-04-14,270.70068359375,278.9040387773758,270.2073421446939,278.69121497830656,28221600,MSFT
2022-04-18,271.3681945800781,273.2449056189471,269.25932284261444,269.81073402373755,20778000,MSFT
2022-04-19,275.99224853515625,276.8338901106772,269.3270459623916,270.26540148092727,22297700,MSFT
2022-04-20,277.0176696777344,280.24873024308215,276.05997725645005,279.95849984253823,22906700,MSFT
2022-04-21,271.64874267578125,283.73125459736195,270.9232109682988,279.1652405373938,29454600,MSFT
2022-04-22,265.0899353027344,273.9607825716903,264.4611470651918,272.49035276111147,29405800,MSFT
2022-04-25,271.56170654296875,271.93896771296136,261.9363065596579,264.37411220746367,35678900,MSFT
2022-04-26,261.4042053222656,269.27862643636087,261.1913815342113,268.44669768793943,46518400,MSFT
2022-04-27,273.9801330566406,281.4772943518781,270.05259027534413,272.89667705103636,63477700,MSFT
2022-04-28,280.1809997558594,281.4869627202717,272.2775281140742,275.88584973003594,33646600,MSFT
2022-04-29,268.466064453125,280.4228421568128,267.47935197429007,279.1942562573067,37073900,MSFT
2022-05-02,275.1893310546875,275.64399875590436,267.2084825593842,268.64986271938767,35151100,MSFT
2022-05-03,272.5871276855469,274.8604665193033,271.0103005471974,274.6959996581533,25978600,MSFT
2022-05-04,280.51959228515625,281.39022443680767,267.7018653489587,273.37067229887913,33599300,MSFT
2022-05-05,268.3016357421875,277.00801637510676,265.38982566126134,276.2244444799009,43260400,MSFT
2022-05-06,265.76708984375,270.1396166091243,262.4199492559165,265.8444668964473,37780300,MSFT
2022-05-09,255.94822692871094,263.4744080237602,254.72935373016503,261.2494559206379,47726000,MSFT
2022-05-10,260.70770263671875,264.819048596667,256.4222361684426,262.82625738724875,39336400,MSFT
2022-05-11,252.0496826171875,262.50700973823547,250.84046320428226,257.01232381126397,48975900,MSFT
2022-05-12,247.01937866210938,251.4015891851371,241.86326466522425,249.28303414533278,51033800,MSFT
2022-05-13,252.60107421875,254.4584480829861,247.0193284683727,248.9540793793888,34925100,MSFT
2022-05-16,252.96868896484375,257.14775813932226,247.43530001769813,251.47892245393152,32550900,MSFT
2022-05-17,258.1152038574219,259.57592116021584,253.89743024977278,257.4283458213499,28828800,MSFT
2022-05-18,246.36328125,255.5941513427868,245.0930699203447,255.01236815888072,31356000,MSFT
2022-05-19,245.45184326171875,249.84427550605224,244.2301162531535,246.18875585167464,32692300,MSFT
2022-05-20,244.8894500732422,250.6878410141278,238.95532648602892,249.42730580573198,39199300,MSFT
2022-05-23,252.73370361328125,253.55789389015007,245.73298352377535,247.73043098596386,33175400,MSFT
2022-05-24,251.7350311279297,253.39308813535808,245.80090744599767,250.05759219663736,29043900,MSFT
2022-05-25,254.54696655273438,256.5443997067437,249.32068220222658,250.30001685401606,28547900,MSFT
2022-05-26,257.8243103027344,258.9975529486111,253.4900680754524,254.3045527743794,25002100,MSFT
2022-05-27,264.9413146972656,265.0382834774228,259.4338312366583,260.32590258710013,26910800,MSFT
2022-05-31,263.61297607421875,266.4248936649032,260.7622650462861,264.2529346305631,37827700,MSFT
2022-06-01,264.1462707519531,269.2562034890883,261.8385496478532,266.84183742859545,25292200,MSFT
2022-06-02,266.2406005859375,266.30848168782734,253.6548406449659,256.41828799648613,44008200,MSFT
2022-06-03,261.8191223144531,265.14497113506803,260.25803436231683,262.10032291361057,28059000,MSFT
2022-06-06,260.5877380371094,265.85281527967646,259.10420716791305,263.79720697367605,22400300,MSFT
2022-06-07,264.2237854003906,264.8346561341794,257.863024346633,258.54177618211287,22860700,MSFT
2022-06-08,262.1972961425781,264.70863088470054,261.42157544049917,263.4578015962176,17372300,MSFT
2022-06-09,256.7479553222656,264.4273969656422,256.5928112013964,259.64713525480107,26439700,MSFT
2022-06-10,245.30636596679688,252.6658293283701,244.86033026242538,252.6658293283701,31422800,MSFT
2022-06-13,234.90225219726562,241.45695191998857,234.1944273628666,237.66570001230667,46135800,MSFT
2022-06-14,237.0645294189453,238.27656531045733,234.1750252009215,236.45365859510807,28651500,MSFT
2022-06-15,244.11373901367188,247.54623321805892,238.9359248223612,240.76852264491998,33111700,MSFT
2022-06-16,237.5299530029297,239.90554045067185,235.6391799239251,238.5092727014499,33169200,MSFT
2022-06-17,240.1285400390625,242.8919877338187,236.6184889029332,237.2681383521673,43084800,MSFT
2022-06-21,246.0336151123047,247.0129348663082,241.93207466775263,242.6592962620597,29928300,MSFT
2022-06-22,245.44210815429688,249.35941623749332,242.76592357588206,244.23976328606997,25939900,MSFT
2022-06-23,250.99806213378906,251.49258222219643,245.9269231515667,247.8080051297893,25861400,MSFT
2022-06-24,259.569580078125,259.84107489415163,253.77119057568703,253.85845359611892,33923200,MSFT
2022-06-27,256.844970703125,260.1513786610391,255.28385304721854,260.06411562547476,24615100,MSFT
2022-06-28,248.6903839111328,258.8036043245108,248.53523976557486,255.9625992863611,27295500,MSFT
2022-06-29,252.3555908203125,254.01364771630867,247.9922466002197,249.76666900838734,20069800,MSFT
2022-06-30,249.02972412109375,251.64773342761754,245.2190904606339,249.2430436171121,31730900,MSFT
2022-07-01,251.69619750976562,251.88042932459473,246.8771566244914,248.6031092713666,22837700,MSFT
2022-07-05,254.86688232421875,254.9929387761874,247.00319382046504,248.3800646510583,22941000,MSFT
2022-07-06,258.1248474121094,259.8507853109402,254.430564439945,255.73956910040374,23824400,MSFT
2022-07-07,260.24835205078125,260.8883105802799,256.97100212276746,257.067970916459,20859900,MSFT
2022-07-08,259.5307922363281,259.9574311836556,255.2935200278726,256.74796291447564,19658800,MSFT
2022-07-11,256.47650146484375,258.4351408209991,254.2172499828831,257.5818628153171,19455200,MSFT
2022-07-12,245.96571350097656,257.8630619352438,244.3852139665222,257.8048865798043,35868500,MSFT
2022-07-13,245.04457092285156,245.84936453464945,240.57458193875394,242.59141144867633,29497400,MSFT
2022-07-14,246.36328125,247.39108538558793,238.47050360298064,242.959889571624,25102800,MSFT
2022-07-15,248.92308044433594,252.4622192726145,247.0323074429904,247.95345174668594,29774100,MSFT
2022-07-18,246.52809143066406,252.91794086907208,245.60694714545224,251.8610491607276,20975000,MSFT
2022-07-19,251.6477508544922,251.8319826861172,245.975416691355,249.7569629365393,25012600,MSFT
2022-07-20,254.3045654296875,256.8256065322385,251.04662647185015,252.00654963072608,22788300,MSFT
2022-07-21,256.7965087890625,256.8450079874524,249.2237096105759,251.8998947859146,22404700,MSFT
2022-07-22,252.45249938964844,257.27155493092874,251.20169974499134,257.18429190390975,21881300,MSFT
2022-07-25,250.968994140625,253.55791590032757,249.01035473546938,253.07310152958124,21056000,MSFT
2022-07-26,244.24951171875,251.98716092140094,241.99028942269476,251.96774940551714,39348000,MSFT
2022-07-27,260.5780029296875,261.84821413779025,250.9883906372331,253.22823052881697,45994000,MSFT
2022-07-28,268.0151062011719,269.40166831465785,259.7344677770861,261.5573746966984,33459300,MSFT
2022-07-29,272.21356201171875,273.43530368872024,268.2284021083121,269.2659119581238,32152800,MSFT
2022-08-01,269.5664978027344,272.7371731572371,267.4623903988592,269.3822659732868,21539600,MSFT
2022-08-02,266.4734191894531,269.4501869895359,264.1075223258195,267.6175741801885,22754200,MSFT
2022-08-03,273.8909912109375,274.8897074830674,268.208952240517,268.35442020276383,23518900,MSFT
2022-08-04,275.0351867675781,275.18062516074315,271.6608976832657,273.2413676766203,18098700,MSFT
2022-08-05,274.3176574707031,275.03517323549517,270.2161174409248,270.67184411090017,16774600,MSFT
2022-08-08,271.8063659667969,277.2362934376105,270.836737118106,275.42306263435034,18739200,MSFT
2022-08-09,273.72613525390625,274.48244435979353,269.1785748637903,271.14694928077154,23405200,MSFT
2022-08-10,280.3777770996094,281.0080296985738,278.2252006729384,279.4178543656592,24687800,MSFT
2022-08-11,278.3028869628906,282.3656345778986,277.80839632650554,282.01658236397975,20065900,MSFT
2022-08-12,283.0442810058594,283.0442810058594,278.22522580232317,279.71846209389213,22619700,MSFT
2022-08-15,284.5569763183594,285.2454045080501,281.29900803496633,282.16199190447594,18085700,MSFT
2022-08-16,283.82000732421875,285.1096300607174,281.59957891566967,283.12187347946144,18102900,MSFT
2022-08-17,283.0718688964844,285.0443923547638,281.2742419844088,281.5365868037145,18253400,MSFT
2022-08-18,281.9544372558594,283.645163191212,280.8952723028826,281.9738603210982,17186200,MSFT
2022-08-19,278.0482482910156,281.0604841294193,277.47495647991065,280.72038772526247,20570000,MSFT
2022-08-22,269.8860168457031,274.46265350884744,269.3710240123007,274.0934077691384,25061100,MSFT
2022-08-23,268.6131896972656,270.96465592056563,267.602626789956,268.6131896972656,17527400,MSFT
2022-08-24,267.9815368652344,269.38076836522134,267.32076724046834,267.61229110085856,18137000,MSFT
2022-08-25,270.9548645019531,271.12003464855854,266.7474441390709,269.4778816182688,16583400,MSFT
2022-08-26,260.49957275390625,272.40273889149455,260.3927014141226,271.17840374249715,27549300,MSFT
2022-08-29,257.72052001953125,259.82906392811554,256.3795873901303,258.3229611362696,20338500,MSFT
2022-08-30,255.52447509765625,259.4889441338361,253.27988099606083,259.1197280644123,22767100,MSFT
2022-08-31,254.06695556640625,259.54725384491036,253.93090517707998,257.8759809716696,24791800,MSFT
2022-09-01,253.0272674560547,253.50341421016233,248.17855922552292,251.54058765801105,23263400,MSFT
2022-09-02,248.8101348876953,257.2443697118644,247.265156339412,254.29046300933095,22855400,MSFT
2022-09-06,246.07969665527344,250.53000941495102,244.80678924426493,248.94618474623337,21328200,MSFT
2022-09-07,250.7826690673828,251.501707885987,246.05055859753543,247.4886510615093,24126700,MSFT
2022-09-08,251.20046997070312,253.056395384433,247.5760822267559,250.21908643151144,20319900,MSFT
2022-09-09,256.9722595214844,257.72047726789003,252.92034253890802,253.12438844541632,22084700,MSFT
2022-09-12,259.1003112792969,259.8776786073918,257.65250725767163,258.254948403488,18747700,MSFT
2022-09-13,244.8553924560547,253.0272681898394,244.4667087917609,251.51143896600806,33353300,MSFT
2022-09-14,245.078857421875,247.03194264420256,242.78567587282814,246.35176481752862,23913000,MSFT
2022-09-15,238.4325408935547,244.28208546979903,237.11104609083932,242.69824587426376,31530900,MSFT
2022-09-16,237.81065368652344,238.3547959701018,235.2065251235573,237.34423330622892,39791800,MSFT
2022-09-19,237.59689331054688,238.19933446520724,234.0308040411177,235.60493213001268,26826900,MSFT
2022-09-20,235.5854949951172,236.61548077642544,232.85505707344666,235.21626404112513,26660300,MSFT
2022-09-21,232.1845703125,240.64796931692138,232.13598300454865,237.35395148181902,28625600,MSFT
2022-09-22,234.15708923339844,236.9555520614077,230.8436483959942,231.13514258494146,31061200,MSFT
2022-09-23,231.18374633789062,234.30286782239332,228.54075677381346,232.75787437724338,34176000,MSFT
2022-09-26,230.72708129882812,234.61382940182548,230.1926504693125,230.33841241923534,27694200,MSFT
2022-09-27,229.71652221679688,234.95391443946426,227.86059652886274,233.18543702119823,27018700,MSFT
2022-09-28,234.24456787109375,235.46888802626256,228.0840616627681,230.10517219200622,29029700,MSFT
2022-09-29,230.77565002441406,233.15628008036532,227.77314091515188,232.1262942883284,27484200,MSFT
2022-09-30,226.30587768554688,233.72956515957875,226.14069268839654,231.54326959007867,35694800,MSFT
2022-10-03,233.92393493652344,234.76929788636286,228.01607616652782,228.74484142032514,28880400,MSFT
2022-10-04,241.8334197998047,243.27151213771026,238.04383231681499,238.15071845977334,34888400,MSFT
2022-10-05,242.1443328857422,243.48526533285255,237.18873940282495,239.02522675019813,20347100,MSFT
2022-10-06,239.8026123046875,243.25210389130189,239.11272288342423,240.9103348181627,20239900,MSFT
2022-10-07,227.60797119140625,234.4875170205017,226.56825897097391,234.07939542761454,37769600,MSFT
2022-10-10,222.7592010498047,227.91885563531727,220.3105461386793,226.45161389079223,29743600,MSFT
2022-10-11,219.02796936035156,222.57462096558834,217.76477330000458,221.1753893188512,30474000,MSFT
2022-10-12,219.35830688476562,221.40856673598395,217.6189939430992,219.01821055578878,21903900,MSFT
2022-10-13,227.60797119140625,229.41530962809037,212.9257798365081,213.62539567179016,42551800,MSFT
2022-10-14,222.08876037597656,230.5230105633838,221.87498806713398,228.87113093564267,30198600,MSFT
2022-10-17,230.8047637939453,232.1942836241064,228.48243294129364,229.1431876734247,28142300,MSFT
2022-10-18,231.747314453125,237.02356694835538,228.7059298585046,236.3531154742312,26329600,MSFT
2022-10-19,229.7845001220703,232.8258846804723,227.65650356694331,230.32864238101766,19985700,MSFT
2022-10-20,229.46383666992188,234.47774422080448,228.22007872615066,229.09460576042883,21811000,MSFT
2022-10-21,235.26483154296875,236.1199207742884,227.86058198177213,228.09379217943177,26299700,MSFT
2022-10-24,240.2495574951172,240.8228491396145,234.46802409203332,236.8583652791892,24911200,MSFT
2022-10-25,243.5630645751953,243.93229554935058,238.86981463229142,240.25931991173306,34775500,MSFT
2022-10-26,224.77061462402344,231.55298484742156,223.5462796746697,224.62485269698536,82543200,MSFT
2022-10-27,220.3300323486328,227.07354265696634,219.3874947506803,224.49856315131885,40424600,MSFT
2022-10-28,229.19178771972656,229.9011298424008,219.64982993170372,219.83445281769383,40647700,MSFT
2022-10-31,225.55767822265625,228.26867807032616,224.605414413329,227.14151774097857,28357300,MSFT
2022-11-01,221.7097930908203,229.0654698713663,220.89357967203034,227.95774742393274,30592300,MSFT
2022-11-02,213.8682861328125,224.7511761173168,213.80997246609851,222.96327583397812,38407000,MSFT
2022-11-03,208.18389892578125,214.16949323044878,207.9215393357344,213.85854633457637,36633900,MSFT
2022-11-04,215.12176513671875,215.31609955402047,207.3871307832787,211.39049094816932,36789100,MSFT
2022-11-07,221.41830444335938,221.9430237085704,215.01489088874334,215.70479515914553,33498000,MSFT
2022-11-08,222.3899688720703,225.091257180639,219.44575884635148,222.22478388362,28192500,MSFT
2022-11-09,218.1533966064453,222.15675627667915,217.97850010051374,220.93242142810288,27852900,MSFT
2022-11-10,236.10049438476562,236.44059075290608,228.3464365627671,228.76425484048087,46268000,MSFT
2022-11-11,240.11355590820312,240.96864514419838,235.0802099419117,236.11021053379952,34620200,MSFT
2022-11-14,234.71096801757812,237.0041496395175,232.43722428466577,235.13851261558185,31123300,MSFT
2022-11-15,235.11907958984375,240.00666349429483,233.23400463788948,238.70460661108956,31390100,MSFT
2022-11-16,235.54782104492188,237.5648885308963,234.271326294768,236.58070947272424,24093300,MSFT
2022-11-17,235.4990692138672,237.02892387588912,231.5526591490044,231.69881697787037,23123500,MSFT
2022-11-18,235.05084228515625,237.50639789334227,232.91684876946883,237.28226939737314,27613500,MSFT
2022-11-21,235.859619140625,238.41260836887963,235.02161288629395,235.25546541495947,26394700,MSFT
2022-11-22,238.76339721679688,239.03623507377168,234.55388823165154,237.36022259889907,19665700,MSFT
2022-11-23,241.2482147216797,241.93030944994973,238.02286939557064,238.8413830694947,19508500,MSFT
2022-11-25,241.16049194335938,242.33953807886874,240.4199192943966,240.98508768019255,9200800,MSFT
2022-11-28,235.5770263671875,240.3419649067529,234.6415865199682,239.78655028531924,24778200,MSFT
2022-11-29,234.18362426757812,236.58070207820637,232.11784747654085,235.22625156300845,17956300,MSFT
2022-11-30,248.6148681640625,248.80001134833023,233.72565090628407,234.41749940509243,47594200,MSFT
2022-12-01,248.17636108398438,249.56978200844247,244.50277384992842,247.37732526853793,26041500,MSFT
2022-12-02,248.49790954589844,249.51130517453961,243.30422163631067,243.43090166559634,21528500,MSFT
2022-12-05,243.80117797851562,247.32860725398484,241.71590868022093,245.56488518197608,23435300,MSFT
2022-12-06,238.8511199951172,245.4187517382797,237.54539368771614,244.4053559887348,22463700,MSFT
2022-12-07,238.1202850341797,239.8645144954358,236.0155378698541,238.56852717524598,20481500,MSFT
2022-12-08,241.07281494140625,242.37855615254333,236.84381267858302,238.5782885351059,22611800,MSFT
2022-12-09,239.1434326171875,241.9595208718469,237.91566220853431,238.44184527837177,20609700,MSFT
2022-12-12,246.05210876464844,246.0813403319802,240.84868161991452,241.12151949404333,30665100,MSFT
2022-12-13,250.34934997558594,257.1703267708484,246.59780679077178,254.9973477435735,42196900,MSFT
2022-12-14,250.6416778564453,255.8743369804064,247.80609665366913,250.55398314754714,35410900,MSFT
2022-12-15,242.6416473388672,247.69891720696873,241.0143588134877,247.2311972093182,35560400,MSFT
2022-12-16,238.43212890625,243.45041325109977,237.2822993212295,242.19341115694567,86102000,MSFT
2022-12-19,234.30055236816406,238.93882615281237,232.60506192023936,238.59777136210013,29696400,MSFT
2022-12-20,235.61607360839844,236.69768643806404,232.32251087384782,233.27744363878386,25150800,MSFT
2022-12-21,238.1787567138672,239.33832514030232,233.9692473656318,235.5088410448142,23690600,MSFT
2022-12-22,232.0983428955078,235.80116166317555,227.88881885599957,235.08982055529697,28651700,MSFT
2022-12-23,232.62454223632812,232.76096118037862,227.9570517012324,230.07155276829016,21207000,MSFT
2022-12-27,230.8998260498047,232.81943021522733,229.79872070086748,232.59531655901404,16688600,MSFT
2022-12-28,228.53195190429688,233.5892213133109,228.18115822076558,230.83159608110222,17457100,MSFT
2022-12-29,234.84622192382812,235.73295246137508,229.62330203859167,229.62330203859167,19770700,MSFT
2022-12-30,233.68666076660156,233.8230797011239,230.60747353761346,232.1178355853205,21938500,MSFT
2023-01-03,233.45278930664062,239.46499095764855,231.32853465622566,236.86327747897744,25740000,MSFT
2023-01-04,223.24082946777344,226.9144019342719,220.18113479471134,226.3394946084548,50623400,MSFT
2023-01-05,216.6244659423828,221.7304593927792,216.0885291034545,221.3894046220388,39585600,MSFT
2023-01-06,219.1774444580078,219.98621912634763,213.74016514069575,217.29681103305526,43613600,MSFT
2023-01-09,221.31143188476562,225.3260735512424,220.6195983653601,220.6585688285959,27369800,MSFT
2023-01-10,222.9972381591797,225.3943160955878,221.51610752466433,221.9351032710945,27033900,MSFT
2023-01-11,229.74026489257812,229.91565431558936,225.19943927297896,225.37482869599023,28669300,MSFT
2023-01-12,232.41017150878906,233.76462207264603,227.58676927741644,229.2432893034318,27269500,MSFT
2023-01-13,233.11175537109375,233.24817431543465,228.91198479686696,230.93879116175304,21333300,MSFT
2023-01-17,234.203125,234.7488007848325,231.02648903057522,231.883988045912,29831300,MSFT
2023-01-18,229.77919006347656,236.18117037516788,229.49661331481735,235.3918883901205,30028700,MSFT
2023-01-19,225.99844360351562,229.49664158993286,224.78041202749904,227.80113628343994,28623000,MSFT
2023-01-20,234.07643127441406,234.58313656009622,228.51245663723557,228.85351141709936,35389800,MSFT
2023-01-23,236.37608337402344,238.89984125052814,233.5210096061912,234.9339381400993,31934000,MSFT
2023-01-24,235.8498992919922,237.7110552325449,234.29082769199107,236.2981414839797,40234400,MSFT
2023-01-25,234.45643615722656,237.07764219216483,224.99476139964753,228.48320522416125,66526600,MSFT
2023-01-26,241.65745544433594,241.95952488467353,235.8109041029407,237.4186997744048,33454500,MSFT
2023-01-27,241.81338500976562,243.4406734697651,240.51739758193492,242.62215978962465,26498900,MSFT
2023-01-30,236.5027618408203,239.31885025276583,236.00579544141553,238.25671541727394,25867400,MSFT
2023-01-31,241.47230529785156,241.6087242304683,236.73659825337256,237.22381085108213,26541100,MSFT
2023-02-01,246.2859649658203,248.65381102324727,239.1921508241423,241.65744534727375,31259900,MSFT
2023-02-02,257.8329162597656,257.92061096012765,250.6708850258921,252.20073974099043,39940400,MSFT
2023-02-03,251.74276733398438,257.44316094972766,250.52473578092378,252.90233575146593,29077300,MSFT
2023-02-06,250.2031707763672,251.6940402792033,248.26407396693392,250.8560488043869,22518000,MSFT
2023-02-07,260.7172546386719,261.89630103268723,253.42854202536165,253.86704534514652,50841400,MSFT
2023-02-08,259.9084777832031,269.681962608756,259.4017575821844,266.2130108288476,54686000,MSFT
2023-02-09,256.87799072265625,266.9730522112078,256.0789548463012,266.79763305844943,42375100,MSFT
2023-02-10,256.371337890625,257.3360095553817,253.99373745030576,254.84148282080156,25818500,MSFT
2023-02-13,264.3810729980469,267.5771867135627,260.3177065131593,260.7951951195851,44630900,MSFT
2023-02-14,265.2093200683594,267.93769873660716,262.3932169633668,265.69653266891055,37047900,MSFT
2023-02-15,263.0895080566406,264.4668924311176,260.0221350925757,262.1126422431033,28922400,MSFT
2023-02-16,256.0854187011719,260.5692301121678,255.84120219853648,257.91215337103114,29603600,MSFT
2023-02-17,252.0900115966797,254.0730481798603,250.07767022898236,253.3892599372768,30000100,MSFT
2023-02-21,246.82469177246094,249.57946061577636,245.7696748690076,248.59281657060217,28397400,MSFT
2023-02-22,245.69155883789062,248.45609136769838,244.54862742266278,248.21187487113363,22491100,MSFT
2023-02-23,248.87611389160156,250.89821842663798,244.68535109646456,249.64783134560344,29219100,MSFT
2023-02-24,243.45449829101562,245.19331823985505,242.36041335398122,244.177384356293,24990900,MSFT
2023-02-27,244.37274169921875,246.97120819395718,243.62055089162848,246.61953592470093,21190000,MSFT
2023-02-28,243.64987182617188,245.67199123491113,242.9758320232588,243.30797773153637,22491000,MSFT
2023-03-01,240.5727996826172,245.1249840218638,240.10389325935822,244.95891858663182,27565300,MSFT
2023-03-02,245.30076599121094,245.58405050814687,239.92800421480862,240.84626043061087,24808200,MSFT
2023-03-03,249.38409423828125,249.7064617806796,245.57432311137507,246.35581882878407,30760100,MSFT
2023-03-06,250.92758178710938,254.1023965039316,250.05817158396516,250.49775833282806,24109800,MSFT
2023-03-07,248.2704620361328,251.72857566259853,247.52804931967242,250.37071775470054,21473200,MSFT
2023-03-08,247.8308563232422,248.65142003720348,245.0077146908978,248.16298712568516,17340200,MSFT
2023-03-09,246.48280334472656,253.555302700135,245.75991723521878,249.90183388794475,26653400,MSFT
2023-03-10,242.839111328125,246.9419454788028,241.87202354389905,245.27151299379872,28333900,MSFT
2023-03-13,248.04579162597656,251.94349199727765,240.04525738823747,241.67662167942007,33339700,MSFT
2023-03-14,254.7569122314453,255.0304335401804,249.9409547271864,250.81036493833585,33620300,MSFT
2023-03-15,259.29925537109375,260.3152041308793,253.21337082147616,253.96557655248083,46028000,MSFT
2023-03-16,269.8103332519531,270.1619906139307,257.18921458978684,259.0745583407351,54768800,MSFT
2023-03-17,272.9656066894531,276.7753773938965,269.9275683237235,271.8226903839095,69527400,MSFT
2023-03-20,265.9321594238281,271.06070433302705,263.6072142951392,270.5722714845319,43466600,MSFT
2023-03-21,267.44635009765625,268.6381277112385,263.28489174322317,268.5209085708176,34558700,MSFT
2023-03-22,265.99078369140625,274.53835901279683,265.8833129567745,267.0750903654772,34873300,MSFT
2023-03-23,271.2366027832031,274.55794104511676,268.83352089762093,271.51012405626466,36610900,MSFT
2023-03-24,274.0792541503906,274.1378637154936,268.9116255422268,270.82627422927686,28172000,MSFT
2023-03-27,269.9861755371094,274.94864070171997,269.14605544409125,274.0108578776161,26840200,MSFT
2023-03-28,268.86285400390625,269.75180568788846,265.7563973042853,269.40989660765126,21878600,MSFT
2023-03-29,274.0206604003906,274.63609068107115,271.9692360686493,272.5065003836282,25087000,MSFT
2023-03-30,277.478759765625,277.8792783804837,274.9682369436602,277.65461829253616,25053400,MSFT
2023-03-31,281.63043212890625,282.57799326147335,276.45305469008514,277.1661775421266,32766000,MSFT
2023-04-03,280.5852355957031,281.6011547846993,277.3811162661027,279.8916392622568,24883300,MSFT
2023-04-04,280.536376953125,283.7307479234541,279.0613295322564,280.5852381411604,25824300,MSFT
2023-04-05,277.7620544433594,280.5070453166388,276.3749215198196,279.2371315346284,22064800,MSFT
2023-04-06,284.8541564941406,285.32303313576494,275.50554090112394,276.65823572723315,29770300,MSFT
2023-04-10,282.6952819824219,282.90041550673965,278.12352618795103,282.5194234357062,23103000,MSFT
2023-04-11,276.2869567871094,279.364108081122,275.1245138457469,279.1394182021938,27276600,MSFT
2023-04-12,276.9317321777344,280.3703195694183,275.4371283935577,278.20167586183015,27403400,MSFT
2023-04-13,283.134765625,283.1933751851199,276.6190877618653,277.0293546827045,24222700,MSFT
2023-04-14,279.5204162597656,281.8062788337825,277.1270829372931,280.36050660414264,20987900,MSFT
2023-04-17,282.1188659667969,284.85410843164084,279.53995543823305,283.22272922701467,23836200,MSFT
2023-04-18,281.6988220214844,285.0104118167831,280.3702986730481,284.82480490610715,20161800,MSFT
2023-04-19,281.7769775390625,282.363073223057,277.9574283365994,279.3738659883608,17150300,MSFT
2023-04-20,279.4910583496094,282.34351958863164,278.48488777303635,278.6509680753115,23244400,MSFT
2023-04-21,279.1492004394531,279.6473817610795,276.511650666874,278.41655103724565,21676400,MSFT
2023-04-24,275.2514953613281,278.35795159650013,272.27206627525993,275.564099605755,26611000,MSFT
2023-04-25,269.0484619140625,275.0854869775857,268.99960072437375,273.0438405005658,45772200,MSFT
2023-04-26,288.5368347167969,292.6396828327942,285.9579246128152,289.83608287187946,64599200,MSFT
2023-04-27,297.7780456542969,298.1395111111619,288.4196826173737,289.12302732036886,46462600,MSFT
2023-04-28,300.15185546875,301.78320498757233,296.2932228599409,296.9770409817703,36469600,MSFT
2023-05-01,298.4911804199219,301.46086148521374,298.09066177200543,299.868565093512,21294100,MSFT
2023-05-02,298.3446044921875,302.02737803508757,296.8793057090036,300.640245214825,26404400,MSFT
2023-05-03,297.35797119140625,301.47056824435134,297.05514515019064,299.52661466140324,22360800,MSFT
2023-05-04,298.3446044921875,300.640245214825,296.38109458301545,299.15539003512066,22519900,MSFT
2023-05-05,303.46337890625,304.7528490194279,297.2309698374708,298.6474372845863,28197100,MSFT
2023-05-08,301.5096435546875,303.02380353381574,299.00886932285215,302.95541576842186,21318600,MSFT
2023-05-09,299.8979187011719,302.86760024988797,299.22387864880557,300.87478488586623,21340800,MSFT
2023-05-10,305.08502197265625,305.7590619061941,300.55237917677385,301.48038400167883,30078000,MSFT
2023-05-11,302.93585205078125,303.922496091225,299.17494240713177,302.92610366423224,31680200,MSFT
2023-05-12,301.822265625,303.4633932219653,299.50709815578426,303.36570066728314,19774700,MSFT
2023-05-15,302.3009033203125,302.73072668738115,300.47416891606105,301.94924591720934,16336500,MSFT
2023-05-16,304.52813720703125,306.4525640397429,302.66231993782725,302.66231993782725,26730300,MSFT
2023-05-17,307.4063720703125,307.8273354094167,304.2148186468584,305.73228840955835,24315000,MSFT
2023-05-18,311.8314514160156,312.34055116104736,307.1322576075028,307.92524618923005,27276000,MSFT
2023-05-19,311.65533447265625,312.0567286735725,309.7267003191957,310.0889260945517,27546700,MSFT
2023-05-22,314.4356384277344,315.8160338813464,311.33222095812204,311.90982815472574,24115700,MSFT
2023-05-23,308.6399230957031,315.94326356917975,308.6301235232962,313.30974799179927,30797200,MSFT
2023-05-24,307.259521484375,309.8538685952103,306.0455397240874,308.1210472895002,23384900,MSFT
2023-05-25,319.076171875,320.03557419335544,313.2804700336066,316.4524252321356,43301700,MSFT
2023-05-26,325.8998107910156,326.39908122008313,317.07899806419516,317.2160427328644,36630600,MSFT
2023-05-30,324.25506591796875,328.6899413465032,323.5795525189351,328.19067091699185,29503100,MSFT
2023-05-31,321.4942626953125,328.88571082280095,320.4564937937518,325.31236192591416,45950600,MSFT
2023-06-01,325.5962219238281,326.52628506015486,317.90128645515614,319.0858695997825,26773900,MSFT
2023-06-02,328.3570556640625,330.41296452982044,325.56689576601605,327.2312100565703,25873800,MSFT
2023-06-05,328.8857116699219,331.4506903935802,327.6325911531441,328.18082951193753,21307100,MSFT
2023-06-06,326.67315673828125,328.32767137670015,325.19488504565373,328.2885029579965,20396200,MSFT
2023-06-07,316.5894775390625,327.4661687531418,315.7279515267093,324.6858083621168,40717100,MSFT
2023-06-08,318.42999267578125,319.7810193360927,316.5600964884988,317.1377037070702,23277700,MSFT
2023-06-09,319.9278259277344,323.06061199262587,317.59779817919343,318.16560575678255,22529000,MSFT
2023-06-12,324.881591796875,325.1263421252022,318.3320706206992,321.6802383812358,24260300,MSFT
2023-06-13,327.2703857421875,329.90390189326365,323.4522862648796,327.44659882342825,22951300,MSFT
2023-06-14,330.25634765625,331.9206620825264,325.82147225464075,327.3193432875882,26003800,MSFT
2023-06-15,340.7903747558594,342.49382753852854,330.11926605235976,330.3933852343611,38899100,MSFT
2023-06-16,335.1415710449219,344.08965911433876,334.76957557062366,343.9428148643849,46552000,MSFT
2023-06-20,330.9513854980469,334.89675963715365,328.8073702091856,332.1849367263642,26375400,MSFT
2023-06-21,326.5556640625,330.63811253956635,325.09696171811146,329.306655264913,25117800,MSFT
2023-06-22,332.57659912109375,332.9779933308651,326.34036419783473,327.10398419095304,23556800,MSFT
2023-06-23,327.9849853515625,330.8632513932906,326.44797610789226,327.3388409466085,23146900,MSFT
2023-06-26,321.6998596191406,329.0521396707675,321.59215393137123,326.7123419071995,21520600,MSFT
2023-06-27,327.5444641113281,329.0912729817788,322.3851082652234,324.89134914186997,24354100,MSFT
2023-06-28,328.7976379394531,330.88291577640626,326.80046664644476,327.6326238415943,20259500,MSFT
2023-06-29,328.0144348144531,329.05217399593215,325.6354683820109,327.6815778955593,16997000,MSFT
2023-06-30,333.38916015625,335.53317570907825,330.1192989180002,330.6577377615813,26832800,MSFT
2023-07-03,330.8926696777344,333.7415673029559,329.5025044373006,332.067483294419,12508700,MSFT
2023-07-05,331.0493469238281,334.475852129054,327.7011785685613,328.05360476311387,18172400,MSFT
2023-07-06,334.10382080078125,335.7877045236946,328.4549930763807,330.2171837710964,28161200,MSFT
2023-07-07,330.13885498046875,334.61289857162126,329.92347347630437,332.19476390626494,21214800,MSFT
2023-07-10,324.862060546875,328.1906896092201,320.71110367143984,327.57391387264727,32791400,MSFT
2023-07-11,325.4886169433594,325.8704119772488,320.13347775646093,324.10822129809816,26698200,MSFT
2023-07-12,330.1192932128906,334.4758316380157,328.62142222429776,329.53188638120173,29995300,MSFT
2023-07-13,335.4646301269531,336.52193851467035,331.90105061768867,332.42971974992344,20567200,MSFT
2023-07-14,337.9904479980469,344.0504693091922,337.07998382815504,340.29110736020874,28352700,MSFT
2023-07-17,338.4701843261719,339.70370584522345,335.01431037964596,338.42121632729265,20363900,MSFT
2023-07-18,351.94122314453125,359.0781521098167,334.98494066726425,338.56805969742885,64738600,MSFT
2023-07-19,347.623779296875,354.84881389642584,345.0392313202001,354.15373131724334,39732900,MSFT
2023-07-20,339.5862121582031,350.4531337158096,338.11771005249284,346.1455335144098,33778400,MSFT
2023-07-21,336.5513000488281,342.944177986763,332.69403214811535,341.8183323536975,69405400,MSFT
2023-07-24,337.8631896972656,339.63520987985777,335.1219974773937,338.5876711156817,26678100,MSFT
2023-07-25,343.6098937988281,344.5007885845888,337.8239924166346,339.82113359671973,41637700,MSFT
2023-07-26,330.6772766113281,337.43240985586726,326.11512671611416,334.2702247265649,58383700,MSFT
2023-07-27,323.775390625,334.16258262744316,322.1404449068157,333.3304552195366,39635300,MSFT
2023-07-28,331.26470947265625,332.8702861605579,326.17391995680913,326.6634206723763,28484900,MSFT
2023-07-31,328.86614990234375,330.6087711275723,326.35987893485446,329.8451512620621,25446000,MSFT
2023-08-01,329.2773742675781,331.4311896055557,326.69282573876103,328.1515284723082,18311900,MSFT
2023-08-02,320.6229248046875,326.62420753627333,319.50684898513873,326.62420753627333,27761300,MSFT
2023-08-03,319.8006286621094,322.95301463874944,319.1055459732793,319.1544840968255,18253700,MSFT
2023-08-04,320.8970947265625,328.10256094885904,320.3684255770162,324.91100665492644,23741500,MSFT
2023-08-07,323.1781311035156,324.15713248319014,320.64252111536877,321.4746782634423,17741500,MSFT
2023-08-08,319.20343017578125,321.8467462017524,316.2174875229385,320.0943251345085,22327600,MSFT
2023-08-09,315.4636535644531,320.2411556284152,314.30840912670357,319.61461022525367,22373300,MSFT
2023-08-10,316.1488952636719,321.3669891320305,314.43564292025485,319.1740058162668,20113700,MSFT
2023-08-11,314.26922607421875,315.63982195899507,312.50700575657817,313.53497507772255,24355500,MSFT
2023-08-14,317.235595703125,317.2551649738709,313.35872896949473,314.64124818370647,18836100,MSFT
2023-08-15,315.1014099121094,318.26359552742247,314.16157683323723,316.21748596813336,16966300,MSFT
2023-08-16,314.3361511230469,318.2800883607637,313.7475006460735,314.72857479436016,20698900,MSFT
2023-08-17,310.88275146484375,315.77830142047725,310.2254186741254,314.47348610040007,21257200,MSFT
2023-08-18,310.4903869628906,312.3544220351469,305.65366819423417,308.538028861624,24755000,MSFT
2023-08-21,315.7880859375,316.6612261790045,311.03969164055246,311.91283188205693,24040000,MSFT
2023-08-22,316.3571472167969,319.9086306831472,315.37607311272194,319.3396208763862,16084600,MSFT
2023-08-23,320.8112487792969,322.96962389693414,317.33823788637403,317.69144015108157,21166400,MSFT
2023-08-24,313.914306640625,326.6780913060097,313.9044863180203,326.55054687218063,23281400,MSFT
2023-08-25,316.8674011230469,319.2023329027204,312.76648762728905,315.3859692887893,21684100,MSFT
2023-08-28,317.5736999511719,319.97731354583135,315.63116244372804,319.49659681490056,14808500,MSFT
2023-08-29,322.19451904296875,322.75373841396754,315.78810695872727,315.78810695872727,19284600,MSFT
2023-08-30,322.5673522949219,323.5680370692741,320.2716425608164,322.44962819676334,15222100,MSFT
2023-08-31,321.55682373046875,324.6472008416001,320.59536043233794,322.96957268527206,26411000,MSFT
2023-09-01,322.4398498535156,325.7068137627579,320.5954255688949,325.039690493004,14942000,MSFT
2023-09-05,327.2372741699219,328.51268854222997,322.4398370951833,322.77339871686183,18553900,MSFT
2023-09-06,326.5799560546875,328.13003998213503,323.9310439692956,327.0704931119819,17535800,MSFT
2023-09-07,323.66619873046875,326.7761872339446,322.8028486285546,325.0200859411969,18381000,MSFT
2023-09-08,327.94366455078125,329.7979091740935,323.2247000080773,323.84278154918144,19530100,MSFT
2023-09-11,331.5441589355469,332.01508524670345,329.0816535480456,330.85739514094394,16583300,MSFT
2023-09-12,325.49090576171875,330.41591633614036,325.2064158624011,329.46427337152124,17565500,MSFT
2023-09-13,329.6997375488281,330.4747944190724,324.9023010902351,325.03963588622577,16544400,MSFT
2023-09-14,332.289794921875,334.4088885367708,330.2001023910707,332.7312602833099,20267000,MSFT
2023-09-15,323.9703369140625,331.01444277565355,323.4111174113431,330.54354630179284,37679800,MSFT
2023-09-18,322.8322448730469,324.14688059021836,320.1833327948617,321.59608191122635,16834200,MSFT
2023-09-19,322.4300231933594,323.15603844559445,318.36839165791633,319.9969783891352,16505900,MSFT
2023-09-20,314.69915771484375,323.35223927183466,314.44409878418986,323.27376651009695,21436500,MSFT
2023-09-21,313.48260498046875,319.1924634099481,309.0383405191742,313.21772575271143,35560400,MSFT
2023-09-22,311.01031494140625,315.36628640951005,310.16657563325697,315.23874198409163,21447900,MSFT
2023-09-25,311.5302734375,311.65781785899316,309.0383368775715,310.59824108043864,17836000,MSFT
2023-09-26,306.23248291015625,309.9016904509528,304.15258067558153,309.1658848784398,26297600,MSFT
2023-09-27,306.8701477050781,308.351549099692,303.82881228871406,306.38940108139303,19410100,MSFT
2023-09-28,307.7041320800781,309.50930504825243,303.59342871178666,305.1042614505791,19683600,MSFT
2023-09-29,309.7741394042969,313.4237361635249,309.01872314440465,311.7362875557097,24147300,MSFT
2023-10-02,315.70965576171875,315.7979787841784,309.21494955018176,310.294137124608,20570000,MSFT
2023-10-03,307.4588317871094,315.3074247202829,305.320067458415,314.75799567015525,21033500,MSFT
2023-10-04,312.92340087890625,313.9829777218184,308.0572815033295,308.0867125300766,20720100,MSFT
2023-10-05,313.3157958984375,313.92408696226687,308.94021399543317,313.05091668193415,16965600,MSFT
2023-10-06,321.0663757324219,322.95984189117127,310.31378015794706,310.55904872586825,25673600,MSFT
2023-10-09,323.577880859375,324.04877728616253,317.063534182084,318.6038277713841,19891200,MSFT
2023-10-10,322.17498779296875,324.83369063109717,321.46861313435045,324.6963258646944,20557100,MSFT
2023-10-11,326.1286926269531,326.5211163115986,322.9107705088474,324.94157131039,20063200,MSFT
2023-10-12,324.89251708984375,327.3157714229003,322.4986937835042,324.313686937738,19313100,MSFT
2023-10-13,321.5274353027344,327.5119635418574,320.1833385954494,326.0894240178062,21072400,MSFT
2023-10-16,326.34454345703125,329.77830323276595,324.34314366168616,324.78460909741796,22158000,MSFT
2023-10-17,325.7754211425781,327.1489187170451,321.21343315524064,323.35216723119646,18338500,MSFT
2023-10-18,323.8623352050781,329.23863169332765,322.086593597573,326.197296197931,23153600,MSFT
2023-10-19,325.0494689941406,330.50423844384994,324.6472250314816,325.86374730098373,25052100,MSFT
2023-10-20,320.4875183105469,325.6381577998448,319.29060660305254,325.441930986154,25027700,MSFT
2023-10-23,323.08734130859375,326.4328077015871,318.25065300887303,319.31019990102027,24374700,MSFT
2023-10-24,324.2744140625,325.55961871050516,321.39987419726737,325.02983032476106,31153600,MSFT
2023-10-25,334.2225646972656,339.64790388750646,331.2302703891526,338.4902135639039,55053800,MSFT
2023-10-26,321.6844177246094,335.1643669777935,320.75238530520863,334.0949997460641,37828500,MSFT
2023-10-27,323.5680847167969,330.347311140755,322.1847664797221,324.17634594018955,29856500,MSFT
2023-10-30,330.92608642578125,333.02559927042574,325.5497898368821,327.09990360704097,22828100,MSFT
2023-10-31,331.7109069824219,332.5840771904945,328.35565075769745,332.4369220823928,20265300,MSFT
2023-11-01,339.52032470703125,340.8447807446002,333.2218157421507,333.35918048886424,28158800,MSFT
2023-11-02,341.727783203125,342.22811070154637,338.2449517203371,340.6682062676254,24348100,MSFT
2023-11-03,346.1229553222656,347.6828896003234,340.75647841286957,343.01296696867126,23637700,MSFT
2023-11-06,349.7823486328125,350.7732430573265,346.66254017187435,346.76065357014403,23828300,MSFT
2023-11-07,353.7066345214844,355.60010029773895,350.86152569633424,352.5980160280282,25833900,MSFT
2023-11-08,356.3261413574219,356.9834442680157,353.7262709217689,354.8348894957631,26767800,MSFT
2023-11-09,353.8636474609375,357.8860575764988,353.53987621597344,355.44316251543404,24847300,MSFT
2023-11-10,362.6737060546875,363.09556076737016,354.236462100994,354.64849649105355,28042100,MSFT
2023-11-13,359.7403259277344,361.4964573508442,358.97508915263825,361.2511887698517,19986500,MSFT
2023-11-14,363.2622985839844,364.9105258370756,360.3975789598127,363.98831378189556,27683900,MSFT
2023-11-15,363.40972900390625,366.811126226761,360.89305446821015,364.99244958999446,26860100,MSFT
2023-11-16,369.79974365234375,369.97668823321743,363.9111612043172,364.6779510555463,27182300,MSFT
2023-11-17,363.5867614746094,368.0302064935661,360.78501895126305,367.28306715379995,40157000,MSFT
2023-11-20,371.0482177734375,372.45399413615905,364.7172740131472,364.9335496074717,52465100,MSFT
2023-11-21,366.7522277832031,369.848877892723,364.83523819118903,369.30820390562985,28423100,MSFT
2023-11-22,371.4512634277344,373.35841268345206,368.62003030581224,371.5987172360064,23345300,MSFT
2023-11-24,371.038330078125,371.56919374191403,368.78713213501106,370.9400175476793,10176600,MSFT
2023-11-27,372.1983947753906,374.19404643508545,369.82923344697656,370.3993982063347,22179200,MSFT
2023-11-28,376.2190856933594,376.51399327002497,371.7559610282717,371.9427458270835,20453100,MSFT
2023-11-29,372.434326171875,377.792014506202,371.0482003824139,377.2611808001932,28963400,MSFT
2023-11-30,372.4933166503906,373.6533266294802,369.1115692531181,372.0804159794598,30554400,MSFT
2023-12-01,368.1678466796875,371.75602952719976,365.0220252786822,370.37974391455106,33040500,MSFT
2023-12-04,362.8887634277344,363.26230306598103,356.75441514637487,362.84943241289693,32063300,MSFT
2023-12-05,366.2115173339844,366.76203156592914,359.4283719754838,360.2443330697854,23065000,MSFT
2023-12-06,362.5545349121094,367.84343196383037,361.79758529719794,367.214285660699,21182100,MSFT
2023-12-07,364.66815185546875,365.15968459553505,360.1165538823308,361.9942125494772,23118900,MSFT
2023-12-08,367.892578125,368.11866396815253,361.99418568198814,362.94776032697274,20154400,MSFT
2023-12-11,365.01220703125,365.30714468081317,359.90028444738044,362.2399851303358,27708800,MSFT
2023-12-12,368.0400390625,368.07937007976545,364.1864093914376,364.56981930802976,24838300,MSFT
2023-12-13,368.0301818847656,371.2448248811306,364.4911405130115,369.65223376326037,30955500,MSFT
2023-12-14,359.7331237792969,367.430542857679,357.9636180145618,366.98815141610726,43277500,MSFT
2023-12-15,364.4518737792969,366.09357631955413,360.07722042205063,360.6375749421143,78502300,MSFT
2023-12-18,366.33929443359375,366.68337330414107,362.4365238179664,363.1935033333252,21802900,MSFT
2023-12-19,366.9389953613281,366.9389953613281,363.5768985428581,365.19895042864266,20603700,MSFT
2023-12-20,364.3437194824219,369.66210727216645,364.2552471902659,368.649551038678,26316700,MSFT
2023-12-21,367.2142333984375,368.06949543921024,363.77350472816454,366.25081857048275,17708000,MSFT
2023-12-22,368.2366638183594,368.8265091217646,366.3983361233561,367.35191086364074,17107500,MSFT
2023-12-26,368.3152770996094,370.5566649551992,367.1749176642006,368.649515727109,12673100,MSFT
2023-12-27,367.7353210449219,368.7085462956533,366.49664890706117,367.36175135250176,14905400,MSFT
2023-12-28,368.9247741699219,370.0847841167637,367.82374574574834,369.01324645392424,14327000,MSFT
2023-12-29,369.67193603515625,370.77296452657316,367.1552909116957,369.6326050173838,18730800,MSFT
2024-01-02,364.5894470214844,369.5342646061022,360.55887302589025,367.5288028618132,25258600,MSFT
2024-01-03,364.3240051269531,366.9389624174864,362.2694022559853,362.76093490456435,23083500,MSFT
2024-01-04,361.7090759277344,366.7816968551165,360.95212639041375,364.3928551976836,20901500,MSFT
2024-01-05,361.5223083496094,365.7593179114421,360.29347657411785,362.72164936252017,21004600,MSFT
2024-01-08,368.3447570800781,368.84613000704053,362.7609531121448,363.0460204620728,23134000,MSFT
2024-01-09,369.4261169433594,369.6227120026067,364.90401056986224,365.7101313148608,20830000,MSFT
2024-01-10,376.2879333496094,377.6642489138574,369.94717950336036,369.99632077317983,25514200,MSFT
2024-01-11,378.116455078125,384.063988833949,373.9384270676175,379.4632498955057,27850800,MSFT
2024-01-12,381.8913879394531,382.0978232574525,378.13607119839037,378.9618424711607,21661200,MSFT
2024-01-16,383.6608581542969,387.3571930351675,381.05574128379817,386.9934636986335,27202300,MSFT
2024-01-17,382.8744812011719,383.50362745457204,378.29339285307435,381.4097233605343,22234100,MSFT
2024-01-18,387.199951171875,387.317914215752,383.51345604684644,385.0863666336801,23392100,MSFT
2024-01-19,391.9186706542969,391.9186706542969,386.83620966747424,389.05794692680297,29331100,MSFT
2024-01-22,389.7952880859375,393.8356726529961,386.9247237943795,393.2458273875224,27016900,MSFT
2024-01-23,392.144775390625,392.61665757487873,387.2589392356876,389.04812543344485,20525900,MSFT
2024-01-24,395.7427978515625,398.7608157750505,393.66854429552797,394.7400819620146,24867000,MSFT
2024-01-25,398.01361083984375,400.1173848111113,395.71324182502883,397.4729369691264,21021200,MSFT
2024-01-26,397.089599609375,399.291686504724,395.6150015101639,397.52215078520555,17803300,MSFT
2024-01-29,402.7815856933594,403.03719231588735,397.4828484080428,399.1835624719501,24510200,MSFT
2024-01-30,401.6706848144531,406.05514806143475,399.56694047651416,405.27854800251134,33477600,MSFT
2024-01-31,390.84710693359375,408.2867065664151,390.48337755581736,400.06826467616,47871100,MSFT
2024-02-01,396.9421691894531,401.09070661971754,394.9956887835189,395.02517954720986,30657700,MSFT
2024-02-02,404.2561340332031,405.66191028214797,396.7258498594463,396.9716161967069,28256700,MSFT
2024-02-05,398.780517578125,404.19721813095964,397.1486252336955,402.9585459898289,25352300,MSFT
2024-02-06,398.6231384277344,401.0611511691438,396.0868431570583,399.0065482946539,18382600,MSFT
2024-02-07,407.0382385253906,407.28400488846614,400.50085926773676,400.5401902860463,22340500,MSFT
2024-02-08,407.09716796875,408.5226246925269,405.5439379531735,407.03818644922006,21225300,MSFT
2024-02-09,413.4281005859375,413.69354741786265,408.06057243943894,408.217866487787,22032800,MSFT
2024-02-12,408.22772216796875,413.6149010238027,407.7263492449608,413.43795646301396,21202900,MSFT
2024-02-13,399.43914794921875,403.12564326770877,396.55877347389134,398.0825128718903,27824900,MSFT
2024-02-14,403.29986572265625,403.6445808998677,398.454256564083,401.9013482236895,20401200,MSFT
2024-02-15,400.4141540527344,402.94531135993617,398.17847977076707,401.97028650604454,21825500,MSFT
2024-02-16,397.9519348144531,402.11800189970467,397.3413119912312,401.7929735865366,22296500,MSFT
2024-02-20,396.7012023925781,398.3754861780365,391.99346083257205,397.14438189920384,24307900,MSFT
2024-02-21,396.1003723144531,396.20872511051635,391.2153593903598,394.12077725006736,18518900,MSFT
2024-02-22,405.4272155761719,406.5893706886108,402.393788153555,403.98929433440406,27009900,MSFT
2024-02-23,404.1369934082031,409.57353818458586,402.7877081506477,409.3864380168882,16295900,MSFT
2024-02-26,401.3793640136719,405.92952022656453,401.2020621700657,405.24008986741234,16193500,MSFT
2024-02-27,401.32025146484375,402.1475498168189,397.74512033420825,401.8225215015325,14835800,MSFT
2024-02-28,401.556640625,403.1127430930959,399.1929265964819,402.00967855020446,13183100,MSFT
2024-02-29,407.3871765136719,407.9387088030321,399.7838756031993,402.46275960420144,31947300,MSFT
2024-03-01,409.2190246582031,409.58342668223145,404.66886847100426,405.0529573414313,17823400,MSFT
2024-03-04,408.6478271484375,411.04108655942895,406.0871243373175,407.19018891902937,17596000,MSFT
2024-03-05,396.5632629394531,407.9879154671031,394.58366790374333,407.7022908884421,26919200,MSFT
2024-03-06,396.0117492675781,399.03534841652714,392.3676988449284,396.87845143918287,22344100,MSFT
2024-03-07,402.9551696777344,403.5854793634372,396.159450830879,399.98080286179095,18718500,MSFT
2024-03-08,400.0793151855469,404.21583727335775,398.2178712291556,401.793002594602,18002200,MSFT
2024-03-11,398.40496826171875,399.54743645794565,395.19426925023413,397.6564774172096,16120800,MSFT
2024-03-12,409.0023193359375,409.28794389731524,400.64067006988586,401.4581099515854,22457000,MSFT
2024-03-13,408.8250427246094,411.8584699071754,405.2302248765396,411.7796924719957,17115900,MSFT
2024-03-14,418.7921447753906,421.35284777476636,411.6714265612386,413.887414339423,34157300,MSFT
2024-03-15,410.1251220703125,416.2116937258995,406.54999083820695,412.95173236718284,45079900,MSFT
2024-03-18,411.0115051269531,414.3699607798189,407.52500983634934,407.9879061886506,20106000,MSFT
2024-03-19,415.0396728515625,415.295752126201,409.2682411150174,411.5137738248201,19837900,MSFT
2024-03-20,418.8019104003906,419.5208559286198,414.3009867861631,415.6207267192323,17860100,MSFT
2024-03-21,422.8793640136719,424.30745690999566,420.70278020104655,423.3324019440985,21296200,MSFT
2024-03-22,422.25885009765625,423.3619145681295,419.62922855755534,423.2043596919927,17648500,MSFT
2024-03-25,416.4677734375,420.94901086959675,415.23666920718586,418.81180070101897,18060500,MSFT
2024-03-26,415.2760314941406,419.55042134825453,414.98057853086766,419.17616089060704,16725600,MSFT
2024-03-27,415.0593566894531,418.0337234540762,412.67595596490696,418.02386500319915,16705000,MSFT
2024-03-28,414.3600769042969,415.49268661622915,412.7842577129666,414.5964392633085,21871200,MSFT
2024-04-01,418.1518859863281,421.4217055688743,415.83740435240986,417.5412631842415,16316000,MSFT
2024-04-02,415.0692443847656,415.9950371448598,411.52365828826186,413.7593326884334,17912000,MSFT
2024-04-03,414.0942077636719,416.8617275140834,412.75475080677563,413.3850905644336,16502300,MSFT
2024-04-04,411.56304931640625,422.1899488258563,411.2577378896696,418.5655553413228,19370900,MSFT
2024-04-05,419.0875549316406,420.0626098925823,411.99641280038685,413.6608680769513,16554800,MSFT
2024-04-08,418.1716003417969,420.8209388461148,416.9010924581036,418.7428494922185,14272400,MSFT
2024-04-09,419.8360290527344,421.2739501766581,415.2464695179833,419.9936139789009,12496900,MSFT
2024-04-10,416.8617248535156,417.6200741918698,413.3555426286193,415.80789248455,16216600,MSFT
2024-04-11,421.46112060546875,422.87935502001585,415.97531318643956,419.38303118441615,17966400,MSFT
2024-04-12,415.5222473144531,418.7526632511182,413.42444113170603,417.6397403424306,19253800,MSFT
2024-04-15,407.3871765136719,420.36793227353456,407.1803293629701,420.15125672726765,20273500,MSFT
2024-04-16,408.31292724609375,412.0751888679084,407.4758004410801,408.3030988508173,16765600,MSFT
2024-04-17,405.61431884765625,412.5479054250206,404.1271355046504,410.9425408996239,15855500,MSFT
2024-04-18,398.1588134765625,405.66365046137435,397.8436736216777,404.42268772141404,21029900,MSFT
2024-04-19,393.0866394042969,399.35051316442866,391.7570408652649,397.9224202787546,30565800,MSFT
2024-04-22,394.8987731933594,396.7602169331123,389.7675399586122,394.0320711382099,20286900,MSFT
2024-04-23,401.40887451171875,402.0293557699127,396.96704142409345,398.1291964487654,15734500,MSFT
2024-04-24,402.8763427734375,406.2347982871372,400.6308101493401,403.36878440202247,15065300,MSFT
2024-04-25,393.0078125,393.84496925671834,382.1642385201122,388.0735378998874,40586500,MSFT
2024-04-26,400.17779541015625,406.7568087350332,399.6262631587446,405.9393688090581,29694700,MSFT
2024-04-29,396.16937255859375,400.177855462123,393.1556315696095,399.1240229443633,19582100,MSFT
2024-04-30,383.4446105957031,396.0806804506466,383.2870557136592,395.4207954000411,28781400,MSFT
2024-05-01,388.9698486328125,395.64735681788176,384.4098337259813,386.6750535015372,23562500,MSFT
2024-05-02,391.8259582519531,393.88436068854867,388.68417820234623,391.6486864760746,17709400,MSFT
2024-05-03,400.51263427734375,400.99521746175435,395.7851765465019,396.1988407447482,17446700,MSFT
2024-05-06,407.2886657714844,407.67275464571117,400.22703898277103,402.58092459776026,16996600,MSFT
2024-05-07,403.1521911621094,408.4016368256801,402.90597029756594,408.39177837309586,20018200,MSFT
2024-05-08,404.3339538574219,405.9984088555703,400.56183440244655,401.999785502548,11792300,MSFT
2024-05-09,406.08709716796875,406.48104448418644,402.91577167959764,404.3635513602943,14689700,MSFT
2024-05-10,408.47052001953125,409.1008598045123,405.5749605018169,406.6977419727187,13402300,MSFT
2024-05-13,407.46588134765625,412.02589540221663,404.60972606039115,411.6910387187959,15440200,MSFT
2024-05-14,410.26300048828125,411.1789347782618,405.3287253515243,405.79162172220066,15109300,MSFT
2024-05-15,417.43597412109375,418.1562465444383,411.7034836524185,412.3250840833171,22239500,MSFT
2024-05-16,415.3738708496094,419.744796345379,414.7424242787078,416.1730628235195,17530100,MSFT
2024-05-17,414.60430908203125,417.2781788386251,412.4533979292135,416.903243294278,15352200,MSFT
2024-05-20,419.6658630371094,421.07677928196154,414.3872272445279,414.6042935983872,16272100,MSFT
2024-05-21,423.3165283203125,427.1940941013643,419.1824213563369,421.13598848639515,21453300,MSFT
2024-05-22,424.7767639160156,426.6415653807663,421.43200286988593,424.35250743086516,18073700,MSFT
2024-05-23,421.30377197265625,427.81573325240726,419.74486259897554,427.19413270559204,17211700,MSFT
2024-05-24,424.4215393066406,425.3095270127513,418.74824604311783,421.49115879915024,11855300,MSFT
2024-05-28,424.5794677734375,425.07279769134385,420.9090919797955,423.8986700778892,15718000,MSFT
2024-05-29,423.4447937011719,425.1911706830153,420.0112068053538,420.0112068053538,15517100,MSFT
2024-05-30,409.1382141113281,418.639722265152,408.7139275324575,418.639722265152,28394500,MSFT
2024-05-31,409.59210205078125,411.1904861655314,399.11377942255837,411.1904861655314,47995300,MSFT
2024-06-03,408.0035400390625,410.8747236026411,403.4649291544174,409.9867358256656,17484700,MSFT
2024-06-04,410.5195617675781,410.88462108617875,404.21479101509067,406.9281055414635,14348900,MSFT
2024-06-05,418.3536376953125,418.42268099839066,410.746468843911,412.23633479956106,16988000,MSFT
2024-06-06,418.8568115234375,419.63628120393724,414.96936946485204,418.35363549566944,14861300,MSFT
2024-06-07,418.19573974609375,420.5933157045514,417.3570729391347,420.51439617340435,13621700,MSFT
2024-06-10,422.16217041015625,422.3693605600967,418.2352832433724,419.03447536075663,13982900,MSFT
2024-06-11,426.9079284667969,427.04607528322305,419.57705383558175,419.8039964152252,14551100,MSFT
2024-06-12,435.1761169433594,437.48489698603294,427.4703072356122,429.5127000039071,22366200,MSFT
2024-06-13,435.6892395019531,437.47512151645753,433.5087296834647,434.9689970884557,15960600,MSFT
2024-06-14,436.666015625,437.22841891267086,430.89405002785384,432.43323683903066,13582000,MSFT
2024-06-17,442.38861083984375,444.9243335295661,434.8406700551031,436.68571890132137,20790000,MSFT
2024-06-18,440.3857116699219,444.1350368072149,438.95507309068336,443.7107502283828,17112500,MSFT
2024-06-20,439.7543029785156,440.5732173975681,435.383377000911,440.3462747944722,19877400,MSFT
2024-06-21,443.7798156738281,444.56913141990066,440.553449170913,441.4118383251449,34187100,MSFT
2024-06-24,441.6980285644531,446.71024735686916,440.45482751735335,443.79958875342635,15913700,MSFT
2024-06-25,444.9342346191406,445.3979659147229,440.7902515475345,442.27024120018433,16413400,MSFT
2024-06-26,446.12811279296875,447.5489053584295,442.2110720595261,443.0102641137892,16507000,MSFT
2024-06-27,446.80889892578125,450.08461670642896,445.74328947401983,446.1478236075156,14806300,MSFT
2024-06-28,440.98760986328125,449.3051447547128,440.4548051400977,447.02596302446955,28362300,MSFT
2024-07-01,450.63714599609375,451.2685926172397,439.71481466960876,442.67479410049566,17662800,MSFT
2024-07-02,453.1531066894531,453.4589688152071,447.06540254269134,447.1542284209129,13979800,MSFT
2024-07-03,454.62322998046875,454.86989493305913,451.7717987859675,452.07766091834213,9932800,MSFT
2024-07-05,461.3226013183594,462.1020709028193,452.8471982115864,453.4786447544731,16000300,MSFT
2024-07-08,460.020263671875,461.4608086849496,458.26401040115894,460.3261258064599,12962300,MSFT
2024-07-09,453.4096374511719,461.09569535136285,451.89017298008986,460.77011087707854,17207200,MSFT
2024-07-10,460.0301513671875,460.2373415030919,452.7387206812327,455.06725356597207,18196100,MSFT
2024-07-11,448.6341857910156,458.5797024992354,445.526183591136,456.8037270511313,23111200,MSFT
2024-07-12,447.49957275390625,450.2720845844748,444.6382651481434,448.2691662493938,16324300,MSFT
2024-07-15,447.9040832519531,451.1600787227488,445.40783511291056,447.25288415779397,14429400,MSFT
2024-07-16,443.52325439453125,448.23948652304546,440.7014221253391,448.16056699620316,17175700,MSFT
2024-07-17,437.6033020019531,438.9155762729031,433.3212024908107,436.6857157018079,21778000,MSFT
2024-07-18,434.495361328125,438.71826397070777,428.6050012530057,438.4124018485707,20794800,MSFT
2024-07-19,431.2788391113281,435.2551069043024,426.23702212212055,427.3223538949878,20940400,MSFT
2024-07-22,437.03106689453125,438.6689256733767,433.05482935357276,435.89641421757136,15808800,MSFT
2024-07-23,438.91558837890625,442.4083722657051,437.1889338456379,437.97824958808866,13107100,MSFT
2024-07-24,423.17840576171875,435.5906035987281,421.88588376058476,434.5743451525585,26805800,MSFT
2024-07-25,412.8184814453125,424.0663978828946,411.94036982301,423.0797380180107,29943800,MSFT
2024-07-26,419.5967712402344,423.19810333197387,411.7034934246348,412.6211098546519,23583800,MSFT
2024-07-29,421.0373229980469,426.38500194360023,419.0344049240428,425.8225986635412,15125800,MSFT
2024-07-30,417.27813720703125,423.32633592791996,411.79228152562297,422.01409176409487,32687600,MSFT
2024-07-31,412.7691650390625,416.15340118634725,406.71105894897664,414.8904777498154,42891400,MSFT
2024-08-01,411.545654296875,421.7575892383458,407.57929274476925,415.1765852410534,30296400,MSFT
2024-08-02,403.0406188964844,409.46378330120876,398.9459870855653,406.98725777167675,29437900,MSFT
2024-08-05,389.87860107421875,395.6900415573509,380.43625987349014,383.9783949357412,40709200,MSFT
2024-08-06,394.2790832519531,400.25826896287094,393.18390539634436,394.66389500260414,24946500,MSFT
2024-08-07,393.11480712890625,404.6093863218842,392.1676222717273,403.1886240913476,20650900,MSFT
2024-08-08,397.3180236816406,400.4457182788044,394.6047093244423,397.07135874007713,20203000,MSFT
2024-08-09,400.60357666015625,402.6064947272633,396.89375651412195,398.64013341356633,19276700,MSFT
2024-08-12,401.3830871582031,403.3070858906621,398.8473641425328,401.62975211823795,16762900,MSFT
2024-08-13,408.4870300292969,409.41449264240543,404.10625814496586,404.1259805010332,19414300,MSFT
2024-08-14,411.2989807128906,412.14752377963794,406.9478375879701,409.26646397851016,18267000,MSFT
2024-08-15,416.162109375,416.2411711538097,412.8310776655769,414.94631960204117,20752100,MSFT
2024-08-16,413.6317138671875,416.46852653153576,412.4752279591184,415.73709195319884,22775600,MSFT
2024-08-19,416.65631103515625,416.87376862371895,411.64492262923585,414.11601787893187,15234000,MSFT
2024-08-20,419.8885192871094,420.93626132598814,416.7650812391523,416.82438511571235,16387600,MSFT
2024-08-21,419.2362060546875,421.47005594621174,416.844172261588,419.1768720092263,16067300,MSFT
2024-08-22,410.7454528808594,421.8555179747642,409.8163186254232,419.45359039351575,19361900,MSFT
2024-08-23,411.97113037109375,414.41257372157986,407.32545916499066,412.15893602611095,18493800,MSFT
2024-08-26,408.7093200683594,412.45550946116737,406.58418387561824,411.5560270388973,13152800,MSFT
2024-08-27,409.0552673339844,409.5692443465509,405.5067777613987,408.0865870238401,13492900,MSFT
2024-08-28,405.85272216796875,410.2018441208808,402.6007521142328,410.08323636580656,14882700,MSFT
2024-08-29,408.34356689453125,417.17031240351145,405.85271359636084,410.14253158113485,17045200,MSFT
2024-08-30,412.31707763671875,412.663006834999,407.36499317358016,410.7948745382869,24308300,MSFT
2024-09-03,404.70611572265625,415.02541234976394,402.32397617802485,413.0781880012741,20313600,MSFT
2024-09-04,404.17236328125,406.4853049884444,399.6947395600007,401.2169427939581,15135800,MSFT
2024-09-05,403.6682434082031,408.3237783354607,401.4343636867301,402.9071267784607,14195500,MSFT
2024-09-06,397.05560302734375,405.9021060614487,396.165984591682,404.33049307771034,19609500,MSFT
2024-09-09,401.02911376953125,403.9252302108811,397.5003824546475,402.5315288470681,15295100,MSFT
2024-09-10,409.4111022949219,411.5164502597468,402.9862541865475,403.48047327180706,19594300,MSFT
2024-09-11,418.1488342285156,419.087832261703,404.8444365761154,410.6960030081859,19266900,MSFT
2024-09-12,422.0631103515625,422.42882765829563,414.89693341936385,418.4157709894436,17395700,MSFT
2024-09-13,425.6115417480469,426.8371952929349,420.54084966063596,420.9065669174341,15874600,MSFT
2024-09-16,426.3529052734375,428.517587221267,423.2689830915265,425.6214706998335,13834700,MSFT
2024-09-17,430.1188659667969,436.741413807479,427.2721591954558,435.1401487897844,18874200,MSFT
2024-09-18,425.82904052734375,430.9886889198146,425.43367129700556,429.9705988234429,18898000,MSFT
2024-09-19,433.617919921875,436.39542861722236,431.8486072464737,436.12856118496126,21706600,MSFT
2024-09-20,430.2374572753906,434.1615578880838,429.1996092968504,432.1649237095232,55167100,MSFT
2024-09-23,428.49786376953125,431.4137384289729,425.4139413396685,429.2589503420484,15128900,MSFT
2024-09-24,424.2080078125,428.33967197864655,421.1734954974966,427.9937125983331,17015800,MSFT
2024-09-25,427.114013671875,428.11234590086275,423.6149641825675,424.8603757953974,13396400,MSFT
2024-09-26,426.3232727050781,430.2671314248125,424.1684846935021,430.0595678513369,14492000,MSFT
2024-09-27,423.0713195800781,426.8570548863857,422.52769062045775,426.53085337882084,14896100,MSFT
2024-09-30,425.324951171875,425.4435890958682,420.451958019216,423.25911892558076,16807300,MSFT
2024-10-01,415.8260192871094,423.52596039492926,413.9677508658884,423.4963084590475,19092900,MSFT
2024-10-02,412.3072204589844,417.9314360837514,411.89206315330637,417.6941904099043,16582300,MSFT
2024-10-03,411.72406005859375,414.69923855591765,409.5000740881514,412.8014540867281,13686400,MSFT
2024-10-04,411.2495422363281,414.89688113885154,410.172148356534,413.40432999591644,19169700,MSFT
2024-10-07,404.8049621582031,412.287415913181,404.2711971193028,411.190264062665,20919800,MSFT
2024-10-08,409.91522216796875,410.8542505804291,403.45085766918714,406.1492748122983,19229300,MSFT
2024-10-09,412.63336181640625,415.51961434814075,409.5098937927917,411.0518548194861,14974300,MSFT
2024-10-10,411.0321044921875,412.5246557071608,408.37320353432506,410.42917171763446,13848400,MSFT
2024-10-11,411.506591796875,412.30722431233596,408.4720793339732,411.32868016338136,14144900,MSFT
2024-10-14,414.2939758300781,419.137316675548,412.692680707405,412.9397902420181,16653100,MSFT
2024-10-15,413.8985900878906,417.5953693595967,410.4588445581101,417.29881980944174,18900200,MSFT
2024-10-16,411.30889892578125,411.5461144410461,405.7341231638779,410.369900734698,15508900,MSFT
2024-10-17,411.9019470214844,417.61511832115826,410.78500708577025,417.4767225011017,14820000,MSFT
2024-10-18,413.3253173828125,414.79808063402476,411.44729085370335,412.3171212877513,17145300,MSFT
2024-10-21,413.93817138671875,414.1160830331514,408.9663281686837,411.3089220076055,14206100,MSFT
2024-10-22,422.5672302246094,425.6017126142665,413.20671913798,413.65149823512496,25482200,MSFT
2024-10-23,419.69085693359375,426.0959170295647,417.64478266305224,425.8784594235447,19654400,MSFT
2024-10-24,419.8193359375,421.0548835944768,417.5162582126422,420.4123746810587,13581600,MSFT
2024-10-25,423.1997985839844,427.51926858228103,421.638079540004,421.82588520642906,16899100,MSFT
2024-10-28,421.6578369140625,426.94598717649535,421.3711813975522,426.669225694439,14882400,MSFT
2024-10-29,426.95587158203125,428.16176733338216,420.87695281886124,423.05152881793293,17644100,MSFT
2024-10-30,427.5291442871094,433.43012114532394,427.10412312962825,432.38237913794643,29749100,MSFT
2024-10-31,401.6518249511719,411.3484002261627,401.60238494770107,410.55763165325993,53971000,MSFT
2024-11-01,405.6253662109375,410.69605883957496,402.78855349489004,404.2811047814158,24230400,MSFT
2024-11-04,403.7373962402344,405.67475653100576,400.88082597000493,405.06189960347484,19672300,MSFT
2024-11-05,406.7027587890625,410.102988488707,403.3618329661191,403.6484884800003,17626000,MSFT
2024-11-06,415.3219299316406,415.58882753455555,405.77361389082967,407.65167048638625,26681800,MSFT
2024-11-07,420.5111999511719,421.9147952799536,415.02538074069076,416.40918800268514,19901800,MSFT
2024-11-08,417.6546630859375,421.568869701991,416.90344044148964,420.40251992805025,16891400,MSFT
2024-11-11,413.1770324707031,419.89839969038087,411.1902621762221,417.6348679260246,24503300,MSFT
2024-11-12,418.13897705078125,419.5326784209289,412.37639607879026,413.41424403977334,19401200,MSFT
2024-11-13,420.283935546875,424.3661599826618,413.3747320030266,416.76509796101305,21502200,MSFT
2024-11-14,421.954345703125,423.2195452366953,415.14399286491056,420.0861832561595,30246900,MSFT
2024-11-15,410.2018127441406,417.91161788162964,408.8575514031372,414.96609164012756,28247600,MSFT
2024-11-18,410.95306396484375,413.56252505276035,407.33537663624696,410.0733395128572,24727000,MSFT
2024-11-19,412.9595947265625,413.1078544202765,406.79171998540573,408.33368112951007,18133500,MSFT
2024-11-20,410.6861572265625,412.46536399512735,405.8329222910528,412.05020669970736,19191700,MSFT
2024-11-21,408.913330078125,415.7571129679985,406.35806834126146,415.4797975064388,20780200,MSFT
2024-11-22,413.00372314453125,413.39988374041405,407.1206461090675,407.4276728377604,24814600,MSFT
2024-11-25,414.7765808105469,417.0446130867062,410.8743369468268,414.3705063731925,27691100,MSFT
2024-11-26,423.8883972167969,424.92835279721186,414.8360050762814,415.56890369905886,23458900,MSFT
2024-11-27,418.93634033203125,423.13572759358533,417.97563494679554,421.03601885024915,18332400,MSFT
2024-11-29,419.4018249511719,420.808229889217,413.7960631011275,416.06412568619913,16271900,MSFT
2024-12-02,426.8497619628906,428.85039263641124,417.27242003383,417.5299380247713,20207200,MSFT
2024-12-03,427.0676574707031,428.32547569363487,423.6407942127541,425.72067515411175,18302000,MSFT
2024-12-04,433.2280578613281,435.4564952904926,428.483953715763,428.8801143248133,26009400,MSFT
2024-12-05,438.378173828125,440.3986320775989,431.99000513841474,433.72323412188194,21697800,MSFT
2024-12-06,439.3191223144531,441.82487523918803,437.5363542028089,438.0612738202398,18821000,MSFT
2024-12-09,441.74560546875,444.03346541962105,436.2785166631167,438.3583975889403,19144400,MSFT
2024-12-10,439.0813903808594,445.31111943385133,437.3679889585384,440.13125981361975,18469500,MSFT
2024-12-11,444.68719482421875,446.0341772846715,439.7945337941877,439.7945337941877,19200200,MSFT
2024-12-12,445.2516784667969,451.78843398650577,444.8059789125675,444.8059789125675,20834800,MSFT
2024-12-13,442.9836120605469,447.10374865296643,441.3098056253416,444.14241275611795,20177800,MSFT
2024-12-16,447.2622375488281,447.8465797272876,441.01271109813007,442.9836304987913,23598800,MSFT
2024-12-17,450.1047668457031,450.9268296361061,445.2616448801094,446.68784735190707,22733500,MSFT
2024-12-18,433.1983337402344,448.3120705924071,432.83185420697276,446.9948298056794,24444500,MSFT
2024-12-19,432.8417663574219,438.93282241461935,432.13857903304347,437.38777493352876,22963700,MSFT
2024-12-20,432.4158935546875,439.48745236080407,424.5222720446017,428.95931906801104,64263700,MSFT
2024-12-23,431.0788879394531,433.45588208065465,428.68206611928935,432.554599216363,19152500,MSFT
2024-12-24,435.11968994140625,435.3871217541817,430.0289645876171,430.4845477379295,7164500,MSFT
2024-12-26,433.9114074707031,436.7143034093448,432.44561022869516,434.8721127935591,8194200,MSFT
2024-12-27,426.4040832519531,431.04913980352325,422.2641488688207,430.4350863105853,18117700,MSFT
2024-12-30,420.7586975097656,423.45263204127576,417.8567839421245,421.9769208859116,13158700,MSFT
2024-12-31,417.4606018066406,422.64049156656444,416.6286554798762,422.016524265212,13246500,MSFT
2025-01-02,414.568603515625,421.9868450538027,410.8743686174563,421.45201157982797,16896500,MSFT
2025-01-03,419.29290771484375,419.9663838035234,415.5194225803269,417.0446425061394,16662900,MSFT
2025-01-06,423.749755859375,430.1577525838614,421.4024733118246,423.8983123069827,20573600,MSFT
2025-01-07,418.3222351074219,426.52288296613443,416.76727386350115,424.88870169693837,18139100,MSFT
2025-01-08,420.49127197265625,422.87817962096636,417.50022470253026,419.40180766065134,15054600,MSFT
2025-01-10,414.93505859375,420.63983782074297,411.042698272716,420.56061778951556,20201100,MSFT
2025-01-13,413.19195556640625,414.489399057034,408.3389196630922,411.26063086426467,17604800,MSFT
2025-01-14,411.6864929199219,415.7174656234234,406.783918522941,413.80596878606093,16935900,MSFT
2025-01-15,422.2245178222656,424.04688082339095,414.2615595275802,415.11333355996726,19637800,MSFT
2025-01-16,420.5110778808594,425.3740271428382,420.3229265289763,424.5916197701724,15300000,MSFT
2025-01-17,424.91845703125,430.31623990051855,424.06671321451194,429.9299628963343,26197500,MSFT
2025-01-21,424.3935241699219,426.7705180269004,421.52132200002626,426.0772445238866,26085700,MSFT
2025-01-22,441.9239196777344,442.98364251820686,431.82165779523024,433.366705345479,27803800,MSFT
2025-01-23,442.42901611328125,442.46864124256984,437.26895379651836,437.7641621247137,18389300,MSFT
2025-01-24,439.804443359375,442.3696190202124,437.16993127456703,440.8939077892008,15549500,MSFT
2025-01-27,430.3955078125,431.02938905138365,419.44150078843165,419.94662301159696,35647800,MSFT
2025-01-28,442.9143371582031,444.08302154903276,427.24593852989443,430.43508134605355,23491700,MSFT
2025-01-29,438.0909729003906,442.5973866839753,436.17947606614763,442.409205107017,23581400,MSFT
2025-01-30,411.0130310058594,418.8076058708813,409.20058168065486,414.75680505351727,54586300,MSFT
2025-01-31,411.08233642578125,416.6583870568431,410.933779971825,414.964783031506,34161900,MSFT
2025-02-03,406.98199462890625,411.4289554040879,404.74364348455,407.6554706497357,25679100,MSFT
2025-02-04,408.4181213378906,409.9532853263689,405.81332063447735,408.73506192939664,20532100,MSFT
2025-02-05,409.329345703125,409.86414898425164,406.46702679712905,408.39835154322543,16316700,MSFT
2025-02-06,411.8350524902344,414.19224891795665,410.0324869601977,410.0324869601977,16309800,MSFT
2025-02-07,405.8232116699219,414.63791357819275,404.1890302854019,412.48872643025265,22886800,MSFT
2025-02-10,408.2695617675781,411.47850211303046,406.9820321839411,409.74527293691693,20817900,MSFT
2025-02-11,407.4970397949219,408.5369652151938,405.3775335991668,405.714301867279,18140600,MSFT
2025-02-12,405.1200256347656,406.813629604169,400.4947666868975,403.30754628100544,19121700,MSFT
2025-02-13,406.60565185546875,407.0612350423618,402.46568736983716,403.0995685212682,23891700,MSFT
2025-02-14,404.5158386230469,404.99124946496545,401.99028842093395,403.88198772560423,22758500,MSFT
2025-02-18,405.7142639160156,406.6650553734785,402.6043413346739,404.08996621044764,21423100,MSFT
2025-02-19,410.79510498046875,411.5082061808428,403.7433432351679,403.97114994678657,24114200,MSFT
2025-02-20,412.9684753417969,416.1243081620841,409.4057538443196,412.1348608394034,23508700,MSFT
2025-02-21,405.108642578125,414.8738801834256,404.79109677447474,414.16928284227896,27524800,MSFT
2025-02-24,400.9306335449219,406.25983043716724,396.2861968407472,405.4063787741937,26443700,MSFT
2025-02-25,394.876953125,398.8664306026397,393.6860882830661,398.05265327493277,29387400,MSFT
2025-02-26,396.6930847167969,400.53367776380867,391.25470780563023,394.9861511086002,19619000,MSFT
2025-02-27,389.5477600097656,402.657388820498,389.1905096396701,398.22134834414993,21127400,MSFT
2025-02-28,393.973876953125,394.6090291195634,383.6330593862238,389.67678725566606,32845700,MSFT
2025-03-03,385.5384521484375,395.7899873220531,383.2261675615013,395.7899873220531,23007700,MSFT
2025-03-04,385.6575012207031,389.5973401551927,378.1053331199409,380.4870929407179,29342900,MSFT
2025-03-05,397.9732666015625,398.61835249883035,385.85603973587394,386.3820118850688,23433100,MSFT
2025-03-06,393.87469482421875,399.09471206990673,389.69665794124984,391.28450820827493,23304600,MSFT
2025-03-07,390.32183837890625,391.80050846371955,382.61088158953936,389.33936956128906,22034100,MSFT
2025-03-10,377.2717590332031,383.4643412864511,374.3540930979484,382.90859827837613,32840100,MSFT
2025-03-11,377.5595397949219,383.0673615053873,374.04642649696916,376.1205440687611,30380200,MSFT
2025-03-12,380.3581237792969,382.2933209136247,376.0709676751301,380.0405779726452,24253600,MSFT
2025-03-13,375.89227294921875,382.3925273041687,374.58232470495466,380.24893433302753,20473000,MSFT
2025-03-14,385.60791015625,387.2652356448431,376.62667971124,376.8946174814204,19952800,MSFT
2025-03-17,385.7469177246094,389.7264317109631,382.6406926201841,383.76211244747884,22474300,MSFT
2025-03-18,380.6062316894531,384.4269877309022,378.2046343736099,384.1292790671939,19486900,MSFT
2025-03-19,384.8735656738281,386.719419886704,381.0825806498319,382.60095534567967,19185500,MSFT
2025-03-20,383.9010009765625,388.8134057411041,380.36805030146087,382.8093521082507,18470500,MSFT
2025-03-21,388.2874450683594,388.76377892625936,379.8916973941909,380.3085198055768,39675900,MSFT
2025-03-24,390.0935974121094,392.3959786933822,386.84845184017416,392.3959786933822,21004500,MSFT
2025-03-25,392.1578063964844,393.34867131877104,389.65696280253144,390.9272368910712,15775000,MSFT
2025-03-26,387.0072326660156,392.30665877239477,385.61787512073846,391.99901639757354,16108400,MSFT
2025-03-27,387.612548828125,389.2599405856522,384.4567161979595,387.1659858818112,13766800,MSFT
2025-03-28,375.922119140625,386.17365567788414,374.0663309941376,385.1316147033396,21632000,MSFT
2025-03-31,372.53802490234375,374.2052539943911,364.44991951956155,369.7096714477169,35184700,MSFT
2025-04-01,379.2863464355469,379.9413357760227,370.3944277527412,371.80362246362756,19689500,MSFT
2025-04-02,379.2367248535156,382.1543604865691,373.7586433966847,375.0983928958324,16092600,MSFT
2025-04-03,370.2752990722656,374.61212363444304,366.54388609690864,371.9425583652147,30198000,MSFT
2025-04-04,357.10614013671875,371.74407816646067,356.74888974568233,361.363555677575,49209900,MSFT
2025-04-07,355.1411437988281,368.18132717444365,342.170466152445,348.21419373781447,50425000,MSFT
2025-04-08,351.8662414550781,370.8112022714622,347.5889889390993,365.46216834014683,35868900,MSFT
2025-04-09,387.5232849121094,390.2424886537646,350.4173671278774,350.854026698487,50199700,MSFT
2025-04-10,378.45269775390625,380.983312003396,365.00562576710445,379.1572950457799,38024400,MSFT
2025-04-11,385.498779296875,387.0865991344375,376.0114134245454,377.7481178718862,23839200,MSFT
2025-04-14,384.8636169433594,391.6516465120973,381.2909618319917,390.23251818413166,19251200,MSFT
2025-04-15,382.7994384765625,388.9126416904877,381.24135923720473,385.5583162962043,17199900,MSFT
2025-04-16,368.7867126464844,378.71073856569086,365.2041538267982,377.7779079921512,21967800,MSFT
2025-04-17,364.98583984375,371.47616155585064,364.10261724728616,370.9104847853966,21120200,MSFT
2025-04-21,356.3916320800781,361.7109259917268,352.9678611353571,360.06353397111536,20807300,MSFT
2025-04-22,364.0331115722656,364.9758758256959,357.12596800122816,360.6192443688487,19485000,MSFT
2025-04-23,371.54559326171875,377.50000836988784,370.1859763720142,373.20288850682186,20545500,MSFT
2025-04-24,384.35748291015625,385.49877003384853,372.33950296048084,372.8456379358323,22232300,MSFT
2025-04-25,388.87298583984375,389.18062823957763,381.67806660180736,384.05982691311567,18973200,MSFT
2025-04-28,388.1882019042969,389.7561846754867,383.7025530868883,388.9821118643913,16579400,MSFT
2025-04-29,391.0462951660156,392.0982394081848,387.41409832984397,388.3270916828822,14974000,MSFT
2025-04-30,392.2570495605469,393.6464071015826,381.5192464831796,387.3347110069874,36461100,MSFT
2025-05-01,422.16802978515625,433.669971462135,421.67182852064957,427.8346397458207,58938100,MSFT
2025-05-02,431.9729919433594,436.1013902925972,426.7231738378541,428.4598783453456,30757400,MSFT
2025-05-05,432.8562316894531,436.1609188409604,428.827049490993,429.58128511716615,20136100,MSFT
2025-05-06,430.0179443359375,434.4043769104007,427.8942186382879,428.91639204817295,15104200,MSFT
2025-05-07,430.0576477050781,434.79139692835327,427.83464541633373,430.54391525930873,23295300,MSFT
2025-05-08,434.84100341796875,440.2992170006134,432.35006352791333,434.602806230982,23491300,MSFT
2025-05-09,435.3967590332031,437.3914674607305,432.5684058555715,436.6570993033328,15324200,MSFT
2025-05-12,445.8467712402344,445.9559209816134,436.43878433354007,442.551987565255,22821900,MSFT
2025-05-13,445.72772216796875,447.24609694771215,441.9764112331301,444.37803887168343,23618800,MSFT
2025-05-14,449.4988098144531,450.45150777480933,444.73528972695,444.73528972695,19902800,MSFT
2025-05-15,450.5129089355469,453.5552331837817,447.8284909088357,448.1665235651595,21992300,MSFT
2025-05-16,451.6463317871094,451.73580834700897,446.1383501578063,449.43915228561843,23849800,MSFT
2025-05-19,456.2197570800781,456.9355998797858,448.1963586877965,448.27591363294266,21336500,MSFT
2025-05-20,455.5238342285156,455.69283539558984,451.69606398891386,452.9587181303489,15441800,MSFT
2025-05-21,449.9561767578125,455.1360777634671,449.20055644956204,451.94462570262056,19216900,MSFT
2025-05-22,452.2329406738281,457.5918252828005,451.27849365115543,452.32244757902833,18025600,MSFT
2025-05-23,447.5799560546875,451.06969358680703,446.3173019248347,447.3811293692874,16883500,MSFT
2025-05-27,458.0292663574219,458.2877744248074,453.48565331857327,453.8435898996704,20974300,MSFT
2025-05-28,454.7184753417969,459.84867709346275,454.2909661144885,458.55619745791415,17086300,MSFT
2025-05-29,456.0308837890625,459.05333474747385,452.68035209769624,458.884303233251,13974800,MSFT
2025-05-30,457.7011413574219,459.0135248792732,452.90900269221845,457.0648535034259,34770500,MSFT
2025-06-02,459.3018493652344,459.44102500437896,454.25120274050374,454.4997588416313,16626500,MSFT
2025-06-03,460.29608154296875,461.4593374660713,458.19825223653834,458.8047449110186,15743800,MSFT
2025-06-04,461.1908874511719,463.00038321907994,460.3457906064832,461.3201414833542,14162700,MSFT
2025-06-05,464.9788818359375,466.93750520910584,461.3499686746429,462.2745901279283,20131700,MSFT
2025-06-06,467.6632995605469,470.6061954238558,466.0725343793748,467.37496597576217,15285600,MSFT
2025-06-09,470.0196228027344,470.69568816704816,465.9134708467471,466.98725027602023,16469900,MSFT
2025-06-10,468.2001953125,470.06931180763127,464.26304461137784,468.4686249933991,15375900,MSFT
2025-06-11,469.890380859375,472.72392676786,466.94748481913814,467.3053910772251,16399200,MSFT
2025-06-12,476.104248046875,477.6453141185156,470.7851412769109,472.2764779222473,18950600,MSFT
2025-06-13,472.2168273925781,476.4124557062983,470.0295518485209,473.6584649544854,16814500,MSFT
2025-06-16,476.3727111816406,477.91374692205306,472.25660744971805,472.4653860858625,15626100,MSFT
2025-06-17,475.279052734375,475.97499162724574,471.3419021646973,472.65428568792316,15414100,MSFT
2025-06-18,477.4663391113281,478.2219594008936,471.71972301658775,475.2392860574369,17526500,MSFT
2025-06-20,474.6427307128906,480.6677282539423,474.11579298541653,479.4448516392065,37576200,MSFT
2025-06-23,483.1930847167969,484.932977511559,469.7810065395394,475.44806772339973,24864000,MSFT
2025-06-24,487.279296875,489.0092679302753,483.9884166007436,486.1260232932434,22305600,MSFT
2025-06-25,489.4268493652344,491.70363180611855,486.5635084927723,489.1981971647186,17495100,MSFT
2025-06-26,494.57696533203125,495.1635541172166,489.9637493151316,490.13278082199906,21578900,MSFT
2025-06-27,493.0756530761719,496.41623250794254,490.18245642116284,494.6763398018984,34539200,MSFT
2025-06-30,494.5372009277344,497.86785899517616,492.4691970236715,494.1693427257206,28369000,MSFT
2025-07-01,489.2081298828125,495.17347659984546,488.14433277768,493.602615314542,19945400,MSFT
2025-07-02,488.2536926269531,490.6497772469701,485.87751191483574,487.1600396387865,16319600,MSFT
2025-07-03,495.95892333984375,497.2414813819725,490.59011735274714,490.95797554637323,13984800,MSFT
2025-07-07,494.84539794921875,495.8694479262707,492.36978876052433,494.50736527479916,13981600,MSFT
2025-07-08,493.7517395019531,495.3226311177228,491.25622643335066,494.36815380384166,11846600,MSFT
2025-07-09,500.6019592285156,503.8530622357068,496.85371365827956,497.41047691930333,18659500,MSFT
2025-07-10,498.58367919921875,501.52657502305914,494.87521114411277,500.14458849842043,16492100,MSFT
2025-07-11,500.4130554199219,502.1131707269345,494.9249170598048,495.59106078877636,16459500,MSFT
2025-07-14,500.1147766113281,501.05930198422453,498.1362796464767,498.6234399223271,12058800,MSFT
2025-07-15,502.89862060546875,505.36427783294863,499.88612172349406,500.11477392946824,14927200,MSFT
2025-07-16,502.69976806640625,503.793421043838,498.99133023831314,502.2623068754336,15154400,MSFT
2025-07-17,508.7446594238281,510.40499725185873,502.6997578215743,502.75940886082554,17503100,MSFT
2025-07-18,507.10418701171875,511.6677041033988,504.499323712682,511.50859420333654,21209700,MSFT
2025-07-21,507.1141357421875,509.1324405638626,502.6301736290422,503.7834776665751,14066800,MSFT
2025-07-22,502.3517761230469,508.2475501614973,502.3517761230469,508.01886761548803,13868600,MSFT
2025-07-23,502.94830322265625,503.8630030405687,497.80817995491657,503.8232255681408,16396600,MSFT
2025-07-24,507.9294128417969,510.703277326071,504.37007217269974,505.83158338819493,16107000,MSFT
2025-07-25,510.7430419921875,515.2965460849812,507.4123538189797,509.5101527540243,19125700,MSFT
2025-07-28,509.5400390625,512.0256002286585,507.17377997770546,511.110930710653,14308000,MSFT
2025-07-29,509.609619140625,514.6304403339567,508.6054427654301,512.5525452747698,16469200,MSFT
2025-07-30,510.2757568359375,512.9701269930791,506.49771598970693,512.1946027794743,26380400,MSFT
2025-07-31,530.4187622070312,552.2420017670738,528.8280273057109,552.0232408256204,51617300,MSFT
2025-08-01,521.0829467773438,532.7054326872741,517.8517174087783,531.9100652869249,28977600,MSFT
2025-08-04,532.5464477539062,535.1413592423181,525.0798117410876,525.2190177406763,25349000,MSFT
2025-08-05,524.701904296875,534.196734767709,524.194840165689,534.077432699505,19171600,MSFT
2025-08-06,521.908203125,528.6291703469228,521.0034855448089,527.8338028961505,21355700,MSFT
2025-08-07,517.8319091796875,525.0400367197672,514.5608717763297,523.757448292983,16079100,MSFT
2025-08-08,519.0248413085938,521.6297041680745,516.4100264967077,519.5816044995674,15531000,MSFT
2025-08-11,518.7564697265625,524.542862850504,516.7182612189127,519.2833770884752,20194400,MSFT
2025-08-12,526.183349609375,527.9132904806338,519.6811434112465,520.7250669698358,18667000,MSFT
2025-08-13,517.5734252929688,529.6234217995657,516.3703917601634,529.0368026236954,19619200,MSFT
2025-08-14,519.46240234375,522.9123929469488,517.13595097363,519.5419572956574,20269100,MSFT
2025-08-15,517.1657104492188,523.0614541020369,516.0820397908819,519.7507304052322,25213300,MSFT
2025-08-18,514.1134643554688,519.8004600468895,511.05129658888984,518.5775833311014,23760600,MSFT
2025-08-19,506.8257751464844,512.1846290296555,505.61282013208876,512.0255798217245,21481000,MSFT
2025-08-20,502.7992248535156,508.0487290990465,501.526618683124,506.92525053820776,27723000,MSFT
2025-08-21,502.15185546875,505.5278315490841,500.6381609615915,501.6041452591809,18443300,MSFT
2025-08-22,505.1295166015625,508.6150227226763,500.32946944945456,502.1618461633245,24324200,MSFT
2025-08-25,502.17181396484375,506.0855321115255,502.0323791323648,504.5319946732823,21638600,MSFT
2025-08-26,499.96099853515625,502.88882606141556,496.4456179190968,502.2713680297872,30835700,MSFT
2025-08-27,504.64154052734375,505.18928116929357,497.82986914621193,499.92117896114246,17277900,MSFT
2025-08-28,507.529541015625,508.9735181763212,503.406670609209,504.99008260275673,18015600,MSFT
2025-08-29,504.59173583984375,507.4896888132377,502.40083415821226,506.5535790393771,20961600,MSFT
2025-09-02,503.0282287597656,503.90458943006223,494.75264396148896,498.3974910813857,18128000,MSFT
2025-09-03,503.2572937011719,505.68719181229375,500.2398424947412,501.70375627159575,16345100,MSFT
2025-09-04,505.866455078125,506.04570238922344,501.0664078062513,502.2116394820944,15509500,MSFT
2025-09-05,492.9501647949219,509.8498918622262,490.3310509759443,506.9619070760115,31994800,MSFT
2025-09-08,496.13690185546875,499.1244784694731,492.9800158612091,496.04724781279185,16771000,MSFT
2025-09-09,496.34600830078125,500.17010260105087,495.6389570336189,499.3534910580183,14410500,MSFT
2025-09-10,498.29791259765625,501.1460848531792,494.6630336933239,500.8971201283455,21611800,MSFT
2025-09-11,498.9352722167969,501.08633106619584,495.8182290284252,500.17012751524385,18881600,MSFT
2025-09-12,507.7884521484375,510.42747218178897,501.7635178992086,504.55191069082485,23624900,MSFT
2025-09-15,513.225830078125,513.3353599697668,504.9004642300766,506.68306017742736,17143800,MSFT
2025-09-16,506.9320068359375,515.0880630075219,506.4938265025834,514.7395367165727,19711900,MSFT
2025-09-17,507.9079284667969,509.1726886784055,503.8348693472275,508.5054498653079,15816600,MSFT
2025-09-18,506.3444519042969,510.9453149965379,505.55771489166153,509.37184097126715,18913700,MSFT
2025-09-19,515.7852172851562,517.1495391803752,508.19677696926453,508.44574170609144,52474100,MSFT
2025-09-22,512.3196411132812,515.5959951267806,510.41751650985566,513.4549348866175,20009300,MSFT
2025-09-23,507.1212463378906,512.4590659268906,505.2091838485409,511.67229848312854,19799600,MSFT
2025-09-24,508.0373840332031,510.35772177145367,504.82077941210207,508.26644250853604,13533700,MSFT
2025-09-25,504.9303283691406,507.89799878212006,502.94857891661616,506.1950582100621,15786500,MSFT
2025-09-26,509.3419494628906,511.8116903059077,504.52199636524745,507.9477531769938,16213100,MSFT
2025-09-29,512.4689331054688,514.7096154882738,506.77264973451184,509.3817950243417,17617800,MSFT
2025-09-30,515.8051147460938,516.0142062084105,507.54943619028296,511.11459757878936,19728200,MSFT
2025-10-01,517.5578002929688,518.3544751787417,509.5709932440202,512.6680995330014,22632300,MSFT
2025-10-02,513.6041870117188,519.4399047558908,508.56514411884206,515.4963429681408,21222900,MSFT
2025-10-03,515.20751953125,518.3345307125708,512.8672756929882,514.9585548343116,15112300,MSFT
2025-10-06,526.3811645507812,528.8309994124726,516.0541122577388,516.4623876768178,21388600,MSFT
2025-10-07,521.8101196289062,527.6060256392368,519.2806599401652,526.1022689962125,14615200,MSFT
2025-10-08,522.676513671875,524.7678538085896,520.923853084141,521.1130687043808,13363400,MSFT
2025-10-09,520.2366943359375,522.158694647609,515.2574000210162,520.1769452354545,18343600,MSFT
2025-10-10,508.84405517578125,521.4118200258811,507.5195762105422,517.4881335274953,24133800,MSFT
2025-10-13,511.9212646484375,514.2714771071726,509.56108387533754,514.2714771071726,14284200,MSFT
2025-10-14,511.4432067871094,513.146147202046,503.9045484424133,508.1170420708167,14684300,MSFT
2025-10-15,511.3038330078125,515.0482722356254,507.88804423946306,512.8275263160849,14694700,MSFT
2025-10-16,509.4913330078125,514.7096236704256,506.02576365101777,510.4573477017149,15559600,MSFT
2025-10-17,511.4532165527344,513.3453119402852,505.20916197429216,506.9320087638593,19867800,MSFT
2025-10-20,514.6498413085938,516.5519656323323,511.30377036778043,512.4788764440519,14665600,MSFT
2025-10-21,515.5162963867188,516.5420602391357,510.91543308707116,515.3569857054445,15586200,MSFT
2025-10-22,518.3843383789062,523.0549187669818,515.566101626736,518.9918584655633,18962700,MSFT
2025-10-23,518.404296875,521.7802730707533,516.4623598997719,520.2964530626382,14023500,MSFT
2025-10-24,521.441650390625,523.1744351060786,518.5536961256696,520.6250388201142,15532400,MSFT
2025-10-27,529.3189697265625,532.3662956890146,526.819354031342,529.577902779321,18734700,MSFT
2025-10-28,539.8251953125,551.4269140414981,538.5305910090683,547.722348424072,29986700,MSFT
2025-10-29,539.3073120117188,544.0077970763692,534.5072653816836,542.6832878753321,36023000,MSFT
2025-10-30,523.582763671875,532.7545848667123,519.9578228356851,528.2831883129468,41023100,MSFT
2025-10-31,515.6656494140625,527.1279940743384,512.9668501497666,526.6898137654194,34006400,MSFT
2025-11-03,514.888916015625,522.7860691817526,512.4590180581705,517.657371934483,22374700,MSFT
2025-11-04,512.2001342773438,513.4150529816625,505.73698923396887,509.6407695643784,20958700,MSFT
2025-11-05,505.0597839355469,512.6980347767452,504.4821687767013,511.17434154282535,23024300,MSFT
2025-11-06,495.04144287109375,503.6058351018555,493.75677643867937,503.5659922381216,27406500,MSFT
2025-11-07,494.7626037597656,497.31199999791255,491.2073803526309,494.89207027354036,24019800,MSFT
2025-11-10,503.90460205078125,504.7510881917551,496.73440583349895,497.96929153220975,26101500,MSFT
2025-11-11,506.573486328125,507.48968986721945,500.26971300797675,502.70954902224156,17980000,MSFT
2025-11-12,509.0233154296875,509.5511194130969,497.05307240824305,507.2506574723947,26574900,MSFT
2025-11-13,501.205810546875,511.3735209246628,499.2140928412288,508.1967287528611,25273100,MSFT
2025-11-14,508.0672912597656,509.48142428367663,495.3800584752997,496.16679552350377,28505700,MSFT
2025-11-17,505.388427734375,509.9992593431845,502.8191251226507,506.34447416817187,19092800,MSFT
2025-11-18,491.74517822265625,500.89712400975867,484.76419755903834,493.31862192366924,33815100,MSFT
2025-11-19,485.102783203125,493.13937183157236,480.8305400064438,488.070453670226,23245300,MSFT
2025-11-20,477.3404846191406,492.4460215630244,474.41716428973194,491.5879641710541,26802500,MSFT
2025-11-21,471.04486083984375,477.8293938228302,467.20362215472323,477.4103368698009,31769200,MSFT
2025-11-24,472.92059326171875,475.8139832068258,466.9542001322548,473.9183160323131,34421000,MSFT
2025-11-25,475.90374755859375,478.0588322743821,463.8313270788984,472.9904142849383,28019800,MSFT
2025-11-26,484.3943786621094,487.1979770584782,480.10418316215106,485.2025316262965,25709100,MSFT
2025-11-28,490.88958740234375,491.5081706450152,485.54177754838196,486.48962635446395,14386700,MSFT
2025-12-01,485.6315612792969,488.7444513856018,483.5463243869077,487.32770213243884,23964000,MSFT
2025-12-02,488.8841552734375,492.3761849539621,485.2125428025972,485.6116258193264,19562700,MSFT
2025-12-03,476.64208984375,483.13724409881166,474.1178525596479,475.23529714339696,34615100,MSFT
2025-12-04,479.7449951171875,480.2239129901724,475.40489514051177,478.6674679630734,22318200,MSFT
2025-12-05,482.0597229003906,482.299166614698,477.78947078944657,481.4211657314621,22608700,MSFT
2025-12-08,489.9018249511719,491.17890888246444,483.2769615726175,483.7858099301447,21965900,MSFT
2025-12-09,490.8995361328125,490.99931449735556,487.3875630167038,487.9862027558801,14696100,MSFT
2025-12-10,477.4701843261719,483.14722906115725,473.99809828560024,482.92772884397027,35756200,MSFT
2025-12-11,482.3690185546875,484.92318635563356,474.7763326037194,475.5445986070271,24669200,MSFT
2025-12-12,477.4402770996094,481.3513637649093,475.2552617920193,478.72734800157895,21248100,MSFT
2025-12-15,473.73870849609375,479.6252664455081,471.44392797474177,479.0066832317436,23727700,MSFT
2025-12-16,475.3051452636719,476.80172935648005,469.8076832860371,470.8353364785088,20705600,MSFT
2025-12-17,475.0357360839844,478.9069051052783,473.9182915104317,475.8239455574328,24527200,MSFT
2025-12-18,482.87786865234375,488.4850656489584,476.8017407441929,477.10104539067044,28573500,MSFT
2025-12-19,484.8134460449219,486.73904362092316,481.39123391446003,486.2501387748106,70836100,MSFT
2025-12-22,483.81573486328125,487.6170561484318,481.5908021440126,485.01298390813173,16963000,MSFT
2025-12-23,485.7413330078125,486.71908182827985,483.63612214595605,483.8755963136496,14683600,MSFT
2025-12-24,486.90863037109375,488.04604888584674,483.7258924615979,484.5739628623746,5855900,MSFT
2025-12-26,486.599365234375,487.00843522519267,484.85335038112265,485.601642461088,8842200,MSFT
2025-12-29,485.9907531738281,487.23790659993216,483.0773893732932,483.7558335295542,10893400,MSFT
2025-12-30,486.3699035644531,488.56487537463653,484.39440153201394,484.82341501264875,13944500,MSFT
2025-12-31,482.5186767578125,487.0284031238816,482.1993981667827,486.7290680267604,15601600,MSFT
