Date,Close,High,Low,Open,Volume,Ticker
,NVDA,NVDA,NVDA,NVDA,NVDA,
2018-01-02,4.928265571594238,4.9319741433273965,4.808365773535016,4.840009108801232,355616000,NVDA
2018-01-03,5.2526140213012695,5.283021951983341,5.037041087712095,5.045693635907356,914704000,NVDA
2018-01-04,5.28030252456665,5.390561458402305,5.2580529787285135,5.333948798451929,583268000,NVDA
2018-01-05,5.325049877166748,5.362379382310361,5.218251948629703,5.295136573936795,580124000,NVDA
2018-01-08,5.488213062286377,5.562377912508374,5.403664680365826,5.448658412630829,881216000,NVDA
2018-01-09,5.486728668212891,5.533205349807111,5.405147158706325,5.493650707108688,497000000,NVDA
2018-01-10,5.529746055603027,5.533207076130742,5.339883617109075,5.394271149905821,582664000,NVDA
2018-01-11,5.53963565826416,5.593776116903368,5.518127346222,5.5623793756106235,406032000,NVDA
2018-01-12,5.512439250946045,5.562129871196444,5.47189581277833,5.527766757558744,359916000,NVDA
2018-01-16,5.441489219665527,5.624429605641397,5.356941303063626,5.538892893454774,702348000,NVDA
2018-01-17,5.555455207824707,5.565343633291384,5.362131798241989,5.456073962053945,538408000,NVDA
2018-01-18,5.548532009124756,5.602919516648132,5.505021720188976,5.536170890463673,408632000,NVDA
2018-01-19,5.688704490661621,5.7129316262650836,5.611820350109823,5.638766790715722,609380000,NVDA
2018-01-22,5.777207851409912,5.778938361040246,5.639013690393766,5.696615141601372,550944000,NVDA
2018-01-23,5.90625524520874,5.928998951121904,5.812065540208573,5.830606512556118,475228000,NVDA
2018-01-24,5.829372406005859,5.945317056842168,5.773748529020101,5.909470505948162,579972000,NVDA
2018-01-25,5.8429694175720215,5.927023171509084,5.82813654085626,5.883759946422527,409884000,NVDA
2018-01-26,6.015525817871094,6.01577289884531,5.87387061742999,5.886725901017889,516356000,NVDA
2018-01-29,6.102546691894531,6.133696345014624,5.9482837414925696,6.0009407586869825,455116000,NVDA
2018-01-30,6.0004448890686035,6.09191529543601,5.893894528549444,5.960643165234156,570832000,NVDA
2018-01-31,6.076588153839111,6.162372402728371,6.04321383349187,6.075846439405364,478576000,NVDA
2018-02-01,5.945562362670898,6.103781395693679,5.885241606830483,5.8966134598439695,519224000,NVDA
2018-02-02,5.773006916046143,5.883018795366627,5.714911284864153,5.859038734011418,718464000,NVDA
2018-02-05,5.283022880554199,5.765837040825689,5.0679440710422625,5.611821184350919,1165204000,NVDA
2018-02-06,5.576716899871826,5.579683286553657,5.04322279380965,5.053111692473037,1114800000,NVDA
2018-02-07,5.656320571899414,5.808853491506038,5.604405266604319,5.675603736386634,802932000,NVDA
2018-02-08,5.377458095550537,5.815031315492137,5.377210543111371,5.7819045553756085,1144000000,NVDA
2018-02-09,5.7374067306518555,5.905761287357009,5.37745927526838,5.889939618088343,1674604000,NVDA
2018-02-12,5.637284278869629,5.821460992964067,5.563119431257505,5.818494135003565,1093172000,NVDA
2018-02-13,5.751002788543701,5.797232383971837,5.568556630662065,5.600942149859911,625524000,NVDA
2018-02-14,5.968306064605713,5.997230564002945,5.699581518112581,5.710706289301633,744988000,NVDA
2018-02-15,6.093893051147461,6.140122653254458,5.9707793043641795,6.0516191020470895,698900000,NVDA
2018-02-16,6.028133392333984,6.180418717140692,6.018986210426803,6.066699239078996,637656000,NVDA
2018-02-20,6.157674789428711,6.226648093861733,6.0469212297754735,6.05062980151223,686240000,NVDA
2018-02-21,5.970531463623047,6.229120537174054,5.966823363284237,6.222198498393062,892292000,NVDA
2018-02-22,5.990074157714844,6.076158949559299,5.92452115396755,6.004421780296115,534364000,NVDA
2018-02-23,6.083581447601318,6.083581447601318,5.9992282241088875,6.049939146392691,415300000,NVDA
2018-02-26,6.0996599197387695,6.134291626814092,6.037322375181566,6.12983904616464,469312000,NVDA
2018-02-27,6.086797714233398,6.15729825704066,6.063792159718406,6.072944557152353,455436000,NVDA
2018-02-28,5.986364364624023,6.137260000285155,5.974737735935683,6.0976807707522385,523116000,NVDA
2018-03-01,5.74418830871582,6.0380642802830025,5.6430137154932725,5.984137430378738,1040120000,NVDA
2018-03-02,5.851301193237305,5.857733067317958,5.487913990511127,5.636583608116139,913428000,NVDA
2018-03-05,5.829283714294434,5.8688629412696685,5.677645441181592,5.801083408914717,620776000,NVDA
2018-03-06,5.990321159362793,6.009616302335347,5.871583487515694,5.914625881764728,636808000,NVDA
2018-03-07,5.982405185699463,6.034600444574324,5.886178124393155,5.88741476867348,581208000,NVDA
2018-03-08,5.966080665588379,6.009865247625797,5.92180114258654,6.009865247625797,411912000,NVDA
2018-03-09,6.06873893737793,6.081601739121654,5.997496227771388,6.013574965861866,505524000,NVDA
2018-03-12,6.178323745727539,6.258471616899563,6.101886279979087,6.110049738096921,605060000,NVDA
2018-03-13,6.127612113952637,6.295576825782928,6.086301302729314,6.2211181886825155,619772000,NVDA
2018-03-14,6.153091907501221,6.197865892724463,6.090754362170753,6.170654995786817,505496000,NVDA
2018-03-15,6.167933940887451,6.249071218207225,6.125880951399796,6.166697296412059,401952000,NVDA
2018-03-16,6.1961350440979,6.215182485490429,6.146660765932487,6.1842611795924665,399456000,NVDA
2018-03-19,5.961626052856445,6.168180086769697,5.862677998532088,6.139238081666054,713772000,NVDA
2018-03-20,6.173869609832764,6.212706655192029,5.964594115135548,5.964594115135548,554696000,NVDA
2018-03-21,6.14863920211792,6.233734590134205,6.118212369579902,6.167438934509641,438688000,NVDA
2018-03-22,5.9826531410217285,6.131817654472062,5.945300439939562,6.085312086055111,551196000,NVDA
2018-03-23,5.7629876136779785,5.998731352652923,5.751855928377514,5.9962575923837615,735620000,NVDA
2018-03-26,6.0477118492126465,6.0489484936768525,5.835468083804829,5.887415644090622,611424000,NVDA
2018-03-27,5.578697681427002,6.184260453732798,5.438438793995544,6.128602015284877,1409000000,NVDA
2018-03-28,5.475543975830078,5.67442952116933,5.367937981675976,5.544312918280471,945904000,NVDA
2018-03-29,5.728851318359375,5.8255728600296095,5.459464773174981,5.543817983300484,916628000,NVDA
2018-04-02,5.468122482299805,5.804546371347869,5.380306105086153,5.658350565665797,922092000,NVDA
2018-04-03,5.574492454528809,5.69817766625001,5.475544379516176,5.635098415873719,667432000,NVDA
2018-04-04,5.596507549285889,5.60689705983273,5.2937259773642715,5.318710343939517,789168000,NVDA
2018-04-05,5.476287841796875,5.66799987064976,5.40479788208561,5.654889359687458,701240000,NVDA
2018-04-06,5.299909591674805,5.481726950993578,5.270719882651327,5.373626039455656,662988000,NVDA
2018-04-09,5.328605651855469,5.4908806613704835,5.308568333237937,5.3629901209044295,499524000,NVDA
2018-04-10,5.637819290161133,5.664782480783083,5.501765277097366,5.558908066384906,761676000,NVDA
2018-04-11,5.596507549285889,5.664287074154486,5.563854667046801,5.622976266459697,460244000,NVDA
2018-04-12,5.803310871124268,5.821121669130516,5.645241159395385,5.689520683920286,593920000,NVDA
2018-04-13,5.726625442504883,5.875295031552975,5.678388283452525,5.8668843386730956,503036000,NVDA
2018-04-16,5.726377487182617,5.7597725481281525,5.6321292355244355,5.733303828253845,350792000,NVDA
2018-04-17,5.876037120819092,5.897311087255618,5.722914953028464,5.778573394126844,447224000,NVDA
2018-04-18,5.847093105316162,5.9183357968942545,5.758040094709692,5.8255719099722665,391364000,NVDA
2018-04-19,5.665771007537842,5.766203415613488,5.610360284087309,5.732808357753259,471996000,NVDA
2018-04-20,5.657608985900879,5.741467260658246,5.626440448654156,5.657114045005151,386200000,NVDA
2018-04-23,5.538128852844238,5.726624889874579,5.512155073064359,5.675419505711618,427508000,NVDA
2018-04-24,5.471833229064941,5.659834310078603,5.406527461266923,5.563854949887461,414596000,NVDA
2018-04-25,5.359527111053467,5.481233489789923,5.202199617855037,5.442148733047257,588492000,NVDA
2018-04-26,5.571275234222412,5.579438690338107,5.455258566337518,5.52130650324398,375824000,NVDA
2018-04-27,5.598735332489014,5.6969417158506985,5.556435101938262,5.677152098437001,400848000,NVDA
2018-04-30,5.563360214233398,5.664782040029214,5.544065542045836,5.615060537009952,327844000,NVDA
2018-05-01,5.618771553039551,5.6214925482286375,5.496570229478221,5.55519736650099,253788000,NVDA
2018-05-02,5.598239898681641,5.6598347950727055,5.572018412420499,5.615308517430774,268248000,NVDA
2018-05-03,5.763482093811035,5.789703575257757,5.584880659696481,5.63014957624899,443144000,NVDA
2018-05-04,5.913636684417725,5.916852620332294,5.717472142774318,5.734787994896487,400660000,NVDA
2018-05-07,6.151606559753418,6.2087493396978095,6.008378994063602,6.0182740356452396,687616000,NVDA
2018-05-08,6.194156646728516,6.196877642567212,6.102876602001341,6.1518559425630155,506616000,NVDA
2018-05-09,6.327240467071533,6.329466993384051,6.1869815767455885,6.214192474286478,596760000,NVDA
2018-05-10,6.434844970703125,6.443997364046293,6.362365168239087,6.380175957821066,994080000,NVDA
2018-05-11,6.296318054199219,6.426435115465543,6.1976177030218045,6.253028426489826,1214456000,NVDA
2018-05-14,6.31685209274292,6.394279453051468,6.293104833572219,6.33441565640407,523140000,NVDA
2018-05-15,6.074427604675293,6.255997768809494,5.973995186275982,6.253276301798969,963528000,NVDA
2018-05-16,6.085559368133545,6.147649204681876,5.998979630934426,6.035837863261541,553828000,NVDA
2018-05-17,6.127612113952637,6.22136542319621,6.071211504605322,6.087290712605682,519784000,NVDA
2018-05-18,6.083827018737793,6.242886084353783,6.078879497959994,6.179559611319847,483716000,NVDA
2018-05-21,6.041774749755859,6.185002331994662,5.949010847406737,6.181291926883611,640624000,NVDA
2018-05-22,6.00368070602417,6.080365410492757,5.943074740481439,6.055133802958922,518264000,NVDA
2018-05-23,6.127193450927734,6.1284313321656025,5.946748890896969,5.947491525217017,442956000,NVDA
2018-05-24,6.130908012390137,6.173234876694149,6.0702650324912995,6.123482611161262,437372000,NVDA
2018-05-25,6.170262813568115,6.18659935319307,6.107887192516503,6.143530337101226,292112000,NVDA
2018-05-29,6.153184413909912,6.22125373100769,6.1064026922340995,6.152194392007054,352684000,NVDA
2018-05-30,6.262093544006348,6.270756823992563,6.162094270957836,6.186846701824172,390996000,NVDA
2018-05-31,6.242291450500488,6.316796127592159,6.219519536027862,6.2301628589923865,493868000,NVDA
2018-06-01,6.376696586608887,6.382885048301087,6.278429971294735,6.287093251127804,421968000,NVDA
2018-06-04,6.555656433105469,6.577685714080431,6.378677190441144,6.410855019964954,642024000,NVDA
2018-06-05,6.56110143661499,6.598725091601168,6.514071867882268,6.558873533840813,391712000,NVDA
2018-06-06,6.563081741333008,6.566299665875008,6.454666577604137,6.471003115592232,371356000,NVDA
2018-06-07,6.507390975952148,6.571251875158037,6.417044511671145,6.559370667837532,369448000,NVDA
2018-06-08,6.492043495178223,6.5346172643111355,6.415806152914098,6.434617983035637,360456000,NVDA
2018-06-11,6.450953960418701,6.521002834266948,6.438082734200153,6.4794190905362585,265372000,NVDA
2018-06-12,6.499470233917236,6.511598829395105,6.42719343598427,6.4774409465060705,319160000,NVDA
2018-06-13,6.49501371383667,6.575953779485196,6.4858551859758435,6.500954316758097,338208000,NVDA
2018-06-14,6.606647491455078,6.6633303763700225,6.52521217052203,6.540063915400962,430016000,NVDA
2018-06-15,6.5658063888549805,6.620756621493251,6.518529416673355,6.549469845965589,432260000,NVDA
2018-06-18,6.561596393585205,6.579170339167297,6.494517591301871,6.521744837585581,356268000,NVDA
2018-06-19,6.439815044403076,6.525705677046366,6.312340670261936,6.458379012380336,594932000,NVDA
2018-06-20,6.492786407470703,6.545756115709778,6.442538905152523,6.480905201399734,369780000,NVDA
2018-06-21,6.364073753356934,6.543033051924125,6.356400494559876,6.524716469044076,359516000,NVDA
2018-06-22,6.211599826812744,6.398232878990694,6.19625377946546,6.384866403294761,434160000,NVDA
2018-06-25,5.918778419494629,6.108876262595807,5.830165110613594,6.105163563477341,665816000,NVDA
2018-06-26,5.989819526672363,6.080413384438423,5.938334606264294,6.0321463895842315,478884000,NVDA
2018-06-27,5.834619998931885,6.099717271107846,5.8291741722451,6.033381106224153,453892000,NVDA
2018-06-28,5.961848258972168,5.973729464341513,5.817046835717521,5.824720094513832,338012000,NVDA
2018-06-29,5.863829135894775,6.039570513021553,5.8625912545835215,6.026947145172465,392300000,NVDA
2018-07-02,5.996006488800049,5.999719188362645,5.773730319704715,5.794274805229378,357572000,NVDA
2018-07-03,5.862344741821289,6.036601348332182,5.853928847257329,6.0306607446466485,222732000,NVDA
2018-07-05,6.00813627243042,6.013086382124095,5.878681343643111,5.917542419390895,306216000,NVDA
2018-07-06,6.12199592590332,6.130411819321849,5.962343226824989,5.983630347791446,296352000,NVDA
2018-07-09,6.169520378112793,6.205906630346058,6.090808214898528,6.196253327554949,303880000,NVDA
2018-07-10,6.268530368804932,6.2905596532926795,6.141550742225465,6.181897083346281,360016000,NVDA
2018-07-11,6.126946449279785,6.210361804078836,6.1163026528401065,6.175708681050563,367508000,NVDA
2018-07-12,6.218531131744385,6.266550739139548,6.162343488841673,6.17224465297463,345508000,NVDA
2018-07-13,6.171252727508545,6.237094131803665,6.12917373393027,6.237094131803665,246988000,NVDA
2018-07-16,6.143529415130615,6.196499585282624,6.131153436589423,6.143529415130615,197036000,NVDA
2018-07-17,6.279420375823975,6.294519505661241,6.06877802511534,6.09427309138612,362136000,NVDA
2018-07-18,6.230162620544434,6.285855467663699,6.179172966262045,6.2719942207563815,277640000,NVDA
2018-07-19,6.238332748413086,6.271996327482036,6.196254218803845,6.211352879779444,235752000,NVDA
2018-07-20,6.210115432739258,6.274718967860776,6.199224247099796,6.235857891804553,222352000,NVDA
2018-07-23,6.173481464385986,6.185362671349162,6.021749396330359,6.183630015005092,301584000,NVDA
2018-07-24,6.156154155731201,6.308133592834742,6.138579734859166,6.221500314004944,354620000,NVDA
2018-07-25,6.234370231628418,6.246994068860898,6.107638028803403,6.165558775541486,319112000,NVDA
2018-07-26,6.30788516998291,6.3447661924542755,6.197489962075434,6.21432174708483,325124000,NVDA
2018-07-27,6.238083839416504,6.3514495873228665,6.184123643197227,6.344518963231708,295420000,NVDA
2018-07-30,6.042788505554199,6.258134061124621,6.007887522732283,6.252193458258903,340340000,NVDA
2018-07-31,6.060857772827148,6.135609848310092,5.9935315690420055,6.032392639489017,283988000,NVDA
2018-08-01,6.100708961486816,6.147491151329469,6.036848069062112,6.092293539965737,283556000,NVDA
2018-08-02,6.203432559967041,6.207392647986743,5.970513005250783,6.029423327508579,269668000,NVDA
2018-08-03,6.240063667297363,6.263826075996751,6.2111037628224945,6.2279350755567755,214288000,NVDA
2018-08-06,6.287837505340576,6.2913028181665664,6.180907582645178,6.227441918340896,207508000,NVDA
2018-08-07,6.360113620758057,6.3786780644087235,6.309866590145665,6.336599067965504,258132000,NVDA
2018-08-08,6.396501064300537,6.441550610052817,6.326452162571327,6.361353155746176,262100000,NVDA
2018-08-09,6.347984313964844,6.4170431678978685,6.3403110555152455,6.414320490147372,204280000,NVDA
2018-08-10,6.306648254394531,6.339073945757565,6.25491595835196,6.266054529394272,256396000,NVDA
2018-08-13,6.339569568634033,6.460361210142722,6.313579723429743,6.315312379776696,375208000,NVDA
2018-08-14,6.471004486083984,6.48511359631066,6.361846664948977,6.44501464107885,466220000,NVDA
2018-08-15,6.412835121154785,6.525705612760852,6.334122500251177,6.491794657323936,591136000,NVDA
2018-08-16,6.3722405433654785,6.485111500243843,6.312092366015107,6.482636210265287,801260000,NVDA
2018-08-17,6.0598673820495605,6.2615990658127565,6.032887047003049,6.260856431476854,1143188000,NVDA
2018-08-20,6.134620666503906,6.267293048633287,5.908879140382642,6.019274848595138,854388000,NVDA
2018-08-21,6.270263195037842,6.274718529543019,6.131154970819281,6.150956824708299,673988000,NVDA
2018-08-22,6.505408763885498,6.510359344330559,6.234123470660205,6.237588782549081,749856000,NVDA
2018-08-23,6.60491418838501,6.670260348690982,6.452934746554991,6.466795996060694,720684000,NVDA
2018-08-24,6.738082408905029,6.752686294113966,6.6088753453738045,6.61333067995877,531512000,NVDA
2018-08-27,6.8291707038879395,6.903427535696273,6.7363494280708105,6.767784628210213,505776000,NVDA
2018-08-28,6.79154634475708,6.846001789806466,6.671497355930979,6.82322940119538,475384000,NVDA
2018-08-29,6.8970489501953125,6.922062443069051,6.763065472040963,6.783868716921507,420108000,NVDA
2018-08-30,6.880207061767578,6.97704180825081,6.843305870235391,6.865842715919547,346608000,NVDA
2018-08-31,6.951287746429443,6.964166016017611,6.850242716623302,6.8601492958626755,306592000,NVDA
2018-09-04,7.026080131530762,7.063723901325676,6.909680197061578,6.938160901435282,391720000,NVDA
2018-09-05,6.8953166007995605,7.043911986598432,6.814332250165113,7.0084968624158135,393156000,NVDA
2018-09-06,6.754150390625,6.881446994105533,6.7212119150171805,6.878970349510498,322796000,NVDA
2018-09-07,6.732852935791016,6.858415950928032,6.617196027896049,6.662022214193393,295420000,NVDA
2018-09-10,6.803930282592773,6.833649547205088,6.711553748088767,6.755389368159627,220140000,NVDA
2018-09-11,6.756131649017334,6.8452884880842015,6.736814011098898,6.757617257802112,243112000,NVDA
2018-09-12,6.642207622528076,6.735822694596288,6.48667786274447,6.716257536130072,419092000,NVDA
2018-09-13,6.719974040985107,6.810616968640093,6.690750295161723,6.70808633550243,305536000,NVDA
2018-09-14,6.846031188964844,6.912156128684418,6.773467351839708,6.81036854958199,386936000,NVDA
2018-09-17,6.78411865234375,6.869561256163693,6.764801481619442,6.820524816203806,205528000,NVDA
2018-09-18,6.7120490074157715,6.890858701568669,6.705362585990242,6.78808053926946,299520000,NVDA
2018-09-19,6.735822677612305,6.753654232335474,6.643446164059408,6.693473148469908,224860000,NVDA
2018-09-20,6.5946574211120605,6.656076592334079,6.540667710254592,6.613727062192738,430584000,NVDA
2018-09-21,6.524569034576416,6.652113601011477,6.491383044589679,6.6065443911724575,435128000,NVDA
2018-09-24,6.580294132232666,6.583761340259767,6.406437740628487,6.493613459183464,293912000,NVDA
2018-09-25,6.647409439086914,6.672422935138691,6.560728768700022,6.646418875734119,280388000,NVDA
2018-09-26,6.610509395599365,6.6927323091105935,6.5946594344359095,6.6523638930926,268548000,NVDA
2018-09-27,6.622396945953369,6.666975610181867,6.590944547159339,6.6456768415704275,214428000,NVDA
2018-09-28,6.959706783294678,6.981996111045321,6.726412354859124,6.754398012100401,709396000,NVDA
2018-10-01,7.166254997253418,7.233122511977839,6.998837506764681,7.037472312262081,622060000,NVDA
2018-10-02,7.094929218292236,7.250458530825907,7.072639889324717,7.138764835612138,383964000,NVDA
2018-10-03,7.101120948791504,7.172694233341198,6.997104232530658,7.165264299189824,320552000,NVDA
2018-10-04,6.916861534118652,7.0892318148323685,6.839839457760228,7.064961362814658,391220000,NVDA
2018-10-05,6.683319091796875,6.9542577322798955,6.625862174457692,6.892095521615473,426636000,NVDA
2018-10-08,6.582027912139893,6.715515897122206,6.441109993027381,6.600106993388864,408612000,NVDA
2018-10-09,6.576331615447998,6.656077396879092,6.508473066511357,6.56147174817955,273500000,NVDA
2018-10-10,6.08473014831543,6.516151994592088,6.082501026010211,6.470334768723808,684940000,NVDA
2018-10-11,5.823201656341553,6.131041561340068,5.8016553665616,5.997553101438366,725436000,NVDA
2018-10-12,6.105780601501465,6.180078533595423,5.935143872451835,6.080272055779276,608236000,NVDA
2018-10-15,5.829392433166504,6.092406127491442,5.828401869839674,6.092406127491442,449760000,NVDA
2018-10-16,6.088195323944092,6.099339987005121,5.8927926724875395,5.9420766181979765,408712000,NVDA
2018-10-17,6.019594192504883,6.188497754822828,5.970557765839343,6.150357996946321,329668000,NVDA
2018-10-18,5.93217134475708,6.127326516385146,5.871742722705684,6.088939702583537,524020000,NVDA
2018-10-19,5.675596237182617,6.006963523568632,5.63919055510305,5.987398835098779,613608000,NVDA
2018-10-22,5.7263665199279785,5.827906586779276,5.623588366961172,5.727852601163914,368844000,NVDA
2018-10-23,5.474745273590088,5.552262404557416,5.367013363002802,5.459142365929109,626436000,NVDA
2018-10-24,4.938564300537109,5.4829183507260275,4.924695467713403,5.436358562711674,884288000,NVDA
2018-10-25,5.147339820861816,5.194642640746153,4.796654922275126,4.840986052409292,951720000,NVDA
2018-10-26,4.910825252532959,5.07304142425203,4.782785635349736,4.911320297924917,664784000,NVDA
2018-10-29,4.597042560577393,5.055458942547149,4.359042352110635,5.051991734578472,758016000,NVDA
2018-10-30,5.0274739265441895,5.037380506219546,4.597043148404719,4.6200755210153766,807192000,NVDA
2018-10-31,5.221389293670654,5.264977379565254,5.052485756061305,5.192165554608554,745772000,NVDA
2018-11-01,5.4016876220703125,5.411098685242413,5.131243907746147,5.257797506375899,566528000,NVDA
2018-11-02,5.322681427001953,5.4980238485197255,5.206034002003842,5.392273562289256,452960000,NVDA
2018-11-05,5.244670391082764,5.3328371463739455,5.083939789167688,5.309556780936672,379332000,NVDA
2018-11-06,5.227085590362549,5.320948181039368,5.189936401458456,5.236744171634127,299012000,NVDA
2018-11-07,5.294697284698486,5.38434964719211,5.230058418828138,5.293706721323058,483812000,NVDA
2018-11-08,5.101523399353027,5.236249457172779,5.048028729178163,5.2355064165961185,511352000,NVDA
2018-11-09,5.093597412109375,5.183992799896752,4.9789315724393886,5.01261308334997,413240000,NVDA
2018-11-12,4.694124698638916,5.0242539023239985,4.672330415819614,5.00221209676428,617116000,NVDA
2018-11-13,4.936087608337402,5.0574403667505115,4.785758625983644,4.791950474039039,644712000,NVDA
2018-11-14,4.883583068847656,5.1235643739854275,4.775604117475924,5.109200026041026,526580000,NVDA
2018-11-15,5.012367248535156,5.084436060324973,4.8417300426538805,4.877640687152632,840708000,NVDA
2018-11-16,4.072253704071045,4.2265449308494185,4.002413554547017,4.044763563105875,1963520000,NVDA
2018-11-19,3.583622694015503,4.007614272353821,3.5818890900741276,4.006871704126071,1697820000,NVDA
2018-11-20,3.6920969486236572,3.820384104822775,3.301539150693231,3.3201135112430618,1692032000,NVDA
2018-11-21,3.5838706493377686,3.8461413387420933,3.556628264658548,3.82930057896662,1025496000,NVDA
2018-11-23,3.5910520553588867,3.7047273366228306,3.5363195387709654,3.5491978057546882,411968000,NVDA
2018-11-26,3.7904179096221924,3.80081953360021,3.629687311092119,3.7121577346649683,814832000,NVDA
2018-11-27,3.8072586059570312,3.888490705898638,3.72850315059442,3.764413552246549,738060000,NVDA
2018-11-28,3.9642746448516846,3.9694754572937674,3.792399366747557,3.9248967950063713,804524000,NVDA
2018-11-29,3.9010581970214844,4.003691417729756,3.87081365671528,3.9665055230203015,549172000,NVDA
2018-11-30,4.051537036895752,4.062196837468503,3.8604008642457814,3.910725913254747,729564000,NVDA
2018-12-03,4.215402126312256,4.330430918288647,4.148467256683473,4.278866320012619,890804000,NVDA
2018-12-04,3.89486026763916,4.175738270348914,3.879737762458066,4.170780025419611,812112000,NVDA
2018-12-06,3.9241127967834473,3.9290708047170577,3.7386786661932017,3.754296710353913,692308000,NVDA
2018-12-07,3.659348726272583,3.9384916186861436,3.6100154673684206,3.9283273587357552,681676000,NVDA
2018-12-10,3.76470947265625,3.7895002264165343,3.610759407205173,3.6144780911958607,629472000,NVDA
2018-12-11,3.6737279891967773,3.8646159494665118,3.594645722771727,3.856435033506064,671912000,NVDA
2018-12-12,3.691329002380371,3.7875166385107444,3.5901831212465294,3.6794294035097543,654136000,NVDA
2018-12-13,3.6910815238952637,3.8023916813656453,3.6551351881633685,3.738183912481818,471384000,NVDA
2018-12-14,3.630592107772827,3.733225325873302,3.607040915630101,3.6494328250648613,471820000,NVDA
2018-12-17,3.5594427585601807,3.6727360149747184,3.5014325656201577,3.6005953431535125,662868000,NVDA
2018-12-18,3.6427390575408936,3.7267793190664302,3.576052179581129,3.603321816101931,564372000,NVDA
2018-12-19,3.4337542057037354,3.6625720761072693,3.382189588551147,3.6090241135172154,745364000,NVDA
2018-12-20,3.3492183685302734,3.515315816674143,3.2894728318279185,3.4253257377620923,749588000,NVDA
2018-12-21,3.212125778198242,3.408715767879333,3.184608130322889,3.3757440972289046,863740000,NVDA
2018-12-24,3.1503968238830566,3.2222897217099375,3.086436834380712,3.1357703320667087,463840000,NVDA
2018-12-26,3.2996363639831543,3.30062791833471,3.085445020187456,3.1965071459136443,695100000,NVDA
2018-12-27,3.2517900466918945,3.281786810404093,3.1032940324314175,3.2473278159008667,637044000,NVDA
2018-12-28,3.3132708072662354,3.4059879881994837,3.230470114769229,3.272366238155125,628728000,NVDA
2018-12-31,3.3095531463623047,3.389130951728482,3.27881259232379,3.3566552955081495,465140000,NVDA
2019-01-02,3.376983165740967,3.433010007847513,3.224024907740163,3.2386513988649237,508752000,NVDA
2019-01-03,3.1729564666748047,3.3507054977541753,3.165519334999033,3.3167422733245417,705552000,NVDA
2019-01-04,3.3762400150299072,3.41441746410469,3.2153485937451323,3.2460889111903297,585620000,NVDA
2019-01-07,3.554980993270874,3.5919191215172344,3.3821899531021677,3.4335068053701305,709160000,NVDA
2019-01-08,3.466477632522583,3.6387728650754028,3.3938409502867053,3.6365415129519585,786016000,NVDA
2019-01-09,3.5346522331237793,3.5820023877661367,3.4672215634745385,3.5177943883948593,617260000,NVDA
2019-01-10,3.600346326828003,3.6090230171896267,3.4548252262491324,3.5153145248620086,523156000,NVDA
2019-01-11,3.68959379196167,3.7124011996404653,3.550270223301125,3.578035639733323,874764000,NVDA
2019-01-14,3.729506254196167,3.7547927822667417,3.6137338873293614,3.637285077023628,730168000,NVDA
2019-01-15,3.7153756618499756,3.8016470372282334,3.697030487852223,3.7622297965606477,617012000,NVDA
2019-01-16,3.6898412704467773,3.775616871967183,3.684387484891723,3.7426454425624702,470104000,NVDA
2019-01-17,3.7612388134002686,3.8011518373038555,3.6296003784225475,3.6568702549730676,493436000,NVDA
2019-01-18,3.890397787094116,3.916428100042887,3.7595031475952823,3.8110677598638243,651336000,NVDA
2019-01-22,3.6881065368652344,3.871805375180775,3.657861995278282,3.860153781735895,661552000,NVDA
2019-01-23,3.7009973526000977,3.8321400049732044,3.6697612593247873,3.7433894974450577,591020000,NVDA
2019-01-24,3.9129576683044434,3.930558824150552,3.780823459299669,3.7855336976932055,708972000,NVDA
2019-01-25,3.970224142074585,3.9883213129565482,3.750826975539661,3.853460200679696,1154572000,NVDA
2019-01-28,3.421358585357666,3.511348652137013,3.247576258086447,3.385164247758499,2511528000,NVDA
2019-01-29,3.2624504566192627,3.423589870614671,3.247823965057454,3.375247928204983,1153932000,NVDA
2019-01-30,3.4059884548187256,3.420366939461349,3.258979756236235,3.3385577900313033,974228000,NVDA
2019-01-31,3.5636579990386963,3.5993565689295792,3.3809506874704707,3.4027665458543987,842852000,NVDA
2019-02-01,3.587951183319092,3.639020010974739,3.5346514767671184,3.5822493916337703,625048000,NVDA
2019-02-04,3.698270559310913,3.73545645319018,3.5817543959752496,3.603818020039024,528592000,NVDA
2019-02-05,3.7173595428466797,3.7540496620426036,3.676454962156793,3.710170181264165,542424000,NVDA
2019-02-06,3.792970657348633,3.8574264238034544,3.7451247279340616,3.750578513726454,702464000,NVDA
2019-02-07,3.6546385288238525,3.7488430529325694,3.611750845807799,3.746611937324655,637120000,NVDA
2019-02-08,3.673231840133667,3.6838916413500185,3.5730775132556327,3.5874559982311216,461604000,NVDA
2019-02-11,3.630592107772827,3.683396048547904,3.5822501621722687,3.629104539625841,495180000,NVDA
2019-02-12,3.7476038932800293,3.7632221770531866,3.6546389204194045,3.669017642850428,591060000,NVDA
2019-02-13,3.789996385574341,3.8631288564722226,3.763470290563186,3.777105230147522,605372000,NVDA
2019-02-14,3.830900192260742,3.859161620302548,3.745868137747768,3.789004063817399,827264000,NVDA
2019-02-15,3.900562286376953,4.062445020815011,3.8777548785081706,4.039637849368373,1516748000,NVDA
2019-02-19,3.883208751678467,3.9637785833052037,3.870813611202492,3.889902335586985,551892000,NVDA
2019-02-20,3.930558919906616,3.997741583936579,3.9013061707790304,3.912461749959552,540988000,NVDA
2019-02-21,3.8616409301757812,3.9677448275400224,3.8470144373521085,3.9432023168388324,448548000,NVDA
2019-02-22,3.946424722671509,3.965265675504686,3.8998183542291325,3.9134532916355846,401740000,NVDA
2019-02-25,3.9340298175811768,4.097400123693652,3.9253528882636495,4.029969689522631,656020000,NVDA
2019-02-26,3.8946125507354736,3.985346406465536,3.8611451042377856,3.929319558557759,488464000,NVDA
2019-02-27,3.8527162075042725,3.9067597070524536,3.7956975718020582,3.8802338527077245,500256000,NVDA
2019-02-28,3.8281476497650146,3.868846352344253,3.8058132643241724,3.84651173023764,324944000,NVDA
2019-03-01,3.882495880126953,3.9246832162652767,3.8197108091107466,3.8780288130854856,357188000,NVDA
2019-03-04,3.8906850814819336,3.9437917024778617,3.8341039699543926,3.920960789931432,409992000,NVDA
2019-03-05,3.884232759475708,3.922449550991744,3.820703141892115,3.8750506002161145,362924000,NVDA
2019-03-06,3.7733042240142822,3.8837362685121835,3.770574520786706,3.8752988964152246,403524000,NVDA
2019-03-07,3.7040672302246094,3.759407506394355,3.657909114121381,3.749729058125882,450104000,NVDA
2019-03-08,3.7383134365081787,3.7489844603728097,3.593386642546014,3.614728690275275,422416000,NVDA
2019-03-11,3.9988832473754883,4.021713920598748,3.71473759404681,3.7618885148316314,859728000,NVDA
2019-03-12,4.033131122589111,4.079537035556155,3.95049285149797,4.0266786648870605,579576000,NVDA
2019-03-13,4.184509754180908,4.2137928933691935,4.0631583919516565,4.07060342632098,768900000,NVDA
2019-03-14,4.1085710525512695,4.205602604685603,4.100877994521936,4.193690742360727,519384000,NVDA
2019-03-15,4.214040756225586,4.256724382835705,4.148277479222248,4.151751733403672,661484000,NVDA
2019-03-18,4.192697048187256,4.299406782509972,4.165647102759236,4.24555539066264,486992000,NVDA
2019-03-19,4.360455513000488,4.404876735512573,4.270372939225768,4.287247683533354,854972000,NVDA
2019-03-20,4.327947616577148,4.4428465182643775,4.2932045970185815,4.389491623226425,719148000,NVDA
2019-03-21,4.564691066741943,4.590996459054892,4.346060715087883,4.351024068102612,824312000,NVDA
2019-03-22,4.404877185821533,4.58603540155432,4.390980169089334,4.537395842991622,747644000,NVDA
2019-03-25,4.312560558319092,4.428452011351479,4.2463012357652055,4.364178314815477,525212000,NVDA
2019-03-26,4.389242649078369,4.510345483093209,4.332909563202776,4.454260896302469,703508000,NVDA
2019-03-27,4.380060195922852,4.461209104969056,4.31057512314032,4.414803205645676,474372000,NVDA
2019-03-28,4.398672580718994,4.464435374742539,4.345565726024359,4.4061171395403385,480264000,NVDA
2019-03-29,4.455996990203857,4.480317235001554,4.415050503823399,4.465427173289132,456896000,NVDA
2019-04-01,4.52349853515625,4.553774244421854,4.476099581852805,4.5478183128725345,483824000,NVDA
2019-04-02,4.541366100311279,4.585787326890967,4.504638406005335,4.547570531284838,440920000,NVDA
2019-04-03,4.6808342933654785,4.739897100163296,4.586036360828847,4.590999717366156,783504000,NVDA
2019-04-04,4.671900272369385,4.714335878849581,4.609115189644148,4.665447814698832,457376000,NVDA
2019-04-05,4.738654613494873,4.75602635620326,4.678599721268177,4.715079386959449,481744000,NVDA
2019-04-08,4.759500026702881,4.784564351350331,4.684058553705899,4.70813030212942,424192000,NVDA
2019-04-09,4.69671630859375,4.7371667596078275,4.654528730358178,4.725999445565127,439972000,NVDA
2019-04-10,4.767192840576172,4.793001716968582,4.691503811538995,4.695970641427767,444772000,NVDA
2019-04-11,4.753296852111816,4.801192335882871,4.703912740277553,4.769675547460373,374600000,NVDA
2019-04-12,4.715326309204102,4.795979153386184,4.706640676548367,4.792008375601499,471708000,NVDA
2019-04-15,4.583554744720459,4.712599176450143,4.543848838546977,4.707635819845524,440092000,NVDA
2019-04-16,4.670659065246582,4.689519439447485,4.590006659955849,4.622764052340222,394964000,NVDA
2019-04-17,4.6478271484375,4.7264943797261205,4.6254925256324,4.705648857996442,351004000,NVDA
2019-04-18,4.623258590698242,4.688525328303081,4.595464563428602,4.654527344708114,380988000,NVDA
2019-04-22,4.67711067199707,4.692744814609717,4.568167725221055,4.599684036202599,279936000,NVDA
2019-04-23,4.731705665588379,4.7629744208895,4.680584438559012,4.690262648692707,346856000,NVDA
2019-04-24,4.744113445281982,4.784811906449244,4.6813283903114495,4.742127819697894,318204000,NVDA
2019-04-25,4.63839864730835,4.726248069337439,4.558738810834855,4.703913438426198,499296000,NVDA
2019-04-26,4.41951847076416,4.489004023316028,4.300648812147661,4.484536719653351,868988000,NVDA
2019-04-29,4.450290679931641,4.478084711463845,4.355244274724534,4.427459530221901,391920000,NVDA
2019-04-30,4.491733551025391,4.5172939298826655,4.398920800745768,4.418029196784141,362920000,NVDA
2019-05-01,4.478582382202148,4.586284755277775,4.4783338830487445,4.544097172337305,354280000,NVDA
2019-05-02,4.54608154296875,4.587772593757041,4.445079671119755,4.488259823245239,394684000,NVDA
2019-05-03,4.541614532470703,4.564445209856069,4.480070061840967,4.55451897244162,336824000,NVDA
2019-05-06,4.463193893432617,4.475353778888014,4.318018871706679,4.3552430784746345,422176000,NVDA
2019-05-07,4.295934677124023,4.414804355692643,4.247791165108241,4.414804355692643,555220000,NVDA
2019-05-08,4.31603479385376,4.39619113153443,4.256475953533578,4.268387816263933,419168000,NVDA
2019-05-09,4.2234697341918945,4.2567236422367785,4.104600562047052,4.247045432034035,660248000,NVDA
2019-05-10,4.189472198486328,4.258213200204973,4.069857989647031,4.192698426677271,569500000,NVDA
2019-05-13,3.9321281909942627,4.080529244233169,3.916245785820489,4.057450068746482,656912000,NVDA
2019-05-14,4.0212178230285645,4.056456882018139,3.933120175554626,3.9718332513000205,524880000,NVDA
2019-05-15,3.9601712226867676,3.9966508958979343,3.9063200398520586,3.965630630378705,502320000,NVDA
2019-05-16,3.9753079414367676,4.017992036732393,3.9122750848156906,3.954710681031383,781088000,NVDA
2019-05-17,3.8844807147979736,4.062661177030915,3.845023085268538,3.933368765828099,1022068000,NVDA
2019-05-20,3.765859365463257,3.84080432009012,3.7410430644171724,3.78571231163381,572064000,NVDA
2019-05-21,3.8480007648468018,3.8638831687512023,3.787945639561651,3.8266589547037935,361848000,NVDA
2019-05-22,3.7770273685455322,3.835345379011772,3.7661080804872102,3.809288471143611,325868000,NVDA
2019-05-23,3.65592360496521,3.71473789281593,3.59611650414154,3.71473789281593,591844000,NVDA
2019-05-24,3.6020729541778564,3.7100233347697302,3.5953724714748616,3.6747842674657405,357584000,NVDA
2019-05-28,3.5569074153900146,3.6524498804386654,3.554922025822232,3.6196924908980788,428356000,NVDA
2019-05-29,3.4827065467834473,3.544250538707785,3.4479637722032397,3.5092597383800683,559800000,NVDA
2019-05-30,3.4561233520507812,3.5217129097736546,3.417862697733788,3.4859367658397282,394300000,NVDA
2019-05-31,3.3654394149780273,3.4745069176550714,3.3637003057190267,3.407178274129911,389720000,NVDA
2019-06-03,3.3237011432647705,3.4153773260837044,3.294384591558099,3.3766198268508947,478644000,NVDA
2019-06-04,3.5527684688568115,3.557985798338294,3.3656890602587226,3.387800633337759,641836000,NVDA
2019-06-05,3.510035991668701,3.6320227028941674,3.47376299308284,3.6265568274442597,511616000,NVDA
2019-06-06,3.5721476078033447,3.5967436938398136,3.5117753750832876,3.514259885657307,408140000,NVDA
2019-06-07,3.614880084991455,3.649165429517179,3.558979783449994,3.5781102299670082,348856000,NVDA
2019-06-10,3.6876745223999023,3.756245446359762,3.6710285868738093,3.6710285868738093,402780000,NVDA
2019-06-11,3.7453134059906006,3.7853131677784257,3.7058107357981984,3.7475493704262557,383872000,NVDA
2019-06-12,3.632270336151123,3.7080462301100074,3.6171152047465274,3.701834955314087,358892000,NVDA
2019-06-13,3.68345046043396,3.7018352667303276,3.6367425703957896,3.6543822132026853,308080000,NVDA
2019-06-14,3.5935134887695312,3.614631353049393,3.548793486774963,3.590283814836257,394428000,NVDA
2019-06-17,3.603203058242798,3.6402214579436385,3.568917477844236,3.5917744524646253,276040000,NVDA
2019-06-18,3.7982325553894043,3.8536357625554243,3.6536374159713,3.6645689299172894,581920000,NVDA
2019-06-19,3.8041956424713135,3.8449405739498417,3.778108754942864,3.8335122042434153,331644000,NVDA
2019-06-20,3.828542709350586,3.9087905440104374,3.8141329760826768,3.894877665415774,350168000,NVDA
2019-06-21,3.7704062461853027,3.862828081610983,3.7639466619065165,3.8136359175500583,434428000,NVDA
2019-06-24,3.7927663326263428,3.8223314347522352,3.7445678782554253,3.7917726233411475,282948000,NVDA
2019-06-25,3.7634499073028564,3.8727659883014587,3.7607170882054692,3.7977354851308696,311868000,NVDA
2019-06-26,3.956739664077759,4.0178575153804035,3.8779826461274642,3.8909018127913964,584072000,NVDA
2019-06-27,4.055373191833496,4.074503399227054,4.006429335736305,4.042454023040567,445440000,NVDA
2019-06-28,4.080219268798828,4.108542126655406,4.033511597472698,4.099349482984611,397668000,NVDA
2019-07-01,4.128416061401367,4.321706491667773,4.090900575141804,4.287420915906709,709756000,NVDA
2019-07-02,4.030529022216797,4.132888674896865,4.017361543065561,4.111770572605332,400228000,NVDA
2019-07-03,4.043447971343994,4.05959705175763,3.9835728354097175,4.053882630539049,246636000,NVDA
2019-07-05,3.980839490890503,3.989535039072313,3.9174856697123612,3.9850631105605014,396552000,NVDA
2019-07-08,3.905808925628662,3.9400945021535914,3.8757472058921416,3.9212126041796265,329788000,NVDA
2019-07-09,3.9082937240600586,3.9363680273034034,3.850902862411246,3.863573485967393,342860000,NVDA
2019-07-10,3.9766156673431396,4.034006282400722,3.937858165774775,3.951771042152371,452076000,NVDA
2019-07-11,4.131148815155029,4.1718937373983955,4.012391793843723,4.049658496796459,682560000,NVDA
2019-07-12,4.164193153381348,4.235248835282118,4.158975822873051,4.158975822873051,506392000,NVDA
2019-07-15,4.155745029449463,4.201458975860337,4.127422654913756,4.185310369926931,289840000,NVDA
2019-07-16,4.151024341583252,4.178104694984818,4.095372360134823,4.140837992750941,341444000,NVDA
2019-07-17,4.216366767883301,4.223323208289703,4.123448058029821,4.152764620848793,348204000,NVDA
2019-07-18,4.228042125701904,4.2908988524978815,4.170154418749741,4.226800107676858,442192000,NVDA
2019-07-19,4.184813976287842,4.272763664177601,4.178851245424811,4.266304315501294,344896000,NVDA
2019-07-22,4.256365776062012,4.269284945778942,4.1987263670271,4.206179898204065,315940000,NVDA
2019-07-23,4.364190101623535,4.366177519950848,4.279966971202306,4.295619430613244,428176000,NVDA
2019-07-24,4.438724994659424,4.44443941661251,4.331396786930893,4.4074210130505955,366236000,NVDA
2019-07-25,4.307546615600586,4.409906293711678,4.284192779769576,4.3972354291887115,392700000,NVDA
2019-07-26,4.349532127380371,4.396239778419283,4.334625541146466,4.334625541146466,274160000,NVDA
2019-07-29,4.343321323394775,4.359470402443908,4.255123345438182,4.342327614108528,248160000,NVDA
2019-07-30,4.35897159576416,4.3711453590065,4.282450324369205,4.29686028802963,197772000,NVDA
2019-07-31,4.191769599914551,4.328414817582776,4.149533874289371,4.327420634406014,359416000,NVDA
2019-08-01,4.097359657287598,4.292637470860542,4.045185902641295,4.202203310312909,421212000,NVDA
2019-08-02,4.004688739776611,4.074005269586262,3.9572359391289105,4.004688739776611,428348000,NVDA
2019-08-05,3.746307611465454,3.8223318291537214,3.6993514073238907,3.8210895739510824,589156000,NVDA
2019-08-06,3.785064697265625,3.8665547864405707,3.7373633319030835,3.821089385558157,361272000,NVDA
2019-08-07,3.8233249187469482,3.8352503772102997,3.706804100698316,3.724195196844107,372560000,NVDA
2019-08-08,3.9318954944610596,3.9331377494324142,3.8235733724795593,3.880964225315059,309300000,NVDA
2019-08-09,3.8305296897888184,3.8943801242971965,3.780095276837074,3.890901905261621,341816000,NVDA
2019-08-12,3.762704610824585,3.830530126690227,3.7408413480102225,3.7783565982699034,279200000,NVDA
2019-08-13,3.8769891262054443,3.9229516149101764,3.7222078919153594,3.7612137050136867,351956000,NVDA
2019-08-14,3.728419542312622,3.7999718331507517,3.684693247660859,3.7887917728987963,419880000,NVDA
2019-08-15,3.69612193107605,3.7671773732458775,3.6618365838078555,3.7473017615381745,477200000,NVDA
2019-08-16,3.96419358253479,4.013385507277069,3.8976100874493658,3.9589762535933977,1007960000,NVDA
2019-08-19,4.24294900894165,4.258849778782694,4.061335727920661,4.077484806609766,815112000,NVDA
2019-08-20,4.170651912689209,4.237980574292115,4.149533813251325,4.2374834827110455,463188000,NVDA
2019-08-21,4.254129409790039,4.309284306296547,4.215123593272236,4.236738311589228,427244000,NVDA
2019-08-22,4.260341167449951,4.306303425891061,4.221086565934948,4.263819387290122,303488000,NVDA
2019-08-23,4.0357465744018555,4.238229689306233,4.015870963200146,4.183820185871356,568056000,NVDA
2019-08-26,4.11052942276001,4.138603970826915,4.072268995535402,4.114504735170057,318208000,NVDA
2019-08-27,4.019846439361572,4.151522191255161,3.990529876099895,4.148789371607373,290968000,NVDA
2019-08-28,4.009400844573975,4.0621233705928095,3.954191348776583,3.993484807200395,255612000,NVDA
2019-08-29,4.153143882751465,4.185473535124823,4.097436813714103,4.100918475882633,357976000,NVDA
2019-08-30,4.165826797485352,4.249138608999759,4.147672348467827,4.199400171587495,290616000,NVDA
2019-09-03,4.082763671875,4.126035890590796,4.059884315139665,4.09296010286523,296140000,NVDA
2019-09-04,4.196913242340088,4.204374150325406,4.143444587630888,4.143444587630888,227728000,NVDA
2019-09-05,4.469976902008057,4.4761940885888105,4.297385108269852,4.2991259394861,695676000,NVDA
2019-09-06,4.442869663238525,4.5035502065782005,4.404819927731002,4.446599880651899,376976000,NVDA
2019-09-09,4.488875865936279,4.575420769613339,4.47246225091248,4.473954527098501,417524000,NVDA
2019-09-10,4.555527210235596,4.582136790985411,4.446351465394073,4.456050315577529,352812000,NVDA
2019-09-11,4.584125995635986,4.6323721593145075,4.541102325489207,4.570199346218008,361512000,NVDA
2019-09-12,4.582633972167969,4.68534349163841,4.5746759541097894,4.630631583854863,327840000,NVDA
2019-09-13,4.524688720703125,4.553039603252605,4.480918912152651,4.515984564789809,324592000,NVDA
2019-09-16,4.481665134429932,4.516233204088188,4.439139046979034,4.449584034270801,231832000,NVDA
2019-09-17,4.503052711486816,4.507280512218922,4.441874589707027,4.488379923419251,223048000,NVDA
2019-09-18,4.475944519042969,4.511756306315904,4.389400077978017,4.496088827261823,258152000,NVDA
2019-09-19,4.40034294128418,4.5003169278343025,4.389648925575745,4.481913449393147,245476000,NVDA
2019-09-20,4.294650077819824,4.422974981792765,4.284454117212806,4.399349477724203,350244000,NVDA
2019-09-23,4.348117828369141,4.393628469610187,4.291167506740265,4.2948981982130965,249712000,NVDA
2019-09-24,4.290671348571777,4.409048373497199,4.255108577586994,4.379454235851104,317268000,NVDA
2019-09-25,4.432423114776611,4.452069836630531,4.245407136801881,4.290171627368965,308432000,NVDA
2019-09-26,4.410289287567139,4.431428284943209,4.359307613630581,4.422724131418001,234564000,NVDA
2019-09-27,4.271520614624023,4.419243167638344,4.210839610602333,4.368510040267735,362056000,NVDA
2019-09-30,4.328968524932861,4.3391649573473305,4.26604957361088,4.297385009121314,186184000,NVDA
2019-10-01,4.327227592468262,4.501311654683677,4.322502682675596,4.352096811976308,366008000,NVDA
2019-10-02,4.303354263305664,4.317280914728532,4.230985007369558,4.305343649411506,293372000,NVDA
2019-10-03,4.509020805358887,4.5152379912203155,4.277489331704058,4.307829597154167,450588000,NVDA
2019-10-04,4.525435447692871,4.554781026972775,4.446102866898809,4.511259767403537,265524000,NVDA
2019-10-07,4.584125995635986,4.6838509563644015,4.581639026191215,4.590343182077452,480984000,NVDA
2019-10-08,4.407554626464844,4.492358238452313,4.389400177797772,4.492358238452313,444436000,NVDA
2019-10-09,4.494101047515869,4.543590951126894,4.455554192923442,4.484402195184562,292412000,NVDA
2019-10-10,4.551796913146973,4.60277861262749,4.4866400063489715,4.491862501080784,309124000,NVDA
2019-10-11,4.625409126281738,4.708720473400981,4.616953524504496,4.635854114003878,446404000,NVDA
2019-10-14,4.638839244842529,4.659729225023902,4.5856191268500295,4.616705542407852,200040000,NVDA
2019-10-15,4.883551120758057,4.956169413310423,4.715187089656604,4.72911421687751,664124000,NVDA
2019-10-16,4.829833507537842,4.954428183676151,4.818393825639987,4.84948023741831,428944000,NVDA
2019-10-17,4.831823348999023,4.919362505869722,4.777359515589503,4.874349442507678,263436000,NVDA
2019-10-18,4.7373199462890625,4.864898689154544,4.662961309729431,4.8323200037831615,307440000,NVDA
2019-10-21,4.874598503112793,4.888028046846711,4.779846981530951,4.798747574905551,261868000,NVDA
2019-10-22,4.864649772644043,5.036743978175857,4.856940309699533,4.931547495369261,328720000,NVDA
2019-10-23,4.851717948913574,4.865893153302689,4.750749263949336,4.782581809503783,279916000,NVDA
2019-10-24,4.895735740661621,4.9293086391679815,4.858929260405029,4.892999742490089,232020000,NVDA
2019-10-25,5.086730480194092,5.10762045221123,4.968602052373202,4.97631151457108,423092000,NVDA
2019-10-28,5.1426873207092285,5.195160817812477,5.1011554471025145,5.130501026468561,330792000,NVDA
2019-10-29,5.046442985534668,5.13522585233698,5.027045287413625,5.12875963673601,211236000,NVDA
2019-10-30,5.048432350158691,5.079021648128186,4.980290903691012,5.073301570839169,205960000,NVDA
2019-10-31,4.9991912841796875,5.04843213985258,4.919361606152492,5.027542166113943,209732000,NVDA
2019-11-01,5.03823709487915,5.070566754236402,4.938760198276227,4.963877977109576,283640000,NVDA
2019-11-04,5.234951019287109,5.247385867333541,5.09618162521197,5.119309541330526,376716000,NVDA
2019-11-05,5.212817668914795,5.260814805613796,5.164820057874853,5.234702336865044,300868000,NVDA
2019-11-06,5.163577556610107,5.214310224843128,5.0760379234743285,5.188695336038116,269012000,NVDA
2019-11-07,5.181234359741211,5.264794745082253,5.136469850653474,5.250121954851984,280340000,NVDA
2019-11-08,5.167307376861572,5.198891370489453,5.126770671726105,5.1643232978060345,189100000,NVDA
2019-11-11,5.177254676818848,5.2003825913508255,5.080264766074003,5.166560660798432,243436000,NVDA
2019-11-12,5.212817668914795,5.26877329790565,5.180487539124105,5.215553193115959,283504000,NVDA
2019-11-13,5.186954021453857,5.209087245194441,5.120553401550179,5.181482498429327,300188000,NVDA
2019-11-14,5.217293739318848,5.219532154092562,5.135971784320938,5.195906181842262,518080000,NVDA
2019-11-15,5.078026294708252,5.2667826542626015,4.989740549058636,5.215054833764426,1053628000,NVDA
2019-11-18,5.279217720031738,5.305827295235914,5.067581519823676,5.070565598357839,574588000,NVDA
2019-11-19,5.17252779006958,5.271755612446941,5.114334239999445,5.248130121153581,414564000,NVDA
2019-11-20,5.251862525939941,5.335671461810984,5.13696717967048,5.14965058310742,472588000,NVDA
2019-11-21,5.226992607116699,5.303092068928658,5.205356494921944,5.247385471771006,288388000,NVDA
2019-11-22,5.244650840759277,5.296129646099661,5.221024864399534,5.249624306108858,224100000,NVDA
2019-11-25,5.501298904418945,5.506272842981448,5.359793530399682,5.372725486057657,506476000,NVDA
2019-11-26,5.396601676940918,5.48836864233391,5.3901354599461735,5.48364325693913,385244000,NVDA
2019-11-27,5.4314422607421875,5.476488528610834,5.405061788535433,5.4421441671354875,215784000,NVDA
2019-11-29,5.394109725952148,5.428952029023715,5.370217589736916,5.400580710631598,141556000,NVDA
2019-12-02,5.207704544067383,5.400582876929186,5.1925234522213355,5.387143426244552,372036000,NVDA
2019-12-03,5.168132305145264,5.172114011809415,4.986702622589351,5.024033733365332,465232000,NVDA
2019-12-04,5.211935043334961,5.274153732856538,5.183314503117947,5.251754966653496,273424000,NVDA
2019-12-05,5.195011615753174,5.249515151275066,5.164399748390317,5.23383611053888,184884000,NVDA
2019-12-06,5.2803754806518555,5.313227415652003,5.254243745108369,5.264198963234036,232236000,NVDA
2019-12-09,5.2803754806518555,5.335128230961175,5.248768659953807,5.257479238468303,211880000,NVDA
2019-12-10,5.325422763824463,5.377188764051814,5.257728507924325,5.310489935126667,256388000,NVDA
2019-12-11,5.40904426574707,5.414519826084976,5.333386594889991,5.335875399645226,233796000,NVDA
2019-12-12,5.576536655426025,5.5947045015481045,5.37121526284886,5.38017457953969,404348000,NVDA
2019-12-13,5.574544906616211,5.698733528864786,5.5205388530199935,5.579522514952342,454704000,NVDA
2019-12-16,5.603415012359619,5.675837657921768,5.593957744993364,5.622080809045653,320976000,NVDA
2019-12-17,5.681562423706055,5.7042099297644295,5.612624003881161,5.622081272026224,321196000,NVDA
2019-12-18,5.7119245529174805,5.7724011259536825,5.707942370760209,5.716404211162584,343548000,NVDA
2019-12-19,5.8600053787231445,5.873444829336286,5.741541026700463,5.74651863616392,445360000,NVDA
2019-12-20,5.957314968109131,5.982700014163713,5.907291090118144,5.926454362351506,603044000,NVDA
2019-12-23,5.943626403808594,6.018039896284689,5.932924972502659,5.985935127675997,355060000,NVDA
2019-12-24,5.938649654388428,5.955822074319842,5.893852119730991,5.928196959593819,138864000,NVDA
2019-12-26,5.952836513519287,5.980959107765898,5.923220066661542,5.942134604679745,182852000,NVDA
2019-12-27,5.895096778869629,5.981456354930958,5.868715829045477,5.968016904612984,254644000,NVDA
2019-12-30,5.781858921051025,5.878422456289142,5.750500835781686,5.873196108744252,258056000,NVDA
2019-12-31,5.85602331161499,5.865480579138932,5.7273550104938185,5.746518283592325,231004000,NVDA
2020-01-02,5.970753192901611,5.970753192901611,5.8913625714305295,5.9418839191567505,237536000,NVDA
2020-01-03,5.875186920166016,5.918989028814216,5.826158464010726,5.8510460365310895,205384000,NVDA
2020-01-06,5.899825096130371,5.905051443474641,5.7557269623863725,5.781858699107725,262636000,NVDA
2020-01-07,5.971251487731934,6.017044442487873,5.883149809298522,5.928196075296092,314856000,NVDA
2020-01-08,5.98245096206665,6.023764259600942,5.926952001977037,5.967020659997875,277108000,NVDA
2020-01-09,6.048155307769775,6.120577964594168,5.994398450534082,6.068811961421722,255112000,NVDA
2020-01-10,6.080508232116699,6.185782344219764,6.06632256758394,6.155419686593314,316296000,NVDA
2020-01-13,6.271147727966309,6.296284043113698,6.1409860181036064,6.163634002769199,319840000,NVDA
2020-01-14,6.154175281524658,6.2537250915044345,6.140984569750498,6.228339569543208,359088000,NVDA
2020-01-15,6.111617088317871,6.189266079309119,6.085734091320788,6.166867313650455,263104000,NVDA
2020-01-16,6.195239543914795,6.201212580149905,6.141731430548025,6.165125624680976,284192000,NVDA
2020-01-17,6.203949928283691,6.221869036427009,6.156414852642917,6.21440262269456,253792000,NVDA
2020-01-21,6.170600891113281,6.204199040327583,6.13650479111519,6.167365397745973,217916000,NVDA
2020-01-22,6.224606990814209,6.311215307199664,6.196981875274955,6.215896411562279,239240000,NVDA
2020-01-23,6.2930474281311035,6.301509269273523,6.175827715920401,6.264676098533878,244516000,NVDA
2020-01-24,6.2338151931762695,6.4583003373897805,6.179560391908617,6.408525194546055,373512000,NVDA
2020-01-27,5.977972507476807,6.028991819907899,5.779619081655654,5.929192787115326,470536000,NVDA
2020-01-28,6.171347618103027,6.203701127903374,5.990664110182417,6.043923483285389,310976000,NVDA
2020-01-29,6.110870361328125,6.192999003620118,6.071049967628455,6.156912053677501,258848000,NVDA
2020-01-30,6.117591381072998,6.1310308331058625,5.958062920851865,6.013063944753105,290504000,NVDA
2020-01-31,5.884146213531494,6.083743794323115,5.842335433644446,6.071797721586541,370420000,NVDA
2020-02-03,5.981208324432373,6.000620338642555,5.859757205155272,5.865978980238484,255564000,NVDA
2020-02-04,6.150442123413086,6.169605872146606,6.073042338363258,6.123066221076983,271544000,NVDA
2020-02-05,6.240784168243408,6.281599522897075,6.157410868343357,6.271395565560913,208220000,NVDA
2020-02-06,6.327640056610107,6.327640056610107,6.193994633007796,6.275127851182207,218284000,NVDA
2020-02-07,6.261440753936768,6.309722522519821,6.2360552299053404,6.287572492182964,189752000,NVDA
2020-02-10,6.5446600914001465,6.545406305582232,6.279110375824013,6.284087985183651,529608000,NVDA
2020-02-11,6.667105674743652,6.781837046465361,6.59095006078048,6.652920011237149,638556000,NVDA
2020-02-12,6.782832622528076,6.789303609316135,6.6810427471678455,6.719867243823403,374644000,NVDA
2020-02-13,6.7390313148498535,6.806227621791376,6.6974692706660415,6.724845649351327,528016000,NVDA
2020-02-14,7.2121405601501465,7.341057578240448,7.117817113076775,7.149175191200964,1041924000,NVDA
2020-02-18,7.380878925323486,7.399295984825902,7.0894466884047596,7.108858700139689,620164000,NVDA
2020-02-19,7.832088947296143,7.849759318235343,7.503325584326226,7.503325584326226,694332000,NVDA
2020-02-20,7.682765007019043,7.8724073813015805,7.375404488233525,7.78405694442259,810052000,NVDA
2020-02-21,7.318660259246826,7.595658094730664,7.2337940614080205,7.570521784732128,768180000,NVDA
2020-02-24,6.801249027252197,7.015032728613473,6.669843188096239,6.724346724805658,856916000,NVDA
2020-02-25,6.521762847900391,6.9383791289907055,6.419972975741394,6.876409179119824,1055496000,NVDA
2020-02-26,6.661132335662842,6.855254805834206,6.52051844783171,6.522011350712756,747732000,NVDA
2020-02-27,6.290337085723877,6.64893125360864,6.197949244815988,6.3476124078584535,906416000,NVDA
2020-02-28,6.725379467010498,6.784896179324931,6.021141039855655,6.037825478253716,1133252000,NVDA
2020-03-02,6.88375997543335,6.912646997105689,6.499516704618739,6.89546430619151,890744000,NVDA
2020-03-03,6.621288776397705,6.999306519580371,6.535873577697565,6.939540911663828,652792000,NVDA
2020-03-04,7.0849714279174805,7.094434352559706,6.653911295478629,6.728618670281707,597408000,NVDA
2020-03-05,6.80556583404541,7.052348018857373,6.760990398482024,6.885502193942005,540328000,NVDA
2020-03-06,6.625024795532227,6.683545501636067,6.424809580590504,6.626020817874118,515412000,NVDA
2020-03-09,6.112036228179932,6.459673198416253,5.931245111708743,5.9740769221666445,614160000,NVDA
2020-03-10,6.501509189605713,6.501509189605713,6.1257327953788865,6.388452338454061,580648000,NVDA
2020-03-11,6.137685298919678,6.389946359754205,6.040566234422032,6.361557585907616,499964000,NVDA
2020-03-12,5.386630535125732,5.879946119674955,5.3739301811778155,5.614486920815418,816540000,NVDA
2020-03-13,5.997485160827637,6.001967498882198,5.468808182759905,5.739994622297284,634836000,NVDA
2020-03-16,4.8908233642578125,5.630423762094132,4.8310577571051,5.289510107058595,726972000,NVDA
2020-03-17,5.410536289215088,5.499936062141312,4.756351479681672,5.003133705903673,833632000,NVDA
2020-03-18,5.050697326660156,5.228002130434769,4.499359291947831,4.982963056670946,874268000,NVDA
2020-03-19,5.3034563064575195,5.397089051683916,4.815868008217613,5.029280865027534,765512000,NVDA
2020-03-20,5.123661994934082,5.735512835022554,5.108222459616353,5.453618059477719,804636000,NVDA
2020-03-23,5.296483516693115,5.390863877993336,4.943617068293397,5.122665029285088,643876000,NVDA
2020-03-24,6.205169200897217,6.291829772759766,5.678982650274481,5.702639718685293,1101644000,NVDA
2020-03-25,6.116518497467041,6.51993651399452,6.067709603569407,6.320219550387866,793432000,NVDA
2020-03-26,6.405883312225342,6.529896863520589,6.225589994205439,6.323705068326,696108000,NVDA
2020-03-27,6.293574810028076,6.552310269100053,6.192720061989183,6.225591175797797,638828000,NVDA
2020-03-30,6.6138176918029785,6.623031728248877,6.314989186529954,6.359066374433606,602252000,NVDA
2020-03-31,6.564262866973877,6.858110818678455,6.4185838002500555,6.653911048444438,949960000,NVDA
2020-04-01,6.0530171394348145,6.512714924766712,6.0084421721262595,6.366289194622449,656912000,NVDA
2020-04-02,6.361807823181152,6.375005952101306,6.034092682139081,6.0821539723483005,675764000,NVDA
2020-04-03,6.073935031890869,6.365790446984206,5.93647398835557,6.324203549888502,663212000,NVDA
2020-04-06,6.683793067932129,6.72064873714971,6.298553361056934,6.356078033453487,727884000,NVDA
2020-04-07,6.4504594802856445,6.929083148905279,6.4073783058763185,6.905425598520726,784520000,NVDA
2020-04-08,6.647686004638672,6.672588463674239,6.489555935983957,6.559531613136199,542444000,NVDA
2020-04-09,6.548076629638672,6.796353134002259,6.485073584152493,6.773443194720866,525564000,NVDA
2020-04-13,6.7199015617370605,6.728617349173247,6.399906294509085,6.488309552776003,398408000,NVDA
2020-04-14,7.07102632522583,7.105142347092595,6.82050841584251,6.848150054899666,530948000,NVDA
2020-04-15,6.993580341339111,7.076505265302818,6.857613541451521,6.902935649755739,366148000,NVDA
2020-04-16,7.33872652053833,7.445806762036778,7.135772595346985,7.148970722910891,745620000,NVDA
2020-04-17,7.279458045959473,7.442319315033417,7.145483321026608,7.420903174994001,539120000,NVDA
2020-04-20,7.148223876953125,7.308844245707221,7.103897792505728,7.152955577104909,449388000,NVDA
2020-04-21,6.711435794830322,7.091445616166111,6.651670181611287,7.030186206973382,735160000,NVDA
2020-04-22,7.125811576843262,7.16864386436496,6.858111442244834,6.9036824351032005,483356000,NVDA
2020-04-23,7.072519779205322,7.2998783766301765,7.047368434745223,7.167896158666759,424160000,NVDA
2020-04-24,7.211474895477295,7.213466940038057,6.987602620072734,7.062309990799621,352328000,NVDA
2020-04-27,7.397995471954346,7.557868722634933,7.321296038534304,7.345949614445199,479388000,NVDA
2020-04-28,7.255552768707275,7.5752992244995125,7.250074408163372,7.545416178407989,442904000,NVDA
2020-04-29,7.4323577880859375,7.485150759397613,7.315067517047016,7.39027264811103,379160000,NVDA
2020-04-30,7.278463363647461,7.432359986140536,7.264518100117333,7.378321614986375,375916000,NVDA
2020-05-01,7.0418901443481445,7.194292483570223,6.993579499567315,7.080986751472618,342096000,NVDA
2020-05-04,7.253809452056885,7.267505828091796,6.994575754670369,6.994575754670369,317556000,NVDA
2020-05-05,7.314820766448975,7.477433178045729,7.25380976375586,7.357901941109124,368896000,NVDA
2020-05-06,7.415673732757568,7.520513027172209,7.356406373420387,7.39425806760454,323464000,NVDA
2020-05-07,7.591983318328857,7.655235248420218,7.503580043298903,7.554878755504124,373732000,NVDA
2020-05-08,7.781989097595215,7.7882145938783065,7.6298356315598355,7.663702768316783,339216000,NVDA
2020-05-11,8.034001350402832,8.080817728764211,7.7483709050665075,7.777008568160704,469060000,NVDA
2020-05-12,7.772026062011719,8.140580863403843,7.762314252138268,8.091772452263047,493060000,NVDA
2020-05-13,7.7496161460876465,8.046949968056559,7.56508934146451,7.886578962698075,625852000,NVDA
2020-05-14,7.999136447906494,8.004614807486414,7.65747566010814,7.8111233649000535,602312000,NVDA
2020-05-15,8.457588195800781,8.46729953029396,7.843246781889326,7.858935199100992,987660000,NVDA
2020-05-18,8.716075897216797,8.88167683840197,8.646598471953777,8.726285957195563,774460000,NVDA
2020-05-19,8.771111488342285,9.052009769820181,8.728528084789303,8.755920839710528,717320000,NVDA
2020-05-20,8.934966087341309,9.007680925239711,8.854033235926078,8.955883976329927,587536000,NVDA
2020-05-21,8.74097728729248,9.017143781798746,8.70337448278316,9.016148234630046,761068000,NVDA
2020-05-22,8.990999221801758,9.057489064070714,8.67922186989456,8.79078398433552,1038764000,NVDA
2020-05-26,8.683703422546387,9.145892022825116,8.638132428316577,9.12098908749337,770780000,NVDA
2020-05-27,8.491955757141113,8.599035050610656,7.965519216479686,8.591315758387081,1175892000,NVDA
2020-05-28,8.453853607177734,8.726284915463808,8.34652354679556,8.379394654282432,734896000,NVDA
2020-05-29,8.840837478637695,8.840837478637695,8.451862463225005,8.52109100854398,745256000,NVDA
2020-06-01,8.771855354309082,8.806220730447182,8.655561576329143,8.798750326921363,389876000,NVDA
2020-06-02,8.79078197479248,8.802735191457245,8.624185501823682,8.761895905306496,391320000,NVDA
2020-06-03,8.735251426696777,8.831623838211076,8.666022881980009,8.787796002330985,365440000,NVDA
2020-06-04,8.736247062683105,8.912386326144187,8.647553504406243,8.697879144021291,424280000,NVDA
2020-06-05,8.889217376708984,8.965951317079053,8.677949089907083,8.764150747814513,481748000,NVDA
2020-06-08,8.774616241455078,8.859073012868846,8.65577744970242,8.846616337617116,387736000,NVDA
2020-06-09,9.014779090881348,9.078309336769104,8.721047098334322,8.769628771547634,468488000,NVDA
2020-06-10,9.33442497253418,9.467215360522856,9.121910741750701,9.136112317494959,632180000,NVDA
2020-06-11,8.765894889831543,9.229289397995633,8.755680170871136,9.118423392635822,583652000,NVDA
2020-06-12,8.9016752243042,9.155546372764283,8.673216375848513,9.130882024444821,570908000,NVDA
2020-06-15,9.142091751098633,9.150562516844673,8.713575356427903,8.784829388857338,400004000,NVDA
2020-06-16,9.037203788757324,9.23477038751409,8.808246985074005,9.193164514152052,535716000,NVDA
2020-06-17,9.204126358032227,9.266908669502051,9.038947864267794,9.08229864167295,408304000,NVDA
2020-06-18,9.186189651489258,9.250466921441895,9.083046458766479,9.195158418164446,254408000,NVDA
2020-06-19,9.229291915893555,9.412408005152296,9.195409794102758,9.210607376486328,524160000,NVDA
2020-06-22,9.493875503540039,9.498360363074465,9.241250275253519,9.267908531227382,398468000,NVDA
2020-06-23,9.417387008666992,9.609222787872556,9.375034136179282,9.518038281301482,375108000,NVDA
2020-06-24,9.203630447387695,9.523522838602178,9.112943915397793,9.443549028011027,449372000,NVDA
2020-06-25,9.457247734069824,9.472196307970862,9.150560096630016,9.323461371515124,376072000,NVDA
2020-06-26,9.123405456542969,9.4672151136185,9.093509253870403,9.4672151136185,592084000,NVDA
2020-06-29,9.168251991271973,9.17273685020403,8.869287056151329,9.13810678244257,342248000,NVDA
2020-06-30,9.464972496032715,9.493373744022515,9.234520755425343,9.281856485536037,367892000,NVDA
2020-07-01,9.497115135192871,9.5427078842638,9.380519232617074,9.487897365338183,326648000,NVDA
2020-07-02,9.579079627990723,9.703897268706609,9.545196562472253,9.605736929256501,364056000,NVDA
2020-07-06,9.805296897888184,9.87455704089892,9.678984287054332,9.708133497305749,315892000,NVDA
2020-07-07,9.83768367767334,10.035249358720971,9.816756237339161,9.91192667092791,357800000,NVDA
2020-07-08,10.180744171142578,10.189713887639842,9.931108920781993,9.95926117147938,365480000,NVDA
2020-07-09,10.472734451293945,10.533523817921163,10.19818487420453,10.344428905085344,494548000,NVDA
2020-07-10,10.443085670471191,10.618477930540756,10.342932393289248,10.552207713445835,497676000,NVDA
2020-07-13,10.017560005187988,10.755006067364793,9.99040375490686,10.558437354482594,457076000,NVDA
2020-07-14,10.34118938446045,10.366850682254316,9.751730337959055,10.04023152466325,542676000,NVDA
2020-07-15,10.191957473754883,10.396996976392158,10.021049087895884,10.378312439988601,403984000,NVDA
2020-07-16,10.099778175354004,10.171529274896972,9.861353577760145,9.980441376324745,344964000,NVDA
2020-07-17,10.16629695892334,10.213134704535644,10.05293997765378,10.19021430782822,266284000,NVDA
2020-07-20,10.474478721618652,10.494908161522394,10.12170023378326,10.238795062200655,284852000,NVDA
2020-07-21,10.292856216430664,10.523557935067851,10.251250340995028,10.476719249769989,277036000,NVDA
2020-07-22,10.402725219726562,10.565909799920115,10.255983217585523,10.331721147772265,367292000,NVDA
2020-07-23,10.094793319702148,10.510603105060774,9.996632984171347,10.413937722405896,411660000,NVDA
2020-07-24,10.159317970275879,10.32898036367836,9.743259250895763,9.840920619627777,473292000,NVDA
2020-07-27,10.385536193847656,10.405715681180023,10.182488715413822,10.196939292576193,292132000,NVDA
2020-07-28,10.180248260498047,10.346173794016433,10.174020398209997,10.338450978671904,271636000,NVDA
2020-07-29,10.429381370544434,10.479956001780657,10.311290580750423,10.354889400781651,284508000,NVDA
2020-07-30,10.577370643615723,10.586339409099345,10.259720292587549,10.339195130438815,308880000,NVDA
2020-07-31,10.578116416931152,10.729343261864539,10.396993373728074,10.526793833755395,386080000,NVDA
2020-08-03,10.97225284576416,11.060447448058442,10.678270838116557,10.695461367823762,412720000,NVDA
2020-08-04,11.189004898071289,11.189004898071289,10.868365510639228,11.01186864600125,310336000,NVDA
2020-08-05,11.24779987335205,11.332506580940676,11.127716100125092,11.205197994341091,249924000,NVDA
2020-08-06,11.296379089355469,11.318801476170018,11.140170333097835,11.310579712581976,244316000,NVDA
2020-08-07,11.160850524902344,11.465047272124,10.999409884640297,11.273460477418752,342516000,NVDA
2020-08-10,11.126471519470215,11.368882000251494,10.819035809551947,11.29513795421736,427796000,NVDA
2020-08-11,10.8125581741333,11.098318470452666,10.75849467047517,11.035535200137302,354512000,NVDA
2020-08-12,11.40077018737793,11.427427485593178,10.920433215644131,10.952821324520649,464412000,NVDA
2020-08-13,11.403508186340332,11.68129659292526,11.316559543578009,11.506152404863625,374460000,NVDA
2020-08-14,11.524093627929688,11.664357841752082,11.401019946468677,11.490210564033843,366436000,NVDA
2020-08-17,12.294425010681152,12.366924042281948,11.776469020888552,11.810351132151725,621300000,NVDA
2020-08-18,12.218441009521484,12.452879691495585,12.044543652347787,12.407037947095919,503448000,NVDA
2020-08-19,12.096611022949219,12.27250130164275,12.056250147210688,12.25406576741519,622624000,NVDA
2020-08-20,12.099101066589355,12.332293735229182,11.837756147522825,11.933674519900297,921388000,NVDA
2020-08-21,12.639731407165527,12.76454905109329,12.153165555775876,12.159643368535798,999868000,NVDA
2020-08-24,12.676352500915527,12.867939296377706,12.464336268553247,12.83928809456214,490564000,NVDA
2020-08-25,12.705999374389648,12.717210094124312,12.530357162147993,12.587160613133165,289076000,NVDA
2020-08-26,12.728921890258789,12.82409232523214,12.634000455714471,12.755081191057094,321244000,NVDA
2020-08-27,12.584671974182129,12.805657007560127,12.523134653364204,12.737392873510554,317604000,NVDA
2020-08-28,13.102378845214844,13.10262784564443,12.598872415476373,12.631260528605571,537160000,NVDA
2020-08-31,13.328344345092773,13.528151947873681,12.992756452252905,13.137255557317225,500840000,NVDA
2020-09-01,13.777424812316895,13.949629681508943,13.394136574142701,13.437499372727544,511316000,NVDA
2020-09-02,14.30126953125,14.68032067693343,13.856176456399352,14.65739247517934,874012000,NVDA
2020-09-03,12.974466323852539,13.840726125228484,12.838147232687476,13.78515199377627,945128000,NVDA
2020-09-04,12.582701683044434,13.133459422701637,11.667844990816311,12.743442425299765,1463684000,NVDA
2020-09-08,11.87544059753418,12.510432336762877,11.667348976243487,11.697503200446143,795728000,NVDA
2020-09-09,12.674914360046387,12.768866950123394,12.193187256323037,12.360906908639747,736200000,NVDA
2020-09-10,12.272933959960938,13.024058312072276,12.128639734136724,12.948297711708706,698684000,NVDA
2020-09-11,12.12614917755127,12.612610574725382,11.858246276405783,12.446137258689868,636928000,NVDA
2020-09-14,12.831665992736816,13.273020068340417,12.59142659294428,13.039758568536314,1201744000,NVDA
2020-09-15,12.950044631958008,13.256824165575098,12.787309325791663,13.238133086859497,727556000,NVDA
2020-09-16,12.475044250488281,13.051471089335553,12.47429702575866,12.916398336111536,556384000,NVDA
2020-09-17,12.424205780029297,12.55005801210448,11.99680748160983,12.093999936822648,792512000,NVDA
2020-09-18,12.15081787109375,12.592670028470243,11.950950501914122,12.554042509577428,698460000,NVDA
2020-09-21,12.477785110473633,12.48301853522082,11.866966963073288,11.887402512276836,721044000,NVDA
2020-09-22,12.597905158996582,12.608122933885662,12.11717634274842,12.535353135164089,646452000,NVDA
2020-09-23,12.085525512695312,12.68687406505385,12.04116641481339,12.53585102033723,647012000,NVDA
2020-09-24,12.30906867980957,12.52987072793665,11.976122083308846,12.034188858042343,731240000,NVDA
2020-09-25,12.833161354064941,12.842880979305574,12.207142005563057,12.408255730099048,588016000,NVDA
2020-09-28,12.993903160095215,13.010600685407562,12.709801858885758,12.99913658510344,573808000,NVDA
2020-09-29,13.184053421020508,13.400369297212727,12.892476036043018,12.896712211256771,621460000,NVDA
2020-09-30,13.487845420837402,13.579555397840306,13.108794184268403,13.116021161278386,689184000,NVDA
2020-10-01,13.571578025817871,13.71936026989289,13.418312330469947,13.714625944764755,525004000,NVDA
2020-10-02,13.021068572998047,13.476876636179565,13.009853546705289,13.18330571184835,552496000,NVDA
2020-10-05,13.599488258361816,13.601232733408866,13.181061420646227,13.19426999628857,479820000,NVDA
2020-10-06,13.693191528320312,14.09741348387712,13.621917127514193,13.786396879631232,784420000,NVDA
2020-10-07,13.919975280761719,14.074736369831703,13.819792021827784,13.955612959185514,418084000,NVDA
2020-10-08,13.795119285583496,14.040094914623563,13.714624359696066,14.03062436412646,378900000,NVDA
2020-10-09,13.71935749053955,13.780664136525914,13.617679798335953,13.723594615604076,346892000,NVDA
2020-10-12,14.181150436401367,14.301769256477742,13.868639335295843,13.945396247707503,434744000,NVDA
2020-10-13,14.203328132629395,14.303262307853934,13.974551882634765,14.251426207794067,344604000,NVDA
2020-10-14,14.050810813903809,14.297529966845348,13.915987137027978,14.245444791209522,276100000,NVDA
2020-10-15,13.92595386505127,13.961590585087878,13.72434106555909,13.767205710219246,267224000,NVDA
2020-10-16,13.76795768737793,14.076980804729995,13.749017533230512,13.992497811274266,242392000,NVDA
2020-10-19,13.45519733428955,13.939415208053443,13.364483665298152,13.859169341844076,298068000,NVDA
2020-10-20,13.60247802734375,13.756241845405201,13.464414483515402,13.540673229981198,229212000,NVDA
2020-10-21,13.482109069824219,13.74801839791896,13.435008244461862,13.582043246069873,219596000,NVDA
2020-10-22,13.318875312805176,13.568834334002846,13.19003228924796,13.479866110525936,290480000,NVDA
2020-10-23,13.547403335571289,13.550394135898697,13.249346221187796,13.407595303610165,233484000,NVDA
2020-10-26,13.09981918334961,13.649580786393301,12.997393298631682,13.384668685989434,336896000,NVDA
2020-10-27,13.354511260986328,13.399618529477614,13.149907664797599,13.264046698468157,250520000,NVDA
2020-10-28,12.587189674377441,13.218194335892415,12.569246774303116,13.156389534597933,376520000,NVDA
2020-10-29,12.982938766479492,13.15115654997992,12.70980245234301,12.798023456887062,320080000,NVDA
2020-10-30,12.494483947753906,12.895714171196541,12.261221483654902,12.809487666588163,416820000,NVDA
2020-11-02,12.541086196899414,12.796278653138547,12.355921817146161,12.6178430986326,299652000,NVDA
2020-11-03,12.97845458984375,13.06368480734356,12.563018478769813,12.668435175677907,272900000,NVDA
2020-11-04,13.750760078430176,13.783906056536338,13.294952018751445,13.347037197678778,410228000,NVDA
2020-11-05,14.115358352661133,14.293793929805354,13.94689147719748,14.117851003415133,319028000,NVDA
2020-11-06,14.51608943939209,14.542754714559118,13.851192528563923,14.06526480662683,383348000,NVDA
2020-11-09,13.587775230407715,14.6451809486513,13.567838779939635,14.506619243028116,582976000,NVDA
2020-11-10,12.729741096496582,13.56360312015557,12.588437650213546,13.56360312015557,644068000,NVDA
2020-11-11,13.37569808959961,13.392644692449075,12.907428639416796,13.012596256393248,404744000,NVDA
2020-11-12,13.414323806762695,13.722598689302842,13.274017628340097,13.436503832434182,365812000,NVDA
2020-11-13,13.255077362060547,13.625655192905109,13.018076883230666,13.58428594217903,346312000,NVDA
2020-11-16,13.472639083862305,13.60646550624664,13.114521665227775,13.13096916459676,413776000,NVDA
2020-11-17,13.37993335723877,13.553384573065271,13.261807196529444,13.509772694181835,312028000,NVDA
2020-11-18,13.386411666870117,13.562853664158515,13.143430545915464,13.422796566288316,510924000,NVDA
2020-11-19,13.39787769317627,13.444978524071423,13.058700374675698,13.171094964124507,565936000,NVDA
2020-11-20,13.046487808227539,13.451955146489949,13.023808681876831,13.411583145369244,341088000,NVDA
2020-11-23,13.098573684692383,13.340308505174802,12.974465923751294,13.129725162390375,361356000,NVDA
2020-11-24,12.916897773742676,13.120503208532503,12.844377045037543,13.101064907711441,346500000,NVDA
2020-11-25,13.193022727966309,13.22766315151968,12.978950462304862,12.991410861654828,259916000,NVDA
2020-11-27,13.219440460205078,13.365230096581229,13.128976828642482,13.332832293979013,167276000,NVDA
2020-11-30,13.35925006866455,13.370216021216454,12.931353561550191,13.22318099291649,286952000,NVDA
2020-12-01,13.347785949707031,13.486098591334457,13.186545104830103,13.44971368699047,296948000,NVDA
2020-12-02,13.501794815063477,13.63038779166752,13.192522745646151,13.30840624977212,283360000,NVDA
2020-12-03,13.357707977294922,13.620953282969518,13.290900057082574,13.54866029309872,199520000,NVDA
2020-12-04,13.519497871398926,13.521242861894294,13.350481990906417,13.410060816255628,202244000,NVDA
2020-12-07,13.567858695983887,13.692003123709071,13.461414273109401,13.562374575854195,223244000,NVDA
2020-12-08,13.311842918395996,13.559881665713313,13.243538190304427,13.546170890394157,271920000,NVDA
2020-12-09,12.893790245056152,13.375658648592895,12.831468887287063,13.262483420440846,401300000,NVDA
2020-12-10,12.935172080993652,13.031396655684688,12.812772649418692,12.832217643916875,207764000,NVDA
2020-12-11,12.976054191589355,12.982785004370417,12.786347593211344,12.930185195475408,209264000,NVDA
2020-12-14,13.270710945129395,13.350482212225353,13.040122096463001,13.050592039608777,270156000,NVDA
2020-12-15,13.322311401367188,13.425514976759326,13.149058115081804,13.401334261222443,193016000,NVDA
2020-12-16,13.204647064208984,13.398840210528448,13.174732133515494,13.384131893628574,223116000,NVDA
2020-12-17,13.303118705749512,13.341259349880422,13.14083363133033,13.32854516787109,231384000,NVDA
2020-12-18,13.234061241149902,13.366680471863472,13.033137305835055,13.340754772114842,342064000,NVDA
2020-12-21,13.294143676757812,13.331786023918719,12.930436289077491,13.037379962322126,302332000,NVDA
2020-12-22,13.2402982711792,13.299129654478302,13.016689375128038,13.281181451452612,185580000,NVDA
2020-12-23,12.972066879272461,13.237057248843026,12.96782945257242,13.218111501054674,179144000,NVDA
2020-12-24,12.956609725952148,13.094963214418865,12.901767578496214,12.999985337124272,97884000,NVDA
2020-12-28,12.86312484741211,13.025160720001951,12.726766478910855,13.025160720001951,212564000,NVDA
2020-12-29,12.906255722045898,13.035136828772556,12.805544564367517,12.888058370495152,170372000,NVDA
2020-12-30,13.108175277709961,13.175980752150302,12.859887402739746,12.95311933575246,225396000,NVDA
2020-12-31,13.017685890197754,13.113411217008528,12.878085702431163,13.09895299632336,192424000,NVDA
2021-01-04,13.076019287109375,13.613479253749597,12.92545084499774,13.066796036911752,560640000,NVDA
2021-01-05,13.366437911987305,13.405076856763436,13.049596092356595,13.062309324604874,322760000,NVDA
2021-01-06,12.57844352722168,13.207141184667453,12.550025385480215,13.184705459258995,580424000,NVDA
2021-01-07,13.305858612060547,13.339512676724356,12.849666782088335,12.930434635384632,461480000,NVDA
2021-01-08,13.238801956176758,13.382639576611059,13.004723124897778,13.324307443387072,292528000,NVDA
2021-01-11,13.582568168640137,13.92109826379757,13.324308596029095,13.380397446544206,518344000,NVDA
2021-01-12,13.446206092834473,13.715185654983586,13.306856014425799,13.713190565215053,291476000,NVDA
2021-01-13,13.493070602416992,13.586054330700227,13.346740574387052,13.45143998616844,210028000,NVDA
2021-01-14,13.162521362304688,13.560879424388261,13.142828168347837,13.536200407073654,283120000,NVDA
2021-01-15,12.822744369506836,13.28716288467263,12.811776129686693,13.190190863914939,277780000,NVDA
2021-01-19,12.988019943237305,13.056572862335285,12.807287445364308,12.979044892252457,226188000,NVDA
2021-01-20,13.327546119689941,13.392110759074399,13.019429339264908,13.074271482544104,258572000,NVDA
2021-01-21,13.827863693237305,13.959237226928826,13.215120034647857,13.380146684400248,337780000,NVDA
2021-01-22,13.673304557800293,13.802185641575923,13.588298330647525,13.700726105452485,246820000,NVDA
2021-01-25,13.614225387573242,13.788974533130535,13.198666607439788,13.742358087685238,251112000,NVDA
2021-01-26,13.39684772491455,13.605748262959864,13.34923373913582,13.541681919123254,163980000,NVDA
2021-01-27,12.880825996398926,13.194925175530416,12.757179892792237,13.192182640592238,371272000,NVDA
2021-01-28,13.01369571685791,13.301621023796079,12.923454516478738,12.959102719549616,228316000,NVDA
2021-01-29,12.952622413635254,13.296636595811426,12.874596137407885,13.037628651929008,271552000,NVDA
2021-02-01,13.199167251586914,13.232820370910638,12.865872136369923,13.01594228284471,217204000,NVDA
2021-02-02,13.518001556396484,13.53320722236084,13.247526137181742,13.360453169364302,220440000,NVDA
2021-02-03,13.491827964782715,13.891931010643143,13.47786803999946,13.597025697699792,245408000,NVDA
2021-02-04,13.62519359588623,13.634416844530163,13.299626897697083,13.492324230974786,201340000,NVDA
2021-02-05,13.552151679992676,13.697984368062173,13.507031081489062,13.685769436183508,169152000,NVDA
2021-02-08,14.397480010986328,14.432379818392382,13.688013522894353,13.688013522894353,434624000,NVDA
2021-02-09,14.222482681274414,14.541567742930555,14.181848652102182,14.299760559735732,287560000,NVDA
2021-02-10,14.722051620483398,14.862399269875676,14.300510375245974,14.421912275901287,485352000,NVDA
2021-02-11,15.20715618133545,15.228595310583435,14.882337920318719,14.937430158679899,450828000,NVDA
2021-02-12,14.918485641479492,15.247542306068212,14.732767326648847,15.006981847771694,374756000,NVDA
2021-02-16,15.286432266235352,15.328562137060997,14.90726913449547,15.021192763254522,321960000,NVDA
2021-02-17,14.863395690917969,15.179988324043537,14.737755421903262,15.127637657234107,274756000,NVDA
2021-02-18,14.786614418029785,14.830737473228302,14.533339769901213,14.686899869828187,233868000,NVDA
2021-02-19,14.883835792541504,15.133619512638292,14.804313681704349,14.981555252381096,271724000,NVDA
2021-02-22,14.314715385437012,15.089993119541159,14.284053007840376,14.732517382218266,325884000,NVDA
2021-02-23,14.101579666137695,14.198053394853817,13.35122992204336,14.035019925437572,391780000,NVDA
2021-02-24,14.457557678222656,14.46528603641238,13.716681335322574,14.082383783407925,448320000,NVDA
2021-02-25,13.269463539123535,14.3336633080336,13.178474888234955,14.005354056686674,824436000,NVDA
2021-02-26,13.675300598144531,13.814899830880389,13.322810633589587,13.713191139209655,500932000,NVDA
2021-03-01,13.802186012268066,13.885198102885361,13.514510804567648,13.83534082862855,353184000,NVDA
2021-03-02,13.367928504943848,13.880708333900353,13.357707713070946,13.860266750154551,264116000,NVDA
2021-03-03,12.768152236938477,13.41305321076399,12.76216886866683,13.38787589697503,377592000,NVDA
2021-03-04,12.334894180297852,12.937916368071201,12.049213052409737,12.764163793210002,573344000,NVDA
2021-03-05,12.425880432128906,12.514127488088242,11.64586599874504,12.514127488088242,542840000,NVDA
2021-03-08,11.560113906860352,12.435603674084037,11.533439801994518,12.414414640051222,543112000,NVDA
2021-03-09,12.488773345947266,12.58503018119177,12.028931897775243,12.099753496667573,521824000,NVDA
2021-03-10,12.436905860900879,12.947368622318988,12.42618306838436,12.808219651582071,384376000,NVDA
2021-03-11,12.960833549499512,13.013451519761361,12.702484861457213,12.91744296360553,299916000,NVDA
2021-03-12,12.823678970336914,12.85634676368248,12.558347920345986,12.61645095024476,243964000,NVDA
2021-03-15,13.158084869384766,13.17354596831994,12.735151088409987,12.832405805122997,221988000,NVDA
2021-03-16,13.257833480834961,13.478526797408927,13.083771743024755,13.322918874295542,272128000,NVDA
2021-03-17,13.307709693908691,13.419427631953024,12.956843642184772,13.006967363859617,243864000,NVDA
2021-03-18,12.690513610839844,13.15085349936061,12.685027598463575,13.103473263809228,293896000,NVDA
2021-03-19,12.813453674316406,12.889013577295337,12.580790435356477,12.717944549061619,299208000,NVDA
2021-03-22,13.153095245361328,13.360821683311189,12.874297990958025,12.880283422515962,297804000,NVDA
2021-03-23,13.037887573242188,13.310948660290906,12.988511562612349,13.220925552884216,222048000,NVDA
2021-03-24,12.611212730407715,13.126165388010351,12.604979014868762,13.11818512863964,245840000,NVDA
2021-03-25,12.503735542297363,12.68278484979762,12.241147965554994,12.468075982521809,295144000,NVDA
2021-03-26,12.806970596313477,12.823928054668183,12.342391791953444,12.522936498340556,363968000,NVDA
2021-03-29,12.91569709777832,13.029660048696257,12.668071206371831,12.788018639128039,273520000,NVDA
2021-03-30,12.83938980102539,12.942629963313632,12.673059062634387,12.80971472304937,200204000,NVDA
2021-03-31,13.314692497253418,13.436634761447108,12.949861691430945,12.982778720855652,314776000,NVDA
2021-04-01,13.77702808380127,13.835131119935525,13.477282664265397,13.538130133989712,308276000,NVDA
2021-04-05,13.952336311340332,13.978769440522017,13.698475723554248,13.832638099521777,255672000,NVDA
2021-04-06,13.826648712158203,14.018914070443666,13.73887061935649,13.964551469176358,191744000,NVDA
2021-04-07,14.107941627502441,14.207689643014694,13.677027574965955,13.845851593018876,251284000,NVDA
2021-04-08,14.281004905700684,14.435116472853124,14.213175078323518,14.21691644922942,244416000,NVDA
2021-04-09,14.36379623413086,14.371776494039445,14.139362482793082,14.178263990565366,195172000,NVDA
2021-04-12,15.17076301574707,15.313902572730411,14.10370261858076,14.253824546574181,869324000,NVDA
2021-04-13,15.640080451965332,15.660529096417902,15.087722573627937,15.193206795688422,676212000,NVDA
2021-04-14,15.238594055175781,15.680978662596893,15.189218033930018,15.585718757163326,385500000,NVDA
2021-04-15,16.096681594848633,16.173487680774556,15.592202403913975,15.623124606404787,598480000,NVDA
2021-04-16,15.872493743896484,16.125107153595632,15.825361792350446,16.012639621052436,335208000,NVDA
2021-04-19,15.323128700256348,15.767758276852438,15.194702542617696,15.497439688816309,404420000,NVDA
2021-04-20,15.133108139038086,15.458038566239265,14.925381656950178,15.284725469092292,334132000,NVDA
2021-04-21,15.321882247924805,15.323877075097695,15.064281282601483,15.080739320235335,216776000,NVDA
2021-04-22,14.81291675567627,15.39968805660098,14.746334039888772,15.336347292085806,277788000,NVDA
2021-04-23,15.226873397827148,15.2964478790434,14.862791235395903,14.896705203918978,227500000,NVDA
2021-04-26,15.439088821411133,15.440086710805838,15.086976556604712,15.146826138366272,197796000,NVDA
2021-04-27,15.343080520629883,15.631104301229037,15.31589873770508,15.539335580819824,164572000,NVDA
2021-04-28,15.238343238830566,15.493201692864114,15.177247490188085,15.325873065531082,209416000,NVDA
2021-04-29,15.286221504211426,15.397690199904106,15.033608086346442,15.36128198854834,173196000,NVDA
2021-04-30,14.97176456451416,15.326371032074357,14.95929618068849,15.136350655609169,201912000,NVDA
2021-05-03,14.799448013305664,15.208417054015928,14.7503221859339,15.08697327520045,203912000,NVDA
2021-05-04,14.315167427062988,14.600697844369819,13.97502517344769,14.600448609909842,405324000,NVDA
2021-05-05,14.422149658203125,14.776257644037008,14.351328061036348,14.672019599835691,292024000,NVDA
2021-05-06,14.486486434936523,14.534615323972524,14.18225390445764,14.458806188006658,193380000,NVDA
2021-05-07,14.77501106262207,14.933112300510395,14.63486422135409,14.771021408101264,229328000,NVDA
2021-05-10,14.229884147644043,14.768775720170076,14.21417381349999,14.750072669633822,268904000,NVDA
2021-05-11,14.270279884338379,14.318658003260806,13.715428825979807,13.790240065684392,285584000,NVDA
2021-05-12,13.723908424377441,14.224396914953214,13.674782598990006,13.974276811259632,303408000,NVDA
2021-05-13,13.63089370727539,14.045349728476552,13.425162054864115,13.998467009467184,285404000,NVDA
2021-05-14,14.207193374633789,14.291979724154102,13.713936379271763,13.855081122550907,258616000,NVDA
2021-05-17,14.129883766174316,14.1336241854496,13.818668896386646,14.121405038554634,216980000,NVDA
2021-05-18,13.980510711669922,14.3680341352935,13.968790033512203,14.231129270556517,186256000,NVDA
2021-05-19,14.030385971069336,14.044101476880362,13.509199604080083,13.532390775960163,344000000,NVDA
2021-05-20,14.575762748718262,14.646833580285021,14.234622566942482,14.266541704450896,321592000,NVDA
2021-05-21,14.954059600830078,15.183731096129877,14.832117340430838,15.125627113969413,672992000,NVDA
2021-05-24,15.572751998901367,15.705417059399807,15.137847278130703,15.174255494540118,554816000,NVDA
2021-05-25,15.60840892791748,15.778729299964287,15.443574568167058,15.726361521757942,435408000,NVDA
2021-05-26,15.660531044006348,15.754045362682273,15.54706749867685,15.694695200509921,370440000,NVDA
2021-05-27,15.44906234741211,15.710403750659239,15.421132862507694,15.660280028278496,581476000,NVDA
2021-05-28,16.203657150268555,16.236575125057893,15.462027659013474,15.462027659013474,644536000,NVDA
2021-06-01,16.223608016967773,16.347047573880385,15.863266335432474,16.229094980518518,472804000,NVDA
2021-06-02,16.736068725585938,16.876216524208118,16.194683808700496,16.21139203355558,594168000,NVDA
2021-06-03,16.927091598510742,17.215615818037982,16.54131452519702,16.658768697556674,580008000,NVDA
2021-06-04,17.534055709838867,17.616596077162153,17.052519499034798,17.06947505300827,617120000,NVDA
2021-06-07,17.574703216552734,17.76771725198459,17.149526305796652,17.52707469646401,575756000,NVDA
2021-06-08,17.41311264038086,17.57719836078649,17.207629259933416,17.483185585690848,323848000,NVDA
2021-06-09,17.318580627441406,17.534836381930162,17.216315861597764,17.475721908527852,381656000,NVDA
2021-06-10,17.385177612304688,17.45202583585592,17.13674801084878,17.31035015277787,287772000,NVDA
2021-06-11,17.784507751464844,17.898247503293362,17.403879495985695,17.439547219530038,416308000,NVDA
2021-06-14,17.977563858032227,17.9982664755166,17.622378570506847,17.865072468441838,321376000,NVDA
2021-06-15,17.747840881347656,17.975071092450634,17.687479972305677,17.874052822783106,243032000,NVDA
2021-06-16,17.769548416137695,17.913718927934667,17.544314342282547,17.75009415079846,307124000,NVDA
2021-06-17,18.614608764648438,18.791952156008932,17.715668906709517,17.733876709616816,809656000,NVDA
2021-06-18,18.59615135192871,19.330718581922177,18.54152604115206,18.74106970383863,968856000,NVDA
2021-06-21,18.385133743286133,18.494135068349298,17.78201553321056,18.39311488047978,672384000,NVDA
2021-06-22,18.843585968017578,18.920411562226604,18.34398078046078,18.429286096445225,580144000,NVDA
2021-06-23,19.013696670532227,19.10897936391846,18.864538436254087,18.96431028230056,332356000,NVDA
2021-06-24,19.161605834960938,19.375616025449478,19.044623366172903,19.183806109567367,320924000,NVDA
2021-06-25,18.987506866455078,19.30128891794506,18.851319416019447,19.236436935503985,278364000,NVDA
2021-06-28,19.93932342529297,20.03285915279017,19.274845251778927,19.31699836660214,495436000,NVDA
2021-06-29,19.980981826782227,20.052815878812567,19.612075871754318,19.8370606251026,367632000,NVDA
2021-06-30,19.956783294677734,20.116417450244846,19.818350342257432,19.95354060100911,326568000,NVDA
2021-07-01,20.165803909301758,20.409245712086076,19.973244233081605,20.079002860645495,480136000,NVDA
2021-07-02,20.440176010131836,20.458385715167392,20.241382131269432,20.39353374130317,342764000,NVDA
2021-07-06,20.651193618774414,20.794365027841287,20.30374010137351,20.690104043459606,446708000,NVDA
2021-07-07,20.3251895904541,20.827289518235947,20.285531292892728,20.805839022549197,418428000,NVDA
2021-07-08,19.85726547241211,20.086988679235407,19.65572744593839,19.811121778325514,503300000,NVDA
2021-07-09,20.004423141479492,20.03435525988892,19.709100137865747,19.916874216592717,296624000,NVDA
2021-07-12,20.465618133544922,20.4858202675907,20.141609472181255,20.193739960128703,321984000,NVDA
2021-07-13,20.203720092773438,20.41448760068872,20.068031230618036,20.353875481303678,290708000,NVDA
2021-07-14,19.7961483001709,20.371081261605372,19.707602218648773,20.31121893436614,380100000,NVDA
2021-07-15,18.92290496826172,19.801642801831328,18.815401275503216,19.76647364963509,550564000,NVDA
2021-07-16,18.119487762451172,19.113211442977995,18.031689563231986,18.98700141266361,688224000,NVDA
2021-07-19,18.736831665039062,18.99848131527796,17.82466976343855,17.874307343819012,749060000,NVDA
2021-07-20,18.5694637298584,18.794947062988875,18.12248763276061,18.687194083624995,434687000,NVDA
2021-07-21,19.365638732910156,19.482371910572084,18.69916616251025,18.83884558672833,371017000,NVDA
2021-07-22,19.549219131469727,19.841548769491073,19.2319451068273,19.597109765716453,323826000,NVDA
2021-07-23,19.5132999420166,19.654975593030052,19.20600332552339,19.611075532676935,195672000,NVDA
2021-07-26,19.249908447265625,19.397569038478153,18.870775787687926,19.26686979543014,203943000,NVDA
2021-07-27,19.164094924926758,19.5771481706099,18.69816142497146,19.22096384383669,248863000,NVDA
2021-07-28,19.45842742919922,19.601100261911586,18.951589008448458,19.274847933928527,202191000,NVDA
2021-07-29,19.617061614990234,19.80762505431973,19.2838234605119,19.474386899841395,190781000,NVDA
2021-07-30,19.454439163208008,19.585138401380597,19.218978436987207,19.37362299502884,183497000,NVDA
2021-08-02,19.704866409301758,19.915384664079596,19.31675543054081,19.654981432752642,217444000,NVDA
2021-08-03,19.769712448120117,20.175781820042896,19.176071129798512,19.6948831028393,301811000,NVDA
2021-08-04,20.227659225463867,20.27155927741143,19.78267761173744,19.944307977690297,231309000,NVDA
2021-08-05,20.58983612060547,20.685617395724258,20.295510226219236,20.453150082936443,211435000,NVDA
2021-08-06,20.31945037841797,20.52298458479839,20.163806797419902,20.477090195052455,178497000,NVDA
2021-08-09,20.248615264892578,20.461127792585444,20.096962239032255,20.399269221353503,146443000,NVDA
2021-08-10,19.89044189453125,20.383312458869515,19.789670970184467,20.27555946477487,179238000,NVDA
2021-08-11,19.653976440429688,20.00317688001312,19.38559215044887,19.997190075674563,185925000,NVDA
2021-08-12,19.859508514404297,19.983223761879053,19.57516002402308,19.824588657900602,151652000,NVDA
2021-08-13,20.141857147216797,20.16779869480621,19.805627515773473,19.8595049435428,183063000,NVDA
2021-08-16,19.904401779174805,20.240631404089072,19.40853610963206,20.088978398634914,210876000,NVDA
2021-08-17,19.413530349731445,19.7248175706279,19.22296688145729,19.640010842343834,204585000,NVDA
2021-08-18,18.996482849121094,19.58912505820869,18.95657336019115,19.45543055388039,285913000,NVDA
2021-08-19,19.752750396728516,20.448157848964946,18.719117056246247,19.449444360898706,766555000,NVDA
2021-08-20,20.768423080444336,20.8173108732515,19.88744183759088,19.94530793349124,675741000,NVDA
2021-08-23,21.90781593322754,21.946726358583017,20.902120260869,20.92307217475191,575807000,NVDA
2021-08-24,21.74319076538086,21.908811733166473,21.485781010020887,21.703283176040937,297299000,NVDA
2021-08-25,22.162233352661133,22.418645969756334,21.672356269378028,21.687321379149566,347701000,NVDA
2021-08-26,22.017562866210938,22.288940552177326,21.74019837604241,22.14926114072246,237940000,NVDA
2021-08-27,22.584270477294922,22.670074386209567,22.116342402444502,22.133303750892157,304722000,NVDA
2021-08-30,22.636144638061523,22.990332802808872,22.499458629372022,22.777820284558313,262580000,NVDA
2021-08-31,22.33777618408203,22.647121666172822,22.07333584482094,22.647121666172822,259850000,NVDA
2021-09-01,22.393659591674805,22.649120064789688,22.309837159244136,22.43756739580158,201767000,NVDA
2021-09-02,22.3487548828125,22.545339807951134,22.24796811279879,22.47049726134416,187834000,NVDA
2021-09-03,22.794811248779297,22.93750922846225,22.153168059674176,22.27790436202972,280532000,NVDA
2021-09-07,22.614192962646484,22.850692500855242,22.474487011995723,22.78483174949806,198107000,NVDA
2021-09-08,22.291872024536133,22.562300203414004,21.9306343212819,22.465504722881544,254434000,NVDA
2021-09-09,22.13021469116211,22.490453174173346,22.08431220635336,22.264930118963175,196856000,NVDA
2021-09-10,22.430583953857422,22.578270564497437,22.223022541074023,22.30085711920523,248376000,NVDA
2021-09-13,22.105268478393555,22.91555575401909,21.811888077680894,22.63614575794394,297500000,NVDA
2021-09-14,22.195079803466797,22.36272466695094,22.039408757377963,22.22800922879762,199755000,NVDA
2021-09-15,22.293869018554688,22.31981514344312,21.919660118755335,22.261936936889985,166538000,NVDA
2021-09-16,22.195079803466797,22.23000581669266,21.88074378110906,22.136204252125346,156033000,NVDA
2021-09-17,21.853801727294922,22.27391315880688,21.783949696322043,22.252957549515017,294503000,NVDA
2021-09-20,21.068464279174805,21.387788954115265,20.61841542305834,21.101393708407006,349440000,NVDA
2021-09-21,21.201181411743164,21.379802756895952,20.905806301905702,21.371820211672656,204688000,NVDA
2021-09-22,21.89471435546875,21.91367337565563,21.151285132509745,21.32092658519888,268726000,NVDA
2021-09-23,22.434574127197266,22.487461820172715,21.843822003613315,22.09329462367587,248555000,NVDA
2021-09-24,22.03441619873047,22.102273534327967,21.814881006880857,22.023439724636706,217655000,NVDA
2021-09-27,21.614309310913086,21.753016037420434,21.280016887936462,21.664203077429683,245215000,NVDA
2021-09-28,20.655338287353516,21.373820784502858,20.607439200433504,21.169253274247925,343069000,NVDA
2021-09-29,20.473716735839844,20.97266191637048,20.423821075791892,20.89582469355393,218394000,NVDA
2021-09-30,20.67229652404785,21.021558534466575,20.64435571548034,20.724186869005347,221009000,NVDA
2021-10-01,20.698246002197266,20.814997869776846,20.16038154346578,20.706228547845832,240978000,NVDA
2021-10-04,19.69037628173828,20.498667077843145,19.51374961230619,20.460747131129327,345635000,NVDA
2021-10-05,20.40785789489746,20.60444281688041,19.812117171843163,19.907915325430285,279282000,NVDA
2021-10-06,20.656335830688477,20.676292195822512,20.03764283172768,20.077559368646227,297202000,NVDA
2021-10-07,21.030542373657227,21.277021060391967,20.927759015939795,21.047504806233384,256919000,NVDA
2021-10-08,20.787052154541016,21.16126101595246,20.73117054152913,21.056482991555182,151258000,NVDA
2021-10-11,20.651342391967773,21.0185661050647,20.46773053541931,20.53159660479376,163388000,NVDA
2021-10-12,20.627391815185547,21.012577186630253,20.4846938393816,20.784060195567157,162134000,NVDA
2021-10-13,20.894826889038086,20.94571989479939,20.669303819377614,20.873871281370185,180652000,NVDA
2021-10-14,21.70012664794922,21.70910653549275,21.077442440829326,21.243092625799367,243589000,NVDA
2021-10-15,21.81587791442871,21.88473259084707,21.616300990357516,21.763987571571747,226994000,NVDA
2021-10-18,22.17511749267578,22.24397216428214,21.59833590187193,21.703115825760744,189494000,NVDA
2021-10-19,22.242982864379883,22.331793926781998,21.990516278315962,22.22901055326152,161473000,NVDA
2021-10-20,22.056371688842773,22.38567543781395,21.935626663665868,22.257945210436517,146276000,NVDA
2021-10-21,22.644126892089844,22.66308781338826,22.036412424885217,22.05038282865257,187590000,NVDA
2021-10-22,22.678056716918945,23.08120376239796,22.51340579315989,22.774852206054973,249384000,NVDA
2021-10-25,23.117130279541016,23.30573075031013,22.72196575698433,22.9245366329956,230235000,NVDA
2021-10-26,24.664857864379883,25.20571622107296,23.873531450575534,23.93839486421811,485898000,NVDA
2021-10-27,24.3994140625,25.03706585426714,24.23076999047586,24.422366253285386,245990000,NVDA
2021-10-28,24.888383865356445,24.897365655301588,24.471266418851215,24.825517045714975,234204000,NVDA
2021-10-29,25.513065338134766,25.65476598423701,24.947261999373193,24.948259341695557,292503000,NVDA
2021-11-01,25.77251625061035,25.839374347203503,25.173781601491516,25.59489225344684,265740000,NVDA
2021-11-02,26.345306396484375,26.6217224937928,25.74557436813177,25.7675292231353,294112000,NVDA
2021-11-03,26.54189109802246,26.72749955329643,26.179657881858056,26.61373971651481,239910000,NVDA
2021-11-04,29.738136291503906,31.298836258876868,27.060795434946982,27.171561344732318,1153631000,NVDA
2021-11-05,29.689237594604492,31.33375987513204,29.347958100058552,30.123319409166225,851260000,NVDA
2021-11-08,30.739013671875,31.0343887288233,29.843904808443668,30.085394839795672,503101000,NVDA
2021-11-09,30.592323303222656,32.24183779308199,29.90078641906877,32.21389698577576,646746000,NVDA
2021-11-10,29.396848678588867,30.784914770435076,28.717285658051257,29.294067246054553,636206000,NVDA
2021-11-11,30.325889587402344,30.52546843492164,29.714183788640867,30.40372606119835,332172000,NVDA
2021-11-12,30.325889587402344,30.615278725972825,29.567492631483955,29.946692061105622,413054000,NVDA
2021-11-15,29.96166229248047,30.57935600274197,29.185303594652737,30.487551019532958,384909000,NVDA
2021-11-16,30.139286041259766,30.325891839785264,29.643334719095915,29.696224316711493,264484000,NVDA
2021-11-17,29.19927406311035,30.444642523145944,28.739246093754417,30.353832978774516,428508000,NVDA
2021-11-18,31.60818099975586,32.690891284605854,31.254927669456258,32.29872256948904,781711000,NVDA
2021-11-19,32.91542053222656,33.018203898804174,31.83769881005684,32.17498516255957,533867000,NVDA
2021-11-22,31.888582229614258,34.57390504765396,31.832700615691362,33.446287927689205,754335000,NVDA
2021-11-23,31.679033279418945,32.29173838894415,30.814858947539943,31.46847793452382,532163000,NVDA
2021-11-24,32.605079650878906,32.7856976191463,30.862762245743312,31.394638918737424,435162000,NVDA
2021-11-26,31.43654441833496,32.64099706934784,31.2838672949203,32.531228506198715,283069000,NVDA
2021-11-29,33.30559539794922,33.34151875834948,31.968421870569852,32.29772758864819,454964000,NVDA
2021-11-30,32.6070671081543,33.2826408933307,31.796781690175454,33.099027131565556,622066000,NVDA
2021-12-01,31.372528076171875,33.222845580609224,31.31763707417919,33.15298499754876,484368000,NVDA
2021-12-02,32.06214904785156,32.41345063590255,30.96333745214234,31.15196289598715,472890000,NVDA
2021-12-03,30.631999969482422,32.06514681270487,30.070117274745446,31.93640157961995,544325000,NVDA
2021-12-06,29.97730255126953,30.180895672741258,27.982274986665256,29.820613094112026,658938000,NVDA
2021-12-07,32.3625602722168,32.3845197220602,30.590090410052074,30.895483996800152,593053000,NVDA
2021-12-08,31.76274871826172,32.225827257844415,31.358552936375865,31.93540523035622,475551000,NVDA
2021-12-09,30.42940330505371,32.14099693386837,30.367526251043838,31.6709304355526,488507000,NVDA
2021-12-10,30.137983322143555,31.24278357928564,29.80165319511943,31.0880909467893,488825000,NVDA
2021-12-13,28.105031967163086,30.233794155650276,28.060121324277922,30.188883512765113,598344000,NVDA
2021-12-14,28.280685424804688,28.621007355370885,27.195845739872162,27.6439528427401,667035000,NVDA
2021-12-15,30.39846420288086,30.439383083328448,27.782672993494028,28.3435563263877,698297000,NVDA
2021-12-16,28.33058738708496,31.098077489916022,28.03717291445305,31.090093966507315,707366000,NVDA
2021-12-17,27.745752334594727,28.86452488757024,27.70483344742643,27.929386691044225,713758000,NVDA
2021-12-20,27.66391372680664,28.08806836031616,27.09105503438404,27.250736913132904,461847000,NVDA
2021-12-21,29.0172176361084,29.062128280070525,27.34654282285214,28.31761057753916,524385000,NVDA
2021-12-22,29.341571807861328,29.496264455360905,28.39246155550184,28.8335844910948,395184000,NVDA
2021-12-23,29.581096649169922,29.999264606574506,29.372512354498358,29.69586788446444,343022000,NVDA
2021-12-27,30.883499145507812,31.02521713058112,29.58109241720771,29.601053125766303,403686000,NVDA
2021-12-28,30.261735916137695,31.267731950374376,29.952350666603206,31.24976807539833,420591000,NVDA
2021-12-29,29.941377639770508,30.487291454884854,29.307639364299206,30.212838350656018,343139000,NVDA
2021-12-30,29.52720069885254,30.39646994729714,29.481292592153306,29.7677209545132,308864000,NVDA
2021-12-31,29.35254669189453,29.97031785211934,29.27270576326338,29.61502448239811,266530000,NVDA
2022-01-03,30.061141967773438,30.649969635421968,29.72580924621189,29.75575031363,391547000,NVDA
2022-01-04,29.231792449951172,30.407450890043936,28.292662528832594,30.2168304824857,527154000,NVDA
2022-01-05,27.54914093017578,29.357540102995376,27.47828288572463,28.89146724200374,498064000,NVDA
2022-01-06,28.121999740600586,28.381483256103156,27.01121270492406,27.58506883228335,454186000,NVDA
2022-01-07,27.19285011291504,28.36551610574402,27.003227178529944,28.085074417160133,409939000,NVDA
2022-01-10,27.34554672241211,27.41440984015935,25.593035959641192,26.528174103666952,594681000,NVDA
2022-01-11,27.76171875,28.009226996384303,26.785663592042308,27.268700993300914,404089000,NVDA
2022-01-12,27.943355560302734,28.538169841179762,27.553131884370423,28.01121930597054,383413000,NVDA
2022-01-13,26.52218246459961,28.42339502410445,26.445333934971337,28.322595930958233,540171000,NVDA
2022-01-14,26.888460159301758,27.142954488018148,26.15791444311069,26.247735746944905,395832000,NVDA
2022-01-18,25.851518630981445,26.585058455010692,25.718783542206612,26.20780945704016,424270000,NVDA
2022-01-19,25.017181396484375,26.490247833386153,25.00221181655367,26.02717118789245,488315000,NVDA
2022-01-20,24.102006912231445,25.528167948115197,24.030149493539206,25.253714829631832,435181000,NVDA
2022-01-21,23.32754898071289,24.773668763232777,23.216769512080788,23.460284088756683,718958000,NVDA
2022-01-24,23.325551986694336,23.333535509414546,20.846489247606883,22.28562296184168,913982000,NVDA
2022-01-25,22.279634475708008,22.897405710454315,21.9562789612793,22.501193412508638,664616000,NVDA
2022-01-26,22.726741790771484,24.009187801451084,22.255679732041738,23.193812088529306,755959000,NVDA
2022-01-27,21.900390625,23.94731523787376,21.63192420739024,23.52116377527102,573353000,NVDA
2022-01-28,22.794605255126953,22.812569129559332,21.25367335760815,21.968249899217838,543774000,NVDA
2022-01-31,24.437339782714844,24.460294791256842,23.006189511786687,23.13593032920082,564680000,NVDA
2022-02-01,24.589035034179688,25.095027394146598,23.842520509649365,25.054108511883626,518925000,NVDA
2022-02-02,25.191835403442383,25.765691523974446,24.50420361965189,25.74273842128798,543419000,NVDA
2022-02-03,23.900407791137695,25.0271638258228,23.73274239062806,24.409394490116693,410178000,NVDA
2022-02-04,24.27066993713379,24.58604192006064,23.58503497082933,23.924359424926656,354829000,NVDA
2022-02-07,24.678857803344727,25.13195412147848,24.153902167281217,24.323564396360993,376868000,NVDA
2022-02-08,25.05809783935547,25.179855106381826,23.932339472055837,24.310585923042694,410359000,NVDA
2022-02-09,26.651927947998047,26.671888658006182,25.30261555051223,25.571080056956752,524282000,NVDA
2022-02-10,25.77267837524414,26.871490147981913,25.549124513702214,25.94333997182691,513200000,NVDA
2022-02-11,23.901405334472656,26.10002831228232,23.725756410566216,25.864497256375,605472000,NVDA
2022-02-14,24.218774795532227,24.825566329350934,23.707791249016562,23.886436378110282,440424000,NVDA
2022-02-15,26.44234848022461,26.492248355983154,24.734748234236406,24.8994193470862,699869000,NVDA
2022-02-16,26.458311080932617,26.52917102458829,25.50121738608982,26.20681300824524,732676000,NVDA
2022-02-17,24.458297729492188,25.73375786543632,24.116978322985712,25.57906520835988,810595000,NVDA
2022-02-18,23.59501075744629,24.93633936550206,23.05408818732275,24.61897061160897,761255000,NVDA
2022-02-22,23.343515396118164,24.01617571252817,22.9542910697266,22.98922136037415,633422000,NVDA
2022-02-23,22.342506408691406,24.106994175655707,22.256678790095112,23.754695100866613,566511000,NVDA
2022-02-24,23.700803756713867,23.752700460531262,20.848483782736597,20.973235364784678,735801000,NVDA
2022-02-25,24.108993530273438,24.168873762127337,23.334536567147147,23.673861053583,528866000,NVDA
2022-02-28,24.336536407470703,24.615980608442836,23.659884397014633,23.944317823201498,477319000,NVDA
2022-03-01,23.430341720581055,24.328554607429982,23.086028049660978,24.24272507991095,412056000,NVDA
2022-03-02,24.175979614257812,24.36463718933064,23.37244429604463,23.712824134644205,389642000,NVDA
2022-03-03,23.670902252197266,24.28178949987807,23.426346683944526,24.217904733759312,365095000,NVDA
2022-03-04,22.894317626953125,23.63696498590784,22.441142240714978,23.341503399554565,431415000,NVDA
2022-03-07,21.31319808959961,22.99114500980663,21.291238708054614,22.775536020572545,450821000,NVDA
2022-03-08,21.474905014038086,22.332343305523693,20.612474742304823,21.270277613184593,557467000,NVDA
2022-03-09,22.97217559814453,23.177800600931413,22.206569302526024,22.346314265208143,492742000,NVDA
2022-03-10,22.616823196411133,22.746586101874037,21.842232493155823,22.49005319391326,428066000,NVDA
2022-03-11,22.05983543395996,23.102936307878903,22.005932721614773,22.98015875370695,367209000,NVDA
2022-03-14,21.291234970092773,22.221540369503135,21.120546216146405,21.829254954549043,385354000,NVDA
2022-03-15,22.931249618530273,22.996132023942444,21.28325099056678,21.47889393725402,491996000,NVDA
2022-03-16,24.45148468017578,24.552300969340088,23.129891326873263,23.457294382081265,671422000,NVDA
2022-03-17,24.720993041992188,24.79685323515595,23.862555326463934,24.076167120982394,471941000,NVDA
2022-03-18,26.404926300048828,26.52071662131349,24.579251558233064,24.753932770637824,730719000,NVDA
2022-03-21,26.685415267944336,27.102656804840144,25.919808947289926,26.45882851334558,591727000,NVDA
2022-03-22,26.475797653198242,27.188500789536455,26.02461941553547,26.678427854459326,547007000,NVDA
2022-03-23,25.587413787841797,26.563635115721986,25.52852099865223,26.078518306597157,502120000,NVDA
2022-03-24,28.098838806152344,28.268529918250007,25.85991528381523,26.118445344770176,877379000,NVDA
2022-03-25,27.641674041748047,28.306464068102645,27.221439608204165,27.835321724179195,579016000,NVDA
2022-03-28,28.16771697998047,28.198660780217054,27.15655743522871,27.705559052925192,425494000,NVDA
2022-03-29,28.603925704956055,28.893397719357992,27.929153555811936,28.64285439143604,488984000,NVDA
2022-03-30,27.639678955078125,28.444213951833504,27.453018519672682,28.252563440733994,463487000,NVDA
2022-03-31,27.236413955688477,28.19666565950048,27.220444189167058,27.73151289162019,523440000,NVDA
2022-04-01,26.6634521484375,27.44602766304198,26.219261218650903,27.325247285194962,517235000,NVDA
2022-04-04,27.310277938842773,27.507918058034864,26.56463575752181,26.679426533913535,397120000,NVDA
2022-04-05,25.883872985839844,27.269350934287917,25.773074655335627,27.20446853162703,436615000,NVDA
2022-04-06,24.362642288208008,25.25401899900753,23.959377188284968,24.888684944472697,703833000,NVDA
2022-04-07,24.164003372192383,24.67706914237199,23.435330567050546,24.396579708521703,557992000,NVDA
2022-04-08,23.076984405517578,23.879524117334512,23.02008878589578,23.873534503516744,524781000,NVDA
2022-04-11,21.877168655395508,22.279436135946174,21.62063574834751,22.173629781756052,575207000,NVDA
2022-04-12,21.46491813659668,22.683699749756602,21.243321479658512,22.496041696902733,662258000,NVDA
2022-04-13,22.16265106201172,22.45911222680707,21.416011160562284,21.68851577144071,516943000,NVDA
2022-04-14,21.2193660736084,22.735606515539892,21.124539407798157,22.464099572114247,569097000,NVDA
2022-04-18,21.74341583251953,22.047859972637514,21.04069470290414,21.161475105293935,525701000,NVDA
2022-04-19,22.157657623291016,22.332338819215018,21.275263415595177,21.680525694021107,512781000,NVDA
2022-04-20,21.442960739135742,22.628801491972297,21.161473633865274,22.476079663374364,468974000,NVDA
2022-04-21,20.146318435668945,22.35130326457004,19.963650470316455,21.66954403745964,656209000,NVDA
2022-04-22,19.479534149169922,20.448770189585975,19.46456201839812,20.26610219786414,624713000,NVDA
2022-04-25,19.865835189819336,19.90875632059273,19.061300069268512,19.167106444428228,641566000,NVDA
2022-04-26,18.753856658935547,19.75203935812216,18.636071069969407,19.682166873800284,653143000,NVDA
2022-04-27,18.38153648376465,19.13216882446557,18.25676363846258,18.56420258895358,499460000,NVDA
2022-04-28,19.746047973632812,20.000585605277607,18.456396224687087,18.932528613649104,570327000,NVDA
2022-04-29,18.51329231262207,20.091418271941166,18.483346151251226,19.366737920929154,500435000,NVDA
2022-05-02,19.49750518798828,19.538429143635206,18.357580255112094,18.507307291350344,572049000,NVDA
2022-05-03,19.566375732421875,19.788971942411177,19.098228203230406,19.364743170731728,475751000,NVDA
2022-05-04,20.29704475402832,20.362924790823026,18.716921505243764,19.88679240340564,648855000,NVDA
2022-05-05,18.80975341796875,19.888788220846624,18.466378728953146,19.830894968407897,626331000,NVDA
2022-05-06,18.64105987548828,19.47653863115754,17.957305306226015,18.701949838466604,633297000,NVDA
2022-05-09,16.9191951751709,18.221821818374295,16.79641762349791,18.00122470604806,644455000,NVDA
2022-05-10,17.563026428222656,18.16493132194901,16.994062512624296,17.65685547833721,761474000,NVDA
2022-05-11,16.599775314331055,17.720735437950946,16.537889624665944,17.315473177135534,670167000,NVDA
2022-05-12,16.14560317993164,16.75748999654894,15.53870929454901,16.189523839856356,708728000,NVDA
2022-05-13,17.6738224029541,17.895419085973305,16.56284608468857,16.757491408122753,670437000,NVDA
2022-05-16,17.23262596130371,17.75567386028926,17.074914055272394,17.477181558942796,521446000,NVDA
2022-05-17,18.143962860107422,18.33761050359506,17.601950508278644,18.041149425668817,585830000,NVDA
2022-05-18,16.907215118408203,18.085070787489677,16.833350206512566,17.67282130331116,545161000,NVDA
2022-05-19,17.09288215637207,17.65485877694169,16.70358958474404,16.906221705811088,621310000,NVDA
2022-05-20,16.66366195678711,17.378360361940025,15.726368287812404,17.30050299605302,739105000,NVDA
2022-05-23,16.86728858947754,16.88425788996982,16.149595509541346,16.244422161579827,639889000,NVDA
2022-05-24,16.12464141845703,16.56683711237005,15.751321521154898,16.47999533080433,588550000,NVDA
2022-05-25,16.944150924682617,17.079903445712347,15.97092245670094,15.990886566703573,781132000,NVDA
2022-05-26,17.818557739257812,18.059118973315748,15.992881259502376,16.00685575522456,996575000,NVDA
2022-05-27,18.776813507080078,18.846685983699807,18.06710524448989,18.15294938885793,738379000,NVDA
2022-05-31,18.638063430786133,19.16510363804112,18.316648182003533,18.945502282430265,664100000,NVDA
2022-06-01,18.286705017089844,19.018372668475514,18.089064907013434,18.68997202318387,544514000,NVDA
2022-06-02,19.556392669677734,19.583344026505568,18.164927015741718,18.258756043613012,648656000,NVDA
2022-06-03,18.685983657836914,19.29687302400842,18.48834348451512,19.047327292928895,598779000,NVDA
2022-06-06,18.75185775756836,19.301856968127392,18.53026109692932,19.104216857601944,422406000,NVDA
2022-06-07,18.89160919189453,18.965474128700176,18.154949381251356,18.43843370634058,388914000,NVDA
2022-06-08,18.6180477142334,19.14919278784211,18.505228350019344,18.768804244012014,363252000,NVDA
2022-06-09,18.019012451171875,18.90259123258257,18.012023724724873,18.451317549760248,395574000,NVDA
2022-06-10,16.946735382080078,17.66857359163236,16.841902597628902,17.571729282063977,465248000,NVDA
2022-06-13,15.621868133544922,16.28579997384652,15.58093362203666,15.974300833378589,604153000,NVDA
2022-06-14,15.810563087463379,16.040193181616115,15.387243419466994,15.705731253766638,469680000,NVDA
2022-06-15,16.500452041625977,16.84090387526414,15.900416682083067,16.06914487895743,563936000,NVDA
2022-06-16,15.575939178466797,15.916391969438846,15.376260638736387,15.834522958828355,545749000,NVDA
2022-06-17,15.854491233825684,15.969306274754233,15.303377894797796,15.622863557257194,630334000,NVDA
2022-06-21,16.53938865661621,16.98067807199888,16.380643675300785,16.448535233491057,483089000,NVDA
2022-06-22,16.333723068237305,16.63523803952557,16.15401188075244,16.199937522982893,437135000,NVDA
2022-06-23,16.19893455505371,16.55835491207933,15.827531488223839,16.49246095779145,463680000,NVDA
2022-06-24,17.098487854003906,17.112465303147033,16.28379871027583,16.473494023135874,472153000,NVDA
2022-06-27,16.841901779174805,17.302161688571072,16.599292094417013,17.28419095345656,427968000,NVDA
2022-06-28,15.956329345703125,17.17436904148227,15.919388121687373,16.872854081714543,461149000,NVDA
2022-06-29,15.517034530639648,15.794587854289764,15.145632337338009,15.788597926333088,482352000,NVDA
2022-06-30,15.134650230407715,15.541994845285537,14.838127375234018,15.336325419135894,686070000,NVDA
2022-07-01,14.49967098236084,15.038803524181898,14.368881846227062,14.875067404670956,577610000,NVDA
2022-07-05,14.939964294433594,14.946953020435268,14.032424903135746,14.1522320426541,651397000,NVDA
2022-07-06,15.105698585510254,15.294395146665014,14.765245737410277,14.985891441568391,529066000,NVDA
2022-07-07,15.832525253295898,15.919385388443493,15.36427879961872,15.431171558205026,492903000,NVDA
2022-07-08,15.81256103515625,16.011241756015696,15.364281868500495,15.405216379233813,467972000,NVDA
2022-07-11,15.127660751342773,15.502058363657559,15.013843557279245,15.501059566316355,437321000,NVDA
2022-07-12,15.057771682739258,15.406211017689797,14.85310107596107,15.243472758265565,458483000,NVDA
2022-07-13,15.139641761779785,15.350303276177021,14.441765153311936,14.56656436693939,521918000,NVDA
2022-07-14,15.347309112548828,15.44814671796971,14.704343457142825,15.083733212382363,456235000,NVDA
2022-07-15,15.73668098449707,15.75664836262336,15.420189805163654,15.633846749612045,385935000,NVDA
2022-07-18,16.075136184692383,16.8698570674019,15.976296187145689,16.275813524039364,670517000,NVDA
2022-07-19,16.96470832824707,17.08251882919719,16.146025702467618,16.459520538555523,702366000,NVDA
2022-07-20,17.778392791748047,17.904191732344817,16.77401028715721,16.919775651092362,760538000,NVDA
2022-07-21,18.021007537841797,18.114856419024587,17.516819500864308,17.856273549154427,557049000,NVDA
2022-07-22,17.291181564331055,17.93813952472273,17.109472790103464,17.864258981512034,536671000,NVDA
2022-07-25,16.996654510498047,17.096494261320483,16.622256873127547,16.991661475600253,480748000,NVDA
2022-07-26,16.50644302368164,16.891822649479725,16.451531068699488,16.861870154684528,397865000,NVDA
2022-07-27,17.76142120361328,17.907186562588475,16.88582930041582,17.004637608445794,569776000,NVDA
2022-07-28,17.955106735229492,18.110856247735352,17.41198198788179,17.946122321677514,474646000,NVDA
2022-07-29,18.133825302124023,18.214694569102246,17.663581188162542,17.784387118127725,435460000,NVDA
2022-08-01,18.411380767822266,18.81573095811725,17.961104933200836,18.152795986600218,476469000,NVDA
2022-08-02,18.496238708496094,18.907577522415323,18.06293587544904,18.092888368674423,489527000,NVDA
2022-08-03,18.86264991760254,18.93753019924968,18.107863838709722,18.154789221455992,418146000,NVDA
2022-08-04,19.18413543701172,19.243040681587424,18.72986637165179,18.818724113299595,409652000,NVDA
2022-08-05,18.958499908447266,19.19811418839831,18.636018761507295,18.779786567763914,386068000,NVDA
2022-08-08,17.764419555664062,18.209704226677722,17.214305900483794,17.47388850828178,981859000,NVDA
2022-08-09,17.058551788330078,17.418971902884152,16.697133828709614,17.224285475006486,668263000,NVDA
2022-08-10,18.06793212890625,18.088898306614105,17.289184304860864,17.669572848171974,597422000,NVDA
2022-08-11,17.913179397583008,18.676951881347318,17.847285427896846,18.101876890579906,509327000,NVDA
2022-08-12,18.678945541381836,18.68793186075144,17.92415946001401,18.130827666952836,478094000,NVDA
2022-08-15,19.001426696777344,19.133214622291845,18.583101055571028,18.670959037819138,457666000,NVDA
2022-08-16,18.84867286682129,19.11125087643797,18.47127981939262,18.889607370873275,451240000,NVDA
2022-08-17,18.30554962158203,18.657983276915708,18.115856168463772,18.49324928823037,446799000,NVDA
2022-08-18,18.742843627929688,18.83469489391409,18.15379125601455,18.271601730397578,415447000,NVDA
2022-08-19,17.82032585144043,18.490247392890844,17.741452295596194,18.37643021818228,441588000,NVDA
2022-08-22,17.006635665893555,17.529794039492458,16.938744114151103,17.461902487750006,409593000,NVDA
2022-08-23,17.15340232849121,17.436946542201706,16.94274081093071,16.961711297149357,369986000,NVDA
2022-08-24,17.194334030151367,17.378038460617496,16.867859670844496,16.984670392104412,522661000,NVDA
2022-08-25,17.884225845336914,17.918171626071466,16.805960762250074,16.816942772656006,770691000,NVDA
2022-08-26,16.2338809967041,17.895207590473877,16.210917226715885,17.828315779513094,769127000,NVDA
2022-08-29,15.775619506835938,16.311756661031318,15.741674674911415,15.994268556184212,496132000,NVDA
2022-08-30,15.443153381347656,16.013235302076197,15.157612546233274,15.934362683647725,530181000,NVDA
2022-08-31,15.069754600524902,15.515038296538872,14.934971220455097,15.359288739854978,573710000,NVDA
2022-09-01,13.91461181640625,14.356900019307059,13.248683470937443,14.186174234575896,1178865000,NVDA
2022-09-02,13.625079154968262,14.148236669923433,13.56916839929729,14.07735157024542,743157000,NVDA
2022-09-06,13.443371772766113,13.756867534549574,13.329554567237018,13.708944300191542,535751000,NVDA
2022-09-07,13.69604206085205,13.819880238640078,13.328523905033643,13.545239763737154,512657000,NVDA
2022-09-08,13.971677780151367,13.989654808399921,13.351491735146373,13.44137306668779,624873000,NVDA
2022-09-09,14.368159294128418,14.455045254829914,14.107501412023929,14.138460000064642,486612000,NVDA
2022-09-12,14.486004829406738,14.527949644682035,14.179406706797371,14.35018325067947,484159000,NVDA
2022-09-13,13.113802909851074,13.903767364016517,13.081845229225642,13.783924633033108,714956000,NVDA
2022-09-14,13.110807418823242,13.272594961389391,12.896088837173366,13.23664185667735,588507000,NVDA
2022-09-15,12.912066459655762,13.215668204044421,12.773248572458732,12.997954265186072,523625000,NVDA
2022-09-16,13.180712699890137,13.194694301189699,12.600473388682811,12.725309658814712,670751000,NVDA
2022-09-19,13.364476203918457,13.44537046183126,12.992963597995722,12.99496083422158,569685000,NVDA
2022-09-20,13.158742904663086,13.465340983740958,13.039899278256767,13.197692336478172,524818000,NVDA
2022-09-21,13.243634223937988,14.012626355851008,13.092831937590079,13.195697697748727,807679000,NVDA
2022-09-22,12.544549942016602,13.131780192367279,12.41172469834498,13.052883178633808,759162000,NVDA
2022-09-23,12.49960708618164,12.594482927543599,12.24094648413454,12.403733103156807,663309000,NVDA
2022-09-26,12.21198558807373,12.64242184812588,12.198003983784714,12.474641644232314,547343000,NVDA
2022-09-27,12.396743774414062,12.719320720938102,12.241947032432883,12.490620532839431,553854000,NVDA
2022-09-28,12.719321250915527,12.806207210789621,12.337821540927935,12.393747960630728,542414000,NVDA
2022-09-29,12.203996658325195,12.483629696855662,11.930355327743255,12.431697751600325,532763000,NVDA
2022-09-30,12.123100280761719,12.616453674027008,12.059183978411241,12.07116834462853,565638000,NVDA
2022-10-03,12.495615005493164,12.661397986074181,12.089147450998603,12.330831119191432,547478000,NVDA
2022-10-04,13.149754524230957,13.202685557771737,12.862131621505267,12.862131621505267,584182000,NVDA
2022-10-05,13.19169807434082,13.303551838033231,12.604468910337443,12.894089021201063,507131000,NVDA
2022-10-06,13.112805366516113,13.638116551801618,13.085840298412162,13.20268765696208,644157000,NVDA
2022-10-07,12.060185432434082,12.653407390361005,12.00625625011576,12.488623513159082,672478000,NVDA
2022-10-10,11.654715538024902,12.108120441007816,11.393058603226073,12.021234494107956,698699000,NVDA
2022-10-11,11.570828437805176,11.830487240884722,11.26822477034636,11.54586060414577,667482000,NVDA
2022-10-12,11.484940528869629,11.719632448977713,11.330143771029212,11.563837549253588,492590000,NVDA
2022-10-13,11.944336891174316,12.062182385586972,10.798838721715281,10.956631792924158,850103000,NVDA
2022-10-14,11.212295532226562,12.095137526899817,11.189325892966313,12.041208353128903,713432000,NVDA
2022-10-17,11.872431755065918,11.932353601891439,11.501918256315049,11.50291639818063,580774000,NVDA
2022-10-18,11.951329231262207,12.475641363236987,11.602786269324618,12.327835405313065,659362000,NVDA
2022-10-19,12.03521728515625,12.333826444729338,11.818501467347717,11.863442610170829,523131000,NVDA
2022-10-20,12.178030014038086,12.752276757936729,12.089145874513667,12.097135770429727,652398000,NVDA
2022-10-21,12.449674606323242,12.481633241323104,11.87143332263106,12.082156494590066,609494000,NVDA
2022-10-24,12.582500457763672,12.69335515427323,12.048201240588062,12.491620026626292,517457000,NVDA
2022-10-25,13.243634223937988,13.282583663418823,12.647415881475542,12.67737728182248,505482000,NVDA
2022-10-26,12.879109382629395,13.370464612662587,12.691355889781176,12.852145271597061,532953000,NVDA
2022-10-27,13.158742904663086,13.81987653199885,13.104813728048203,13.612148768785806,583113000,NVDA
2022-10-28,13.81588077545166,13.83186056641061,13.043893435960307,13.086837338365129,521040000,NVDA
2022-10-31,13.479324340820312,13.819878330285551,13.2795864472885,13.759956486013305,486341000,NVDA
2022-11-01,13.525263786315918,13.90676347391886,13.50129505001384,13.792912452696658,432817000,NVDA
2022-11-02,13.201685905456543,14.19138809055393,13.193696962756292,13.831859953561809,672628000,NVDA
2022-11-03,13.403423309326172,13.762952460821824,12.93903307601992,13.025919033651268,500065000,NVDA
2022-11-04,14.13746166229248,14.21036601692471,13.679062174776115,13.967684215423516,612576000,NVDA
2022-11-07,14.282271385192871,14.393126083132001,13.93572663883021,14.209367030009965,410061000,NVDA
2022-11-08,14.582878112792969,14.87149920944687,14.197382968646812,14.781616917016805,595292000,NVDA
2022-11-09,13.757959365844727,14.192390121308478,13.740981430455777,14.143453551229962,454414000,NVDA
2022-11-10,15.729373931884766,15.75234357507586,14.527949302036653,14.78061823441489,700819000,NVDA
2022-11-11,16.305618286132812,16.367537366980358,15.461725560041561,15.786299758724766,655487000,NVDA
2022-11-14,16.27366065979004,16.51834065367654,15.901148984019148,16.1967618318074,527852000,NVDA
2022-11-15,16.6441707611084,16.97573472460198,16.360542356241957,16.700097166882006,545876000,NVDA
2022-11-16,15.889161109924316,16.340568750193285,15.85220986926165,16.140831850836875,649547000,NVDA
2022-11-17,15.656469345092773,16.244698687867267,15.514655111106975,15.694419686718572,710894000,NVDA
2022-11-18,15.38882064819336,15.981044462160867,15.10019861437429,15.945090404179322,492072000,NVDA
2022-11-21,15.296940803527832,15.456731110524126,15.060250720781186,15.127163364237928,404739000,NVDA
2022-11-22,16.01699447631836,16.036968738657247,15.102193833582675,15.307924354517073,472866000,NVDA
2022-11-23,16.497365951538086,16.505356800578657,16.026984003688426,16.076917762150764,427241000,NVDA
2022-11-25,16.24869155883789,16.465406408074,16.15082033660223,16.296629028257563,167934000,NVDA
2022-11-28,15.80627155303955,16.335578114870664,15.704405855375358,16.00501033484104,303741000,NVDA
2022-11-29,15.618518829345703,15.9111353323506,15.499675191959904,15.806272346937764,298384000,NVDA
2022-11-30,16.90516471862793,16.91215731064934,15.580562013222677,15.680456048861522,565298000,NVDA
2022-12-01,17.1169376373291,17.24679976152075,16.617464704481463,16.98108131969133,470977000,NVDA
2022-12-02,16.858213424682617,16.91515446371485,16.427667909941615,16.641443071304778,371389000,NVDA
2022-12-05,16.59248924255371,16.977083578578082,16.454634243569135,16.661416742045997,352255000,NVDA
2022-12-06,15.970147132873535,16.555528867031303,15.802324015737545,16.512574928841648,352694000,NVDA
2022-12-07,16.103008270263672,16.168938682471737,15.6504847696813,15.75537458146814,372388000,NVDA
2022-12-08,17.150903701782227,17.160893389958503,15.94217810718751,16.255848218840367,515456000,NVDA
2022-12-09,16.983076095581055,17.564463251970096,16.95710443596456,17.14190886566031,465338000,NVDA
2022-12-12,17.516515731811523,17.5195128285567,16.779294713991607,17.01904149488724,457328000,NVDA
2022-12-13,18.052947998046875,18.77019145416807,17.6923285233029,18.51146372895853,656589000,NVDA
2022-12-14,17.65536880493164,18.232760529632582,17.401636847702704,17.9680385827717,496888000,NVDA
2022-12-15,16.93412971496582,17.30174181827522,16.682396458224076,17.127925453761733,478542000,NVDA
2022-12-16,16.553531646728516,17.023037438901543,16.392702058076296,16.846223968965074,478232000,NVDA
2022-12-19,16.236867904663086,16.591493275422224,16.127983538157395,16.55453352352838,354039000,NVDA
2022-12-20,16.06804847717285,16.292811749949653,15.835295166805327,16.04707069873626,403260000,NVDA
2022-12-21,16.483600616455078,16.609469117277804,16.0850211587477,16.097009542320105,325025000,NVDA
2022-12-22,15.322830200195312,16.120988676666293,14.866312166020125,16.077034434147475,565045000,NVDA
2022-12-23,15.189970970153809,15.322830189395079,14.867311505326436,15.17998128298212,349326000,NVDA
2022-12-27,14.10611343383789,15.084081428997655,14.041181425633663,15.058108816249748,464902000,NVDA
2022-12-28,14.021204948425293,14.246966554872388,13.86936474434743,13.912319639203043,351066000,NVDA
2022-12-29,14.587607383728027,14.667522983450695,14.2120042555653,14.38681998720955,354923000,NVDA
2022-12-30,14.59859561920166,14.613579197907772,14.217996715226494,14.318890082879692,310490000,NVDA
2023-01-03,14.299908638000488,14.98019143326443,14.081139646053048,14.83534383569061,401277000,NVDA
2023-01-04,14.733450889587402,14.837341342052907,14.225987013110903,14.551643550441703,431324000,NVDA
2023-01-05,14.249963760375977,14.548648374304229,14.133086509590795,14.475725368544696,389168000,NVDA
2023-01-06,14.84333610534668,14.994176946626181,14.019205996590792,14.45874173703761,405044000,NVDA
2023-01-09,15.61152458190918,16.039072863782973,15.125037532338498,15.267887377972603,504231000,NVDA
2023-01-10,15.892228126525879,15.945171747578646,15.455688565080475,15.490651513449073,384101000,NVDA
2023-01-11,15.984130859375,16.01110282220087,15.546592882587277,15.823301290137104,353285000,NVDA
2023-01-12,16.493595123291016,16.619461755576417,15.47566921706697,16.083029067309738,551409000,NVDA
2023-01-13,16.88119125366211,16.90416773165163,16.147965522235506,16.260845401330883,447287000,NVDA
2023-01-17,17.683340072631836,17.709313641691512,16.881187014032182,16.881187014032182,511102000,NVDA
2023-01-18,17.35868263244629,17.854158152300805,17.263781558432793,17.648375934651437,439624000,NVDA
2023-01-19,16.74732780456543,17.17887355641003,16.713365152180454,17.018042058487556,452932000,NVDA
2023-01-20,17.8201961517334,17.837178429750637,16.80726509622476,16.993067946601407,564967000,NVDA
2023-01-23,19.17276954650879,19.2247147792948,17.799218927189443,18.044958004082773,655163000,NVDA
2023-01-24,19.244693756103516,19.474452780290186,18.80016309844602,18.807155689842816,496204000,NVDA
2023-01-25,19.302629470825195,19.349580807071824,18.560412717739826,18.893061849004603,449537000,NVDA
2023-01-26,19.781126022338867,20.14474263652142,19.25767822252368,19.680232657858443,489535000,NVDA
2023-01-27,20.34353256225586,20.60625581574819,19.384545434625117,19.441484557009698,542142000,NVDA
2023-01-30,19.141801834106445,20.118769651142287,19.12981344690093,19.92897130354372,488611000,NVDA
2023-01-31,19.51640510559082,19.66624659725309,18.93002401700691,19.14979141108904,498017000,NVDA
2023-02-01,20.92092514038086,21.169661317208572,19.59032844677635,19.670244043953495,660477000,NVDA
2023-02-02,21.686113357543945,21.925860113730366,20.6781782034606,20.977861172359162,564276000,NVDA
2023-02-03,21.077754974365234,21.72207541802909,20.767082033794136,20.97786002176547,429366000,NVDA
2023-02-06,21.0667724609375,21.547264471015012,20.764090426847382,20.784069803716758,452197000,NVDA
2023-02-07,22.149627685546875,22.235537474634327,21.12770531761483,21.3594611160502,664150000,NVDA
2023-02-08,22.18159294128418,22.85388384635013,21.984800102114296,22.36340029679166,559651000,NVDA
2023-02-09,22.313453674316406,22.995734263923605,22.0966833667124,22.582171117953777,523876000,NVDA
2023-02-10,21.242582321166992,22.05472500108008,20.789062350237074,21.667135439240298,550737000,NVDA
2023-02-13,21.765031814575195,22.024757958584203,20.93990234696834,21.515295357490146,474919000,NVDA
2023-02-14,22.946786880493164,23.02470377641566,21.343477267064582,21.555253690620347,675474000,NVDA
2023-02-15,22.740001678466797,22.830905348150583,22.082696315415404,22.525228183306545,420575000,NVDA
2023-02-16,21.978811264038086,22.526232116091098,21.903889549979603,22.109671806310875,412026000,NVDA
2023-02-17,21.365449905395508,21.717078055409246,20.95288524803825,21.608193727188365,465888000,NVDA
2023-02-21,20.63322639465332,21.47134072519899,20.596264744241374,20.977862013234812,410015000,NVDA
2023-02-22,20.73212432861328,21.081755798453145,20.39947513838324,20.685174889382303,513184000,NVDA
2023-02-23,23.639055252075195,23.862820062689913,23.0007288852004,23.415292346798566,1117995000,NVDA
2023-02-24,23.261449813842773,23.449253244039845,22.922808411961658,23.200515205899624,589716000,NVDA
2023-02-27,23.476224899291992,23.854825071141974,23.429275467548678,23.6450473658971,452994000,NVDA
2023-02-28,23.191526412963867,23.79988559289662,23.1815367258424,23.347362102450354,455963000,NVDA
2023-03-01,22.674074172973633,23.231486553591107,22.48427391696802,23.167552933250114,460026000,NVDA
2023-03-02,23.289424896240234,23.355355313247546,22.40835460483908,22.464297239112163,389415000,NVDA
2023-03-03,23.86481475830078,23.874804445027564,23.105615715106577,23.29541595223961,412393000,NVDA
2023-03-06,23.5291748046875,24.222441663316612,23.462244081707404,23.865819498087028,437429000,NVDA
2023-03-07,23.26740264892578,24.10366224367853,23.220443334628193,23.579126969767078,515154000,NVDA
2023-03-08,24.15961265563965,24.178596857110083,23.403282221510484,23.46622622618509,513573000,NVDA
2023-03-09,23.415273666381836,24.432372980969312,23.36231913782545,24.153618497967933,501257000,NVDA
2023-03-10,22.94468879699707,23.60610394776299,22.705899859992172,23.388296345871805,474866000,NVDA
2023-03-13,22.94568634033203,23.2773934204727,22.27727934666776,22.731876826184696,421890000,NVDA
2023-03-14,24.041717529296875,24.197579694405405,23.439250204223796,23.475219568886814,474910000,NVDA
2023-03-15,24.20656967163086,24.26451702592668,23.339337433810194,23.73998179778675,524486000,NVDA
2023-03-16,25.518409729003906,25.565367136764166,23.872865210794142,24.00574890060099,583253000,NVDA
2023-03-17,25.702247619628906,26.375651279421106,25.645296921004547,25.95902028263856,848547000,NVDA
2023-03-20,25.877086639404297,26.000977489028042,25.107767378732344,25.592338923098396,432747000,NVDA
2023-03-21,26.175825119018555,26.368655193911295,25.358549792606095,26.15684282491247,547408000,NVDA
2023-03-22,26.44459342956543,27.56460236261101,26.21379681499764,26.401630282737884,797295000,NVDA
2023-03-23,27.166950225830078,27.474678371614985,26.66639389662088,27.091017232493737,564889000,NVDA
2023-03-24,26.755313873291016,27.142971183393072,26.331689105706722,27.007091792651533,454920000,NVDA
2023-03-27,26.50753402709961,26.97611906928059,26.34168048471256,26.81326313262677,361026000,NVDA
2023-03-28,26.386638641357422,26.48954817207098,25.82713452804624,26.423606568217767,356104000,NVDA
2023-03-29,26.96013832092285,27.054055063065416,26.573481399388374,26.80128042790201,393694000,NVDA
2023-03-30,27.358779907226562,27.474678436555607,27.078028306822056,27.204916786801245,364516000,NVDA
2023-03-31,27.75243377685547,27.809382571922825,27.081027225666862,27.115996118368173,433933000,NVDA
2023-04-03,27.940265655517578,27.97523454624746,27.311822283407086,27.48466960367856,398716000,NVDA
2023-04-04,27.4287166595459,27.97523371673916,27.282845889494656,27.941263393705515,368592000,NVDA
2023-04-05,26.857223510742188,26.97411869458037,26.371653330557585,26.80526946048249,515015000,NVDA
2023-04-06,27.013086318969727,27.056047553520614,26.403625256641565,26.560485977879456,397654000,NVDA
2023-04-10,27.554607391357422,27.59657006024275,26.645412420852104,26.7992755400983,395279000,NVDA
2023-04-11,27.14497184753418,27.765422913048063,27.102008703659926,27.699481299941798,314378000,NVDA
2023-04-12,26.471569061279297,27.443708127929558,26.424609743141254,27.345795224515363,446259000,NVDA
2023-04-13,26.439592361450195,26.863217112653786,26.305712014928602,26.71035256577281,353615000,NVDA
2023-04-14,26.734333038330078,26.859222480822282,26.196808771126577,26.48055798084649,395660000,NVDA
2023-04-17,26.978118896484375,26.982115069024893,26.409621904454085,26.541505126599592,321471000,NVDA
2023-04-18,27.64253044128418,28.08513943393583,27.332805146499545,27.508650082334086,604812000,NVDA
2023-04-19,27.906293869018555,27.97523308017652,27.207912752047683,27.336798357649375,358660000,NVDA
2023-04-20,27.08002471923828,28.005206202430383,26.97611662299647,27.646522604245416,427713000,NVDA
2023-04-21,27.095014572143555,27.158959050915872,26.6983663319222,26.928162455219432,345103000,NVDA
2023-04-24,27.018083572387695,27.341796428628392,26.64741139924113,26.989109891102213,339282000,NVDA
2023-04-25,26.217790603637695,27.2229013742331,26.201805913337573,27.054050219721624,378527000,NVDA
2023-04-26,26.93215560913086,27.305825338536614,26.6813781784844,26.978116353168147,406337000,NVDA
2023-04-27,27.20191764831543,27.470680716229086,26.601449417885966,27.338797504535222,377161000,NVDA
2023-04-28,27.724458694458008,27.73344960649909,27.047056930698307,27.20092196442208,292216000,NVDA
2023-05-01,28.88442611694336,29.032295912955636,27.75542655126911,27.815372941798888,570329000,NVDA
2023-05-02,28.18505096435547,28.810498704607454,28.058164377201287,28.654636529358847,402730000,NVDA
2023-05-03,27.777408599853516,28.341909379215185,27.44770056792737,27.815375094782077,383387000,NVDA
2023-05-04,27.53762435913086,27.834360670007325,27.215908633799796,27.62654444288627,321850000,NVDA
2023-05-05,28.654632568359375,28.72956508673925,27.7064725625765,27.801387848122303,361494000,NVDA
2023-05-08,29.125211715698242,29.194150921324063,28.324921601827587,28.496768426952514,344979000,NVDA
2023-05-09,28.54572868347168,28.94737354959499,28.42483732148799,28.873439595641816,314869000,NVDA
2023-05-10,28.859453201293945,29.087252189450044,28.435828416964906,28.97934600141485,369350000,NVDA
2023-05-11,28.55272102355957,28.92439362497088,28.221015861335896,28.87044053584294,322149000,NVDA
2023-05-12,28.314931869506836,28.754543198981384,28.02119130356018,28.503763865404448,274222000,NVDA
2023-05-15,28.927391052246094,28.943377647743457,28.127100823911366,28.482784946357548,293926000,NVDA
2023-05-16,29.187158584594727,29.8435789202714,28.806496990692356,28.81548790146732,449405000,NVDA
2023-05-17,30.151308059692383,30.17228939441913,29.403970448812785,29.557833570142268,432535000,NVDA
2023-05-18,31.649982452392578,31.799849406424173,30.29318370956392,30.383104263115214,748725000,NVDA
2023-05-19,31.236347198486328,31.552067683944458,30.888655428377344,31.508105976511025,473908000,NVDA
2023-05-22,31.148426055908203,31.49212165768894,30.652864468171376,30.87366776329227,372000000,NVDA
2023-05-23,30.660856246948242,31.260325929202107,30.603907456096916,30.972580557946717,356253000,NVDA
2023-05-24,30.510988235473633,30.579927446615685,29.779635363047586,30.1832773408898,721419000,NVDA
2023-05-25,37.9464111328125,39.445084576342175,36.60259939215732,38.4889301875961,1543911000,NVDA
2023-05-26,38.91155242919922,39.13535333136667,37.51678724611189,37.856486677468894,714397000,NVDA
2023-05-30,40.07552719116211,41.90091111611417,39.91367170883157,40.55910031587385,923401000,NVDA
2023-05-31,37.800533294677734,40.25935493570893,37.78854287268503,39.453069566174214,1002580000,NVDA
2023-06-01,39.734825134277344,40.01457626339759,38.306089619716126,38.45495609590561,635873000,NVDA
2023-06-02,39.29222106933594,40.46418406925683,39.02345795167412,40.061540581838685,482731000,NVDA
2023-06-05,39.1363525390625,39.53000121935848,38.67276227118168,38.87458325572637,396094000,NVDA
2023-06-06,38.619815826416016,39.12536886577813,38.114262787053896,38.79566268178252,388729000,NVDA
2023-06-07,37.445716857910156,39.468137450666795,37.326810358624385,38.884594133191015,511998000,NVDA
2023-06-08,38.47991943359375,38.833643027365426,37.47570715034152,37.694534053593046,417772000,NVDA
2023-06-09,38.73971176147461,39.67997469301632,38.536871237623615,39.006501462599836,427717000,NVDA
2023-06-12,39.45115661621094,39.49911945587758,38.58783312564601,39.16937922135142,388701000,NVDA
2023-06-13,40.989959716796875,41.06890039349555,39.70896332197463,40.154614126267326,613208000,NVDA
2023-06-14,42.963417053222656,42.966413063285984,40.52032331528582,40.79211402973289,740465000,NVDA
2023-06-15,42.61968994140625,43.255194841743766,42.11408458461737,42.5687310811785,568622000,NVDA
2023-06-16,42.65864944458008,43.68684489706271,42.627671619358104,43.41605669949975,655709000,NVDA
2023-06-20,43.773780822753906,43.95564168389906,42.64066770306491,42.96441594228362,451153000,NVDA
2023-06-21,43.01137924194336,43.58093756834967,42.04713658375585,43.46702437838124,551603000,NVDA
2023-06-22,42.99139404296875,43.392077979853475,42.201011539171446,42.21999389255843,417737000,NVDA
2023-06-23,42.176029205322266,42.77555900672088,41.98218049927132,42.43083108618956,358140000,NVDA
2023-06-26,40.60026550292969,42.730600334546075,40.06867951218722,42.42783558135576,594322000,NVDA
2023-06-27,41.843292236328125,41.90724142585059,40.41640998353972,40.767133761708735,462175000,NVDA
2023-06-28,41.08488845825195,41.81232053515092,40.48635724932419,40.62824464055819,582639000,NVDA
2023-06-29,40.79010772705078,41.56749981768069,40.568281035412234,41.52553281178783,380514000,NVDA
2023-06-30,42.268959045410156,42.516766447959405,41.46858596097829,41.64744701058792,501148000,NVDA
2023-07-03,42.3798713684082,42.86449316721701,42.169037634447896,42.48379023030001,198209000,NVDA
2023-07-05,42.28395462036133,43.143279816552536,42.0521335401683,42.10209373119875,323618000,NVDA
2023-07-06,42.07011795043945,42.146058807449926,41.31370920237291,41.81132135922697,303582000,NVDA
2023-07-07,42.46979904174805,43.18024602401447,42.14705329030634,42.288940665727566,355881000,NVDA
2023-07-10,42.147056579589844,42.77756426984942,41.616469261927726,42.623685218893456,353908000,NVDA
2023-07-11,42.37187576293945,42.724600671080424,42.03414233997435,42.44781661195004,298244000,NVDA
2023-07-12,43.86770248413086,43.90067764855856,42.74358137770357,42.99938189898188,481277000,NVDA
2023-07-13,45.94108581542969,46.118944360019775,44.45724522752528,44.48322589317595,478204000,NVDA
2023-07-14,45.4334831237793,48.05043674269067,45.024802222527654,46.546611323884825,772075000,NVDA
2023-07-17,46.424705505371094,46.45967801263674,45.22664460524396,46.252842790646994,510488000,NVDA
2023-07-18,47.45690155029297,47.85858797189123,45.69827797708258,46.66452170058574,569164000,NVDA
2023-07-19,47.040225982666016,47.780648286916495,46.705488579051746,47.4269247186503,427502000,NVDA
2023-07-20,45.48444366455078,47.05022098399054,45.02680123666584,46.470672206647684,537865000,NVDA
2023-07-21,44.27438735961914,45.83017417101583,44.06555098011311,45.7522321711593,963769000,NVDA
2023-07-24,44.577152252197266,45.07376568294936,44.005600454709025,44.6960587806985,382516000,NVDA
2023-07-25,45.643314361572266,46.14691841852231,44.88790446443015,44.90589195719996,348081000,NVDA
2023-07-26,45.4164924621582,46.01702469777884,44.59513601307883,45.9850482020561,364237000,NVDA
2023-07-27,45.86415100097656,47.357982253239214,45.71426663486367,46.4826670082,455976000,NVDA
2023-07-28,46.71348571777344,46.99026979268205,46.344774445154044,46.63154903236518,331194000,NVDA
2023-07-31,46.692501068115234,47.09318883138378,46.469675675562414,46.717483065836525,251055000,NVDA
2023-08-01,46.47066879272461,46.86336333707945,45.99104422518508,46.42370462471362,237858000,NVDA
2023-08-02,44.23442459106445,45.80419670368741,43.353113509905164,45.79520486142881,530142000,NVDA
2023-08-03,44.480224609375,45.08275419071188,43.765783009489404,43.765783009489404,324176000,NVDA
2023-08-04,44.64509963989258,45.60634618505477,44.35832507301121,44.94986170170467,362666000,NVDA
2023-08-07,45.381526947021484,45.504431975857,44.528193870776704,45.07576619174701,322154000,NVDA
2023-08-08,44.629119873046875,45.20666758358326,44.02159299987499,44.817971444919216,353843000,NVDA
2023-08-09,42.5207633972168,44.27738970488,42.10108946258739,44.23941737277786,586449000,NVDA
2023-08-10,42.354896545410156,43.53997113311342,41.80232702153618,42.12707396720268,492705000,NVDA
2023-08-11,40.82308578491211,41.9851793236234,40.607254909066846,41.718385785784754,533085000,NVDA
2023-08-14,43.71882247924805,43.765786651430616,40.27951352736408,40.45437607089752,690286000,NVDA
2023-08-15,43.905677795410156,45.23264344321466,43.67585790214367,44.52519626774696,676512000,NVDA
2023-08-16,43.452030181884766,44.640100549597996,43.372090845714155,44.48522285041412,527451000,NVDA
2023-08-17,43.31014633178711,44.027584017095954,42.96741192711898,43.93565682241001,452395000,NVDA
2023-08-18,43.26518249511719,43.543963920277655,41.62746264434339,42.601699627262846,583768000,NVDA
2023-08-21,46.93031692504883,47.02823995825299,44.1874618900852,44.4592488124891,692573000,NVDA
2023-08-22,45.63233184814453,48.14936547616456,45.29759440317979,48.09740413737571,755293000,NVDA
2023-08-23,47.07920455932617,47.16313859123231,45.17269372042857,45.83018078207806,779046000,NVDA
2023-08-24,47.12615966796875,50.22673658703904,47.12216498787686,50.17677640386691,1156044000,NVDA
2023-08-25,45.9820556640625,47.767658540303835,44.98882881073535,46.975278705672146,925341000,NVDA
2023-08-28,46.79841995239258,46.943307161709576,44.85294200358458,46.445695012544455,685192000,NVDA
2023-08-29,48.74589538574219,49.04266428440614,46.35476299443785,46.62954971759292,701397000,NVDA
2023-08-30,49.22551727294922,49.88799757012422,48.38717195801793,49.005687906612565,735206000,NVDA
2023-08-31,49.31645584106445,49.705151991202584,48.91976651789359,49.341437842045146,528570000,NVDA
2023-09-01,48.471107482910156,49.76109942188399,48.10439357486219,49.72313090360501,463830000,NVDA
2023-09-05,48.51007080078125,48.81283547594511,47.82260859520178,48.185323954124634,382653000,NVDA
2023-09-06,47.02811050415039,48.51506952348067,46.547447675154636,48.40714710751364,468670000,NVDA
2023-09-07,46.20869064331055,46.311619313403384,45.120450870903866,45.4931913383561,433330000,NVDA
2023-09-08,45.540157318115234,46.57343525598355,45.23936893896436,45.909901542782364,473069000,NVDA
2023-09-11,45.14643478393555,46.130743345970416,44.28103874415618,46.11575443664463,473966000,NVDA
2023-09-12,44.83864212036133,45.64108235714804,44.49987832466093,44.706734397330045,349256000,NVDA
2023-09-13,45.45322036743164,45.897909142211645,44.471904231366715,44.568836579722586,398355000,NVDA
2023-09-14,45.54915237426758,45.95486692026357,45.099466041293624,45.917894023696675,370097000,NVDA
2023-09-15,43.86931610107422,45.567126025554394,43.7773775410098,45.30930694300869,506831000,NVDA
2023-09-18,43.935279846191406,44.211087976394666,41.97065391873253,42.71813237686466,500271000,NVDA
2023-09-19,43.48958969116211,43.93527718281478,42.971950102234956,43.80237069955783,373064000,NVDA
2023-09-20,42.2094841003418,43.872322851544475,42.19349643912847,43.5695331686225,367108000,NVDA
2023-09-21,40.988338470458984,42.07058192849427,40.95136557382746,41.55394487986268,450736000,NVDA
2023-09-22,41.58092498779297,42.08557317870962,41.202188203522006,41.54294952811981,479236000,NVDA
2023-09-25,42.192501068115234,42.506280863755784,41.14822919128449,41.56194140759635,419091000,NVDA
2023-09-26,41.8817138671875,42.79007909728291,41.625892229485075,41.97165113191076,402282000,NVDA
2023-09-27,42.43832015991211,42.84204096958368,41.59990959746065,42.3004199239516,444935000,NVDA
2023-09-28,43.05889129638672,43.41564027932202,42.085572876608914,42.43032920794071,424663000,NVDA
2023-09-29,43.46860122680664,44.11315092531868,43.27673406437453,43.796371119268684,397830000,NVDA
2023-10-02,44.75070571899414,45.14342881532186,43.83034792394179,43.9992285379224,433298000,NVDA
2023-10-03,43.48658752441406,45.098463094837925,43.2157769974795,44.77668570728605,470850000,NVDA
2023-10-04,44.010223388671875,44.112153297816725,43.26174626009731,43.71143255099348,361821000,NVDA
2023-10-05,44.656776428222656,44.86863010408986,43.85733614690028,44.019221707908876,393483000,NVDA
2023-10-06,45.730018615722656,45.75700017274814,43.99523182082683,44.162114923887266,434436000,NVDA
2023-10-09,45.241363525390625,45.573132266606365,44.33699712951298,44.810664938003,409675000,NVDA
2023-10-10,45.765995025634766,46.22667139823051,45.05649211437215,45.27833709467453,368582000,NVDA
2023-10-11,46.773292541503906,46.8262569088581,46.017820302651025,46.16371818891468,378137000,NVDA
2023-10-12,46.91219711303711,47.57573461020595,46.297628975923374,46.744315234099965,481325000,NVDA
2023-10-13,45.42923355102539,47.0830797443062,45.24836026520754,46.92718670300792,474115000,NVDA
2023-10-16,46.06278991699219,46.192696327999904,44.880614130194836,45.0315095868921,375099000,NVDA
2023-10-17,43.90729522705078,44.72272688542817,42.45031391518229,43.96925217503642,812333000,NVDA
2023-10-18,42.16651153564453,43.18879926057118,41.79577241593963,42.5612359572998,627294000,NVDA
2023-10-19,42.071590423583984,43.266754056698915,41.85274164589192,42.781093510182195,501233000,NVDA
2023-10-20,41.35808181762695,42.4403252529677,41.049295810508625,41.860728698935155,477266000,NVDA
2023-10-23,42.94497299194336,43.21778487682209,40.91639251850647,41.200194491752654,478530000,NVDA
2023-10-24,43.63249206542969,43.666468707017636,42.661174865100485,43.046902951307125,401463000,NVDA
2023-10-25,41.74980545043945,43.61950024898592,41.525962950621626,43.36767362465919,398379000,NVDA
2023-10-26,40.297821044921875,42.22647269652664,39.852133556535904,41.8237544285133,541001000,NVDA
2023-10-27,40.47169876098633,41.177206691835266,39.987037067133414,41.1012595868594,416784000,NVDA
2023-10-30,41.13223648071289,41.73681325645553,40.45271135167305,41.05829069172662,388028000,NVDA
2023-10-31,40.751502990722656,40.85043664876845,39.20258684468398,40.42173556666503,517969000,NVDA
2023-11-01,42.29542541503906,42.35138604007193,40.84044154012121,40.85543044867906,437593000,NVDA
2023-11-02,43.4755973815918,43.853331578454224,42.864025551225126,43.29772036984495,409172000,NVDA
2023-11-03,44.97355270385742,45.27733731815709,43.69244703893823,43.989240387189966,424610000,NVDA
2023-11-06,45.719032287597656,45.90290564428218,44.86762640814462,45.25335828782106,400733000,NVDA
2023-11-07,45.922889709472656,46.18570260804149,45.12644574728523,45.687054558944546,343165000,NVDA
2023-11-08,46.54145431518555,46.834248828049994,45.93587499644732,46.06778272127609,346719000,NVDA
2023-11-09,46.917198181152344,48.19630266302722,46.717337152851385,47.433835260699404,540496000,NVDA
2023-11-10,48.30122375488281,48.43812905946533,47.24996072733801,47.466808147596865,421245000,NVDA
2023-11-13,48.586021423339844,49.081676995363466,48.06538560948801,48.28623183718149,384136000,NVDA
2023-11-14,49.621299743652344,49.799176764113575,49.00573287416369,49.645285046741414,416954000,NVDA
2023-11-15,48.85383605957031,49.92508551038347,48.166317129461184,49.9001052683663,475497000,NVDA
2023-11-16,49.44542694091797,49.490397480832705,48.296232754650504,48.64498792594149,339756000,NVDA
2023-11-17,49.263553619384766,49.68225956451404,48.972756588136555,49.48939362933796,325205000,NVDA
2023-11-20,50.37377166748047,50.51267446523686,49.14662922458695,49.27753819263548,414120000,NVDA
2023-11-21,49.90910339355469,50.48170107547834,49.18760774710226,50.09097543368955,565747000,NVDA
2023-11-22,48.68195343017578,50.29982144046333,47.65666949538865,49.817161099137216,899420000,NVDA
2023-11-24,47.742618560791016,48.8868189750065,47.711638178100976,48.43613388773008,294645000,NVDA
2023-11-27,48.20829391479492,48.49609089003982,47.61870599505968,47.76660139816942,395662000,NVDA
2023-11-28,47.7875862121582,48.28923817471284,47.439829789625705,48.20229716306376,401491000,NVDA
2023-11-29,48.106361389160156,48.727928411184934,47.826558260033494,48.345196613263326,382005000,NVDA
2023-11-30,46.73732376098633,48.076387698516726,46.389567324354005,47.990445435742124,526247000,NVDA
2023-12-01,46.73232650756836,47.16702396235708,46.1547312180282,46.49249632095064,369317000,NVDA
2023-12-04,45.47819900512695,46.044804165615915,44.97854837139348,46.044804165615915,437543000,NVDA
2023-12-05,46.53755187988281,46.57152769132749,45.24334109197845,45.43822164958941,371718000,NVDA
2023-12-06,45.47520446777344,47.35805637744802,45.3842604483653,47.18616055304672,380590000,NVDA
2023-12-07,46.567535400390625,46.60051618631754,45.57614082890342,45.67208285394523,350823000,NVDA
2023-12-08,47.47697448730469,47.71183151295026,46.5215573196364,46.566531807194686,359224000,NVDA
2023-12-11,46.598514556884766,47.50196163403656,45.802004370558734,47.461988967358906,509728000,NVDA
2023-12-12,47.627891540527344,47.6368849146668,46.017875514105,46.017875514105,372387000,NVDA
2023-12-13,48.058624267578125,48.56431567041087,47.5789179572985,47.59990503689136,447792000,NVDA
2023-12-14,48.320457458496094,48.64026163902283,47.393026859915174,48.360433934153576,391232000,NVDA
2023-12-15,48.860130310058594,49.373816223552424,48.09060027989247,48.164556381448534,479948000,NVDA
2023-12-18,50.046409606933594,50.402191134156865,49.11997773498407,49.36982501987744,412587000,NVDA
2023-12-19,49.573692321777344,49.66963433728467,48.86512588284418,49.39380199579273,464444000,NVDA
2023-12-20,48.08161163330078,49.96845884341608,48.06861908632006,49.62466720561467,397894000,NVDA
2023-12-21,48.9600715637207,49.06500695718709,48.389417453965386,48.781180068606574,300425000,NVDA
2023-12-22,48.800167083740234,49.352826795671184,48.437386098484225,49.16494193668389,252507000,NVDA
2023-12-26,49.248897552490234,49.56970061762821,48.930092167702746,48.938086701471754,244200000,NVDA
2023-12-27,49.386810302734375,49.64965012045702,49.05501239405432,49.48075464580007,233648000,NVDA
2023-12-28,49.49174880981445,49.85352719386826,49.38181539341571,49.6126770927999,246587000,NVDA
2023-12-29,49.49174880981445,49.96646094313931,48.72121986722186,49.7825714182401,389293000,NVDA
2024-01-02,48.13856887817383,49.26487918925224,47.565920930034586,49.213911661432995,411254000,NVDA
2024-01-03,47.539939880371094,48.15456203597886,47.2910914479061,47.45599156277329,320896000,NVDA
2024-01-04,47.96867752075195,48.47036973426666,47.478975200634494,47.73781584044559,306535000,NVDA
2024-01-05,49.0670051574707,49.516731000212985,48.27648803927744,48.43239477719924,415039000,NVDA
2024-01-08,52.22107696533203,52.24306669740862,49.44877334196531,49.48175412771333,642510000,NVDA
2024-01-09,53.10753631591797,54.291813775257275,51.658421354299875,52.368989354850214,773100000,NVDA
2024-01-10,54.31679916381836,54.56664645309511,53.45632503855136,53.58325017590931,533796000,NVDA
2024-01-11,54.78850555419922,55.312187494704844,53.527279337957886,54.965399369459846,596759000,NVDA
2024-01-12,54.67657470703125,54.93641799826661,54.29680960809761,54.58662953889082,352994000,NVDA
2024-01-16,56.34755325317383,56.80027560728274,54.86646024002656,54.98438817814625,449580000,NVDA
2024-01-17,56.018760681152344,56.43650460830921,54.706563019184806,56.312579806380306,474394000,NVDA
2024-01-18,57.07211685180664,57.56481575240513,56.07272766296372,57.225023275703855,491650000,NVDA
2024-01-19,59.45466232299805,59.46365569707979,57.190043807244585,57.95357707318065,543501000,NVDA
2024-01-22,59.617557525634766,60.29414590763177,59.03391464914335,60.01231668308295,452955000,NVDA
2024-01-23,59.836421966552734,59.87339811111822,58.549206851243994,59.53360568004521,294654000,NVDA
2024-01-24,61.32451629638672,62.81060746868792,59.90138636580081,60.2671639217423,560271000,NVDA
2024-01-25,61.5793571472168,62.680685096135214,60.81282362309359,62.3119072339738,482777000,NVDA
2024-01-26,60.993709564208984,61.74525282231352,60.53599302202027,60.92275379769683,390309000,NVDA
2024-01-29,62.426841735839844,62.450825336358335,60.869794823781135,61.1945932389414,348733000,NVDA
2024-01-30,62.73564529418945,63.45420777642383,62.22195939324812,62.86157157548254,410735000,NVDA
2024-01-31,61.48941421508789,62.230961514394274,60.66291975637589,61.40246556305648,453795000,NVDA
2024-02-01,62.98849105834961,63.15239231863236,61.61233350050668,62.06205550152998,369146000,NVDA
2024-02-02,66.11959075927734,66.55931680667902,63.65109449153059,63.934921410632114,476578000,NVDA
2024-02-05,69.2896499633789,69.45455008972388,67.16395031831868,68.1833239064927,680078000,NVDA
2024-02-06,68.18132019042969,69.71138308978904,66.25949848302591,69.58745829595591,683111000,NVDA
2024-02-07,70.0561752319336,70.17710350841662,67.5587013332111,68.2772638618389,495575000,NVDA
2024-02-08,69.59845733642578,70.7507528828607,69.41257394689296,70.03119148834118,414422000,NVDA
2024-02-09,72.08895111083984,72.14091368127717,70.1691190330097,70.48992214211897,436637000,NVDA
2024-02-12,72.20387268066406,74.5654283449227,71.20648115197012,72.55565505937633,613710000,NVDA
2024-02-13,72.08394622802734,73.40513741451034,69.57748237910234,70.35700477469595,602580000,NVDA
2024-02-14,73.85486602783203,74.19065934700839,71.89406636072601,73.15729429339046,504917000,NVDA
2024-02-15,72.61361694335938,73.9298138493264,72.35577892403286,73.82388341395547,420122000,NVDA
2024-02-16,72.56863403320312,74.35654245789623,72.45670295069786,74.05472502125532,495327000,NVDA
2024-02-20,69.40957641601562,71.91204456852859,67.69262359545532,71.90304738257117,704833000,NVDA
2024-02-21,67.43077850341797,68.84591377259603,66.20752727493073,67.96444884340175,673755000,NVDA
2024-02-22,78.49002838134766,78.52700071768926,74.17466516688725,74.97917375100998,865100000,NVDA
2024-02-23,78.76885223388672,82.34366290568272,77.5226123761237,80.74064650613892,829388000,NVDA
2024-02-26,79.04368591308594,80.596737435313,78.4570388969918,79.65130857177527,503973000,NVDA
2024-02-27,78.65291595458984,79.4314469973946,77.1148623296948,79.3325008302499,391705000,NVDA
2024-02-28,77.61555480957031,78.88477556464643,77.07788148076835,77.57258181183745,393110000,NVDA
2024-02-29,79.06367492675781,79.9411369643908,78.30213934805526,79.04568817875618,507289000,NVDA
2024-03-01,82.2287368774414,82.24972776986829,79.38647244624788,79.95112973995113,479135000,NVDA
2024-03-04,85.18492126464844,87.6414196546175,83.6678509917937,84.07859536447201,615616000,NVDA
2024-03-05,85.91551971435547,86.04844794548417,83.36995895717057,85.22191083370436,520639000,NVDA
2024-03-06,88.64996337890625,89.67338783876231,86.98090721641023,87.97235204473671,582520000,NVDA
2024-03-07,92.61672973632812,92.71467403344542,89.55145830366479,90.10714445366249,608119000,NVDA
2024-03-08,87.47862243652344,97.34505496163638,86.45719580850812,95.0843299936833,1142269000,NVDA
2024-03-11,85.72563171386719,88.7469219574668,84.11853680206842,86.38026112101332,678364000,NVDA
2024-03-12,91.86116790771484,91.90813847414768,86.10141744907258,87.99934858682109,668075000,NVDA
2024-03-13,90.83673095703125,91.45238079004136,88.38511175577527,91.00363657004534,635713000,NVDA
2024-03-14,87.89439392089844,90.5948732884495,86.55115025815236,89.52647603225017,602318000,NVDA
2024-03-15,87.78746795654297,89.4955039098344,86.20836469105882,86.8809817189237,642086000,NVDA
2024-03-18,88.40511322021484,92.3528823706334,87.03588315502401,90.33702166642148,668976000,NVDA
2024-03-19,89.34757995605469,90.49292967987033,84.9620544077868,86.65109602123033,672171000,NVDA
2024-03-20,90.32102966308594,90.35901024319512,88.17323967680368,89.74634940187569,479063000,NVDA
2024-03-21,91.3834228515625,92.59574371140432,90.3540050520513,92.2479404308415,480372000,NVDA
2024-03-22,94.2358169555664,94.72453954495887,90.78276394753543,91.0895899885777,586719000,NVDA
2024-03-25,94.94841003417969,96.71141493346599,93.45725487677139,93.88801151365493,552136000,NVDA
2024-03-26,92.50880432128906,96.32065669701714,92.4498394808451,95.79695009267564,513648000,NVDA
2024-03-27,90.19910430908203,93.1874159899472,89.07274096879794,93.05948982143728,586067000,NVDA
2024-03-28,90.30503845214844,91.24850624285476,89.14269241707345,89.9492364441801,435212000,NVDA
2024-04-01,90.31202697753906,92.17297617207028,89.15368416261286,90.24806771473163,452441000,NVDA
2024-04-02,89.40155029296875,90.04318648075638,87.57058285516493,88.39811114522563,433064000,NVDA
2024-04-03,88.91382598876953,90.32303448482294,88.35014869042175,88.43410095294554,370067000,NVDA
2024-04-04,85.85653686523438,90.58287298050408,85.83154944356146,90.35499714995936,434965000,NVDA
2024-04-05,87.9583740234375,88.43110686367916,85.87754736667624,86.81701209960936,399678000,NVDA
2024-04-08,87.08385467529297,88.77989605626742,86.68307988880372,88.64996450448324,283220000,NVDA
2024-04-09,85.30584716796875,87.58556628736338,82.97516956737525,87.39267436773328,501700000,NVDA
2024-04-10,86.98991394042969,87.35071040768491,83.66179013581636,83.87867062101493,431929000,NVDA
2024-04-11,90.56488800048828,90.687819723934,86.87697442257391,87.37069146521046,431637000,NVDA
2024-04-12,88.13626098632812,90.1241452492344,87.48063273280795,89.64840815742117,426805000,NVDA
2024-04-15,85.95247650146484,90.56187385949313,85.88051852787375,89.04772925338116,443077000,NVDA
2024-04-16,87.36569213867188,88.06829089560239,86.01545628049773,86.38424380509475,370453000,NVDA
2024-04-17,83.98760223388672,88.72492641813315,83.90264346955806,88.29016660250515,495400000,NVDA
2024-04-18,84.62322998046875,86.14137784678024,82.3555128561398,84.92206489691038,447260000,NVDA
2024-04-19,76.15702819824219,84.27644766930946,75.56336900757456,83.10311370735981,875198000,NVDA
2024-04-22,79.47314453125,80.02783178093904,76.35690706369323,78.0599406532052,596341000,NVDA
2024-04-23,82.37651062011719,82.72231614993429,80.21873169463018,80.7234441336971,438559000,NVDA
2024-04-24,79.63206481933594,84.03457921776213,79.13834013698539,83.90264988256477,512208000,NVDA
2024-04-25,82.58539581298828,83.27600032547527,78.17887846781115,78.82351130528671,424641000,NVDA
2024-04-26,87.68553161621094,88.28119623524096,83.33998364388893,83.77074038243197,551011000,NVDA
2024-04-29,87.70751953125,87.94238000481042,85.21791921054779,87.54560831747182,388971000,NVDA
2024-04-30,86.353271484375,88.76890816331654,86.25133163329888,87.19079630766022,363709000,NVDA
2024-05-01,82.99414825439453,85.9514784070707,81.20915281271795,85.02900264492887,559863000,NVDA
2024-05-02,85.76859283447266,86.18835408667036,83.15306466582874,84.4013606664833,377898000,NVDA
2024-05-03,88.7389144897461,89.23063371341577,86.9909005732954,87.73947860212795,398341000,NVDA
2024-05-06,92.08802795410156,92.16798466023728,89.00476895897276,89.3395790876885,376203000,NVDA
2024-05-07,90.50292205810547,91.72922732116892,88.96079315014337,91.04661392300342,437342000,NVDA
2024-05-08,90.36101531982422,91.14257199813075,89.36957035953105,89.43253836914545,325721000,NVDA
2024-05-09,88.69694519042969,91.0206307579062,88.18123739175036,90.47793776117966,378013000,NVDA
2024-05-10,89.82730865478516,91.34945233112951,89.17667483195356,90.25406978590553,335325000,NVDA
2024-05-13,90.34801483154297,90.94667600491073,88.47906681215352,90.42696502755186,289680000,NVDA
2024-05-14,91.30447387695312,91.59930565354625,88.88383529778994,89.54846112262796,296507000,NVDA
2024-05-15,94.57664489746094,94.80851635297796,91.54735554311361,92.41986444406369,417735000,NVDA
2024-05-16,94.3057861328125,95.7649618311796,94.04992617640089,94.85647788998737,323952000,NVDA
2024-05-17,92.42684173583984,94.68656820618962,91.75422475858959,94.31578286476113,359691000,NVDA
2024-05-20,94.7265396118164,95.14630088740084,93.38729907778286,93.69712178712975,318764000,NVDA
2024-05-21,95.33219909667969,95.3461911389766,93.12744211033531,93.54620449229954,328946000,NVDA
2024-05-22,94.89644622802734,95.96584245517248,93.19640917175742,95.4051618418388,548648000,NVDA
2024-05-23,103.74046325683594,106.26003756449907,101.46274160839002,101.9704583406549,835065000,NVDA
2024-05-24,106.40895080566406,106.41494412748668,102.94190563238328,104.39008586204577,429494000,NVDA
2024-05-28,113.83676147460938,114.87417806167193,109.82102986026253,110.18182631936331,652728000,NVDA
2024-05-29,114.76022338867188,115.42684694644582,110.83844096973402,112.98623077828327,557442000,NVDA
2024-05-30,110.43767547607422,115.75367568258609,109.60114957621623,114.58533630630252,484553000,NVDA
2024-05-31,109.57115936279297,112.65341931534381,106.879677688503,112.45652422078095,613263000,NVDA
2024-06-03,114.93512725830078,114.93512725830078,111.93981625134096,113.5569073631165,438392000,NVDA
2024-06-04,116.3713150024414,116.53422506807837,113.98066602426375,115.6507286685858,403324000,NVDA
2024-06-05,122.3709487915039,122.37993877462908,117.40175277551737,118.30424338003813,528402000,NVDA
2024-06-06,120.92975616455078,125.51616477932996,118.25326519915947,123.97803133753258,664696000,NVDA
2024-06-07,120.81981658935547,121.62336396697008,117.95543577009146,119.70244332667052,412386000,NVDA
2024-06-10,121.72130584716797,123.0305645078952,116.94400320335374,120.30210862140808,313434100,NVDA
2024-06-11,120.85173034667969,122.81078479761143,118.68277039590036,121.71130884876212,222551200,NVDA
2024-06-12,125.13966369628906,126.8188544177255,122.51093382538542,123.00069556163665,299595000,NVDA
2024-06-13,129.5475311279297,129.7374419918796,127.09871503024357,129.32763594350715,260704500,NVDA
2024-06-14,131.8164520263672,132.7759808624214,128.2581700274141,129.89737910282292,309320400,NVDA
2024-06-17,130.91688537597656,133.66556033801308,129.5175660413327,132.92592665460285,288504400,NVDA
2024-06-18,135.5146484375,136.26428691629846,130.62700616579136,131.07678620278367,294335100,NVDA
2024-06-20,130.71697998046875,140.69216665961412,129.45759262565218,139.73263779444994,517768400,NVDA
2024-06-21,126.50899505615234,130.56704338903992,124.24009251378381,127.05873301556977,649445800,NVDA
2024-06-24,118.0530776977539,124.40001580098117,117.98311173916277,123.1806025577778,476060900,NVDA
2024-06-25,126.02924346923828,126.43904958277636,119.26250875597422,121.14160018633311,414192600,NVDA
2024-06-26,126.33909606933594,128.05826088696048,122.54092403749853,126.06922189761302,362975900,NVDA
2024-06-27,123.93024444580078,126.34908399185862,122.8607604065947,124.04019204451785,252571700,NVDA
2024-06-28,123.48046875,127.648457456266,122.69084852465333,124.5199685039101,315516700,NVDA
2024-07-01,124.24009704589844,124.77983008392047,118.77273207553426,123.41049523168472,284885500,NVDA
2024-07-02,122.61087799072266,123.35052684202405,120.9716689903923,121.07161927076024,218374000,NVDA
2024-07-03,128.21817016601562,128.21817016601562,121.30150730962696,121.60136576540062,215749000,NVDA
2024-07-05,125.76937103271484,128.7879201254304,125.6194417846086,127.31861959456383,214176700,NVDA
2024-07-08,128.13821411132812,130.70698288369695,126.97877711018438,127.42855719345991,237677300,NVDA
2024-07-09,131.3166961669922,133.7555228326683,128.58800070420872,130.28719371816868,285366600,NVDA
2024-07-10,134.84498596191406,135.03489683470838,132.35618048673416,133.96540518326054,248978600,NVDA
2024-07-11,127.3386001586914,136.08437540615716,126.98877036890757,135.68457428967133,374782700,NVDA
2024-07-12,129.177734375,131.85643576222122,127.15870339191848,128.1981955828636,252680500,NVDA
2024-07-15,128.3780975341797,131.3266726567918,127.11870268784229,130.49707086610906,208326200,NVDA
2024-07-16,126.29910278320312,128.97780386568002,124.51996185494663,128.3781021800115,214769500,NVDA
2024-07-17,117.93313598632812,121.7912763806817,116.66375138152577,121.29151734126509,390086200,NVDA
2024-07-18,121.0316390991211,122.34101295266511,116.50382347473696,121.79127496540796,320979500,NVDA
2024-07-19,117.8731689453125,121.54139851435873,117.31344125378135,120.29200089882109,217223800,NVDA
2024-07-22,123.48046875,124.01021213043963,119.8022417845173,120.29200352530061,258068900,NVDA
2024-07-23,122.53092193603516,124.62991607602876,122.04116019537173,122.72083281792666,173911000,NVDA
2024-07-24,114.19493865966797,119.89218856658098,113.38533146913761,119.1125656978158,327776900,NVDA
2024-07-25,112.22589111328125,116.57379332567128,106.24877714220031,112.98552700492492,460067000,NVDA
2024-07-26,113.00550842285156,116.14399449340688,111.52622597755057,116.13400480341201,293399100,NVDA
2024-07-29,111.53620910644531,116.22395093081532,111.24635559929368,113.63520299096253,248152100,NVDA
2024-07-30,103.68000030517578,111.93601308136988,102.49057150448816,111.46623842477169,486833300,NVDA
2024-07-31,116.96359252929688,118.28295597890576,110.82655264429766,112.84558326649312,473174200,NVDA
2024-08-01,109.15736389160156,120.10209097077005,106.75851907796755,117.47335365334001,523462300,NVDA
2024-08-02,107.21829223632812,108.66759790813096,101.32114215166182,103.7099895556254,482027500,NVDA
2024-08-05,100.40159606933594,103.3601765320247,90.64630432334224,92.01563932136813,552842400,NVDA
2024-08-06,104.19976806640625,107.65809998114993,100.50155392872522,103.78996196090817,409012100,NVDA
2024-08-07,98.8623275756836,108.74755983917498,98.64243239882663,107.75803154331864,411440400,NVDA
2024-08-08,104.91941833496094,105.44916171874115,97.47300376138202,101.95084829679239,391910000,NVDA
2024-08-09,104.69952392578125,106.54863093775165,103.3801603016259,105.58909444979487,290844200,NVDA
2024-08-12,108.96746063232422,111.01647580125626,106.20879614847053,106.26876479464013,325559900,NVDA
2024-08-13,116.08403015136719,116.17399074467681,111.52623010948827,112.38581627538197,312646700,NVDA
2024-08-14,118.0230941772461,118.54284021234767,114.01502462748074,118.47287425328174,339246400,NVDA
2024-08-15,122.8008041381836,123.1806183011187,117.41340176096612,118.70278112755229,318086700,NVDA
2024-08-16,124.51995849609375,124.93975424016854,121.12159565561768,121.88123149659879,302589900,NVDA
2024-08-19,129.93736267089844,129.93736267089844,123.36053125322975,124.22011749326396,318333600,NVDA
2024-08-20,127.18868255615234,129.81742012912812,125.82933728380516,128.33812230971984,300087400,NVDA
2024-08-21,128.4380645751953,129.28766098618868,126.59895509298427,127.25863301570179,257883600,NVDA
2024-08-22,123.68035888671875,130.68698241163722,123.04066795762931,129.9573385201996,376189100,NVDA
2024-08-23,129.30764770507812,129.53754784197983,125.15965381933411,125.79934477343178,323230300,NVDA
2024-08-26,126.3990478515625,131.196729770517,124.31005885081005,129.50755712849073,331964700,NVDA
2024-08-27,128.23817443847656,129.1377346219971,123.82029866993177,124.98974063480068,303134600,NVDA
2024-08-28,125.5494613647461,128.26815164825356,122.58089157173563,128.05824614963967,448101100,NVDA
2024-08-29,117.5333251953125,124.37003270157089,116.65375204642187,121.30151255769351,453023300,NVDA
2024-08-30,119.3124771118164,121.69132742002542,117.16351169383461,119.47239604079388,333751600,NVDA
2024-09-03,107.94795989990234,116.15400297350318,107.2383029304614,115.95410239434622,477155100,NVDA
2024-09-04,106.1588134765625,113.21540862229497,104.06982436712501,105.3592035946603,372470300,NVDA
2024-09-05,107.15833282470703,109.5971593888533,104.70951657024186,104.93940145906154,306850700,NVDA
2024-09-06,102.78045654296875,108.09789296916705,100.90135747929331,107.9879453590278,413638100,NVDA
2024-09-09,106.41869354248047,106.4986568208146,103.64003443897201,104.82945579489092,273912000,NVDA
2024-09-10,108.04788970947266,109.34726610485653,104.89940661736314,107.7580285866342,268283700,NVDA
2024-09-11,116.8536605834961,117.13352442144715,107.36822866067497,109.33728046789619,441422400,NVDA
2024-09-12,119.09276580810547,120.74211318355616,115.33425434141012,116.79367460276575,366052700,NVDA
2024-09-13,119.05278778076172,119.91244749081417,117.55338237388469,119.03279906427295,238358300,NVDA
2024-09-16,116.73371124267578,118.1331578565614,114.31467227697621,116.74370941440674,248772300,NVDA
2024-09-17,115.54417419433594,118.75290839853001,114.78448096424103,118.12315326201993,231925900,NVDA
2024-09-18,113.32505798339844,117.65333558843457,113.17511592459984,115.84405559100924,310318900,NVDA
2024-09-19,117.82328033447266,119.61257171272585,117.20352335036759,117.30348218615993,293506400,NVDA
2024-09-20,115.95401763916016,118.57298181753792,115.3442588328446,117.01359501507952,382462400,NVDA
2024-09-23,116.21391296386719,116.94361929782039,114.81446644323901,116.50379891378353,206228500,NVDA
2024-09-24,120.82209014892578,121.75172180406905,115.33426088161053,116.47380837806097,354966800,NVDA
2024-09-25,123.46104431152344,124.89047778241,121.56179592255684,121.97162943795686,284692900,NVDA
2024-09-26,123.9908218383789,127.61937987933592,121.75171208350119,126.7497296956914,302582900,NVDA
2024-09-27,121.35187530517578,123.98082995705606,119.21272426875333,123.92085618310571,271009200,NVDA
2024-09-30,121.3918685913086,121.451842369324,118.10317169758383,118.26310431441512,226553700,NVDA
2024-10-01,116.95361328125,122.39145893750027,115.74409392230913,121.72171877480598,302094500,NVDA
2024-10-02,118.80288696289062,119.33267565347262,115.09435850244638,116.39384623986545,221845900,NVDA
2024-10-03,122.80130767822266,124.31071133495183,120.29230036497337,120.872072316084,277118000,NVDA
2024-10-04,124.8704833984375,124.99043857930913,121.78171184810518,124.890479741768,243678100,NVDA
2024-10-07,127.66937255859375,130.58821322989388,124.9004663256647,124.94045138468705,346250200,NVDA
2024-10-08,132.83731079101562,133.42707320550807,129.36868536610157,130.20834865989482,285722500,NVDA
2024-10-09,132.597412109375,134.46668122269037,131.32792651292905,134.0568400839603,246191600,NVDA
2024-10-10,134.75656127929688,134.94648840712318,130.94807393580103,131.8577168886846,242311300,NVDA
2024-10-11,134.74656677246094,135.72617401836632,133.60701929174726,133.9568713960576,170209500,NVDA
2024-10-14,138.01527404785156,139.54466630986312,136.24597143489578,136.4159022137037,232347700,NVDA
2024-10-15,131.54783630371094,138.5150744275185,128.68896947491228,137.8153397242487,377831000,NVDA
2024-10-16,135.6661834716797,136.56582048896271,131.52782573724866,133.92686795182897,264879700,NVDA
2024-10-17,136.87570190429688,140.83413853249198,136.81572813387166,139.28475003463748,306435900,NVDA
2024-10-18,137.94529724121094,138.8449343829922,137.22558142668973,138.61502982502418,176090200,NVDA
2024-10-21,143.6530303955078,143.6530303955078,137.94528751258602,138.07524085271365,264554500,NVDA
2024-10-22,143.5330810546875,144.3627538949317,141.72380093133486,142.85335791004843,226311600,NVDA
2024-10-23,139.50466918945312,142.37352650102258,137.40551088320953,141.97369118156848,285930000,NVDA
2024-10-24,140.35433959960938,141.293969386979,138.40511570705533,140.76418072009866,172354900,NVDA
2024-10-25,141.48388671875,144.0728716327459,140.74418981710016,140.8741279131319,205122100,NVDA
2024-10-28,140.4643096923828,143.08326638426843,139.99449475491215,142.9433224828564,173586700,NVDA
2024-10-29,141.19400024414062,142.20359433012132,138.8449258203989,140.23437413304583,157593600,NVDA
2024-10-30,139.28475952148438,140.27437255912164,136.75576367804047,139.48467718743143,179418100,NVDA
2024-10-31,132.70736694335938,137.55545044959692,132.05763071180766,137.54545990469654,270039600,NVDA
2024-11-01,135.34632873535156,137.25557537634637,134.5166711244238,134.64660922766117,207127800,NVDA
2024-11-04,135.99607849121094,138.90492874894582,135.51627301400697,137.15562237613318,187528200,NVDA
2024-11-05,139.8545379638672,140.31434706066804,137.27555894461494,137.39550649112996,160537400,NVDA
2024-11-06,145.5522918701172,146.4319479858603,141.90374455387283,142.90334822985668,242043900,NVDA
2024-11-07,148.8209991455078,148.8709671267726,146.1120664908763,146.33198051831096,207323300,NVDA
2024-11-08,147.5714569091797,149.71060760531262,146.20198985995728,148.71100419118065,175665800,NVDA
2024-11-11,145.20240783691406,148.7909962143961,143.51309063046196,148.62105018654825,182325600,NVDA
2024-11-12,148.231201171875,149.5906625866308,145.95210633724608,146.72180532829077,198634700,NVDA
2024-11-13,146.21200561523438,149.2707898303925,145.8421419549503,149.01089841600094,191903300,NVDA
2024-11-14,146.7018280029297,148.94094569769402,145.49231611296014,147.5814841067195,194463300,NVDA
2024-11-15,141.9237060546875,145.18242335032573,140.02446543358045,144.81255966940228,250132900,NVDA
2024-11-18,140.0944366455078,141.4938908192372,137.0956258838966,139.4447004149215,221205300,NVDA
2024-11-19,146.95172119140625,147.07168399645053,140.9341184421503,141.26398946372595,227834900,NVDA
2024-11-20,145.83216857910156,147.5015047606034,142.67341754276418,147.3515703217148,309871700,NVDA
2024-11-21,146.6118621826172,152.8293979645091,140.64422730754492,149.290807835149,400946600,NVDA
2024-11-22,141.8937225341797,147.1016638018941,141.04406865837018,145.87214043901812,236406200,NVDA
2024-11-25,135.96607971191406,141.99368792347047,135.7661620516237,141.93371415065735,344941900,NVDA
2024-11-26,136.86570739746094,139.24476857370792,135.61620304064866,137.6453968958927,190287700,NVDA
2024-11-27,135.28634643554688,137.16560606875765,131.74775643225163,134.95647541996794,226370900,NVDA
2024-11-29,138.19520568847656,139.29477581313424,135.99608069190262,136.7257870913165,141863200,NVDA
2024-12-02,138.57504272460938,140.39431322408433,137.76536630294407,138.77496038075373,171682800,NVDA
2024-12-03,140.20440673828125,140.48429454860658,137.8953246767264,138.2051993772479,164414000,NVDA
2024-12-04,145.08245849609375,145.73219470186731,140.23437518220274,141.94370396224937,231224300,NVDA
2024-12-05,145.0124969482422,146.49200804389403,143.9028598130552,145.06248362625453,172621200,NVDA
2024-12-06,142.3933563232422,145.65228325014007,141.26372149336697,144.5526526293818,188505600,NVDA
2024-12-09,138.76454162597656,139.90416770148084,137.08509909525122,138.92449289189105,189308600,NVDA
2024-12-10,135.0257568359375,141.77354545828368,133.74616214517607,138.96445323342698,210020900,NVDA
2024-12-11,139.26437377929688,140.1240927409604,135.16572567436427,137.31501545162718,184905200,NVDA
2024-12-12,137.2949981689453,138.39464386571996,135.7555094472505,137.0350888468848,159211400,NVDA
2024-12-13,134.20602416992188,139.55427778956917,132.4965775973186,138.89449032268433,231514900,NVDA
2024-12-16,131.95675659179688,134.35596424649526,130.37727237183418,134.13603509853905,237951100,NVDA
2024-12-17,130.3472900390625,131.54689392732612,126.81844751374322,129.04771280436398,259410300,NVDA
2024-12-18,128.86778259277344,136.6552244722092,128.23798405143236,133.8161583001621,277444500,NVDA
2024-12-19,130.63719177246094,133.98610066679845,129.5075722477592,131.71683987642237,209719200,NVDA
2024-12-20,134.65586853027344,135.2356803497186,128.1779956829599,129.76747112979962,306528600,NVDA
2024-12-23,139.62423706054688,139.7441928628519,135.07572475974197,136.23534836132282,176053500,NVDA
2024-12-24,140.174072265625,141.85351466107915,138.60457919611483,139.9541431061549,105157000,NVDA
2024-12-26,139.88417053222656,140.8038826879709,137.68489400548984,139.65425012018665,116205600,NVDA
2024-12-27,136.96511840820312,138.97446981750295,134.66588395063462,138.50462254046806,170582600,NVDA
2024-12-30,137.4449462890625,140.22403398735426,133.97608228188028,134.78581438230358,167734700,NVDA
2024-12-31,134.2460174560547,138.02479365615312,133.7861766339878,137.98479821279548,155659200,NVDA
2025-01-02,138.26470947265625,138.83453015425235,134.58592176996075,135.95546829733047,198247200,NVDA
2025-01-03,144.4226837158203,144.85253555834646,139.68423069189672,139.96413776465596,229322500,NVDA
2025-01-06,149.3810577392578,152.11017470884985,147.77159962141576,148.54133648113356,265377400,NVDA
2025-01-07,140.09410095214844,153.07985197865167,139.96413864833562,152.97987862898157,351782200,NVDA
2025-01-08,140.06410217285156,143.90284057175748,137.51493447299714,142.5332942493383,227349900,NVDA
2025-01-10,135.86549377441406,139.87417502688794,134.17604480086774,137.40498271998055,207602500,NVDA
2025-01-13,133.18637084960938,133.44629547754278,129.46758770744978,129.94744151880715,204808900,NVDA
2025-01-14,131.71682739257812,136.33532416409136,130.00739616366573,136.00543044799826,195590500,NVDA
2025-01-15,136.1953887939453,136.4053114797544,131.24699764678536,133.60622538989423,185217300,NVDA
2025-01-16,133.5262451171875,138.70454064615834,133.44626949753135,138.59457607585483,209235600,NVDA
2025-01-17,137.66490173339844,138.45463626831489,135.41563868932835,136.6452315490251,201188800,NVDA
2025-01-21,140.78387451171875,141.78354697270905,137.0450940162502,139.1144233323199,197749000,NVDA
2025-01-22,147.02183532714844,147.74158546149795,143.62293982675303,144.61262104889417,237651400,NVDA
2025-01-23,147.17178344726562,147.18177468068177,143.67292977388993,145.0024960002277,155915500,NVDA
2025-01-24,142.5732879638672,148.92121448023644,141.8335400716498,148.32140487495408,234657600,NVDA
2025-01-27,118.38121032714844,128.3579371600633,116.66177248371496,124.75912547322825,818830900,NVDA
2025-01-28,128.94775390625,128.95774513931468,116.21192149182427,121.77009783396647,579666400,NVDA
2025-01-29,123.65947723388672,126.8484347440811,120.01067894543576,126.45856310434583,467120600,NVDA
2025-01-30,124.60917663574219,124.9590604797062,118.06131881584726,123.05968123503551,392925500,NVDA
2025-01-31,120.03067016601562,127.80812056780856,119.15096116009843,123.73945402173636,388161100,NVDA
2025-02-03,116.62179565429688,118.53116613291392,112.9729895620065,114.71241754878405,371235700,NVDA
2025-02-04,118.61112976074219,121.16028976109213,116.66176403787988,116.92168099297385,256550000,NVDA
2025-02-05,124.78911590576172,124.95905839472358,120.72044926950534,121.72012173666313,262230800,NVDA
2025-02-06,128.63784790039062,128.72783001681898,125.16899078801299,127.37826606210074,251483600,NVDA
2025-02-07,129.79747009277344,130.32729528258605,124.95905898960582,129.17767804139822,228186300,NVDA
2025-02-10,133.5262451171875,134.95576927734325,129.91742726932324,130.04737430419848,216989100,NVDA
2025-02-11,132.7565155029297,134.43595803743202,130.9770996135579,132.5365863252507,178902400,NVDA
2025-02-12,131.0970458984375,132.19669170682792,129.03772306980744,129.97741762356085,160278600,NVDA
2025-02-13,135.24566650390625,136.455276767875,131.12702127315083,131.51689288233604,197430000,NVDA
2025-02-14,138.8045196533203,139.20438251414282,135.45561099221797,136.43528567888637,195479600,NVDA
2025-02-18,139.35433959960938,143.3930250185803,137.8848198127303,141.22373753647113,219176600,NVDA
2025-02-19,139.18438720703125,141.3136943495984,137.17505112782226,139.46429426521587,167536000,NVDA
2025-02-20,140.06410217285156,140.61392504988532,136.74518244514988,139.98412654948388,143903600,NVDA
2025-02-21,134.38595581054688,141.41366694156105,133.98609294492073,139.99411868487,228217600,NVDA
2025-02-24,130.23733520507812,138.544611438826,130.03740375103862,136.51527743543022,251381100,NVDA
2025-02-25,126.5885238647461,130.1573543264651,124.39924631174091,129.93742515974864,271428700,NVDA
2025-02-26,131.23699951171875,133.68619399137987,128.44792005609298,129.9474287481865,322553800,NVDA
2025-02-27,120.11064910888672,134.96577503505506,119.97069557287365,134.9557838016939,443175800,NVDA
2025-02-28,124.87908172607422,125.04902421361967,116.36187573271177,117.98134023479652,389091100,NVDA
2025-03-03,114.02263641357422,123.65947815441595,112.2432206852501,123.46954557652553,411381400,NVDA
2025-03-04,115.9520034790039,119.27091565466138,110.07393231302608,110.61375634258967,398163300,NVDA
2025-03-05,117.26158142089844,118.2412561507128,114.47249437052442,117.54148848655969,284337900,NVDA
2025-03-06,110.53378295898438,115.31221606989396,110.18389912538346,113.49281250827367,321181900,NVDA
2025-03-07,112.65309143066406,113.44283358559466,107.52476685365718,111.21356065439609,341755500,NVDA
2025-03-10,106.94495391845703,111.81335349826479,105.42544763902806,109.86399541986671,366487400,NVDA
2025-03-11,108.72437286376953,112.20322856084239,104.73567447790636,106.95494843650206,354865700,NVDA
2025-03-12,115.71273803710938,116.7325020716217,112.85341103244578,114.09312447156262,323857500,NVDA
2025-03-13,115.55277252197266,117.73225924433854,113.76319330991835,117.0024278677365,299033100,NVDA
2025-03-14,121.6413345336914,121.85128414551467,118.12216714928688,118.5820578648422,277593500,NVDA
2025-03-17,119.50183868408203,122.86104771124882,118.00219206936818,122.711081524258,255501500,NVDA
2025-03-18,115.4028091430664,118.99195980676369,114.51301940530757,117.97220343827061,299686900,NVDA
2025-03-19,117.4923095703125,120.4216195833343,115.65274672556286,117.24236846895431,273426200,NVDA
2025-03-20,118.50206756591797,120.17167220516042,116.44255543913019,116.52253841801043,248829700,NVDA
2025-03-21,117.6722640991211,117.9621966837067,115.39280254041711,116.91244866461768,266498500,NVDA
2025-03-24,121.38140106201172,122.19120779583362,119.31188140429414,119.8517551027078,228452500,NVDA
2025-03-25,120.66156768798828,121.26142480153007,118.89198043130345,120.5216012824151,167447200,NVDA
2025-03-26,113.73320007324219,118.81199741904777,112.68344440410922,118.70203035263671,293463300,NVDA
2025-03-27,111.40374755859375,114.42303269482778,110.63393232562053,111.32376457585453,236902100,NVDA
2025-03-28,109.64415740966797,112.84340799305504,109.04430030890691,111.46372827094805,229872500,NVDA
2025-03-31,108.35446166992188,110.9338556226425,103.6255803841977,105.10522740758995,299212700,NVDA
2025-04-01,110.12405395507812,110.17403760023085,106.4449205320371,108.49443304563391,222614000,NVDA
2025-04-02,110.39398193359375,111.95361956622256,106.76483994973236,107.26472214391917,220601200,NVDA
2025-04-03,101.7760238647461,105.60511590388697,101.57606639857329,103.48562015563714,338769400,NVDA
2025-04-04,94.28778076171875,100.10640942744341,92.08830207120735,98.88670323249266,532273800,NVDA
2025-04-07,97.61698913574219,101.72602116602216,86.59958951154498,87.43938789235719,611041300,NVDA
2025-04-08,96.27731323242188,105.82505852328022,94.43774279946976,103.78553826456235,476243400,NVDA
2025-04-09,114.30307006835938,115.07288532975399,97.50702445286697,98.86670469924479,612918300,NVDA
2025-04-10,107.5446548461914,110.83388059600858,99.12664053501021,109.34423379452805,437812400,NVDA
2025-04-11,110.90386199951172,111.52371865557488,107.45467796999777,108.47443427245335,313417300,NVDA
2025-04-14,110.68391418457031,114.2630725146749,109.04430120283689,114.08311462021162,264705000,NVDA
2025-04-15,112.1735610961914,113.5932323217664,110.47396469045397,110.94385517244878,228966900,NVDA
2025-04-16,104.46538543701172,106.76484672728219,100.4263361362673,104.52537649088836,397016900,NVDA
2025-04-17,101.46607971191406,104.44538077133734,100.02642426353728,104.4253812132841,292517500,NVDA
2025-04-21,96.88717651367188,99.41657935183265,95.01761424618036,98.74673137333838,288501100,NVDA
2025-04-22,98.86669921875,99.78648062043173,97.2570779520085,98.75672452641882,241004800,NVDA
2025-04-23,102.68580627441406,104.77531795205407,101.99596635952085,104.49537749742674,247526000,NVDA
2025-04-24,106.40491485595703,106.51488953927,103.08569768188364,103.4556132191724,220815000,NVDA
2025-04-25,110.98385620117188,111.8936379045766,105.70510100806126,106.82483233532861,251064700,NVDA
2025-04-28,108.70438385009766,110.343996814893,105.9950156815573,109.66415673478784,207708500,NVDA
2025-04-29,108.99431610107422,110.17403844763395,107.41469407982767,107.64463563001284,170444300,NVDA
2025-04-30,108.89433288574219,108.89433288574219,104.05547701680861,104.44538450923935,235044600,NVDA
2025-05-01,111.58370208740234,114.91291927434723,111.27377757314032,113.05335693358144,236121500,NVDA
2025-05-02,114.47303009033203,115.37281962529518,113.34329900218786,114.15310576985596,190194800,NVDA
2025-05-05,113.7931900024414,114.64298826396649,112.63346720059009,112.88340831442672,133163200,NVDA
2025-05-06,113.51325988769531,114.7129742117387,110.7938992837595,111.4537475013017,158525600,NVDA
2025-05-07,117.03242492675781,117.65228163619798,112.25355204144066,113.02337494499027,206758800,NVDA
2025-05-08,117.34236145019531,118.65205049698933,115.82271514729747,118.22215145930612,198428100,NVDA
2025-05-09,116.62252044677734,118.20215005190205,115.18285724943865,117.32235248570746,132972200,NVDA
2025-05-12,122.97103118896484,122.97103118896484,120.25167057965504,121.94127499373305,225023300,NVDA
2025-05-13,129.89938354492188,131.18908818741485,124.44067836400953,124.95056035306071,330430100,NVDA
2025-05-14,135.30810546875,135.40808800730593,131.6489642323906,133.16861033831793,281180800,NVDA
2025-05-15,134.79823303222656,136.2678878895653,132.6287461607251,134.258351724734,226632600,NVDA
2025-05-16,135.36810302734375,136.31789147723805,133.42857277146337,136.18791721457987,226542500,NVDA
2025-05-19,135.53805541992188,135.83797251007488,132.35879696756518,132.35879696756518,193154600,NVDA
2025-05-20,134.3483428955078,134.54829272140586,132.58874781513978,134.2583525069389,161514200,NVDA
2025-05-21,131.76895141601562,137.36762292180558,130.55922977564506,133.02864907239967,270608700,NVDA
2025-05-22,132.7987060546875,134.21836966107523,131.51900885300861,132.19884131725317,187344000,NVDA
2025-05-23,131.25906372070312,132.64873565144939,129.12957588399638,129.96937433382988,198821300,NVDA
2025-05-27,135.4680633544922,135.6280293045703,133.27857708527512,134.1183754403962,192953600,NVDA
2025-05-28,134.7782440185547,137.2176717346689,134.75824445795843,135.9979578766118,304021100,NVDA
2025-05-29,139.15721130371094,143.45620133736625,137.87751407348716,142.21648797143945,369241900,NVDA
2025-05-30,135.09817504882812,139.58710766728817,132.88868890141003,138.6873257641086,333170900,NVDA
2025-06-02,137.34764099121094,138.08745689917103,135.36809645457458,135.45808684638126,197663100,NVDA
2025-06-03,141.1867218017578,141.9665367692297,137.91748812723765,138.74729436292043,225578800,NVDA
2025-06-04,141.88656616210938,142.3564566649135,139.5071219355859,142.15650682982962,167120800,NVDA
2025-06-05,139.95703125,143.96608121416313,138.79730082341692,142.13651043477643,231397900,NVDA
2025-06-06,141.6865997314453,143.23623746842864,141.47664251332282,142.47640682683559,153986200,NVDA
2025-06-09,142.59640502929688,144.96584183837217,141.9065651342004,143.15627066728982,185114500,NVDA
2025-06-10,143.92608642578125,144.25599524562207,141.4966510569608,142.65638139553192,155881900,NVDA
2025-06-11,142.80625915527344,144.96590375929992,141.84641202362192,144.5859620448177,167694000,NVDA
2025-06-12,144.9759063720703,144.9759063720703,141.82643588786814,141.94641106631286,162365000,NVDA
2025-06-13,141.9464111328125,143.55614422146527,140.82660211679442,142.45632089769495,180820600,NVDA
2025-06-16,144.66595458984375,146.1556971839991,143.1761967394354,143.32618096280035,183133700,NVDA
2025-06-17,144.09603881835938,145.1958620737219,143.75609899624828,144.46598768948277,139108000,NVDA
2025-06-18,145.455810546875,145.62578045463974,143.0962022725339,143.9860537050978,161494100,NVDA
2025-06-20,143.8260955810547,146.17569581398777,142.6262828381709,145.42582047781178,242956200,NVDA
2025-06-23,144.1460418701172,144.7559411184857,142.00639807778802,142.47632119978937,154308900,NVDA
2025-06-24,147.87539672851562,147.93539956519925,145.47580197371775,145.53578955415,187566100,NVDA
2025-06-25,154.28436279296875,154.4243389252029,149.23519867353343,149.24520677628502,269146500,NVDA
2025-06-26,154.99423217773438,156.69394650127538,153.97439748110884,155.95406403411533,198145700,NVDA
2025-06-27,157.72378540039062,158.68363258213975,155.23419369167684,156.01406285223712,263234500,NVDA
2025-06-30,157.96376037597656,158.6336472456001,155.93409881773164,158.37368067249696,194580300,NVDA
2025-07-01,153.2745361328125,157.17388214393176,151.46483925954294,156.26402965591922,213143600,NVDA
2025-07-02,157.22386169433594,157.57380961936815,152.94457434216997,152.9545671877056,171224100,NVDA
2025-07-03,159.3135223388672,160.95324924613055,157.74379112425564,158.34368228178877,143716100,NVDA
2025-07-07,158.21371459960938,159.28352889047815,157.31385497697042,158.17371270193448,140139000,NVDA
2025-07-08,159.97341918945312,160.19338386133896,158.36368604860908,159.3035323273478,138133000,NVDA
2025-07-09,162.85293579101562,164.39267314506114,161.13322041798892,161.1932080055649,183656400,NVDA
2025-07-10,164.07273864746094,164.4726660794993,161.5831469026993,164.29270331195812,167704100,NVDA
2025-07-11,164.89259338378906,167.862101078866,163.44283738179527,163.6927958392512,193633300,NVDA
2025-07-14,164.04273986816406,165.4625020418882,161.99307751467913,165.3425116109199,136975800,NVDA
2025-07-15,170.671630859375,172.37134531045626,169.17188012202328,171.1615549258278,230627400,NVDA
2025-07-16,171.34152221679688,171.72146396229547,168.87193138356372,171.03157616389174,158831500,NVDA
2025-07-17,172.97125244140625,174.13106334471073,170.80161486292053,171.99141956059896,160841100,NVDA
2025-07-18,172.38136291503906,174.22105359276725,171.23154479926822,173.61115431570738,146456400,NVDA
2025-07-21,171.35153198242188,173.35119970444802,170.97159023323564,172.72129949000853,123126100,NVDA
2025-07-22,167.00225830078125,171.36153479867312,164.55266825003173,171.31154005146294,193114300,NVDA
2025-07-23,170.75161743164062,171.23153339032083,167.94208685699226,169.5018251648929,154082200,NVDA
2025-07-24,173.7111358642578,173.80111724784433,171.27153886755505,172.41134882841166,128984600,NVDA
2025-07-25,173.47117614746094,174.69097468726906,172.9312725713388,173.58115848322245,122316800,NVDA
2025-07-28,176.7206268310547,176.97058528484683,173.94109004538618,173.99108478739527,140023500,NVDA
2025-07-29,175.4808349609375,179.35020236643535,174.99092613442062,177.93044011853775,154077500,NVDA
2025-07-30,179.24021911621094,179.86011122312902,176.01074478620916,176.48066791766442,174312200,NVDA
2025-07-31,177.84043884277344,183.26954448460754,175.9007587673991,182.86960179799485,221685400,NVDA
2025-08-01,173.69113159179688,176.51065501732398,170.86160006411595,174.06106522140865,204529000,NVDA
2025-08-04,179.9700927734375,180.17005649193501,174.49100755408614,175.1309006070304,148174600,NVDA
2025-08-05,178.23037719726562,180.23004490386853,175.87076869322405,179.59015184800575,156407600,NVDA
2025-08-06,179.3901824951172,179.87009845787975,176.22071111043454,176.30069964693718,137192300,NVDA
2025-08-07,180.73997497558594,183.84945895635624,178.7703010091291,181.53984513179375,151878400,NVDA
2025-08-08,182.6696319580078,183.26953833968557,180.3700111699138,181.51982919208731,123396700,NVDA
2025-08-11,182.0297393798828,183.80944232526838,180.2200426409657,182.01974653412333,138323200,NVDA
2025-08-12,183.1295623779297,184.44933506001817,179.4301803710301,182.9295986692803,145485700,NVDA
2025-08-13,181.55982971191406,183.93943921657484,179.3202115957667,182.58965738273272,179871700,NVDA
2025-08-14,181.98974609375,182.98957985829236,179.43017409752198,179.72011917648817,129554000,NVDA
2025-08-15,180.42001342773438,181.86976944489334,178.01041021115256,181.84978375259033,156602200,NVDA
2025-08-18,181.97975158691406,182.90960499065454,180.5599893659508,180.56999746834546,132008000,NVDA
2025-08-19,175.61080932617188,182.46966985536903,175.46084035755914,182.39967416584764,185229200,NVDA
2025-08-20,175.370849609375,175.9707560164781,168.77195541250927,175.1408920976954,215142700,NVDA
2025-08-21,174.95091247558594,176.87059152353538,173.78110877087863,174.8209444570093,140040900,NVDA
2025-08-22,177.96043395996094,178.56032512128596,171.17155351749952,172.58132291943235,172789400,NVDA
2025-08-25,179.78012084960938,181.87977802218637,176.54066896263805,178.3203719824875,163012800,NVDA
2025-08-26,181.7397918701172,182.35968393651802,178.7802771456414,180.03006938032237,168688200,NVDA
2025-08-27,181.56982421875,182.45967569067753,179.07023971825097,181.94975068857377,235518900,NVDA
2025-08-28,180.1400604248047,184.43934897141472,176.3806906932069,180.7899615720414,281787800,NVDA
2025-08-29,174.1510467529297,178.12038822306508,173.12121914292007,178.08040158317536,243257900,NVDA
2025-09-02,170.75161743164062,172.351357635579,167.19221149694363,169.9717482776903,231164900,NVDA
2025-09-03,170.59165954589844,172.38137081666613,168.851958278929,171.03158891427162,164424900,NVDA
2025-09-04,171.63148498535156,171.83144870716828,169.381858788342,170.54166973363456,141670100,NVDA
2025-09-05,166.9922637939453,169.0019244592772,164.04275681292185,168.00209055003162,224441400,NVDA
2025-09-08,168.2820281982422,170.93159698121408,167.32219627229085,167.5221599855096,163769100,NVDA
2025-09-09,170.7316131591797,170.95157781434446,166.71229229208453,169.0618925540675,157548400,NVDA
2025-09-10,177.300537109375,179.26020289704138,175.44084555219968,176.61064931709572,226852000,NVDA
2025-09-11,177.1505584716797,180.26021784214308,176.4606317396978,179.66027757334626,151159300,NVDA
2025-09-12,177.80047607421875,178.5803891806412,176.43061617633268,177.75047851465564,124911000,NVDA
2025-09-15,177.73048400878906,178.830369337568,174.49083425075145,175.65071055071581,147061600,NVDA
2025-09-16,174.86080932617188,177.4805168617991,174.36086420825131,176.98057174387853,140737800,NVDA
2025-09-17,170.27130126953125,173.18098551277336,168.39151800406466,172.62104942275718,211843800,NVDA
2025-09-18,176.2206573486328,177.08056354559588,172.94101865721873,173.96089569350613,191763300,NVDA
2025-09-19,176.6505889892578,178.06043774665943,175.16074718989944,175.7506939671915,237182100,NVDA
2025-09-22,183.58984375,184.52974299714734,174.69082690233378,175.28075846993005,269637000,NVDA
2025-09-23,178.410400390625,182.3999677661597,176.19065819152993,181.95002022927713,192559600,NVDA
2025-09-24,176.9505615234375,179.76025041106172,175.38072666046574,179.75025700209653,143564100,NVDA
2025-09-25,177.67050170898438,180.2402117285651,173.11100459099512,174.4608472798892,191586700,NVDA
2025-09-26,178.17044067382812,179.750269051669,174.91078879333958,178.15043859744398,148573700,NVDA
2025-09-29,181.83004760742188,183.97980553666213,180.30021674934378,180.41019002973698,193063500,NVDA
2025-09-30,186.55950927734375,187.32942897828707,181.4600633204032,182.06000352373024,236981000,NVDA
2025-10-01,187.21945190429688,188.11934700723293,183.87980694521147,185.21967144700423,173844900,NVDA
2025-10-02,188.8692626953125,191.0290292282152,188.03935198339767,189.57919146332628,136805800,NVDA
2025-10-03,187.59939575195312,190.33910041164867,185.35965145286306,189.1692307003317,137596900,NVDA
2025-10-06,185.51962280273438,187.20943969833962,183.3098739831843,185.4796339074747,157678100,NVDA
2025-10-07,185.01968383789062,189.03924688644503,183.97980469837793,186.20955566811082,140088000,NVDA
2025-10-08,189.0892333984375,189.57918508139647,186.51950830089396,186.5495190429729,130168900,NVDA
2025-10-09,192.54885864257812,195.27855455286462,191.039014711271,192.20888438710807,182997200,NVDA
2025-10-10,183.139892578125,195.59851591827854,182.03001384654092,193.4887469873255,268774400,NVDA
2025-10-13,188.29933166503906,190.08912842775598,185.93959015922437,187.9493639887039,153482800,NVDA
2025-10-14,180.01022338867188,184.77970370013514,179.6802578066599,184.74970821605342,205641400,NVDA
2025-10-15,179.8102569580078,184.84969686580231,177.2705272995106,184.77971248532194,214450500,NVDA
2025-10-16,181.7900390625,183.2598789113643,179.75026972003684,182.20999112544493,179723300,NVDA
2025-10-17,183.19989013671875,184.07979842608083,179.7302697995737,180.1602152773484,173135200,NVDA
2025-10-20,182.6199493408203,185.1796658652692,181.7100455780644,183.10990104163824,128544700,NVDA
2025-10-21,181.14010620117188,182.76991679751694,179.7802549646251,182.76991679751694,124240200,NVDA
2025-10-22,180.2602081298828,183.4198648953589,176.74059027394597,181.12011433169937,162249600,NVDA
2025-10-23,182.13999938964844,183.0098989665471,179.7702492811968,180.4001849787377,111363700,NVDA
2025-10-24,186.23953247070312,187.44940625639555,183.47984116964938,183.81980015643103,131296700,NVDA
2025-10-27,191.46897888183594,191.97891738858848,188.4093020699799,189.9691435897376,153452700,NVDA
2025-10-28,201.0079345703125,203.12769700573313,191.8889404255143,193.0288146936141,297986200,NVDA
2025-10-29,207.01727294921875,212.1667169482571,204.7575264516481,207.95717223581016,308829600,NVDA
2025-10-30,202.8677215576172,206.13736677538768,201.38788833732997,205.12746791137428,178864400,NVDA
2025-10-31,202.4677734375,207.94716749796044,202.04782138155986,206.42733011185774,179802200,NVDA
2025-11-03,206.85728454589844,211.31678618801203,205.53742218982754,208.05714970598171,180267300,NVDA
2025-11-04,198.66818237304688,203.9476013046771,197.90825607143535,202.9777066091775,188919300,NVDA
2025-11-05,195.18858337402344,202.89772869539195,194.6286320152979,198.7481902403631,171350300,NVDA
2025-11-06,188.05935668945312,197.59830279082226,186.35954634625867,196.39843756369172,223029800,NVDA
2025-11-07,188.1293487548828,188.29934352754728,178.8903723972709,184.87970536775757,264942300,NVDA
2025-11-10,199.0281524658203,199.91805415635875,193.76872011438098,195.08858253564551,198897100,NVDA
2025-11-11,193.1387939453125,195.3985402959953,191.2789975702345,195.13857433756354,176483300,NVDA
2025-11-12,193.7787322998047,195.86849924763862,191.1090271797132,195.69851973704638,154935300,NVDA
2025-11-13,186.8394775390625,191.4189763426968,183.82981362374773,191.02901978717685,207423100,NVDA
2025-11-14,190.1491241455078,190.98902828114038,180.56018045425046,182.8399289693184,186591900,NVDA
2025-11-17,186.5795135498047,188.9792438771453,184.29976516169708,185.9495778546046,173628900,NVDA
2025-11-18,181.340087890625,184.7797126313021,179.6302689297591,183.3598703733926,213598900,NVDA
2025-11-19,186.49951171875,187.8393608341106,182.80991469001526,184.76969080502667,247246400,NVDA
2025-11-20,180.6201629638672,195.97847686300787,179.83025642841662,195.92847930218133,343504800,NVDA
2025-11-21,178.86036682128906,184.5397359279593,172.91100782704066,181.22010834266524,346926200,NVDA
2025-11-24,182.52996826171875,183.4798609481747,176.4606271183833,179.47030653663683,256618300,NVDA
2025-11-25,177.80047607421875,178.14043506786686,169.53138015579162,174.89079203873564,320600300,NVDA
2025-11-26,180.24020385742188,182.8899220695924,178.22043661727494,181.6100638206842,183852000,NVDA
2025-11-28,176.98056030273438,179.2703020816569,176.48061521713345,178.99033405428943,121332800,NVDA
2025-12-01,179.90025329589844,180.2802164760195,173.66093259662904,174.7408159055669,188131000,NVDA
2025-12-02,181.44007873535156,185.63961443898967,179.98023235974816,181.7400335835938,182632200,NVDA
2025-12-03,179.57028198242188,182.4299686383783,179.09033894604931,181.06012391136443,165138000,NVDA
2025-12-04,183.37008666992188,184.51002440204854,179.95027347354184,181.61017209543593,167364900,NVDA
2025-12-05,182.40013122558594,184.6500094505641,180.9002124089338,183.88004685245298,143971100,NVDA
2025-12-08,185.5399627685547,187.98982714518382,182.39012406320575,182.6301165694494,204378100,NVDA
2025-12-09,184.95999145507812,185.70995086836587,183.31008684903045,185.54995586495326,144719700,NVDA
2025-12-10,183.77005004882812,185.46995496958337,182.03013874897007,184.9599880707457,162785400,NVDA
2025-12-11,180.92019653320312,181.31019006496976,176.61043233199788,180.27023782951787,182136600,NVDA
2025-12-12,175.01052856445312,182.81010931847595,174.61054106596097,181.10019518559332,204274900,NVDA
2025-12-15,176.28045654296875,178.4103461991077,175.02053019793698,177.93037643785232,164775600,NVDA
2025-12-16,177.71038818359375,178.48035080582065,174.8905333961456,176.25046044282257,148588100,NVDA
2025-12-17,170.93075561523438,176.12047730871902,170.30078481189744,176.0904801521757,222775500,NVDA
2025-12-18,174.1305694580078,176.14045512074784,171.8107030234881,174.52054772862792,176096000,NVDA
2025-12-19,180.98020935058594,181.4401759084778,176.3304518785618,176.6604358481607,324925900,NVDA
2025-12-22,183.6800537109375,184.15002947616998,182.34012994783166,183.91003698180788,129064400,NVDA
2025-12-23,189.19976806640625,189.31975669034466,182.89009670029142,182.96010023623109,174873600,NVDA
2025-12-24,188.59979248046875,188.899779295176,186.57989753660073,187.92983057380172,65528500,NVDA
2025-12-26,190.51968383789062,192.67957056140054,187.98982202804387,189.9097162518428,139740300,NVDA
2025-12-29,188.20980834960938,188.749772392931,185.8999358866866,187.6998414610299,120006100,NVDA
2025-12-30,187.52984619140625,188.9797799436452,186.91987858592935,188.22982052336855,97687300,NVDA
2025-12-31,186.4899139404297,190.54969193131708,186.47991997410415,189.55975523635485,120100500,NVDA
