Date,Close,High,Low,Open,Volume,Ticker
,QCOM,QCOM,QCOM,QCOM,QCOM,
2018-01-02,52.61402130126953,52.718930503627256,51.782849825031164,51.952311432712875,6329600,QCOM
2018-01-03,53.211181640625,53.3080133321665,52.2024771427766,52.63016686480134,6844200,QCOM
2018-01-04,53.2838020324707,53.687283806039794,53.18697034706582,53.40484779587008,5060100,QCOM
2018-01-05,53.638877868652344,53.74378093276083,52.85612209831646,53.29188323303884,5421800,QCOM
2018-01-08,53.477474212646484,53.687286469170154,53.21118090793043,53.46133764982631,4266900,QCOM
2018-01-09,52.67051315307617,53.14662489380753,52.40421983558101,52.96909191104817,7632300,QCOM
2018-01-10,52.662445068359375,53.04978413987528,52.355794967045455,52.83997804140564,6569300,QCOM
2018-01-11,52.799625396728516,52.85611259904191,52.5656052281035,52.614021071045464,4233100,QCOM
2018-01-12,52.759273529052734,53.17889801359809,52.51718816333179,52.94487785041763,5007200,QCOM
2018-01-16,55.07526397705078,55.3980506382816,53.28380385603101,53.44520026496816,24478800,QCOM
2018-01-17,54.8896598815918,55.59979177067712,54.26022927564327,55.29314167070173,12559100,QCOM
2018-01-18,54.913875579833984,55.018778631704315,54.46197177618742,54.671784036571765,6797900,QCOM
2018-01-19,54.90581512451172,55.0752767757937,54.67179489465235,54.90581512451172,8864300,QCOM
2018-01-22,55.41417694091797,55.47873549253982,54.639492791382864,54.720187902589,8566200,QCOM
2018-01-23,55.14789581298828,55.599799667492704,55.0672006750339,55.35770809698518,7825600,QCOM
2018-01-24,54.85737228393555,55.107528957061895,54.3731893394251,55.034899052728576,12383100,QCOM
2018-01-25,54.405487060546875,55.172106211537624,54.300584003874945,54.98650186565532,9122200,QCOM
2018-01-26,55.30121612548828,55.30121612548828,54.55073970947478,54.825110542880374,7919000,QCOM
2018-01-29,54.324790954589844,55.11561801551609,54.26023238703589,55.002643600618605,9745300,QCOM
2018-01-30,54.05849838256836,54.80090969093482,53.848692246197835,54.413564392802556,8059500,QCOM
2018-01-31,55.07526397705078,55.180167025377315,54.437762014196856,54.510391937379445,13915600,QCOM
2018-02-01,53.90517044067383,55.155960315039835,53.5178252073577,54.066560696513434,16838500,QCOM
2018-02-02,53.31607437133789,54.09882989520915,53.146612787300164,53.40484084249705,10971700,QCOM
2018-02-05,49.81386184692383,53.703429167602486,48.821297004495506,53.5016882708897,35996000,QCOM
2018-02-06,51.968448638916016,52.0733516735027,50.19312839131553,50.28189486544375,24458700,QCOM
2018-02-07,52.48490905761719,53.35643115305174,51.66180280415905,51.823199205152406,15021200,QCOM
2018-02-08,50.370670318603516,52.50912525483342,50.35453375428241,52.15405927332749,13451600,QCOM
2018-02-09,51.63759994506836,51.90389632113276,49.59598002973998,50.798357097594305,23095000,QCOM
2018-02-12,52.9852294921875,53.01750261624638,51.96038233898466,52.363864112796705,13692100,QCOM
2018-02-13,53.01751708984375,53.06593910243766,52.436508348521386,52.63824929050198,7695900,QCOM
2018-02-14,53.7357063293457,53.9051741131596,52.533332218486755,52.5736828635175,10370900,QCOM
2018-02-15,52.678585052490234,53.56624381873051,51.53269816958653,53.56624381873051,15548400,QCOM
2018-02-16,52.33159637451172,53.122423534533645,52.12985544310909,52.26703779886817,11760300,QCOM
2018-02-20,51.63759994506836,51.758642632980646,49.91876668748283,50.84677294143054,27494600,QCOM
2018-02-21,51.1614875793457,51.53269005379914,50.55626494904581,50.93553570410847,14895600,QCOM
2018-02-22,50.177005767822266,51.30675623894181,50.05595997508718,50.95976158331177,11722300,QCOM
2018-02-23,51.09693908691406,51.09693908691406,50.0559552189348,50.68538897169919,6762200,QCOM
2018-02-26,54.0504264831543,54.357070445236786,51.79899722345371,52.089504621908226,27374300,QCOM
2018-02-27,53.99344253540039,55.04336104833461,53.72486363959216,54.53061274598876,14326000,QCOM
2018-02-28,52.90283966064453,54.30273118056715,52.829592555514175,54.28644990643594,9582100,QCOM
2018-03-01,52.87028503417969,53.91206307079613,52.357536653200725,52.927257076510685,10799200,QCOM
2018-03-02,52.69122314453125,52.780751517983866,52.11336214010113,52.34125028725822,10612700,QCOM
2018-03-05,52.09709167480469,53.3911735715901,51.7145624471048,52.36567060938204,15445500,QCOM
2018-03-06,50.575111389160156,51.72269587647906,49.696112024598726,51.68200200765788,23450400,QCOM
2018-03-07,50.85997009277344,50.957635990083325,49.99724586976454,50.04608037079093,12602400,QCOM
2018-03-08,50.31466293334961,51.06344310050424,50.111190500553874,50.990192900508056,8902100,QCOM
2018-03-09,51.29946517944336,51.32388398089828,50.55882569999362,50.754160587919394,7655300,QCOM
2018-03-12,51.120418548583984,51.66572321463091,50.70533301929343,51.31575035846167,15801300,QCOM
2018-03-13,48.58921813964844,49.97283131975599,48.12530123583929,48.64619017311672,38572700,QCOM
2018-03-14,48.931053161621094,49.142666245055146,47.12421994435829,48.751999519572834,29759100,QCOM
2018-03-15,48.743858337402344,49.06127485425712,48.47527632496489,48.857802409632974,10494300,QCOM
2018-03-16,49.33799362182617,50.04607990882969,49.224049558559265,49.32171545496763,25574500,QCOM
2018-03-19,47.50675582885742,49.118257568030636,47.12422966103322,48.988035299352305,14131400,QCOM
2018-03-20,47.41720962524414,48.092739524768874,47.164905820873436,48.01135180169625,10615400,QCOM
2018-03-21,46.23706817626953,47.433483748130215,46.204511847918155,46.798650868990165,12231900,QCOM
2018-03-22,45.236000061035156,46.25336238945271,45.187165551563474,45.77316724624988,13554600,QCOM
2018-03-23,43.6733283996582,45.41505214891184,43.66519086739941,45.27669236730913,14713300,QCOM
2018-03-26,45.68363571166992,45.69177324364853,44.1535220060047,44.422107132447,12093900,QCOM
2018-03-27,44.63372039794922,46.587057319223376,44.38955405897581,46.05802766416145,12243200,QCOM
2018-03-28,44.519771575927734,45.553411968841026,44.324436662689116,44.60929994846447,12925500,QCOM
2018-03-29,45.097633361816406,45.52085642726996,44.4546596794114,44.79649500736138,8482500,QCOM
2018-04-02,43.79540252685547,44.95926495726576,43.1931228288087,44.84531779999226,16469600,QCOM
2018-04-03,44.584877014160156,44.80462760692048,43.64076508123219,44.18607279765436,7930700,QCOM
2018-04-04,44.75579833984375,44.861601771033435,43.47798858679357,43.78726755850436,7496700,QCOM
2018-04-05,44.796485900878906,45.17087438487661,44.30815026089958,45.16273685467776,5823300,QCOM
2018-04-06,43.233829498291016,44.576749040387426,43.225691965589064,44.29188571992336,8322200,QCOM
2018-04-09,43.48613739013672,44.67441589311665,43.412887175309535,43.559387604963895,7608500,QCOM
2018-04-10,44.576744079589844,44.77207589013369,44.1291053169551,44.42210613751403,12009000,QCOM
2018-04-11,44.77207946777344,44.82091397668324,44.072136801860054,44.104690036389854,6205300,QCOM
2018-04-12,44.92672348022461,45.292974559265254,44.78022304860835,45.14647412764899,7412700,QCOM
2018-04-13,45.35808181762695,46.22080619249605,45.10577484169285,46.07430576837218,12588200,QCOM
2018-04-16,44.576744079589844,45.5696906148744,44.41396550097453,45.52899364166321,7850500,QCOM
2018-04-17,45.04879379272461,45.3173788848336,44.584876910666196,44.75579610780047,7089700,QCOM
2018-04-18,44.95113754272461,45.26855409805627,44.666277327617614,44.877887329590884,4796800,QCOM
2018-04-19,42.786190032958984,44.063996874967586,42.72921799068421,43.95005279041805,19179500,QCOM
2018-04-20,41.866485595703125,43.046626297025824,41.76881969975878,42.98151673464388,11838200,QCOM
2018-04-23,41.125858306884766,42.16763955732517,40.914248285319054,41.91533255433887,10961500,QCOM
2018-04-24,40.645660400390625,41.74441362586057,40.18988404441219,41.41071889177197,11670000,QCOM
2018-04-25,40.49101638793945,41.05259921611491,39.774792515166425,40.69448883209995,9619200,QCOM
2018-04-26,41.077022552490234,41.17468846713426,39.5224930317892,40.303826558428334,13684000,QCOM
2018-04-27,41.597904205322266,41.801376635906124,41.09329344680231,41.30490340852265,9443100,QCOM
2018-04-30,41.51652145385742,42.17577337501842,41.5083839211365,41.711856391338145,9469600,QCOM
2018-05-01,41.36187744140625,41.549071714028955,40.72704442079508,41.31304293799653,6780500,QCOM
2018-05-02,40.906097412109375,41.7118496295774,40.62937477330392,41.70371209817562,8143000,QCOM
2018-05-03,40.94679260253906,41.13398686406873,40.13290288906597,40.6863481426071,8609200,QCOM
2018-05-04,42.7210807800293,42.81060605803323,40.62938095102611,40.84099405656424,9880600,QCOM
2018-05-07,43.1442985534668,43.355911648076344,42.745494275134156,42.79432878267712,9571700,QCOM
2018-05-08,43.022212982177734,43.355907657818165,42.41179566541527,43.16871338658017,9930000,QCOM
2018-05-09,43.27451705932617,43.404742401510795,42.48504610316166,43.02221322070107,7016100,QCOM
2018-05-10,44.73952102661133,44.8209087605793,43.90935310021725,44.31629797954319,12267200,QCOM
2018-05-11,44.95113754272461,45.40691699163931,44.454664220900845,44.56860830694365,9639100,QCOM
2018-05-14,46.180110931396484,47.04283217557731,45.854553753191006,46.660306061640725,15400300,QCOM
2018-05-15,45.28483200073242,46.07430617042874,44.94299974462276,45.984777787711415,12050500,QCOM
2018-05-16,46.14754867553711,46.237077043301355,45.30924013580703,45.382490336273875,8675600,QCOM
2018-05-17,46.35102081298828,46.700993645785225,45.89524144580686,45.97663228177297,11450700,QCOM
2018-05-18,46.80681228637695,47.1974822164856,45.90339699913955,46.33475770334025,11999700,QCOM
2018-05-21,46.96956253051758,47.425341770462936,46.20450751446773,46.945146838915136,14286400,QCOM
2018-05-22,46.70912551879883,47.498599455949325,46.448681084742645,47.13234850032577,9432500,QCOM
2018-05-23,47.872989654541016,47.90554598614843,46.2533509663555,46.318460524827664,11322500,QCOM
2018-05-24,48.08460998535156,48.22296975851702,47.24630139562374,47.677665092874626,12487200,QCOM
2018-05-25,48.800838470458984,48.83339481213888,47.86486693273916,47.897420169675435,11501500,QCOM
2018-05-29,47.88796615600586,49.01464420854946,47.45209866836688,48.9324061253963,14696300,QCOM
2018-05-30,48.019554138183594,48.23337819687978,47.41920728246019,48.036002384020385,9146000,QCOM
2018-05-31,47.79751205444336,48.167589777884395,47.50144987569053,47.69882570725322,12813200,QCOM
2018-06-01,48.20048141479492,48.29916775203897,47.7070434542105,47.978434803109245,8869700,QCOM
2018-06-04,48.28273010253906,48.41431296013596,47.65771231324948,48.20871454906688,9696700,QCOM
2018-06-05,48.50477600097656,49.01465917400676,48.323848398179535,48.40608964362488,6562700,QCOM
2018-06-06,49.2120246887207,49.22024724294669,48.61167784039712,48.735034976879405,6236700,QCOM
2018-06-07,49.86994171142578,51.52295441562389,49.524537944687225,50.98839738174879,14786100,QCOM
2018-06-08,49.557437896728516,49.85350010029992,49.18736327944695,49.549215340932726,7035300,QCOM
2018-06-11,49.286041259765625,49.689012306119125,49.19557747547096,49.48341393715203,7369500,QCOM
2018-06-12,49.17091751098633,49.65612989416317,48.97354165292167,49.43408323028399,7153500,QCOM
2018-06-13,48.70213317871094,49.532749047533116,48.619891964799834,49.07220766117554,9676300,QCOM
2018-06-14,48.89951705932617,49.096892880906346,48.48009775209391,48.7597116693095,8372900,QCOM
2018-06-15,49.22847366333008,49.302489201188294,48.45542179299262,49.236696217677824,13804900,QCOM
2018-06-18,48.685699462890625,48.82550486248268,48.45542713241183,48.776163256594884,6946600,QCOM
2018-06-19,48.27450180053711,48.307398295316496,47.57546540379605,47.9290948797184,7958300,QCOM
2018-06-20,48.348506927490234,48.685688083370074,47.95375848674177,48.66923983952451,6526400,QCOM
2018-06-21,48.31562042236328,48.69392069742737,48.01955824633664,48.69392069742737,6605400,QCOM
2018-06-22,48.11001968383789,48.60345452828641,48.05245238989164,48.3402888596229,8074100,QCOM
2018-06-25,46.91755294799805,47.81396207256026,46.55570090344526,47.77284302114012,8635900,QCOM
2018-06-26,46.42411804199219,46.99979417324072,46.30898344317899,46.94222687383412,8934700,QCOM
2018-06-27,45.3714485168457,47.31229770564562,45.34677771540271,46.506352440957606,11832400,QCOM
2018-06-28,45.97179412841797,46.432332442789395,45.305654318753895,45.33032511782894,11723600,QCOM
2018-06-29,46.15272903442383,46.76130169303613,46.1198356739123,46.16095472743873,11274000,QCOM
2018-07-02,46.202064514160156,46.23496100525629,45.33032632320508,45.560598623695924,7299900,QCOM
2018-07-03,45.50303268432617,46.489902349063996,45.43723970017984,46.391216010026646,3618900,QCOM
2018-07-05,47.188941955566406,47.230061004913786,45.766201515306804,45.80732056465419,11728300,QCOM
2018-07-06,47.56724166870117,47.7563918032168,46.9011017832643,47.25473125041423,8806200,QCOM
2018-07-09,47.73170852661133,47.95375509705822,47.06556881527066,47.74815676929423,4577100,QCOM
2018-07-10,48.00311279296875,48.08535403397519,47.65770899228941,47.748172788805206,6848900,QCOM
2018-07-11,47.12314987182617,47.70704854044648,46.66261149079942,47.23006191192842,8702000,QCOM
2018-07-12,47.96199417114258,48.10180271351594,47.131378021215916,47.57546817790267,8426400,QCOM
2018-07-13,48.019554138183594,48.34028708904575,47.846852262670446,47.90441955450816,5266100,QCOM
2018-07-16,47.98666763305664,48.38964189696608,47.748175861745715,48.04423493687474,5907100,QCOM
2018-07-17,48.44720458984375,48.44720458984375,47.38631614242366,47.63303358347468,7560300,QCOM
2018-07-18,48.32383728027344,48.521213086749114,48.00310433978473,48.521213086749114,6795100,QCOM
2018-07-19,48.77617263793945,49.006441875524516,48.233392908501045,48.28273452387894,8150200,QCOM
2018-07-20,48.20048141479492,48.66924543818176,48.027779540322314,48.504766117986954,10859700,QCOM
2018-07-23,48.58700942993164,48.6939183260374,47.55079186430211,48.027781599600644,8011800,QCOM
2018-07-24,48.39786148071289,49.031104921004896,48.06890592726654,48.80905827540776,6637600,QCOM
2018-07-25,48.866615295410156,48.93240827456782,47.50144234970781,48.15113390157111,13143100,QCOM
2018-07-26,52.28777313232422,52.43580105600632,50.37981758532069,51.85190250325523,31025100,QCOM
2018-07-27,51.55584716796875,52.23020958414732,51.1693243578844,51.99171785441262,13488800,QCOM
2018-07-30,51.02130126953125,51.79435014797286,50.930837468793705,51.52296188294294,9547700,QCOM
2018-07-31,52.70719528198242,53.17596559039943,52.22198613899998,52.49337749407372,22350800,QCOM
2018-08-01,52.9210205078125,53.34866864176114,52.263106334780446,52.263106334780446,10706200,QCOM
2018-08-02,53.26641845703125,53.488468191591956,52.33711616159411,52.60028180207672,10618500,QCOM
2018-08-03,53.7845344543457,53.95723633096158,53.18418445760684,53.24175174981213,7809400,QCOM
2018-08-06,54.05591583251953,54.29440437453384,53.72695724874504,54.16282470564192,10878400,QCOM
2018-08-07,53.81742858886719,54.22039961665292,53.6611718278555,54.22039961665292,7810900,QCOM
2018-08-08,53.587162017822266,53.907894972171306,53.55426552579104,53.628277927088064,7912200,QCOM
2018-08-09,53.521366119384766,53.702293678522366,53.38978015842507,53.53781122732275,6629700,QCOM
2018-08-10,53.30754470825195,53.406234183855965,53.03615335611411,53.16773932358613,8736000,QCOM
2018-08-13,53.32398223876953,53.64472142030909,53.16773176755766,53.57892844592337,7092400,QCOM
2018-08-14,53.8092041015625,53.965460866070195,53.266421408660506,53.5295870637258,7844200,QCOM
2018-08-15,54.01480484008789,54.12993942709239,53.0855024523046,53.570711601200074,13524800,QCOM
2018-08-16,54.08060836791992,54.36021919819177,53.89145506704465,54.16284647833131,9958800,QCOM
2018-08-17,54.32732009887695,54.43423528422353,53.554274368771544,53.86678168312349,15170500,QCOM
2018-08-20,54.40956497192383,54.763188205529694,54.0641548826187,54.54937038163295,13966900,QCOM
2018-08-21,54.730281829833984,54.919428793179435,54.30263375951953,54.35197535441599,12181400,QCOM
2018-08-22,54.968788146972656,55.16616713905327,54.450682410083566,54.45890810334498,13860300,QCOM
2018-08-23,54.985233306884766,55.338862784693376,54.935891701634915,55.08392279174933,12038100,QCOM
2018-08-24,55.223716735839844,55.3964185927599,55.051014878919794,55.10035647393593,16001400,QCOM
2018-08-27,55.37997817993164,55.49511904837974,55.28129497035441,55.404655256690745,12578000,QCOM
2018-08-28,57.38663101196289,57.97052978227288,55.85697823787974,56.38330970053566,24952700,QCOM
2018-08-29,56.909629821777344,57.62511445234669,56.86028821772591,57.296155785152806,11874300,QCOM
2018-08-30,56.037899017333984,56.87674399721959,55.92276441607363,56.72048720649547,12027500,QCOM
2018-08-31,56.50666427612305,56.745159176309635,55.87342395618062,55.914539872123974,11166900,QCOM
2018-09-04,58.075130462646484,58.18301281603146,57.0211770434805,57.0460724841466,13024100,QCOM
2018-09-05,58.830326080322266,58.97970507227067,57.5191111878303,57.925757868493136,15310700,QCOM
2018-09-06,58.390499114990234,59.2120805374863,58.24942069191968,58.79713952975129,11997700,QCOM
2018-09-07,58.40707778930664,58.60625397652102,57.76807160027328,57.958940865317615,24421900,QCOM
2018-09-10,60.017066955566406,60.37391647458674,58.506681944444885,58.64776036716292,14636000,QCOM
2018-09-11,60.17475509643555,60.29923868239513,59.59383380579024,59.61872925668251,9501100,QCOM
2018-09-12,59.54401779174805,60.16642912755029,58.108319524639505,59.82617455819388,12638300,QCOM
2018-09-13,61.91747283935547,62.53988410124566,60.979708817445704,61.14568262135185,24617700,QCOM
2018-09-14,62.31582260131836,63.104214126389955,61.75150904397706,61.8510908098628,13450700,QCOM
2018-09-17,60.78053665161133,62.47349615505319,60.67265430512796,62.10834616465538,11558300,QCOM
2018-09-18,62.00875473022461,63.48594297864954,61.004598744851414,61.2452651708243,11692000,QCOM
2018-09-19,61.4610481262207,62.54819766117507,61.22038162860473,62.54819766117507,12383200,QCOM
2018-09-20,61.9091911315918,62.33243269158144,61.58553768321639,61.80960935147426,12013900,QCOM
2018-09-21,61.16228485107422,62.13325134874891,60.68925248820523,62.10005531766216,23465400,QCOM
2018-09-24,61.0627326965332,61.286798100640965,60.41542560522343,60.64779160400144,15446100,QCOM
2018-09-25,60.3656120300293,61.0544155767588,60.2328342087363,60.282625100284065,20741900,QCOM
2018-09-26,59.552330017089844,60.797152931894836,59.40295101405337,60.31581988527768,11306000,QCOM
2018-09-27,59.51081848144531,60.31580477776425,59.31164863778238,59.9008639100943,12498300,QCOM
2018-09-28,59.776397705078125,60.797155321192044,59.12909077698018,59.34486186351183,20080800,QCOM
2018-10-01,60.24941635131836,60.9382197527316,59.83447545863504,60.13323340788668,9340200,QCOM
2018-10-02,60.87183380126953,61.33657195314691,59.975559863537654,60.083448558623424,9221200,QCOM
2018-10-03,60.282623291015625,61.319975710439074,60.24112666164001,61.07100859717877,7079800,QCOM
2018-10-04,60.06684494018555,60.33240687413554,59.63530917182778,59.751492122212404,8599500,QCOM
2018-10-05,59.095890045166016,60.2992226134386,58.548171277001245,60.07515095212389,23411300,QCOM
2018-10-08,58.86351776123047,59.41953706121666,58.55645920841179,58.7390342218988,10104600,QCOM
2018-10-09,58.199615478515625,58.888418976386745,58.16641944267282,58.722445128669186,10329200,QCOM
2018-10-10,55.37802505493164,57.726586150703916,55.2867375343313,57.0709786534364,22296800,QCOM
2018-10-11,53.353111267089844,55.59378999704732,52.78879128844545,55.062666056146334,25852600,QCOM
2018-10-12,53.353111267089844,54.481751224378634,52.50663129912325,54.39876429576851,15760900,QCOM
2018-10-15,53.253509521484375,54.108286697198054,53.12073173599734,53.30330673110029,12314700,QCOM
2018-10-16,54.871795654296875,55.09586099020541,53.62697275559093,53.75975057240796,15931400,QCOM
2018-10-17,54.85517883300781,55.27842027073782,54.18297668540329,55.08754469482198,14779100,QCOM
2018-10-18,54.06680679321289,55.037767092018896,53.83444087536151,54.50664318507391,12218600,QCOM
2018-10-19,54.2410774230957,54.94647571890009,53.94231945497922,54.31576374937685,10673000,QCOM
2018-10-22,54.871795654296875,55.27013543624464,54.12490064877397,54.51494617007464,12890400,QCOM
2018-10-23,55.08755111694336,55.535688044755254,52.75558530566805,52.830274793636704,13441000,QCOM
2018-10-24,51.967201232910156,55.09585622777653,51.86761629603123,54.664320446051846,23384300,QCOM
2018-10-25,52.448543548583984,52.97137010013163,51.74314194220254,52.95477208007868,20385700,QCOM
2018-10-26,51.85102844238281,52.81369146290134,50.772182445107546,51.03774443933688,17049300,QCOM
2018-10-29,51.593746185302734,52.85516680825807,50.84685451977823,52.697490417544,14778300,QCOM
2018-10-30,52.43194580078125,52.880082847291874,51.59376319537263,51.75144280382006,18865300,QCOM
2018-10-31,52.19127655029297,52.71410307743704,51.510773588628595,52.20787456957119,12917500,QCOM
2018-11-01,52.87178039550781,53.369708319181285,52.1829799955679,52.448541976960215,11003900,QCOM
2018-11-02,52.556419372558594,53.07924266162976,51.73483494355699,53.06264464464762,13707900,QCOM
2018-11-05,52.67259979248047,52.946459145144814,52.00039438289871,52.34894639126448,13373800,QCOM
2018-11-06,52.80537796020508,53.39459009192126,51.792921186832146,52.573008911682344,8774100,QCOM
2018-11-07,52.45683670043945,52.90497370809943,51.685046242496725,52.69750322296964,18493500,QCOM
2018-11-08,48.174644470214844,49.91739838890696,47.801196975798796,48.13315100766823,32155200,QCOM
2018-11-09,47.070892333984375,48.33231293263002,46.631052868157205,47.95056493414364,21745200,QCOM
2018-11-12,45.22026824951172,46.88832955398987,45.17047419350179,46.7804440155092,24447800,QCOM
2018-11-13,44.946407318115234,46.05015185653549,44.855119794997954,45.42774037973418,20883800,QCOM
2018-11-14,44.763816833496094,45.55220506535723,44.53974839923572,45.510711614363984,14071900,QCOM
2018-11-15,45.967166900634766,46.09165047621528,44.42358575903087,44.67255291019188,18856300,QCOM
2018-11-16,46.37380599975586,47.33646897139867,45.63521154294566,45.74309392117178,57303300,QCOM
2018-11-19,45.56051254272461,46.98790710031573,45.53561393576665,46.34889772802439,20321400,QCOM
2018-11-20,45.57710266113281,46.00034411224992,44.87170446360102,44.97958997389034,20658300,QCOM
2018-11-21,45.86758041381836,46.88833493607673,45.7928909041044,45.81778635209281,13015500,QCOM
2018-11-23,45.85098648071289,46.26592753483699,45.43604542658879,45.452643448643634,4671900,QCOM
2018-11-26,46.24931716918945,46.78874166188207,45.79288276462163,46.29911122206433,10373700,QCOM
2018-11-27,46.116539001464844,46.664260953440596,45.93396396222347,46.13313702010027,9719000,QCOM
2018-11-28,47.0128059387207,47.070897412328826,45.38623518044964,46.3820939884784,17483500,QCOM
2018-11-29,48.224430084228516,49.00451780711391,47.94227015624908,48.04185508208073,26949000,QCOM
2018-11-30,48.348915100097656,48.52319269424905,47.31986338078896,48.315722232126554,18197800,QCOM
2018-12-03,49.079219818115234,50.216157244941186,48.46510892539112,50.216157244941186,17114500,QCOM
2018-12-04,47.90908432006836,49.36137772427634,47.48584592091418,48.9547373439172,15836500,QCOM
2018-12-06,47.909080505371094,47.99296835156056,46.71785324876014,46.986298196705896,18203300,QCOM
2018-12-07,46.96952819824219,47.91747312175098,46.75141465469542,47.48963994035777,17054700,QCOM
2018-12-10,48.01814270019531,48.86542156302218,47.51480596574231,48.46275409552972,20484900,QCOM
2018-12-11,48.110416412353516,49.20936520479726,47.67419573760947,49.0331987938295,13116300,QCOM
2018-12-12,48.420814514160156,49.14226165822157,48.26142309388989,49.02481416955832,13246500,QCOM
2018-12-13,48.73118591308594,48.97446510903028,48.28657463782716,48.77312982960014,8949900,QCOM
2018-12-14,48.33690643310547,49.49457709856186,48.11879614546781,48.286575012943715,13551000,QCOM
2018-12-17,47.816802978515625,48.94091742215556,47.539967319952616,48.31174896191193,16648200,QCOM
2018-12-18,48.47113800048828,49.10869717674587,48.152361612475815,48.39563765593452,12384200,QCOM
2018-12-19,47.55674362182617,49.075137930345335,47.02824444050608,48.26980310156755,17376400,QCOM
2018-12-20,47.28829574584961,48.605354665425835,47.02824152358528,48.00135518136356,21742300,QCOM
2018-12-21,46.01318359375,48.05168957889923,45.87896112230511,47.196020123394455,38202300,QCOM
2018-12-24,45.00651168823242,46.046734927037114,44.93939885986268,45.048455605905616,8275000,QCOM
2018-12-26,46.94435119628906,46.977907612611624,44.8890670982141,45.50984799971751,18451600,QCOM
2018-12-27,47.053409576416016,47.30507630730603,45.946073400407066,46.592020036431634,15804800,QCOM
2018-12-28,47.657405853271484,48.261405285798446,47.17923816913462,47.25473849821495,12749600,QCOM
2018-12-31,47.74130630493164,48.160751977334876,47.21280386167094,47.91747271931303,8877000,QCOM
2019-01-02,48.15235900878906,48.65569247852039,46.910797143234944,47.14568886921023,9896600,QCOM
2019-01-03,46.72624206542969,47.68257755385929,46.575241388297,46.93596487254551,14422200,QCOM
2019-01-04,47.48124694824219,47.674194765979,46.31518853733994,47.39735909714336,14177300,QCOM
2019-01-07,47.347023010253906,47.951025759961794,46.93596807234871,47.30507908599448,12352000,QCOM
2019-01-08,46.935970306396484,47.716139495198064,46.65074712769358,47.573526305788384,12110000,QCOM
2019-01-09,47.489627838134766,47.90907340716953,47.09534797920505,47.19601401974099,10971000,QCOM
2019-01-10,47.64902114868164,47.80841253020406,47.06179664858636,47.137296987171695,10958200,QCOM
2019-01-11,48.23624038696289,48.7982959128076,47.25473929253589,47.37218353972041,12024300,QCOM
2019-01-14,48.0684700012207,48.3620838711061,47.28830084998702,47.833581465405416,9449400,QCOM
2019-01-15,46.75141143798828,48.15236156324999,46.608801454041604,48.085248723663554,17423400,QCOM
2019-01-16,46.36553192138672,47.04503516398921,46.27325334768696,46.76819944288994,13856000,QCOM
2019-01-17,45.94607162475586,46.30679509846678,45.61051386312654,46.11385050557052,18365000,QCOM
2019-01-18,46.36553192138672,46.89403444341088,46.13064333387242,46.466198001733275,28020000,QCOM
2019-01-22,45.54341506958008,46.130639692124824,45.24980115824933,46.11386148003877,17867500,QCOM
2019-01-23,43.42940139770508,44.93940504249242,42.96801183959176,44.39412443737544,33788600,QCOM
2019-01-24,42.62406539916992,43.605566621806155,42.28850762042535,43.580400908440964,32782700,QCOM
2019-01-25,43.035125732421875,43.64751603557914,42.17945616907272,42.72473682810744,19516200,QCOM
2019-01-28,42.481449127197266,43.02672967788917,42.1458945730234,42.213004203811806,24457600,QCOM
2019-01-29,41.44123840332031,42.64924092450726,41.39090376489369,42.355630200644185,26266600,QCOM
2019-01-30,42.08717346191406,42.67439799068713,41.28183861108505,41.67611853185427,18124100,QCOM
2019-01-31,41.54188919067383,43.01833617316657,41.189553251597566,42.95122654674748,24736300,QCOM
2019-02-01,41.61739730834961,42.17945293523557,41.44123090590323,41.59223159374764,15533200,QCOM
2019-02-04,41.684505462646484,41.776784013055405,41.499951561944826,41.7012836718223,10880000,QCOM
2019-02-05,42.55695343017578,42.85056729258665,41.70967466175674,41.718062166343934,15454200,QCOM
2019-02-06,42.867347717285156,43.32034982501097,42.72473772047329,42.733125226120094,11052900,QCOM
2019-02-07,42.40595626831055,42.8841240723952,42.171067718968324,42.640848017769244,10623300,QCOM
2019-02-08,42.18783950805664,42.515006566302766,41.86905995381754,42.14589558778949,12461200,QCOM
2019-02-11,42.640846252441406,43.03512298678333,42.26334452797247,42.40595451270721,9971800,QCOM
2019-02-12,43.337135314941406,43.77335928452131,42.80024526010987,43.035133859069376,16637600,QCOM
2019-02-13,43.278404235839844,44.03340771974478,43.25323851974851,43.622349556259536,11004000,QCOM
2019-02-14,43.261619567871094,43.42939845037589,42.858952169929175,43.202897439011814,17895000,QCOM
2019-02-15,43.605567932128906,43.92434751150378,43.28678835275403,43.689458979394,12239500,QCOM
2019-02-19,43.630733489990234,44.025013410433495,43.41262316811462,43.622345985351885,8258400,QCOM
2019-02-20,43.99984359741211,44.39412028100864,43.73978617622279,43.832064719229194,12863700,QCOM
2019-02-21,43.91595458984375,44.11728989300034,43.53845609661378,44.04178955433113,7826200,QCOM
2019-02-22,44.56190490722656,44.58707382227589,44.1592374677171,44.20118139264419,13394500,QCOM
2019-02-25,44.452857971191406,45.27497118279689,44.3773576150176,45.11557976414283,15341700,QCOM
2019-02-26,44.48639678955078,44.64578815658739,43.8572284252251,44.528343907265125,11366700,QCOM
2019-02-27,44.49479293823242,44.57029327919556,43.84884628779582,44.41929259726928,10426200,QCOM
2019-02-28,44.788394927978516,45.09878373625031,44.217948728923794,44.46122791383857,19000200,QCOM
2019-03-01,45.467899322509766,45.63567818645351,45.056841265853365,45.30012045856601,12659000,QCOM
2019-03-04,45.115577697753906,45.887359436638825,44.679353793187076,45.78669336639007,14021700,QCOM
2019-03-05,45.24978256225586,45.49306173734968,45.04845050019682,45.21622935198964,10092800,QCOM
2019-03-06,46.50578689575195,47.065892966596905,45.597736193584026,45.73351938538502,20521300,QCOM
2019-03-07,45.85233688354492,46.717956088938486,45.49590715990903,46.53125619255514,13667300,QCOM
2019-03-08,45.428009033203125,45.51287555633741,45.003686129512225,45.36011905202254,10117100,QCOM
2019-03-11,46.123905181884766,46.46336485015012,45.52985561841137,45.58926057475871,10738800,QCOM
2019-03-12,46.53974533081055,46.93860997442527,46.28515218614629,46.3869887965465,9575300,QCOM
2019-03-13,47.00649642944336,47.473251032403596,46.67552504256841,46.70098338391964,9198900,QCOM
2019-03-14,47.014984130859375,47.41384550227267,46.88768595099368,47.12530576692731,7306100,QCOM
2019-03-15,48.033348083496094,48.66134736198404,46.607622966634395,46.67551618045001,27985600,QCOM
2019-03-18,48.228546142578125,48.53405593513467,47.89757153531951,48.05032805026131,13089300,QCOM
2019-03-19,48.34736633300781,48.94990424941258,48.18612151218981,48.517092952543756,9363700,QCOM
2019-03-20,48.50859069824219,48.958371907551346,48.160646071972984,48.398265844841724,8804800,QCOM
2019-03-21,49.026268005371094,49.45907593674815,48.54254016081512,48.56799849874118,19542700,QCOM
2019-03-22,48.22005844116211,49.297839092738656,48.160653488796456,48.94989441288537,10243500,QCOM
2019-03-25,48.067298889160156,48.32189198855459,47.58357102911266,48.01638221167741,6929600,QCOM
2019-03-26,49.22146224975586,49.55243363311807,48.09276164769785,48.50011452895755,16051800,QCOM
2019-03-27,48.296443939208984,48.94141347757194,47.79574266755222,48.66984701538463,11934400,QCOM
2019-03-28,47.99092102050781,48.703783646925686,47.81270617323507,48.39827063027132,11064300,QCOM
2019-03-29,48.398277282714844,48.84806183564733,48.321899018052896,48.37281894026999,8529100,QCOM
2019-04-01,49.06023025512695,49.34877004714375,48.4661773612891,48.91595874045464,12066500,QCOM
2019-04-02,49.29783248901367,49.671235459196474,48.93291455203487,49.2044809371363,7614500,QCOM
2019-04-03,48.94989013671875,49.46756459410534,48.525567235559485,49.3911863424036,11563400,QCOM
2019-04-04,49.1026496887207,49.739134079976516,48.958378209959335,49.00929812669752,9905100,QCOM
2019-04-05,49.212974548339844,49.38270112945224,48.9583782020172,49.20448627688801,12332600,QCOM
2019-04-08,49.017784118652344,49.63729845376136,48.80562265075468,49.04324569618248,8942400,QCOM
2019-04-09,48.7462158203125,48.93291894081258,48.39827115586133,48.85654068581954,11713400,QCOM
2019-04-10,47.804222106933594,49.10264921666826,47.60903071331052,48.97535104471008,15976500,QCOM
2019-04-11,47.439300537109375,48.28794631961704,47.345948983061255,47.89756679929519,13903800,QCOM
2019-04-12,48.33038330078125,48.51708319217721,47.58357402321609,47.76178888027332,13483500,QCOM
2019-04-15,48.52556610107422,48.94140072158543,48.39826793877183,48.49161949281668,10712500,QCOM
2019-04-16,59.78708267211914,60.279298696609864,48.61890943073884,48.76317763543882,86755900,QCOM
2019-04-17,67.11091613769531,70.03025349224208,64.91291999429468,66.89026640127443,156019300,QCOM
2019-04-18,67.79830932617188,68.06138744018448,66.21133942227691,66.80539533975009,41621200,QCOM
2019-04-22,69.56349182128906,70.01327302416648,67.331549398074,67.74739046930111,33292500,QCOM
2019-04-23,73.59456634521484,74.64688534623585,70.66673438942418,71.20138539834142,56973700,QCOM
2019-04-24,73.68794250488281,75.21550160191279,72.38951500627775,73.86615740913685,40290400,QCOM
2019-04-25,72.19427490234375,73.2550818137304,71.727517271473,73.1277836894337,20732200,QCOM
2019-04-26,73.52667999267578,73.62851983118382,71.46447020413196,71.71906656307489,18860600,QCOM
2019-04-29,74.04434967041016,74.663863983549,72.84775592606877,73.32300200007047,17930000,QCOM
2019-04-30,73.0938491821289,74.22254947646461,73.02596244930587,73.81520318091583,17582400,QCOM
2019-05-01,73.29753112792969,74.86752437131742,73.11082803877981,73.97644380024859,28211500,QCOM
2019-05-02,73.95098114013672,76.66664461988726,73.11082376275334,74.25649409094021,40342000,QCOM
2019-05-03,75.77558898925781,76.22537025539089,73.88310588827176,74.47716187014794,21068400,QCOM
2019-05-06,74.89299774169922,75.27488579188022,73.1023544448602,73.2635992314342,15682100,QCOM
2019-05-07,72.30464172363281,74.80815148547795,71.94821193234279,74.00193384366791,21579500,QCOM
2019-05-08,71.7445068359375,72.74590900111707,71.37958893316902,72.00758492584521,15500700,QCOM
2019-05-09,71.09956359863281,71.99912632159452,69.80962447750557,70.75162209197336,14516000,QCOM
2019-05-10,72.84774017333984,73.26358120750085,70.73461429786744,70.76007263166248,15955600,QCOM
2019-05-13,71.19290161132812,72.00760087065677,70.4291190323781,70.6412805001612,16689000,QCOM
2019-05-14,73.0938491821289,73.35693374243398,71.28623623699436,71.51536771890896,14353700,QCOM
2019-05-15,73.20421600341797,73.83221231827895,72.04156849005855,72.60167803617006,11784800,QCOM
2019-05-16,70.27635955810547,71.96516943231478,69.69928013104304,71.10803532565134,22498800,QCOM
2019-05-17,69.16462707519531,70.5394354902645,67.89165847871932,68.30749307399861,19523400,QCOM
2019-05-20,65.02325439453125,66.47443817811629,64.55649653665827,66.1519485764387,32679300,QCOM
2019-05-21,65.98222351074219,67.07697757810408,65.5324421870639,66.96665593397795,17282200,QCOM
2019-05-22,58.81964874267578,60.88185866086546,57.682466277122145,58.666892212637485,66150700,QCOM
2019-05-23,57.9285774230957,57.93705922129277,55.92577235721743,56.876251727698566,31820700,QCOM
2019-05-24,56.1888313293457,58.68385177296902,55.98515817312734,58.49714868199681,21420000,QCOM
2019-05-28,55.475975036621094,57.46180298479864,55.36564694528685,56.55375229082242,22667300,QCOM
2019-05-29,55.80696105957031,56.13793247143672,54.95831508562465,55.467501375061055,16312600,QCOM
2019-05-30,56.511322021484375,56.91867486375556,55.95121914734698,55.98516575709073,11554600,QCOM
2019-05-31,56.706512451171875,57.57212832373044,55.6117585853762,55.823920036701246,15060300,QCOM
2019-06-03,56.570735931396484,57.8182399023876,56.24824636198102,56.93564743421241,13620700,QCOM
2019-06-04,58.08979415893555,58.13222903276215,56.604664220142354,57.376934896148114,15866700,QCOM
2019-06-05,57.396121978759766,58.518014269549106,56.37700692645572,58.26965663368997,11779200,QCOM
2019-06-06,57.88426208496094,58.20969933044208,56.75381065091581,57.3104737773866,10781700,QCOM
2019-06-07,58.82631301879883,58.903386137959295,57.635913596973964,57.969910181006256,10495600,QCOM
2019-06-10,60.41064453125,61.19853341177485,59.091783648371226,59.091783648371226,15229200,QCOM
2019-06-11,61.0101318359375,61.84940942997273,60.17942009912237,61.301312176909384,11839500,QCOM
2019-06-12,59.59706497192383,60.26506461359054,59.26306841800774,59.54568289711659,9396200,QCOM
2019-06-13,59.88825225830078,60.36783576905064,59.417228071789104,59.92250915675939,6790500,QCOM
2019-06-14,58.85200881958008,59.19457128917705,58.149758697132334,58.53513739178164,12119500,QCOM
2019-06-17,59.186004638671875,59.93107751003789,59.00616081465296,59.168872921811655,9411100,QCOM
2019-06-18,61.62676239013672,61.9950159611748,59.66559863124431,59.682730351108425,14508000,QCOM
2019-06-19,61.48973846435547,62.191988668150664,60.63333545807663,61.977887916580954,11999300,QCOM
2019-06-20,62.29474639892578,63.09120137367503,61.85798561529626,62.68013163216068,9871800,QCOM
2019-06-21,62.27760314941406,62.662981737019145,61.92647491880308,61.92647491880308,15244500,QCOM
2019-06-24,62.654422760009766,62.90277378567189,61.83227044327561,62.49170416113869,8893000,QCOM
2019-06-25,62.132015228271484,63.49369231336049,62.10631766020343,62.71436929497317,8953400,QCOM
2019-06-26,64.18740844726562,64.82115143294904,63.07408835984213,63.16829322166434,13808000,QCOM
2019-06-27,64.59847259521484,65.0009830135162,64.37580600627108,64.52139293472688,11151900,QCOM
2019-06-28,65.14656829833984,65.46343972331002,64.06749881558319,64.79544650716777,29217500,QCOM
2019-07-01,66.38835906982422,69.16310955206147,66.01154618497347,69.08602988285885,17693000,QCOM
2019-07-02,65.95158386230469,66.35409423839523,65.61758728083277,66.18280975184868,7075600,QCOM
2019-07-03,65.62615966796875,66.1400066960569,65.12945089269931,66.00297907954369,5290400,QCOM
2019-07-05,65.65185546875,65.70323755663297,63.45945940075806,63.54509839184173,9220800,QCOM
2019-07-08,65.62615966796875,65.9687221754154,65.02668018031441,65.06950294393388,7924900,QCOM
2019-07-09,65.55764770507812,65.8059988080334,64.94959586758213,65.46344285892162,7506500,QCOM
2019-07-10,63.6821174621582,65.86594737794624,63.442325705755735,65.79743358073544,15075700,QCOM
2019-07-11,63.12543487548828,64.89818799651543,62.774313207006244,63.81911889081051,14298400,QCOM
2019-07-12,64.14456939697266,64.21308318735221,63.08263178142827,63.587906284349465,8028100,QCOM
2019-07-15,64.59847259521484,65.0009830135162,64.05037524845768,64.35868082273807,8898200,QCOM
2019-07-16,64.80400848388672,65.5148244876247,63.844841378925466,64.3244249314061,9909600,QCOM
2019-07-17,64.88106536865234,67.99837043309734,64.83824262342728,67.28755467889599,20602300,QCOM
2019-07-18,63.690677642822266,64.52994871541749,63.416629012243355,64.2045180084284,12580800,QCOM
2019-07-19,64.230224609375,64.83826995161672,63.73350930427512,63.73350930427512,14477400,QCOM
2019-07-22,65.0438003540039,65.61759528664808,64.28160226392461,64.28160226392461,9645800,QCOM
2019-07-23,63.4765739440918,64.73548049344893,62.78288327618627,64.52137980675198,14420400,QCOM
2019-07-24,64.97530364990234,65.44632142083185,63.09977882489752,63.382393407757384,14012700,QCOM
2019-07-25,64.52995300292969,65.2065120338998,64.31585229188225,64.9495885671088,7299500,QCOM
2019-07-26,64.41862487792969,64.95815633343953,64.10175346408941,64.32442003959434,8262500,QCOM
2019-07-29,64.20450592041016,65.36064815881146,63.94758251906164,64.36722451018645,8237500,QCOM
2019-07-30,64.0675048828125,64.2901714872251,63.68212615510733,63.87053585623829,7397900,QCOM
2019-07-31,62.654422760009766,64.46999224706018,62.31186038367618,64.08461365733106,14052800,QCOM
2019-08-01,60.975868225097656,63.125440782168965,58.44948293169355,58.989014268113586,29729800,QCOM
2019-08-02,60.93307113647461,61.258501904958294,59.956772297187584,60.32502582666153,12649400,QCOM
2019-08-05,58.9205207824707,60.667576908634906,58.71497938682219,59.922510584374265,13071800,QCOM
2019-08-06,58.38100051879883,59.88827187552839,57.70444125375452,59.53714345168722,13189900,QCOM
2019-08-07,59.434364318847656,59.60564229036257,57.48176669470024,57.60166258152783,8934900,QCOM
2019-08-08,61.027278900146484,61.1043520330092,59.391546052917356,59.57138989676665,8367900,QCOM
2019-08-09,61.2327995300293,61.823719546390976,60.11091396513142,60.38496259677955,8702200,QCOM
2019-08-12,59.77692794799805,61.21568515149903,59.71698000342867,60.80460886456907,7364300,QCOM
2019-08-13,61.81515121459961,62.06350879800087,59.35727295169854,59.85398811850104,10134800,QCOM
2019-08-14,60.70182800292969,61.56679665885182,60.419220045151114,60.49629316077214,10336900,QCOM
2019-08-15,60.94162368774414,61.82371748730038,60.45346784086223,61.18141541572045,9107000,QCOM
2019-08-16,62.7572021484375,62.868538704753774,61.42978160161993,61.53254576580669,10090600,QCOM
2019-08-19,64.11888122558594,64.68410368689983,63.49370429463356,63.8705236247328,9688400,QCOM
2019-08-20,65.14656829833984,65.46343972331002,63.656429082804394,63.86196394919379,9387300,QCOM
2019-08-21,65.68609619140625,66.10573829360884,65.0780509500231,65.51481823439292,11004100,QCOM
2019-08-22,66.07146453857422,66.75658272566805,65.60044047620742,65.86592973582943,7198800,QCOM
2019-08-23,62.962730407714844,67.7414595563156,62.70581349035547,65.18938289450472,16479400,QCOM
2019-08-26,62.440330505371094,64.30728231360162,62.10632740640934,64.14457022663896,11153800,QCOM
2019-08-27,63.34811782836914,63.699239588014514,62.68868399606915,63.09976022577362,7303100,QCOM
2019-08-28,63.67355728149414,64.12744979427514,62.440341490916865,63.1939737259272,5678500,QCOM
2019-08-29,65.47198486328125,65.96870000545708,64.41861318414492,64.41861318414492,7348400,QCOM
2019-08-30,66.60246276855469,66.84226111257954,65.9430352905375,66.09718810192079,8465300,QCOM
2019-09-03,64.3329849243164,65.9344540841141,63.97329075891714,65.7460444102943,7580700,QCOM
2019-09-04,66.02009582519531,66.04579340038384,64.76974838661066,65.07805395051761,4923700,QCOM
2019-09-05,67.64727020263672,68.88905845572188,66.70522822246484,66.70522822246484,13480300,QCOM
2019-09-06,67.51879119873047,67.72433256773361,67.17623531806112,67.62156188323203,5128000,QCOM
2019-09-09,66.97927856445312,68.04121646637077,66.77374367172246,67.69009463019906,6885100,QCOM
2019-09-10,67.407470703125,67.55305762633749,66.23419639137816,66.82511647643953,9373900,QCOM
2019-09-11,68.9698486328125,68.97848249775176,67.43334995909304,67.4765061123706,6575700,QCOM
2019-09-12,68.26203155517578,69.09933874287229,67.8304304551846,69.09933874287229,5847100,QCOM
2019-09-13,67.68370056152344,68.65911686255143,67.6491716766581,68.3483634844748,5343700,QCOM
2019-09-16,67.36430358886719,67.75274196251948,66.3888874286825,66.96723134881739,3756500,QCOM
2019-09-17,67.92538452148438,68.01170342598937,66.90680564262088,66.99312454712586,4400800,QCOM
2019-09-18,68.10667419433594,68.2534170293433,67.01903727016847,67.92540247126003,5147500,QCOM
2019-09-19,67.5283203125,69.05618551940395,67.51105257812196,68.40014991297052,5180900,QCOM
2019-09-20,65.9831771850586,67.93400938310988,65.75010890691235,67.50240829024207,9122000,QCOM
2019-09-23,66.67374420166016,67.25209475121518,65.65516521821776,66.18171915118356,5815700,QCOM
2019-09-24,64.93871307373047,67.58874391810974,64.42078641601356,67.39883835504168,10177800,QCOM
2019-09-25,66.69100189208984,66.88953470436486,64.63657650050163,64.76605814390835,5571600,QCOM
2019-09-26,66.76870727539062,67.06219952893902,65.55159526213963,66.60470329042225,3760300,QCOM
2019-09-27,66.14720916748047,67.50243691025304,65.78466567632897,66.47523035199045,5013200,QCOM
2019-09-30,65.84507751464844,66.42342153765398,65.62064304836584,66.37163150147785,4775800,QCOM
2019-10-01,65.14588928222656,67.38158044348904,64.71428806168521,66.51837800240634,7043700,QCOM
2019-10-02,63.86834716796875,65.35305642955652,63.67844157603841,64.9646179629441,5997500,QCOM
2019-10-03,65.37031555175781,65.45663446788383,63.15188582019226,63.81654871864487,5419400,QCOM
2019-10-04,66.8895492553711,66.94997315734406,65.4652640394811,65.87960407137525,4893600,QCOM
2019-10-07,65.8968734741211,66.94135425944394,65.83644956458039,66.47522413482467,4215500,QCOM
2019-10-08,62.88430404663086,65.4480166573855,62.849775154567006,65.18905325976296,8489600,QCOM
2019-10-09,64.17909240722656,64.56753741011212,63.497161771046784,63.79928785741706,5137500,QCOM
2019-10-10,64.71426391601562,65.57746603502726,64.02369958652251,64.17907623137299,5580600,QCOM
2019-10-11,66.20761108398438,67.17439999153461,65.61200599948266,65.76738267059412,7280800,QCOM
2019-10-14,65.86234283447266,66.78596909809795,65.84507509923964,66.16446234393675,4545300,QCOM
2019-10-15,67.17440795898438,67.31252349889206,65.84507552307429,66.36299562630526,5222500,QCOM
2019-10-16,67.5283203125,67.60600536006802,66.70827415803045,66.88954585473356,6218000,QCOM
2019-10-17,68.16708374023438,69.0216521363222,67.67505871391585,67.93401544130366,5916700,QCOM
2019-10-18,67.05354309082031,68.38287518844564,67.04490922534535,67.8649552170135,6107000,QCOM
2019-10-21,68.17572784423828,68.27067404854031,67.33842046996062,67.6578011402687,5119800,QCOM
2019-10-22,67.7354965209961,68.2534166678574,67.53695706208141,68.13256885311348,4944500,QCOM
2019-10-23,66.67374420166016,67.44199372633923,66.35436356362943,66.64784918622101,5785700,QCOM
2019-10-24,68.18434143066406,68.21023644351884,66.9758570069955,67.38156310361447,5271200,QCOM
2019-10-25,69.20293426513672,69.2547308869998,68.1153039916864,68.19298904591359,6712300,QCOM
2019-10-28,71.68894958496094,71.75800075990587,69.52231009079703,69.5309439573066,9949800,QCOM
2019-10-29,70.4891128540039,71.51631925662245,70.29920726768617,71.43000033167216,4993600,QCOM
2019-10-30,70.2991943359375,70.9983860608418,69.78990157670663,70.868904404379,3971000,QCOM
2019-10-31,69.43600463867188,70.32510207584785,68.91807791909862,70.29920705701156,5693700,QCOM
2019-11-01,72.14643859863281,72.20686248681083,70.13517597173454,70.42866154696783,8620300,QCOM
2019-11-04,73.44988250732422,74.12318585130183,72.7765857490577,72.97512518107246,8389200,QCOM
2019-11-05,73.769287109375,74.01098276303173,73.13915295315746,73.54485260853119,7280000,QCOM
2019-11-06,73.05280303955078,73.89874413060141,72.69889354649919,73.66567583831656,9755300,QCOM
2019-11-07,77.67093658447266,79.84620322321982,76.23801777629888,77.54145493777946,30254000,QCOM
2019-11-08,81.16690826416016,81.23596602621993,77.34292195076702,77.67094302769557,16371300,QCOM
2019-11-11,79.2764892578125,79.86346703479589,78.45644977757131,79.16427533931213,11297700,QCOM
2019-11-12,78.5255126953125,79.63041056323499,77.83494823500556,79.56998666688644,9332100,QCOM
2019-11-13,78.09391021728516,79.32828972359971,77.36018960683764,78.29244305087028,9353200,QCOM
2019-11-14,78.10254669189453,78.18886560440994,77.19618164620555,77.95579729633637,8793600,QCOM
2019-11-15,78.38739776611328,81.08922514586395,78.1888649276174,79.93253065389486,25490200,QCOM
2019-11-18,78.10254669189453,79.39735013675829,77.066699984577,78.38739844462428,10360500,QCOM
2019-11-19,75.92726135253906,78.88804503058645,74.82236363928112,78.76719725480574,18091300,QCOM
2019-11-20,73.90737915039062,76.27255147569704,73.63978197412035,75.80642146956328,13045100,QCOM
2019-11-21,73.46713256835938,74.49434519310974,72.98374149116367,73.19090815486047,10180400,QCOM
2019-11-22,73.27722930908203,74.08000756458749,72.96647601109865,73.62251148303132,6166700,QCOM
2019-11-25,73.62255096435547,74.48575356928066,73.44127920760677,74.02825724238443,8964100,QCOM
2019-11-26,73.05280303955078,73.84695410374275,72.62983578688069,73.58799079802857,11584500,QCOM
2019-11-27,73.19955444335938,73.63978285521645,72.914696116362,73.51030778450003,5215000,QCOM
2019-11-29,72.12056732177734,73.45852716766446,72.0083467884372,72.9492408833769,3882400,QCOM
2019-12-02,71.1710433959961,72.75933941845275,71.05019557301392,72.49174875123687,7668800,QCOM
2019-12-03,69.55683898925781,70.25603070537271,68.8921695677691,70.2473968388609,11126100,QCOM
2019-12-04,71.40101623535156,71.71417911121694,69.98308248163467,70.39193438272419,8477400,QCOM
2019-12-05,71.84465789794922,72.5840742973447,71.14004474774082,71.89685613495462,6358300,QCOM
2019-12-06,72.91464233398438,73.2886976736354,72.56668279808963,72.59277860184592,6860400,QCOM
2019-12-09,73.87152862548828,74.20209318252773,72.93203983723355,73.07122631109782,8382900,QCOM
2019-12-10,73.17560577392578,74.22817844512413,72.80155047451022,73.97590797465546,8082200,QCOM
2019-12-11,75.67220306396484,75.76789209406138,73.73233993406366,73.80192652586294,9571500,QCOM
2019-12-12,77.46420288085938,77.6207843483597,75.1328824962858,75.54172783780332,12164600,QCOM
2019-12-13,76.4029312133789,78.02963171809544,76.16805568763506,77.34242004280097,12269100,QCOM
2019-12-16,76.92485809326172,78.69074486797619,76.85526486155479,77.66426792901434,8719100,QCOM
2019-12-17,76.82918548583984,77.4555114315664,76.27245278670006,77.42071480827302,7485900,QCOM
2019-12-18,76.53340148925781,77.11622982415714,76.19413617176346,77.02054079761841,5860600,QCOM
2019-12-19,76.97705841064453,77.15973568696812,76.22025349970062,76.8639743739042,7471400,QCOM
2019-12-20,77.29019927978516,78.160094615825,76.7073709974644,77.26410348158792,17538000,QCOM
2019-12-23,76.94224548339844,77.70775768301525,76.76826905809018,77.42939142045692,7274700,QCOM
2019-12-24,77.22063446044922,77.25543108310136,76.53342273259527,77.09015542147516,2435200,QCOM
2019-12-26,76.89875030517578,77.38588957764742,76.55079083764969,77.35109296721733,5070000,QCOM
2019-12-27,77.24671936035156,77.37719836969057,76.62908774452723,77.33370757883613,5808900,QCOM
2019-12-30,76.92485809326172,77.22932018600976,75.95057275969214,77.16842776746014,6543100,QCOM
2019-12-31,76.7508773803711,77.2206150763172,76.44640866778776,76.54209769686672,5173400,QCOM
2020-01-02,77.1510238647461,78.12530244898245,76.62038714864232,77.4641867344721,8413900,QCOM
2020-01-03,75.69831085205078,76.2376485037448,75.19377645693073,75.90709057083488,8340300,QCOM
2020-01-06,75.25466918945312,75.28946580939245,74.41086940706,74.73273316391638,8381400,QCOM
2020-01-07,77.39460754394531,77.84695030624853,75.60262484863937,75.7157088800211,8377400,QCOM
2020-01-08,77.16840362548828,77.8295258463218,76.48118561012264,77.33368583989011,7619900,QCOM
2020-01-09,78.2123031616211,78.91691635295173,77.27281448199653,77.99482929893628,9155500,QCOM
2020-01-10,78.51676940917969,80.3696444283536,78.17751069632779,78.7342432834066,9668300,QCOM
2020-01-13,79.1343994140625,80.6654174436233,78.76904487511005,79.20399265103717,10367800,QCOM
2020-01-14,78.77774810791016,79.69114119706516,78.54287920209217,79.27358836399446,7800100,QCOM
2020-01-15,78.00353240966797,79.3170765490378,77.63817787133506,78.94302119690373,7259100,QCOM
2020-01-16,79.84769439697266,80.2304504719798,78.13399950794954,78.48195897279469,9295500,QCOM
2020-01-17,83.43168640136719,83.65785446864028,80.85678970167211,80.90028713441194,23694400,QCOM
2020-01-21,82.23992156982422,83.26639852783414,81.26563621817509,82.9271398129371,10868500,QCOM
2020-01-22,80.87418365478516,82.97932911880332,80.64800897219887,82.86624509589808,8342300,QCOM
2020-01-23,80.03038024902344,80.85677825992815,79.56063591636611,80.76979004353431,11282000,QCOM
2020-01-24,77.9861068725586,81.11772829994712,77.27279306611581,80.62188829591705,9471700,QCOM
2020-01-27,75.72441101074219,76.74218722120771,75.20246836629958,75.94188490033446,9240200,QCOM
2020-01-28,77.5511703491211,77.89042899842016,76.02015270306974,76.68127501516972,9187000,QCOM
2020-01-29,76.7508773803711,77.4380889357193,75.98536514773939,77.12493268401373,8158500,QCOM
2020-01-30,76.35942840576172,76.42902164084606,74.97629770153553,75.95057644561147,8379400,QCOM
2020-01-31,74.2107925415039,75.82879891088712,73.97592364642813,75.72441568497646,9503600,QCOM
2020-02-03,75.22857666015625,75.3155648954049,74.08031469925399,74.4195734624676,7792700,QCOM
2020-02-04,77.35980987548828,77.37720486593534,76.0027749702268,76.76828064864523,9236400,QCOM
2020-02-05,79.08220672607422,79.28227898367703,77.65557193465769,79.15179332532338,14220900,QCOM
2020-02-06,78.82122039794922,78.96910101875737,74.97628443628706,76.60298453872682,21059000,QCOM
2020-02-07,76.04627990722656,78.31670819743596,76.01148328308504,77.96005441434585,10725100,QCOM
2020-02-10,77.0727310180664,77.10752763043673,75.24595200766315,75.48952165748022,7481300,QCOM
2020-02-11,78.29059600830078,79.56934347165385,77.33371227333231,77.74256422548206,9452800,QCOM
2020-02-12,79.78681945800781,80.41314530451051,79.41276411283404,79.7259270360854,9824200,QCOM
2020-02-13,78.31668853759766,79.49104610127105,78.09921466888866,79.18658401243361,8428300,QCOM
2020-02-14,77.942626953125,78.98650542108943,77.23801379891106,78.76903156986042,6256500,QCOM
2020-02-18,76.576904296875,77.42070404327582,76.14195652135098,76.40292784137594,7248100,QCOM
2020-02-19,78.77774810791016,78.8299463600297,77.11625086399775,77.35111976981574,7820900,QCOM
2020-02-20,77.82955169677734,79.92599640738506,77.14233345315772,78.99520848486755,9754900,QCOM
2020-02-21,75.70700073242188,77.44679165036526,75.09807656585195,77.03793972276445,12257600,QCOM
2020-02-24,72.47969818115234,73.79324234207098,71.94906135577384,72.98423920147559,12158500,QCOM
2020-02-25,69.78302001953125,73.41918357648777,69.27847902262326,73.01903243173265,14725000,QCOM
2020-02-26,69.2958755493164,71.35752354257691,68.8000287656682,70.46153228040158,13125000,QCOM
2020-02-27,66.05986785888672,68.01713277729621,65.52923106117584,67.09503901383775,17898300,QCOM
2020-02-28,68.1128158569336,69.42635319768071,63.79812861832045,64.16348974841205,20843300,QCOM
2020-03-02,70.07876586914062,70.20925149638306,67.09502461290901,68.73912626054943,15043400,QCOM
2020-03-03,68.33900451660156,71.89688140406899,67.7039843680306,70.30497066979791,16356200,QCOM
2020-03-04,71.72350311279297,71.81995334292276,68.43544532992478,69.37363754972034,9894900,QCOM
2020-03-05,69.41746520996094,71.34646287021043,69.00536095151223,69.67174244793077,9396200,QCOM
2020-03-06,67.92688751220703,68.46174542093074,66.48891084633128,66.9273185295756,11536500,QCOM
2020-03-09,63.69187927246094,66.72566018962408,62.98166083707514,63.48144541930432,13898500,QCOM
2020-03-10,69.17196655273438,69.30349020099436,65.02463344598777,65.58579476829779,13615600,QCOM
2020-03-11,65.42796325683594,68.20746628669198,64.63882811077755,66.89224327311807,13376500,QCOM
2020-03-12,58.76416015625,63.595414471572695,58.7466267931554,60.95619846942744,19386200,QCOM
2020-03-13,66.47137451171875,67.22543630425214,58.974606722561035,62.41172154599606,15971400,QCOM
2020-03-16,56.53706359863281,62.40295445579509,56.51952354333679,59.86895832077482,16134700,QCOM
2020-03-17,60.377506256103516,61.21047817270773,54.53791608926398,57.790903618589105,16864500,QCOM
2020-03-18,53.652339935302734,57.48402278335645,50.855299658223316,55.73039510544483,18381200,QCOM
2020-03-19,56.99299621582031,59.22887797396129,51.76717767324119,53.59095181285923,17127400,QCOM
2020-03-20,53.406829833984375,59.605918248113284,53.30161291473492,57.0193086128809,16591500,QCOM
2020-03-23,54.827266693115234,56.8702482104758,51.82855958677809,53.96798798992882,14920300,QCOM
2020-03-24,57.396331787109375,59.29025614680599,54.52914520228214,57.869812877033525,18966800,QCOM
2020-03-25,55.30950927734375,58.711550143777906,54.76588139737157,57.782128090842264,15969800,QCOM
2020-03-26,60.482723236083984,61.078957916525844,55.45856854902262,56.11618003379364,15820300,QCOM
2020-03-27,58.387142181396484,60.60549106302955,57.80844741761029,58.3082319957049,9739100,QCOM
2020-03-30,60.52656173706055,60.938666016423696,57.92241911178287,58.91322472546113,9880800,QCOM
2020-03-31,59.316558837890625,61.69272759648643,58.44851352804377,60.76330548068213,13213900,QCOM
2020-04-01,57.78215026855469,60.23722997265341,56.993014878476714,56.993014878476714,14167900,QCOM
2020-04-02,59.6409797668457,59.85142027652175,57.264810867377236,57.755832033717475,15432900,QCOM
2020-04-03,57.194671630859375,60.22845211982593,56.59843688976031,59.34286669049408,8600700,QCOM
2020-04-06,62.210052490234375,62.57832005732089,59.3165655660205,60.061857348489035,12153100,QCOM
2020-04-07,63.77079772949219,65.67348586255945,62.131150246999546,64.58623645645983,11285600,QCOM
2020-04-08,64.29689025878906,65.21754263514468,63.498984843041974,64.62130775302153,10695600,QCOM
2020-04-09,62.762447357177734,65.62086071825719,61.3770774324903,65.42796695128007,15459400,QCOM
2020-04-13,64.27058410644531,64.45471457382533,62.63970660728301,62.876443868322475,7896500,QCOM
2020-04-14,67.99703216552734,68.10224572480546,65.73484698706565,65.76115037688518,11314100,QCOM
2020-04-15,66.62919616699219,66.9360801997062,64.91063889422355,66.51521258043276,9951700,QCOM
2020-04-16,67.3832778930664,68.1198064796989,66.09435788363866,67.39204792219489,8819700,QCOM
2020-04-17,66.78701782226562,68.61079519787847,66.18201983204793,67.79535672538799,9926000,QCOM
2020-04-20,65.1561508178711,66.83964148504782,64.97202038496768,65.77868895470758,7217700,QCOM
2020-04-21,62.99041748046875,64.85803863363175,62.911507302511886,64.2793372369979,9273800,QCOM
2020-04-22,65.4805679321289,66.05926256092532,63.78831410813778,64.70020283765543,7365300,QCOM
2020-04-23,64.71773529052734,66.7870199381114,64.67389853917565,65.76114764041766,7673800,QCOM
2020-04-24,66.67305755615234,66.73443437921568,64.58623888242693,64.81420611690675,6071300,QCOM
2020-04-27,66.62043762207031,68.23377476128346,66.19079325579602,67.15528886637524,7219500,QCOM
2020-04-28,66.01543426513672,68.19870280408168,65.90145066793514,67.61123807381297,6250500,QCOM
2020-04-29,69.24211883544922,69.47885606927713,67.36573426212621,67.66384831135923,11950200,QCOM
2020-04-30,68.97905731201172,70.90805496524156,67.76028459313717,70.38196043917992,17113500,QCOM
2020-05-01,66.32232666015625,68.03211428087542,65.4805845476813,67.383272656804,9742100,QCOM
2020-05-04,66.35737609863281,66.58534992884847,64.96323642064652,65.90143512777074,7202400,QCOM
2020-05-05,68.06718444824219,69.10182699961553,67.1289921364557,67.29558922111869,7540800,QCOM
2020-05-06,69.15443420410156,70.26798683797885,68.84754345712928,69.1018207302822,8179700,QCOM
2020-05-07,69.11935424804688,70.29428358229003,68.61956977623791,69.88217930579367,7291800,QCOM
2020-05-08,70.63623046875,71.10094145505981,69.58405490312661,69.88216886054457,7887200,QCOM
2020-05-11,70.56610107421875,71.25877930175264,69.74189251900663,70.39950401997712,6604600,QCOM
2020-05-12,68.75987243652344,71.71474318857959,68.74233906928919,71.27633542243562,7318100,QCOM
2020-05-13,68.39160919189453,69.7156024736894,67.29558981381929,69.145671059176,9584800,QCOM
2020-05-14,70.03123474121094,70.14521831272417,67.05006162500631,67.95318024045153,9956800,QCOM
2020-05-15,66.43629455566406,68.12854840874527,65.20875844633682,65.4717990313769,29597800,QCOM
2020-05-18,70.09261322021484,70.30304700711903,67.69890464449031,67.751511418824,13191000,QCOM
2020-05-19,68.47052001953125,70.27676452048085,68.3916098345626,69.92603697828676,8118400,QCOM
2020-05-20,70.69762420654297,71.86379030909647,69.87342226880959,70.11015948645506,11379200,QCOM
2020-05-21,68.39160919189453,70.22415038104205,68.27762558482041,69.68052905084242,8141500,QCOM
2020-05-22,69.00538635253906,69.0579998384457,67.76907981167574,68.61959203013332,5530400,QCOM
2020-05-26,68.40912628173828,70.64500795685011,68.198692484297,70.31182055343724,10067300,QCOM
2020-05-27,69.52269744873047,69.54900084175362,66.778267513655,68.62834194851723,9125900,QCOM
2020-05-28,68.488037109375,71.4429067978028,68.15484973528476,70.35565111264033,11161700,QCOM
2020-05-29,70.91680908203125,71.19738967098768,68.3039036016688,69.00535172927538,10558700,QCOM
2020-06-01,69.90849304199219,70.56610457559229,69.47884869021607,70.0487800239169,6474800,QCOM
2020-06-02,74.20489501953125,74.42409889944315,70.06633138603463,70.08386475301612,13255300,QCOM
2020-06-03,74.31976318359375,75.94558759327614,73.88680010035087,75.06198561201012,13029300,QCOM
2020-06-04,76.02510833740234,76.6082820863039,74.1783768596278,74.1783768596278,12109000,QCOM
2020-06-05,78.24293518066406,79.06468505178867,77.5979029574033,77.75695153701923,11882100,QCOM
2020-06-08,80.73470306396484,80.84956887701445,78.05738380891248,78.64056426288836,9748300,QCOM
2020-06-09,79.30326843261719,79.86877309438879,78.69358098047232,79.72740029961955,7327700,QCOM
2020-06-10,80.4166259765625,81.41509388503079,79.55069298501792,79.74508651830439,9079700,QCOM
2020-06-11,74.24021911621094,78.69357292797322,74.14302912176015,78.30479272613015,15241700,QCOM
2020-06-12,75.31822204589844,76.99706695908583,73.80726364643398,76.21066182851101,10113200,QCOM
2020-06-15,76.3343734741211,76.49342209801065,73.42732219051896,73.93097504261125,9852600,QCOM
2020-06-16,79.10004425048828,79.91296317462034,77.5449096594268,79.43581730872151,12639800,QCOM
2020-06-17,79.4711685180664,80.48730545670833,78.90566375972102,80.12503213090041,7620300,QCOM
2020-06-18,79.45350646972656,79.95715944306592,78.66710106822038,79.39165458673224,5709500,QCOM
2020-06-19,78.4726791381836,79.74506797557906,77.35050774062029,79.40930169519847,23213800,QCOM
2020-06-22,78.75543975830078,79.0293609482449,77.4123677539847,78.39316646254593,8028000,QCOM
2020-06-23,78.9498291015625,80.0631693927972,78.73776653130031,79.64787541757924,7778700,QCOM
2020-06-24,78.7642822265625,79.3739697675549,77.24448569857167,78.79078920811028,8208800,QCOM
2020-06-25,78.60520935058594,79.04701021704022,77.15610304792357,78.37547101245276,7062600,QCOM
2020-06-26,77.7746353149414,79.28560047773772,77.35051018331404,78.70241999506582,9126500,QCOM
2020-06-29,78.6494140625,78.77311780029011,76.59061983287475,77.94252978254386,5870400,QCOM
2020-06-30,80.59332275390625,81.22951715524148,78.64056350285323,78.81728117373656,9378500,QCOM
2020-07-01,79.32977294921875,80.67285153526987,79.15305527590277,80.4166061900187,6990600,QCOM
2020-07-02,81.1764907836914,81.73315742902616,80.23103723227435,80.48727579345115,8317300,QCOM
2020-07-06,82.10427856445312,82.83766968465113,81.37972534993192,82.36052389830593,6933100,QCOM
2020-07-07,81.41509246826172,82.66097459645412,81.211867771616,82.14848378877149,6722400,QCOM
2020-07-08,82.64327239990234,82.7051242540964,81.59178413725677,82.41353405231875,6692700,QCOM
2020-07-09,82.39588165283203,83.01440031990663,80.79656428414779,83.01440031990663,6287700,QCOM
2020-07-10,81.74200439453125,82.63443735864101,80.90257863983665,82.17496738889567,5687600,QCOM
2020-07-13,80.69935607910156,83.17343713766908,80.5844835276971,82.44005274830639,7606400,QCOM
2020-07-14,81.62714385986328,81.83921317681637,78.81728945303834,80.28407189256573,6571000,QCOM
2020-07-15,81.77735137939453,82.11311764510268,80.4166037636085,82.11311764510268,6154100,QCOM
2020-07-16,80.58448028564453,81.07046396508012,80.12501032255268,80.63750097698536,6178700,QCOM
2020-07-17,81.49459838867188,81.69782303103005,80.40776518969547,81.00861469373388,5985700,QCOM
2020-07-20,82.3251724243164,82.4135312499682,80.67284148645444,81.45924649504406,5407500,QCOM
2020-07-21,81.5652847290039,82.92603238884631,81.12348380339328,82.66095587828822,7098600,QCOM
2020-07-22,81.82152557373047,82.43121297476466,80.99977562764614,81.9452292867886,4366400,QCOM
2020-07-23,79.23258972167969,82.14847901820438,78.84380942579845,82.09546505543611,9438500,QCOM
2020-07-24,78.54338836669922,79.7804326272022,77.32401992295495,78.82614076269857,9520000,QCOM
2020-07-27,81.90989685058594,82.03360058243882,78.8703107718965,79.54184339014137,8021700,QCOM
2020-07-28,80.80540466308594,81.81271045937096,80.02783728705761,81.44159921681303,5818400,QCOM
2020-07-29,82.20148468017578,82.72281331302993,81.06163740632275,81.36206556148477,11453000,QCOM
2020-07-30,94.71329498291016,95.1550959570014,88.97871348543546,90.49850991492497,42122500,QCOM
2020-07-31,93.31720733642578,95.20811506854896,92.34524648910003,93.36139013276487,16765100,QCOM
2020-08-03,96.83393096923828,99.84701674582189,94.5719122161217,94.89884735270556,18899400,QCOM
2020-08-04,98.03562927246094,98.09748113654142,96.01218682982193,96.74557129210547,10205400,QCOM
2020-08-05,98.4244155883789,99.36986935640007,97.26689925088645,98.07981138498272,7967400,QCOM
2020-08-06,98.13282775878906,98.3979110331672,97.1343600091471,98.28304520965546,6392200,QCOM
2020-08-07,95.64990997314453,98.12399810085968,93.66180560880666,97.20505127460399,11155900,QCOM
2020-08-10,93.97989654541016,96.30376706414422,93.41439188122128,95.95916287007122,10087100,QCOM
2020-08-11,96.16239929199219,98.97225368829811,92.54846390661505,93.83852191051872,17803000,QCOM
2020-08-12,102.312255859375,102.7187118888553,96.8869412073058,97.54080466852653,18664700,QCOM
2020-08-13,100.20930480957031,102.67454842652425,99.64379333456303,102.67454842652425,9958400,QCOM
2020-08-14,100.50086975097656,101.19007809629346,99.46705723300123,100.11208953184857,6641000,QCOM
2020-08-17,99.12246704101562,101.16358538870358,97.75288132169513,100.10326574502493,10283000,QCOM
2020-08-18,98.98990631103516,100.18276736547965,98.53926751576623,99.76748019171042,6387000,QCOM
2020-08-19,98.11515045166016,100.26230322160004,97.85890510562733,99.25499764966253,7747600,QCOM
2020-08-20,97.7793960571289,98.06214841446585,96.90462526360535,97.1962155281132,7200300,QCOM
2020-08-21,99.84700012207031,99.97954173598839,97.15201202400681,97.39942618261557,8546900,QCOM
2020-08-24,102.41830444335938,102.49782538237805,100.08558911192732,101.05755664225227,10235000,QCOM
2020-08-25,102.45362854003906,103.46977198336722,101.11939464290559,102.59500806737202,6208000,QCOM
2020-08-26,102.53317260742188,102.98381149618179,101.76443647263707,102.71872821071172,7487400,QCOM
2020-08-27,102.51548767089844,104.4240709772168,101.92347602622182,102.877767679381,8206200,QCOM
2020-08-28,104.44173431396484,104.49475500823843,102.64802366558102,103.1251694659612,6280300,QCOM
2020-08-31,105.23697662353516,106.96883540168298,104.37105060513473,104.55660618050625,9694600,QCOM
2020-09-01,107.80826568603516,108.3030805743506,105.59926101841657,106.98651568002715,9091900,QCOM
2020-09-02,109.42504119873047,110.0912920567896,108.20802052479227,109.49610958351245,9167700,QCOM
2020-09-03,103.42875671386719,108.1191604565625,102.69143766180837,107.75494693934043,13560800,QCOM
2020-09-04,103.0201416015625,104.66355888845139,99.83101757666887,102.77140905359492,11064300,QCOM
2020-09-08,97.5124740600586,101.16352935895704,97.37922930841977,99.44016505570332,10245200,QCOM
2020-09-09,101.28787231445312,102.84245731505769,99.75994303549066,100.80817776413927,9708400,QCOM
2020-09-10,99.88432312011719,102.8780057409779,99.11146974437777,102.29170855529401,6166300,QCOM
2020-09-11,100.75489044189453,102.02520896072618,99.84879229622031,100.71935625104109,6740200,QCOM
2020-09-14,100.7904281616211,102.54044815206508,100.0708794096442,102.37166243396517,5397300,QCOM
2020-09-15,103.56201934814453,104.65466679481496,101.97190006065574,102.10515156761518,8773700,QCOM
2020-09-16,101.76757049560547,104.82344251394949,101.74980679251273,104.82344251394949,6340100,QCOM
2020-09-17,102.05184936523438,102.78028327310732,98.60511447047398,99.42238045931613,7418100,QCOM
2020-09-18,98.32972717285156,102.540429914421,97.53911017729715,102.19398007490628,15443200,QCOM
2020-09-21,99.42239379882812,99.6178284696539,96.20662730509068,96.97059550334366,8197600,QCOM
2020-09-22,101.11021423339844,101.49219827041586,98.08987612412739,100.03533049608272,6911200,QCOM
2020-09-23,98.2231216430664,101.20792538352248,97.77895450046822,100.9503076275212,6553300,QCOM
2020-09-24,99.6622314453125,100.6393978606052,97.04164108446719,97.17489259051918,6849000,QCOM
2020-09-25,101.71428680419922,102.824704782411,99.31578668224317,100.87037185173966,11718000,QCOM
2020-09-28,105.240966796875,105.48081407851117,102.08737728519058,103.01124578094448,9043600,QCOM
2020-09-29,104.2726821899414,105.93386984244826,104.11278173794902,104.9478181847374,5655700,QCOM
2020-09-30,104.53919219970703,105.94276217475954,103.86405615972106,104.37929173701176,5829700,QCOM
2020-10-01,106.17372131347656,106.78667419983137,104.55695302518788,106.53794165970287,5316800,QCOM
2020-10-02,102.57597351074219,105.40976239503833,102.54043932170468,103.73968939754307,5834300,QCOM
2020-10-05,107.06206512451172,107.17755294079002,103.6952835171148,103.8462987472975,5835900,QCOM
2020-10-06,106.19149780273438,108.8387305894962,105.80062848759351,106.99987860387576,7637000,QCOM
2020-10-07,109.29180908203125,109.58496113823057,107.17757509018237,107.70168927176108,7410300,QCOM
2020-10-08,108.67881774902344,110.53544000711133,108.23465058782432,110.15345597738198,4757500,QCOM
2020-10-09,110.92631530761719,111.83241338363884,109.07857818999861,110.09127883038596,11073400,QCOM
2020-10-12,112.5430908203125,113.44030371257229,110.99738403626239,113.44030371257229,7893800,QCOM
2020-10-13,113.22710418701172,113.86669927537392,111.39713745339122,113.23598942888522,7605700,QCOM
2020-10-14,115.37686920166016,117.63323247645104,114.53294072899399,114.66619901384432,13177100,QCOM
2020-10-15,114.22203826904297,114.71950336203862,112.50755261359316,113.08497132650801,7376600,QCOM
2020-10-16,114.62177276611328,115.65224379939282,113.47582071460184,115.21695511596295,6625400,QCOM
2020-10-19,114.07988739013672,117.224598353561,113.44028561977603,115.59894498346972,5765800,QCOM
2020-10-20,113.97329711914062,114.88828039359774,113.27151218595189,114.75502211130701,4409800,QCOM
2020-10-21,114.19540405273438,115.85658525004548,112.25883454845828,113.74234477717032,4344000,QCOM
2020-10-22,114.04438018798828,115.11925727381725,112.69410803856644,115.04818889175212,3895100,QCOM
2020-10-23,114.48853302001953,114.68396765740813,112.90729221635402,114.23090847304991,3943100,QCOM
2020-10-26,112.10779571533203,114.30198271187193,110.50879790250644,113.28928206384636,6065900,QCOM
2020-10-27,111.85017395019531,112.78292089025108,111.21057217561264,112.3831731698633,5825500,QCOM
2020-10-28,108.00371551513672,109.9935829965442,107.53289929108294,109.709316213486,8234800,QCOM
2020-10-29,112.32100677490234,113.43142480525387,108.27908243344129,108.43009765898019,7053300,QCOM
2020-10-30,109.5849380493164,111.26388961386829,108.02146752312305,109.86920480158302,7811200,QCOM
2020-11-02,110.1268081665039,112.08114098493016,108.74100877807268,110.59762427783231,5860300,QCOM
2020-11-03,111.4415512084961,112.74740390119187,110.76642192342584,111.43267274398868,5832800,QCOM
2020-11-04,114.56846618652344,115.10147214396855,111.99229557619712,114.87938858751718,12608900,QCOM
2020-11-05,129.17266845703125,132.1841206006275,125.99243066078606,129.53688870170498,27910900,QCOM
2020-11-06,128.81736755371094,129.90113661526954,127.88462726974804,129.70570196122407,7278500,QCOM
2020-11-09,126.68537139892578,132.7260481287402,126.53435617504385,132.7260481287402,10666300,QCOM
2020-11-10,124.46451568603516,127.18281639598949,123.06094590637204,124.50004309284073,12019900,QCOM
2020-11-11,131.1981201171875,131.5534484834249,127.92016375225074,128.36433098750163,10222700,QCOM
2020-11-12,127.84020233154297,131.92653229713605,127.09400471455294,131.09150937616536,8580700,QCOM
2020-11-13,128.15109252929688,129.91888254592683,127.23610934687008,129.28815927163123,5899200,QCOM
2020-11-16,132.4239501953125,132.58384380208838,128.4086768925002,128.98608854572498,7598500,QCOM
2020-11-17,132.13084411621094,133.1168956974851,130.74503126976478,132.3795766272616,7438600,QCOM
2020-11-18,130.6295928955078,136.2083325547997,130.50522660583857,132.57504764847624,12124500,QCOM
2020-11-19,131.05599975585938,132.62835576086778,129.2171542202648,130.19431412720408,7743700,QCOM
2020-11-20,129.7234649658203,132.45065794601067,129.64351812693107,131.72221726749106,5551900,QCOM
2020-11-23,127.76022338867188,130.58511946669995,126.03685297658531,126.45437110961261,11649400,QCOM
2020-11-24,129.6346435546875,129.98998547797322,125.3528784296345,127.37827995018378,10800800,QCOM
2020-11-25,127.99124145507812,131.02046547321436,127.9557004829218,129.65242269829056,6398900,QCOM
2020-11-27,127.76911163330078,130.07877245688636,127.65362384790497,129.2437496817997,3878000,QCOM
2020-11-30,130.7361602783203,130.84275605917526,127.96456153684345,128.4797970691524,8712500,QCOM
2020-12-01,134.3694610595703,135.3732833034706,131.28693950175776,132.17527393213814,11906100,QCOM
2020-12-02,133.807373046875,135.15455564301578,133.4861919738076,134.28022106925124,7800300,QCOM
2020-12-03,133.74493408203125,136.2965356013548,133.5040448635669,134.7530748604081,6355300,QCOM
2020-12-04,140.6235809326172,141.04290117589494,133.8252619803086,134.09291522695113,12759900,QCOM
2020-12-07,140.9804229736328,141.82798004214118,139.81168480813741,141.453271031224,7009300,QCOM
2020-12-08,141.67628479003906,142.1134384087769,139.06222540340318,140.48078290630974,6088300,QCOM
2020-12-09,139.1961212158203,143.70157447619314,138.77680096779412,141.4979173815567,7947200,QCOM
2020-12-10,138.95518493652344,140.82874343720943,136.2608333975899,137.76859970120967,7522200,QCOM
2020-12-11,128.7220458984375,134.06613910987713,126.58976412872273,133.14720681665747,25923100,QCOM
2020-12-14,130.5153045654297,131.8178763726157,127.87449381964636,129.27519107844026,12258500,QCOM
2020-12-15,132.36207580566406,133.75385603118147,131.23794876507074,133.2631607943884,6616400,QCOM
2020-12-16,133.59329223632812,134.21780735213213,130.89002325309835,133.0579857865484,6610900,QCOM
2020-12-17,133.40594482421875,134.92262843907835,132.37995657065753,134.6014472583567,7039000,QCOM
2020-12-18,131.52346801757812,134.53007126354245,130.36364633853648,134.53007126354245,13288300,QCOM
2020-12-21,130.97030639648438,131.4699184557869,128.8380247490562,129.37331754970563,7024600,QCOM
2020-12-22,130.55992126464844,131.17551964292372,129.11461280324355,130.8008105460191,5751500,QCOM
2020-12-23,131.11305236816406,135.19917098453107,131.0327468792552,131.71080346368856,5186700,QCOM
2020-12-24,132.74569702148438,132.84383606545777,131.3271528877468,131.86245923912998,2120200,QCOM
2020-12-28,131.80894470214844,134.7798666656504,131.54129149929642,134.37838005466867,4576600,QCOM
2020-12-29,132.4780731201172,132.92415726120174,131.17550143825093,132.90631008380421,3543800,QCOM
2020-12-30,133.78060913085938,135.26161150229058,132.86167704081112,133.04010794514377,3965600,QCOM
2020-12-31,135.91293334960938,136.10921149038035,133.91448480853728,134.11076294930825,4941700,QCOM
2021-01-04,132.4869842529297,138.41989763101455,131.27363489638003,136.51065813311806,9827000,QCOM
2021-01-05,135.99319458007812,136.23408381006274,132.48698002693186,132.62079981391966,8507200,QCOM
2021-01-06,134.8869171142578,137.27792144051955,133.35238666682747,135.19025104578532,7174600,QCOM
2021-01-07,138.9105987548828,139.55296100685746,135.8415376873168,135.90399600147902,8482300,QCOM
2021-01-08,139.7492218017578,140.5432509296437,137.87566319674772,140.27559775558427,6252400,QCOM
2021-01-11,139.2764129638672,141.07859698885008,138.2147303630773,139.2674961804708,5147800,QCOM
2021-01-12,137.79537963867188,139.95442510972137,137.35822592097014,139.7492302297102,4385700,QCOM
2021-01-13,140.4451141357422,140.9001150095467,137.0816362644633,138.45558289371843,5479900,QCOM
2021-01-14,143.50527954101562,145.58401974426192,141.40867854622877,142.2116245878788,10102400,QCOM
2021-01-15,140.1507110595703,143.51418926824334,139.96336334531912,143.4338973907071,8607400,QCOM
2021-01-19,146.11041259765625,146.40482978294963,141.36407050273291,141.80123788939434,8209000,QCOM
2021-01-20,146.8508758544922,149.8307140645927,146.70812569015797,146.95793167104037,7943300,QCOM
2021-01-21,146.9847412109375,148.5371190993644,145.72678052273343,147.93043751949062,6295700,QCOM
2021-01-22,144.90594482421875,146.55646129622153,144.1029989593232,146.31557209139078,5062300,QCOM
2021-01-25,146.6724395751953,149.03669335944602,144.29035222945552,146.6010781024276,5370800,QCOM
2021-01-26,145.02197265625,146.89551808316298,143.55881705996168,146.49404503549655,6554200,QCOM
2021-01-27,137.09951782226562,143.39822461372037,136.22519659291433,141.39977608948882,9854000,QCOM
2021-01-28,138.77679443359375,141.828008664024,136.59990140508103,139.42807354018677,8087400,QCOM
2021-01-29,139.42807006835938,143.31792465849597,138.06305356803568,142.9699795429901,9502100,QCOM
2021-02-01,144.15652465820312,144.88809542847233,139.61539225148056,140.4004909301347,8265100,QCOM
2021-02-02,147.01150512695312,147.5468116023545,143.9067629644889,146.77061585168158,6926500,QCOM
2021-02-03,144.7989044189453,149.5095515181431,144.3528203102076,149.5095515181431,14156700,QCOM
2021-02-04,132.01416015625,135.41331960577187,129.54284985928834,133.985844710469,46141800,QCOM
2021-02-05,130.11380004882812,132.84383241639839,129.0253538140784,132.79923489951318,24695400,QCOM
2021-02-08,131.48777770996094,131.68405583891564,129.63206588110398,131.23797165736565,12181600,QCOM
2021-02-09,130.3546905517578,132.48697191206904,130.16732924804424,131.63941488177736,11681300,QCOM
2021-02-10,129.81045532226562,131.8178334973522,128.80230103804382,131.70184729094666,11701300,QCOM
2021-02-11,129.86404418945312,130.76514308361948,128.05294323039308,130.06032234778178,11600200,QCOM
2021-02-12,132.02304077148438,135.07425425123338,129.2483972437486,129.87292584773357,9155200,QCOM
2021-02-16,131.29147338867188,133.5932689398761,130.31008293968344,132.93305958206514,10211900,QCOM
2021-02-17,129.14132690429688,131.0505660114028,127.9547417488734,130.09595326455198,11937200,QCOM
2021-02-18,128.39193725585938,129.09674418966964,127.54438013357377,128.06182574333423,8404400,QCOM
2021-02-19,129.3108673095703,130.12274367786154,128.0172260799917,129.16811712348257,10012500,QCOM
2021-02-22,124.42179870605469,128.57929269126626,124.08277039140945,126.9109423051274,12763900,QCOM
2021-02-23,122.33411407470703,123.54746351850062,119.94310954295943,121.67391823916289,14425300,QCOM
2021-02-24,125.88493347167969,125.95629494505127,120.5229940898004,121.69173220729314,13146200,QCOM
2021-02-25,120.91558837890625,125.64408386466869,120.46058737234313,124.51102612666628,12701100,QCOM
2021-02-26,121.5044174194336,123.25305987208937,120.17508159335821,122.01294633199845,11772600,QCOM
2021-03-01,124.44857025146484,124.5734732781457,121.74530119205069,122.67315030262151,9421400,QCOM
2021-03-02,122.26274108886719,124.99278759462798,122.02186544312427,124.90356531689547,8693200,QCOM
2021-03-03,118.02266693115234,122.07447570416538,117.91508722404164,121.55456411264879,14862700,QCOM
2021-03-04,114.5625,120.29958359356652,113.46886630274416,118.6412144927211,15831100,QCOM
2021-03-05,116.3105239868164,117.58343906265725,112.41109738283276,117.35933400680597,13292000,QCOM
2021-03-08,110.43897247314453,116.32846010302312,110.25072504064497,115.6382126780476,15256100,QCOM
2021-03-09,115.73680114746094,116.4628992492789,113.24475433165549,114.19495746135729,13130200,QCOM
2021-03-10,114.62525939941406,117.520699805271,114.41907973346459,117.13523198650812,12492300,QCOM
2021-03-11,118.09437561035156,119.43900560905549,116.54355916348213,117.43997916261809,11920200,QCOM
2021-03-12,116.51668548583984,116.83043800485777,114.40114025619263,116.44497023354187,9365700,QCOM
2021-03-15,118.00472259521484,118.1122886130069,115.74574047360073,116.58837742172648,7807200,QCOM
2021-03-16,119.8065414428711,121.41114108906619,118.58740955415126,119.12526708793085,10434700,QCOM
2021-03-17,120.048583984375,121.55457693826713,116.2477576514909,117.70892686254778,10781500,QCOM
2021-03-18,116.3105239868164,119.76174731824102,116.22984944949884,118.72189657630216,9579000,QCOM
2021-03-19,117.4489974975586,118.7577635421493,115.79061438706479,116.3463906242234,17599900,QCOM
2021-03-22,120.20097351074219,121.5097529359935,118.86531625379016,119.18802805191474,9036900,QCOM
2021-03-23,118.7936019897461,120.43405250400852,117.79857507710449,120.12029998050625,7425700,QCOM
2021-03-24,114.0067138671875,119.27766183700747,113.9439647308495,119.21491953981241,10962300,QCOM
2021-03-25,114.0963363647461,114.41904811147866,111.50568311507877,113.54056034248366,10460800,QCOM
2021-03-26,119.21492004394531,119.53763184337478,113.88121607608939,113.89914146977193,11071600,QCOM
2021-03-29,117.67310333251953,119.52868634680229,116.32847280571296,118.81154733018097,9750100,QCOM
2021-03-30,116.63323211669922,117.6461913140846,115.70096113236039,116.68701513987249,7097300,QCOM
2021-03-31,118.85636138916016,119.69003936049356,117.04560227578573,117.3952056371093,8361300,QCOM
2021-04-01,123.5177230834961,124.09143141672786,119.7617342471283,120.56850688882479,14069600,QCOM
2021-04-05,125.79464721679688,125.94703700808131,123.91215934180272,124.63825750898182,12562800,QCOM
2021-04-06,123.75978088378906,125.70501123766414,123.38328600997013,125.36438083465913,9100000,QCOM
2021-04-07,124.98783874511719,125.45398099260515,123.16810717079562,124.0017849149238,6958500,QCOM
2021-04-08,125.80360412597656,125.83049563697418,124.43208235195237,125.49882454914592,7304900,QCOM
2021-04-09,126.00979614257812,126.108389235037,124.49484379124983,125.4091825618527,6033200,QCOM
2021-04-12,123.2039566040039,125.40018268323333,121.9579334561591,124.4768712553194,10355500,QCOM
2021-04-13,123.07846069335938,124.3961991015173,121.68900704849351,124.04659587149271,9225200,QCOM
2021-04-14,120.79261779785156,123.56255283784846,120.03962813852378,122.88127843344995,9967800,QCOM
2021-04-15,123.56253051757812,123.69700172563702,121.52766694946806,121.91312098701253,11733200,QCOM
2021-04-16,123.89425659179688,124.61138189443555,122.49582942375936,123.36535821541155,6583900,QCOM
2021-04-19,121.24083709716797,122.8543962599966,120.20098633909092,122.71992501742663,8728900,QCOM
2021-04-20,119.58245849609375,120.8195228452225,119.03564158449358,120.6133500131303,7473700,QCOM
2021-04-21,122.08346557617188,122.24481464176982,118.77567294855058,119.06253396955094,7237900,QCOM
2021-04-22,119.19697570800781,121.8772765944005,118.74876568088236,121.34837836689621,8345100,QCOM
2021-04-23,121.40216064453125,122.0117333904288,119.70792729941495,119.88722225180415,7666600,QCOM
2021-04-26,124.56656646728516,125.22094943304428,121.12430224245757,121.31255651719562,9715400,QCOM
2021-04-27,123.71492004394531,124.94302475280334,122.7916085324753,124.34242499046834,9284500,QCOM
2021-04-28,122.42411804199219,123.94802970561645,121.68904688381959,123.85838221081438,13118100,QCOM
2021-04-29,127.9012451171875,130.249875664631,126.09944519218189,129.9899061111252,20502100,QCOM
2021-04-30,124.42305755615234,127.37227236162474,123.93898325652445,126.45793411260168,11374600,QCOM
2021-05-03,123.19501495361328,125.28367554967335,122.69302185689749,125.22989252906609,7920300,QCOM
2021-05-04,120.22784423828125,121.91311819031574,118.703932996559,121.91311819031574,11996300,QCOM
2021-05-05,120.70295715332031,122.3165160176393,120.21889633316701,121.98484496824324,6285500,QCOM
2021-05-06,121.91316986083984,122.39723084036943,119.31355626894647,120.55958003142202,8352500,QCOM
2021-05-07,123.57150268554688,124.32449220406423,122.17307599336415,122.75575720134454,6893700,QCOM
2021-05-10,115.58441162109375,122.5226945453537,115.47684558452706,121.93106766595149,19537200,QCOM
2021-05-11,115.07345581054688,115.24377783576077,111.84634448323372,112.27662918514235,11948000,QCOM
2021-05-12,111.71187591552734,113.96188545425689,110.86923882854053,112.97582470686491,13529600,QCOM
2021-05-13,113.94396209716797,115.17205328556031,112.83240306238326,113.95292821333557,10633000,QCOM
2021-05-14,116.66905975341797,117.80751700504634,114.57144019620709,115.30651117580014,9391100,QCOM
2021-05-17,116.3553237915039,116.38221529840969,114.48180235374228,115.89814081753693,5917400,QCOM
2021-05-18,115.55753326416016,117.64619400769249,115.44995353706383,117.10833640707179,8651100,QCOM
2021-05-19,117.12625885009766,117.27864863260082,113.35232403983825,114.0156798680454,8112900,QCOM
2021-05-20,118.90115356445312,119.47486184295063,117.84338448277634,117.90612677287167,9208400,QCOM
2021-05-21,117.84341430664062,118.94600740502128,116.9738855534734,118.45297352256236,8674000,QCOM
2021-05-24,119.14320373535156,120.12029840225294,117.72685827697548,117.72685827697548,8229300,QCOM
2021-05-25,119.89620208740234,120.38923593444714,119.0446056306632,119.7079478264264,7271400,QCOM
2021-05-26,119.30455780029297,120.58644576316948,118.52467662514474,120.00376444248512,6663300,QCOM
2021-05-27,119.7975845336914,120.69400465551739,118.96392038597033,118.98183894004124,7379300,QCOM
2021-05-28,120.6043701171875,121.59043782835066,120.07548547133045,120.25476677928185,7042200,QCOM
2021-06-01,120.06651306152344,121.97589229417795,119.6989775295343,121.10636368351368,7059600,QCOM
2021-06-02,120.57106018066406,121.3909545203394,119.35471241319695,119.99441064793535,6026000,QCOM
2021-06-03,118.7330551147461,120.18365682194295,118.40869654207832,119.51691593699108,6644000,QCOM
2021-06-04,121.03958892822266,121.67930102533043,119.11146138995625,119.4087912028584,7416700,QCOM
2021-06-07,120.12056732177734,120.52601200934375,119.50788404547619,120.46293580892483,5563300,QCOM
2021-06-08,120.9134292602539,121.98561464990036,119.83223887714412,120.78729061135913,9657900,QCOM
2021-06-09,119.73312377929688,121.9495756546989,119.6430188562333,121.72432709512101,6717200,QCOM
2021-06-10,120.93144989013672,121.72432923316343,119.45381986327502,119.87728826256598,5522300,QCOM
2021-06-11,121.29183959960938,121.31886832683146,120.41787409121271,120.55303147540413,6529900,QCOM
2021-06-14,123.7155532836914,123.7155532836914,121.4450432815939,121.81445432818981,7912600,QCOM
2021-06-15,122.1568374633789,123.7786303329583,121.84148388526326,123.56238670098598,5723600,QCOM
2021-06-16,121.58917999267578,123.48127355236672,120.42690337612201,122.95869520018462,7404700,QCOM
2021-06-17,121.94957733154297,123.0938301313141,120.81431577688838,121.01253561188898,6618300,QCOM
2021-06-18,119.83224487304688,121.25581755213565,119.14749413736767,121.22878882231163,12753600,QCOM
2021-06-21,120.69720458984375,121.72433755989944,119.52590922972496,119.87729646295237,6371400,QCOM
2021-06-22,121.70634460449219,121.91356950006511,120.09355667245086,120.93148874703944,5976400,QCOM
2021-06-23,122.1027603149414,122.74245861579719,121.46304826600266,121.53512946504385,6613800,QCOM
2021-06-24,124.26515197753906,124.7967353995774,122.8505978504779,123.09385645156273,7941700,QCOM
2021-06-25,124.02185821533203,125.66167441819267,123.40918869871275,124.74265639518197,7949200,QCOM
2021-06-28,125.88690948486328,126.29235412125679,124.31917464298402,124.54442319076712,6645500,QCOM
2021-06-29,128.49981689453125,128.79714669622243,125.46347016672331,125.80585243801922,6885400,QCOM
2021-06-30,128.77911376953125,129.4098208028257,127.79703324340964,128.25654915327175,6449700,QCOM
2021-07-01,126.8600082397461,128.86021681251947,126.45456352863427,128.761106883307,6094100,QCOM
2021-07-02,128.46377563476562,128.55386682060882,127.26545150358145,127.93219226961794,5399100,QCOM
2021-07-06,127.21141052246094,129.00438070635073,125.85090008357513,128.84220830197424,7095200,QCOM
2021-07-07,126.1121826171875,128.26555860385378,125.29227444388334,128.15744367922744,5034900,QCOM
2021-07-08,124.5985107421875,125.1210891490548,122.17484733093703,124.08495107818162,7501100,QCOM
2021-07-09,127.42761993408203,127.6979209793921,124.16602489876536,124.23810609405352,7356800,QCOM
2021-07-12,128.36468505859375,128.86023477372842,127.22041821602544,127.40061436296038,6786500,QCOM
2021-07-13,127.20238494873047,128.53586658195027,126.51763414243545,128.33764671074417,5657600,QCOM
2021-07-14,129.5179901123047,131.85156312156954,128.39174672002378,129.2927414338485,11305700,QCOM
2021-07-15,127.45467376708984,129.8693321580003,126.78793296233465,129.85130842055193,6667400,QCOM
2021-07-16,125.87793731689453,128.40071071145346,125.71575117119639,127.82407482868514,5914300,QCOM
2021-07-19,125.04902648925781,125.14813643884423,123.26506114478808,124.62557170257297,9371300,QCOM
2021-07-20,125.73377227783203,126.51763301273081,123.6164299216204,125.25624634184959,6020400,QCOM
2021-07-21,128.0943603515625,128.13941281701258,125.82385082408472,125.82385082408472,6161900,QCOM
2021-07-22,128.33761596679688,128.70702688810334,127.49067921963787,127.9411763193539,3862600,QCOM
2021-07-23,130.53604125976562,130.6351511695359,127.96820234631434,129.2476124327522,6310400,QCOM
2021-07-26,129.29270935058594,130.08558890139133,128.15746124218404,129.69815412158056,6253900,QCOM
2021-07-27,126.97711944580078,128.8421842362723,124.52642761066087,128.3826820949489,7575800,QCOM
2021-07-28,128.33761596679688,128.76108434037639,126.26532655848703,127.283454403231,9303400,QCOM
2021-07-29,136.0411376953125,136.51866358636187,131.91458204874354,131.99566823822386,19446900,QCOM
2021-07-30,134.96893310546875,135.5185401141174,133.67149926550601,134.4283310894575,8404800,QCOM
2021-08-02,134.1220245361328,137.20342367927452,133.5363836858361,135.14915758384672,10823800,QCOM
2021-08-03,133.3021240234375,134.77074935313922,132.04974230763227,134.1670847309394,6223400,QCOM
2021-08-04,133.54541015625,134.42838094499464,132.74352557555542,133.36521400011026,5556400,QCOM
2021-08-05,132.2930145263672,132.86965041478084,130.2567720527999,132.662425544217,7169200,QCOM
2021-08-06,131.79742431640625,133.55436017467719,131.4730658696424,131.66228069195458,5733300,QCOM
2021-08-09,132.3740997314453,133.09489802356802,131.31993790030046,132.25696605640124,4966600,QCOM
2021-08-10,131.4280242919922,132.89664929031514,128.30157320545152,132.73447692754817,4197100,QCOM
2021-08-11,132.1578369140625,132.25694683667766,130.10357101629543,131.59922484918536,6216000,QCOM
2021-08-12,132.58131408691406,133.34716478932916,131.89656332514355,133.130921194415,5777700,QCOM
2021-08-13,133.92381286621094,134.52747749058517,132.38310632632744,132.44618253613928,5764000,QCOM
2021-08-16,133.46426391601562,134.32020558374128,132.1938589023171,133.70752243074824,4410800,QCOM
2021-08-17,130.11256408691406,132.44613555670753,129.35573232612904,132.40108310112,7256800,QCOM
2021-08-18,128.10337829589844,130.33785432575755,127.92318216396365,129.59903231231615,6546500,QCOM
2021-08-19,126.68880462646484,127.44563651236227,125.20216958287479,126.72483834804409,8661000,QCOM
2021-08-20,128.02227783203125,128.17544521451114,126.40950407102822,126.68881010661404,6141000,QCOM
2021-08-23,129.86932373046875,130.29279217048315,128.2565499096244,128.52683721339307,6936900,QCOM
2021-08-24,130.1576385498047,131.17575272821523,129.5990127526086,130.27475845644003,7066800,QCOM
2021-08-25,129.6260528564453,131.0316018440677,129.26566061534106,130.15764997198576,5721600,QCOM
2021-08-26,128.28358459472656,129.52694749402525,127.59882006517327,129.0133878449435,6825100,QCOM
2021-08-27,130.509033203125,130.5991243865876,127.8691126873814,128.12138999800834,6274500,QCOM
2021-08-30,131.49111938476562,133.22102690996718,131.14873712783265,131.17576585884495,5263600,QCOM
2021-08-31,132.1668701171875,132.9237021101057,130.24774765478176,132.26598005064702,7820500,QCOM
2021-09-01,132.565185546875,134.0587586051262,132.35699553709998,132.91820939480436,6451400,QCOM
2021-09-02,131.36122131347656,132.96341212648468,130.8090546384912,132.79142374724367,6006700,QCOM
2021-09-03,130.917724609375,132.14878441275988,130.5556400718425,131.3612591761972,5505800,QCOM
2021-09-07,130.1211700439453,131.03540772719714,129.55089545274558,130.96299080989283,6361200,QCOM
2021-09-08,129.00775146484375,130.0034527085709,128.07540637260956,129.76810815542316,5981300,QCOM
2021-09-09,128.15687561035156,129.93104129658695,128.03919642275542,128.96249462149248,6190800,QCOM
2021-09-10,129.152587890625,132.15782730574773,129.02586175939166,129.55993470940797,6263300,QCOM
2021-09-13,129.81338500976562,131.00822939874692,128.5642175835519,130.3655518186748,4312800,QCOM
2021-09-14,127.75859832763672,131.08064610967628,127.28789535710189,130.77288462637404,6442100,QCOM
2021-09-15,125.13355255126953,127.63187361564079,124.48181421932705,127.45988519302925,11289100,QCOM
2021-09-16,125.27837371826172,125.78529205725799,124.30078002333573,124.30078002333573,6719900,QCOM
2021-09-17,120.9334487915039,124.91628121855587,120.51705511011363,124.74429282433185,14550500,QCOM
2021-09-20,120.17308044433594,120.49894956227689,118.22692648103683,119.00539082877853,9647100,QCOM
2021-09-21,119.25885772705078,121.21407267528161,118.83341705371967,120.9244050627532,6175300,QCOM
2021-09-22,120.39938354492188,120.83388493004693,119.46703843402126,120.01920519202064,5163000,QCOM
2021-09-23,121.21405792236328,122.34554599837942,120.58947429446472,121.06922413372673,5918900,QCOM
2021-09-24,121.18692779541016,121.79340386922046,120.20932024278497,120.48992713238687,4554600,QCOM
2021-09-27,120.82483673095703,121.3317412541257,119.50326619728332,119.87438384395959,4319500,QCOM
2021-09-28,117.58425903320312,120.1550109572363,117.40322366697593,119.25886724805906,8851700,QCOM
2021-09-29,117.02301788330078,118.98727946226889,116.66999416748826,118.20881513866821,7037200,QCOM
2021-09-30,116.75147247314453,118.65237813998888,116.49802022584683,117.99159291039926,6976800,QCOM
2021-10-01,116.507080078125,117.6928774714895,114.47944830317158,117.49373444840873,6863700,QCOM
2021-10-04,114.6695327758789,117.48466887631697,113.98158606242554,116.69715756146965,8470300,QCOM
2021-10-05,115.4389419555664,116.56138313427037,113.77339477073657,114.17167388977327,9244300,QCOM
2021-10-06,115.9187240600586,116.10882019296217,114.11739641951371,114.55189101377472,8513700,QCOM
2021-10-07,115.71955108642578,118.32650416615611,115.49325345970227,117.00491994876198,8010600,QCOM
2021-10-08,114.55186462402344,116.39844723257089,114.24409625189506,116.39844723257089,6920500,QCOM
2021-10-11,113.09451293945312,115.16740019022716,113.04019680869622,114.10832196616809,6288200,QCOM
2021-10-12,111.29316711425781,113.57425099864133,110.5871196425385,113.49278026402855,10531500,QCOM
2021-10-13,113.1850357055664,114.3436785916591,111.8091420987891,113.32986261329982,12373800,QCOM
2021-10-14,116.4618148803711,117.04113625701689,114.04495095867863,114.19883859470607,10637900,QCOM
2021-10-15,117.85579681396484,118.10924904141834,116.47990342770979,116.78767868571231,7609700,QCOM
2021-10-18,117.78337097167969,117.91915781957195,116.08162240406072,117.05922969802538,5290000,QCOM
2021-10-19,119.93775177001953,120.20931170626086,117.96444293674925,118.5980735799043,7330700,QCOM
2021-10-20,119.62998962402344,120.39939332497313,118.81530981982064,119.93775110440332,4804100,QCOM
2021-10-21,120.43561553955078,120.62569783620839,118.94204271953403,119.48516261992427,4579200,QCOM
2021-10-22,119.14115905761719,121.01490986307496,118.9691706673064,120.29980169411012,5216200,QCOM
2021-10-25,119.42176055908203,120.54420160598258,118.85150001021866,119.32220287661038,4876300,QCOM
2021-10-26,119.43084716796875,121.10544145135752,118.64333578434692,120.29982238876964,5802200,QCOM
2021-10-27,118.76097869873047,119.81100288631157,118.13639510763292,119.43082457262382,5090400,QCOM
2021-10-28,121.01493072509766,121.14165685368222,119.36747724138608,119.47610950311008,5016700,QCOM
2021-10-29,120.42655181884766,121.0058732526346,119.89249267766066,120.2636241400228,5251100,QCOM
2021-11-01,122.02874755859375,122.08305678687326,119.88345016887551,119.88345016887551,6903000,QCOM
2021-11-02,122.40892791748047,122.86152324316588,121.40416574197437,121.79340490436267,7321900,QCOM
2021-11-03,125.35079193115234,125.68572184942488,122.23693401969071,122.87962543076495,13216000,QCOM
2021-11-04,141.309326171875,144.45033912681717,138.7657424168496,141.4994223035265,48321500,QCOM
2021-11-05,147.5731964111328,152.56985151013058,141.12824489458745,142.17826912048372,27226600,QCOM
2021-11-08,150.12588500976562,151.80954028544556,145.98915682887406,147.73618208416644,14541400,QCOM
2021-11-09,150.9314727783203,153.44790132730708,148.79522259154254,150.7232690133089,12353900,QCOM
2021-11-10,144.64942932128906,150.370225492259,143.95242884282004,149.4378804811099,11327100,QCOM
2021-11-11,148.83143615722656,149.86335288432323,146.08870975594033,146.45984121525808,7624200,QCOM
2021-11-12,149.3021240234375,150.27973142575914,148.74995726320336,149.3564332437702,7371000,QCOM
2021-11-15,152.5336456298828,153.82807522248967,150.0896340511617,150.71421770383606,12350200,QCOM
2021-11-16,164.5727081298828,166.3106725020891,151.22114618327726,152.1715991181701,33338200,QCOM
2021-11-17,166.13865661621094,168.66414582050902,161.6941818032632,163.64938276632952,21678900,QCOM
2021-11-18,168.65512084960938,170.8275727857321,165.42358374660583,167.67751333472037,15542600,QCOM
2021-11-19,167.46023559570312,168.9085458608344,165.0162241088906,167.17962876221014,11889100,QCOM
2021-11-22,164.20156860351562,170.87283268883922,163.82139021061678,163.93906940798274,16062800,QCOM
2021-11-23,163.78514099121094,164.13816466844196,160.2367965448583,163.2420212668055,10696200,QCOM
2021-11-24,163.5769805908203,163.64033674323545,160.51743229481403,162.4998016907655,7886200,QCOM
2021-11-26,159.0781707763672,163.16057463396143,158.46263410307927,159.01480081659955,7835900,QCOM
2021-11-29,166.3197021484375,166.61841666138278,162.02909434264674,162.46358190142604,10440500,QCOM
2021-11-30,163.44119262695312,169.09863318815476,163.24204961422998,165.84900264470713,19309200,QCOM
2021-12-01,159.57960510253906,166.41236057605798,159.29793746826354,164.3589014807546,10637700,QCOM
2021-12-02,160.8516082763672,161.63301528222817,155.56349275732927,156.36306202393223,13101400,QCOM
2021-12-03,160.37916564941406,163.79555705959697,157.83506208564967,161.76934147687265,12111800,QCOM
2021-12-06,159.41604614257812,160.8062220345186,156.52666530499994,160.71536911121268,8577500,QCOM
2021-12-07,166.9302978515625,167.893424930826,162.1873392582262,162.7052550636757,9910100,QCOM
2021-12-08,165.9398651123047,166.93024916994372,164.2589268487849,166.28512835092192,4799400,QCOM
2021-12-09,165.60366821289062,170.67372636996276,164.92220900679476,165.15845707140807,9398900,QCOM
2021-12-10,167.07566833496094,168.59304952261382,164.5951462662714,168.59304952261382,6854800,QCOM
2021-12-13,166.5668182373047,173.81754071590817,166.376003548565,169.77421863855577,16346800,QCOM
2021-12-14,165.3492889404297,167.0938231719688,163.01416216508028,164.6405723421271,8542800,QCOM
2021-12-15,171.98214721679688,172.43645339897657,163.5320494553898,167.1574177803405,11082000,QCOM
2021-12-16,161.86932373046875,175.0714632577704,160.01576018876642,172.90897476983895,14873000,QCOM
2021-12-17,160.64268493652344,163.65927107992098,159.02535587456478,159.67046295407286,16232300,QCOM
2021-12-20,160.52456665039062,160.89710109804622,157.60792832685863,158.36206449156938,6306400,QCOM
2021-12-21,163.16859436035156,163.68649614877125,158.2984320012684,162.986874677824,7702400,QCOM
2021-12-22,164.80410766601562,164.93131283672727,161.3968114530353,162.64160589959383,5227200,QCOM
2021-12-23,166.03981018066406,166.921165186241,164.80409694655887,164.940383240484,4918900,QCOM
2021-12-27,169.30172729492188,169.37441794082545,166.29422287531693,166.46686142629756,4865900,QCOM
2021-12-28,167.9297332763672,169.6651722462828,166.7212772440379,169.5379670778441,5399400,QCOM
2021-12-29,169.1836395263672,170.26489058642136,167.6935156267472,167.80254468681113,5417200,QCOM
2021-12-30,166.03074645996094,169.47439535459162,165.64913090076297,168.89288395043394,4108400,QCOM
2021-12-31,166.157958984375,168.2295943196965,165.912643598266,166.5577506919504,4113300,QCOM
2022-01-03,169.19271850585938,169.80148714079098,165.58552622411224,166.19429485904385,5990200,QCOM
2022-01-04,170.11947631835938,171.66411444887893,164.46790672741943,169.91049937226498,8484200,QCOM
2022-01-05,169.4561767578125,175.8891528528733,167.8479292679668,169.4561767578125,17141200,QCOM
2022-01-06,168.95648193359375,171.2461891845766,166.27607798484527,167.65717278782347,9117700,QCOM
2022-01-07,163.9227752685547,171.14624146598985,163.6592698942949,169.54708854674098,7386200,QCOM
2022-01-10,163.2594757080078,163.550238342159,157.8804917551403,161.97834271121494,11159300,QCOM
2022-01-11,168.45672607421875,168.68387916432116,161.02428362094352,162.81425108009648,9591000,QCOM
2022-01-12,169.3834991455078,172.14568823374316,168.2659099259447,169.5470565649422,7317500,QCOM
2022-01-13,167.0847625732422,174.0719953557463,166.53958949324246,171.45518675467133,10190900,QCOM
2022-01-14,171.44602966308594,172.7180811337479,165.37649326114737,166.0943046272733,9587300,QCOM
2022-01-18,162.514404296875,169.00189587424902,161.97832634170092,168.883771833022,10471200,QCOM
2022-01-19,156.70840454101562,164.64968306377034,156.52668480743714,164.06817159772305,10082700,QCOM
2022-01-20,151.28396606445312,158.9980904062841,151.09315135830303,158.58012259793512,9468500,QCOM
2022-01-21,149.857421875,156.31765596408707,149.53033475262336,151.04771564905062,11898700,QCOM
2022-01-24,154.52774047851562,155.2091998797488,144.1059535931765,147.3587742677885,17489100,QCOM
2022-01-25,150.3299102783203,154.75486184301616,146.4683077974044,150.98411227835084,10708500,QCOM
2022-01-26,151.73828125,158.5983081153053,148.9215770702876,153.17389060458737,10492200,QCOM
2022-01-27,146.46829223632812,155.78156781848833,145.9322143351339,153.83713815395657,10743000,QCOM
2022-01-28,151.56564331054688,151.68376736776992,142.99743440678205,147.20430069871261,10320800,QCOM
2022-01-31,159.69772338867188,159.87036197696955,150.64795091451117,151.79279764023238,11273500,QCOM
2022-02-01,160.9425048828125,161.21507748770009,157.28987946975778,160.3155601629236,9724600,QCOM
2022-02-02,171.00083923339844,171.40063088039778,163.78645505161174,164.40431865088095,25646300,QCOM
2022-02-03,162.7324676513672,174.54442749153074,161.08786775066665,164.27710578067774,36120200,QCOM
2022-02-04,163.0686492919922,165.73997165101812,160.65173726579508,162.63251927347468,15708400,QCOM
2022-02-07,159.0889129638672,164.14079477424457,158.49832055660428,163.2503586655902,10376300,QCOM
2022-02-08,162.2691192626953,162.90514530338646,158.08041466455583,158.3802584832376,10163900,QCOM
2022-02-09,167.1392364501953,167.18466983986443,162.59617476976422,164.82227222031068,9666900,QCOM
2022-02-10,158.16217041015625,165.35837910400497,157.5988212827065,163.0050624022061,14362200,QCOM
2022-02-11,149.5939178466797,159.44327114867366,148.6035338377628,158.73455471437327,13572000,QCOM
2022-02-14,150.03916931152344,152.51059613652865,147.63133814475682,150.23906514768746,8381700,QCOM
2022-02-15,157.18992614746094,158.0622000460381,152.8740177705798,153.55547698798208,11100000,QCOM
2022-02-16,156.82650756835938,157.38076169323253,152.88311917064837,155.08195953992333,8340600,QCOM
2022-02-17,151.5565643310547,155.16375698328238,151.46569753738765,154.35509243122002,8878900,QCOM
2022-02-18,152.31976318359375,154.87296149085827,149.23048695462865,152.1653007585778,9591700,QCOM
2022-02-22,150.7296905517578,154.42774918567181,148.64897453117567,149.0669284158913,9835500,QCOM
2022-02-23,146.8498992919922,153.7008430423598,146.57732672351545,151.42021754774393,9749000,QCOM
2022-02-24,152.6287384033203,152.97401562278665,141.5527487552255,142.55222814613978,12567000,QCOM
2022-02-25,155.30909729003906,155.4544785887585,150.46620582232129,152.2925115953915,7350200,QCOM
2022-02-28,156.272216796875,157.18082899412903,152.82856880526202,152.91943557071616,10638900,QCOM
2022-03-01,148.7307891845703,156.13597585446146,146.94082136808976,155.33640624542508,10723300,QCOM
2022-03-02,154.4241485595703,155.55553285789262,149.9533811420714,150.77453795845787,7299400,QCOM
2022-03-03,150.8657989501953,155.86576207787286,150.09025105067394,155.71977429784232,8553900,QCOM
2022-03-04,148.04644775390625,151.5227135163004,145.88405794636233,149.497178536262,9057300,QCOM
2022-03-07,136.95167541503906,148.867654587833,136.86042955980074,148.10123952361718,13416100,QCOM
2022-03-08,137.5538330078125,144.4698474948025,134.92612256577485,137.46260108648735,11878400,QCOM
2022-03-09,143.34756469726562,144.5975517314012,140.66509898189196,142.34391632683398,9276800,QCOM
2022-03-10,141.1578369140625,141.69615120033802,137.1615083761527,140.54651481427564,8888800,QCOM
2022-03-11,138.99539184570312,144.45156875437718,138.70343028871804,144.11397036634935,7394400,QCOM
2022-03-14,128.91336059570312,138.03738683403938,128.16519768368232,137.59031845854278,16154200,QCOM
2022-03-15,131.5775909423828,131.7783067149521,126.86958997500655,130.01737630102042,13893000,QCOM
2022-03-16,137.27101135253906,138.28377911243015,130.9936889667528,134.09585320889255,11727700,QCOM
2022-03-17,139.44252014160156,139.5428850054422,133.74000270102454,136.12137454109597,8602900,QCOM
2022-03-18,140.5009002685547,142.36219569695305,135.95712468594095,139.15966715252733,18454200,QCOM
2022-03-21,141.9607391357422,143.89504241379802,139.42426062944804,140.50090310338868,8986400,QCOM
2022-03-22,143.80380249023438,145.92970263500519,141.21258194036153,141.83300914716423,7220500,QCOM
2022-03-23,139.47898864746094,143.4388267292185,139.21439800471674,142.4351782453759,7245600,QCOM
2022-03-24,144.5792999267578,144.67053181945712,140.13589047981677,140.78370235211827,9261000,QCOM
2022-03-25,144.1322784423828,144.57936084811342,141.586666710118,144.1322784423828,7198700,QCOM
2022-03-28,144.5701904296875,144.61581334451188,140.5556245240031,142.79100812880824,9470800,QCOM
2022-03-29,146.96070861816406,147.17055733959768,142.92787645882777,147.0884444384489,10212400,QCOM
2022-03-30,139.35125732421875,146.23078132318892,138.49359657805152,145.42786251023918,14777800,QCOM
2022-03-31,139.43338012695312,141.55014704258528,137.80017158152313,139.497241073146,13364200,QCOM
2022-04-01,134.1140899658203,139.47900885801698,130.0721384012026,138.63048095321955,19762100,QCOM
2022-04-04,140.33668518066406,140.62866078580822,133.81301013728887,134.79840692140573,12116000,QCOM
2022-04-05,132.7180938720703,138.69432001427128,132.54473514327498,138.51184227107177,15946100,QCOM
2022-04-06,127.07942962646484,130.47356832175447,125.4188641782558,130.38232249532345,21054200,QCOM
2022-04-07,127.02471160888672,129.09586974372382,124.92618250540005,127.5447739353895,10201200,QCOM
2022-04-08,124.71631622314453,127.69987668558647,124.4152216882046,126.40425271505983,12992500,QCOM
2022-04-11,123.50281524658203,125.55572107586553,121.97910459061731,122.52653779179771,11210400,QCOM
2022-04-12,124.16885375976562,127.88233864360191,123.63053962228526,125.83855201720519,10591300,QCOM
2022-04-13,128.19256591796875,130.09948401984317,124.52470355008288,125.49184808319971,10440800,QCOM
2022-04-14,124.91705322265625,129.159720080556,124.70719058404397,128.6943997295982,8002600,QCOM
2022-04-18,127.11595916748047,128.055732896224,123.68531588073245,123.74005781877013,8785700,QCOM
2022-04-19,128.6944122314453,129.0137448445183,125.49186962995394,126.66887698812708,7213800,QCOM
2022-04-20,128.04660034179688,132.12504180374938,127.79112868208202,130.6652057371161,7731600,QCOM
2022-04-21,124.1871337890625,131.05752510228464,123.4115859143622,129.8713987912797,8576500,QCOM
2022-04-22,121.17621612548828,125.3002807642683,121.03022833317557,124.20540016624729,8315100,QCOM
2022-04-25,124.59770202636719,124.825802685883,119.44263269017378,119.81672111309796,9673200,QCOM
2022-04-26,121.80574798583984,124.40610098361459,121.01196217315781,123.19260384613031,9262800,QCOM
2022-04-27,123.265625,126.01195244166874,119.21455430262255,119.36054209330472,13855900,QCOM
2022-04-28,135.20895385742188,137.95528088138417,126.94258789705546,130.35496497172863,31111100,QCOM
2022-04-29,127.45356750488281,134.57943215983354,127.29846067745994,133.0374689807611,13693100,QCOM
2022-05-02,132.5447540283203,132.90059055101494,126.96997255799678,128.28383477168816,13320900,QCOM
2022-05-03,131.6232147216797,132.9279578839757,130.25461060688357,132.03380709384732,7556800,QCOM
2022-05-04,135.9936065673828,136.40418494163833,128.05570695052853,131.91516594398388,11038100,QCOM
2022-05-05,129.2327117919922,134.1049386394836,126.98819512982395,134.1049386394836,14561400,QCOM
2022-05-06,128.2655792236328,131.47724077574645,125.80209460307832,128.87688739050722,10080600,QCOM
2022-05-09,123.10137176513672,127.8367440499888,122.31670487890858,125.90245476298196,11668100,QCOM
2022-05-10,124.8258056640625,127.55389462893751,122.83677454826554,127.28017104655599,8841200,QCOM
2022-05-11,120.71087646484375,126.17615956785615,120.33678802746363,123.20173186480619,11530900,QCOM
2022-05-12,120.22731018066406,121.40430356242172,116.623315263971,119.52475618883008,10749800,QCOM
2022-05-13,123.11048126220703,124.07763975309702,120.89334953451248,122.52654413077576,9280700,QCOM
2022-05-16,122.17986297607422,124.06852954316598,120.43717027695995,122.243723932909,6378800,QCOM
2022-05-17,127.45356750488281,127.73641018560471,124.72547773251127,125.22730212838748,9094100,QCOM
2022-05-18,119.02291870117188,125.25463025106956,118.5028564485766,124.84405185751346,11992700,QCOM
2022-05-19,119.1324234008789,121.70539169283653,118.13789390893312,119.02292561332163,8419500,QCOM
2022-05-20,120.07218170166016,121.61413032364634,114.83498602857189,121.24005585726427,11370100,QCOM
2022-05-23,120.546630859375,120.82947344675145,116.92439130934409,118.56671882558065,10023400,QCOM
2022-05-24,117.27112579345703,118.92257256382679,115.0083708436895,118.92257256382679,9157100,QCOM
2022-05-25,119.73460388183594,120.50103274001721,116.10324498979045,116.60506926533758,9766000,QCOM
2022-05-26,123.02836608886719,124.08675647067051,118.48460493395454,118.62145975825707,7932800,QCOM
2022-05-27,127.51739501953125,127.86411249703217,124.1780117529537,124.1780117529537,9180800,QCOM
2022-05-31,130.67433166503906,131.3586337730788,125.40064453285254,127.28019209538905,16007300,QCOM
2022-06-01,128.42715454101562,131.9950843905728,126.73031828542102,130.7476839961147,8514300,QCOM
2022-06-02,134.09548950195312,134.14135259252782,128.1336516089519,128.64728463430765,9589500,QCOM
2022-06-03,129.52780151367188,131.56399946714694,128.96830542743865,130.4083112259884,7458900,QCOM
2022-06-06,128.81239318847656,132.96733461369877,128.33544222265846,132.94898657777674,7238700,QCOM
2022-06-07,130.142333984375,130.38080246057694,127.02383977671776,127.61085094505736,6062800,QCOM
2022-06-08,127.4549331665039,130.02309839230657,126.0699433531773,129.09672550695996,6773000,QCOM
2022-06-09,125.3912124633789,128.81238621650627,125.37286442844994,126.36344838286416,7153200,QCOM
2022-06-10,122.17181396484375,124.7950232029264,121.45639453586215,123.59348580285345,8544700,QCOM
2022-06-13,118.00769805908203,120.4749838265948,116.11824940911393,119.77789848234619,12320900,QCOM
2022-06-14,119.47521209716797,121.00694397073374,118.15444761601053,119.42936300750831,6794700,QCOM
2022-06-15,120.18146514892578,122.24517803226749,117.59495227943749,120.7684762537028,7860000,QCOM
2022-06-16,110.81681060791016,116.16412239724657,109.17501129533758,115.80641267527145,16422800,QCOM
2022-06-17,110.97273254394531,112.66039492717177,108.56048370562823,111.36713133477606,17273400,QCOM
2022-06-21,114.09123992919922,115.6780091955608,113.47671366325869,113.52256975905578,9208500,QCOM
2022-06-22,112.04586029052734,113.42166894636748,110.39488710442933,111.71566565330774,9081000,QCOM
2022-06-23,110.14725494384766,112.75212338056521,108.44125838031376,112.58702603600054,7908900,QCOM
2022-06-24,114.74243927001953,114.99008874414724,111.6789753880293,112.24763848114925,8128000,QCOM
2022-06-27,116.65026092529297,119.27346368258662,115.05432442323976,115.75139595423106,9947300,QCOM
2022-06-28,120.70426940917969,125.15270842439863,116.11823415115953,119.03494840461697,27081900,QCOM
2022-06-29,119.44771575927734,120.67678225367547,116.39342555019127,119.31014047784697,9973300,QCOM
2022-06-30,117.16387939453125,119.31931185424439,114.95341682023691,117.04464514703011,9277900,QCOM
2022-07-01,113.30242919921875,116.26500695586601,111.99082465025802,115.33862715612386,7672800,QCOM
2022-07-05,115.41201782226562,115.72386446326642,110.39490052762216,111.07363092100223,8113100,QCOM
2022-07-06,116.54016876220703,117.61329788766197,114.70575712988405,115.62296294604555,6038400,QCOM
2022-07-07,123.2724380493164,123.55678356688206,119.47520708606415,119.83291674218762,9408100,QCOM
2022-07-08,124.7491683959961,125.09771111367773,120.72263508788654,121.54812878837707,8393200,QCOM
2022-07-11,121.29130554199219,123.45591188817262,120.44747784710157,122.52952503098855,5887200,QCOM
2022-07-12,121.94252014160156,124.14382267243873,121.03449526859416,122.66712063135319,5991300,QCOM
2022-07-13,124.4097900390625,125.4554040566754,119.71370097686413,119.74121603031847,7200200,QCOM
2022-07-14,130.15150451660156,130.56425834546135,122.76800862047442,123.7677596380646,10718700,QCOM
2022-07-15,132.41702270507812,133.43512190155081,130.2707640732014,131.8575264980895,11880500,QCOM
2022-07-18,129.95889282226562,134.3064393833045,129.16092825001417,133.88453255022094,7856600,QCOM
2022-07-19,135.1686248779297,136.17755693530881,131.32553003498225,132.2060538300996,9686500,QCOM
2022-07-20,139.14932250976562,139.71798572707547,134.48073353144815,135.22366812063095,8517400,QCOM
2022-07-21,142.95571899414062,143.01074911150926,138.15873582566388,140.22244919969972,8060400,QCOM
2022-07-22,140.97451782226562,143.68945293952925,139.73629848473442,142.77224721004742,7200100,QCOM
2022-07-25,140.56179809570312,141.28638456736618,139.11261115692628,140.14905825764438,4928900,QCOM
2022-07-26,137.55332946777344,140.05729691925836,137.40657320804792,139.9839187893956,5941800,QCOM
2022-07-27,140.7177276611328,141.9834762831397,138.08535120363575,138.98420906794794,12863000,QCOM
2022-07-28,134.32481384277344,137.57173087047752,131.16045599034857,137.37911145542958,17051000,QCOM
2022-07-29,133.04989624023438,133.27919773354662,129.02336257748917,132.6279893299932,11749400,QCOM
2022-08-01,135.2236328125,137.08557330308952,132.14183502367257,132.36195543976103,7611400,QCOM
2022-08-02,134.85678100585938,137.03055448852987,132.84809786571773,133.627728471085,5946400,QCOM
2022-08-03,136.81040954589844,137.8927055855291,134.45318411059466,135.43460095592468,6890200,QCOM
2022-08-04,138.50723266601562,138.6448219231992,135.48046494426035,136.3701416292265,6254700,QCOM
2022-08-05,137.7734832763672,138.75488616128374,135.4437728100583,136.2692663907812,5041300,QCOM
2022-08-08,135.57220458984375,138.67236507327573,134.4165301707631,137.40661642705527,5553300,QCOM
2022-08-09,130.7110137939453,134.3706705419488,129.61036946231667,133.5360097755784,6770800,QCOM
2022-08-10,134.82009887695312,134.99435623996135,131.7933166393477,133.77448472164775,6840000,QCOM
2022-08-11,135.5904998779297,139.08505082905398,134.84756561215633,136.0307546288609,6243200,QCOM
2022-08-12,138.76406860351562,138.9291729361905,134.9943519536069,135.74646747771874,4967500,QCOM
2022-08-15,139.5345458984375,140.05734601322555,136.11335762217078,137.87440536527834,4502900,QCOM
2022-08-16,137.6083984375,139.86473108293808,136.52610220605695,138.9108291207142,5270800,QCOM
2022-08-17,136.23260498046875,137.24153717065224,134.24226965570017,135.95744038355934,5169600,QCOM
2022-08-18,138.84661865234375,140.24994240842395,135.5263241353774,135.81066968990297,7808200,QCOM
2022-08-19,135.3795928955078,137.9294241111466,134.73753758594833,136.92965906976588,5400300,QCOM
2022-08-22,129.88552856445312,133.73779056035943,129.4177585919946,133.27002058790092,6736800,QCOM
2022-08-23,129.06919860839844,131.71992275539202,128.92244232454595,130.3257660496926,4499300,QCOM
2022-08-24,129.61036682128906,129.9772575879906,127.13391362672351,128.6381307815705,5113100,QCOM
2022-08-25,134.141357421875,134.82926181891025,130.26158054132236,130.55507913975634,5618800,QCOM
2022-08-26,126.9229507446289,135.15945540712428,126.62027113290277,134.05881117977057,7918600,QCOM
2022-08-29,125.7305679321289,127.6108425492665,124.84087722053866,126.40012422178107,6852300,QCOM
2022-08-30,123.2816390991211,126.84956922176293,121.93334540796425,126.39096630627967,6147400,QCOM
2022-08-31,121.99956512451172,123.75202918758714,121.1048821028626,123.40153074537933,8701100,QCOM
2022-09-01,119.83204650878906,120.02574674476479,116.29021594966827,119.8873854122154,8716300,QCOM
2022-09-02,118.50384521484375,122.36850444023159,117.65528260403984,121.41848249150644,6121400,QCOM
2022-09-06,116.83438873291016,119.46309897055619,116.41010743008437,118.83589195612893,6674200,QCOM
2022-09-07,118.61454772949219,119.702917021242,116.55769837440731,117.57228480767682,5340100,QCOM
2022-09-08,118.84512329101562,119.72135533674195,116.12417923877682,117.57227235837155,6618800,QCOM
2022-09-09,121.7966537475586,122.313168909749,120.19175528733905,120.53302121793286,5097300,QCOM
2022-09-12,122.67285919189453,123.79813015400923,122.045666366574,122.67285919189453,7081300,QCOM
2022-09-13,115.22949981689453,119.81358589886611,114.82366245903332,118.41162021132317,9610900,QCOM
2022-09-14,117.62760925292969,117.96888219979752,115.75523486666238,116.46544317156032,7509300,QCOM
2022-09-15,115.275634765625,118.13492651053079,114.58387029329334,116.86207537776558,7459600,QCOM
2022-09-16,115.24793243408203,115.97659169265945,113.49546846005006,114.48238527113786,13818500,QCOM
2022-09-19,116.81595611572266,117.30480185909266,113.82753571533443,114.02122891344376,5922700,QCOM
2022-09-20,115.08192443847656,116.72371788671268,114.27025672870155,115.97660753689428,5672700,QCOM
2022-09-21,114.9435806274414,119.71213472252036,114.8328957849341,115.69990945876211,8123700,QCOM
2022-09-22,114.07655334472656,115.44163809150065,112.96050770463661,115.06347020245839,8753000,QCOM
2022-09-23,111.77989196777344,113.1541951024309,109.8060583530604,112.84059162057501,10681300,QCOM
2022-09-26,110.44248962402344,113.61538456906821,110.3041353375609,112.10272698759137,6424600,QCOM
2022-09-27,110.99588012695312,113.15418831835531,109.52934324567158,112.12115113716392,5544400,QCOM
2022-09-28,109.69537353515625,111.09734611655291,108.63466684530857,109.37255159572187,11321200,QCOM
2022-09-29,105.92295837402344,108.34874996762446,104.65011444950801,108.17350073970893,12125800,QCOM
2022-09-30,104.20738220214844,107.25114104465024,104.15203627036392,104.92681598243085,7568100,QCOM
2022-10-03,108.11814880371094,109.1327350302113,104.8437949886063,106.06129986780479,7481700,QCOM
2022-10-04,112.86827087402344,112.94205372127914,110.9774455529066,111.05123543715297,6637200,QCOM
2022-10-05,115.19259643554688,115.81057088558335,111.17113920741437,111.49396115616545,7070300,QCOM
2022-10-06,115.55233764648438,117.33247852367558,114.74066985636834,114.84212920975688,6238600,QCOM
2022-10-07,111.52165222167969,114.4731776204349,110.97746054807041,113.09887426635747,8618500,QCOM
2022-10-10,105.70159912109375,111.64155169931396,104.64089229826995,111.22648883630045,9512600,QCOM
2022-10-11,101.48645782470703,103.75544442931405,100.21361374026661,103.30349361510574,10758800,QCOM
2022-10-12,100.20437622070312,102.1966610219927,99.96456259751282,101.75392872048684,6987900,QCOM
2022-10-13,104.0967025756836,106.25500402434803,96.53341497311035,97.19750285478254,10455000,QCOM
2022-10-14,101.41264343261719,106.06130036697839,101.2650707080451,105.72925294045328,7989800,QCOM
2022-10-17,102.92530822753906,105.59091332635157,102.02140675223828,105.0743911606174,7886400,QCOM
2022-10-18,102.57481384277344,107.07589120940821,101.03448695933176,106.02440999246078,8908900,QCOM
2022-10-19,104.08747863769531,104.8438074092682,102.15053978727612,102.2519991256449,5620200,QCOM
2022-10-20,103.28504180908203,107.075904321562,103.04522817534408,104.38263656016855,7736400,QCOM
2022-10-21,106.75308227539062,106.98367041312552,102.39957710903712,103.07289756749928,7490100,QCOM
2022-10-24,107.34337615966797,107.9336811677992,105.36954246929344,107.30648121703592,6525700,QCOM
2022-10-25,109.91674041748047,110.62695574882966,107.20502898384848,107.51862544091847,6205100,QCOM
2022-10-26,108.93904876708984,111.36483318472452,107.14046429886139,108.87448437687115,7342300,QCOM
2022-10-27,105.7938232421875,111.23570410674523,105.49867073955,110.05509409619522,8937200,QCOM
2022-10-28,109.95364379882812,110.17500643474843,103.60786095217958,105.30498622255404,9418700,QCOM
2022-10-31,108.52400207519531,109.18808998583052,106.43948338669891,108.95750185329304,6870800,QCOM
2022-11-01,108.21961975097656,111.2633787573247,107.68465361586996,110.44248560107094,5749100,QCOM
2022-11-02,103.76464080810547,109.56623801417079,103.53405271742079,109.49244813627408,13936300,QCOM
2022-11-03,95.8139877319336,98.23055413216406,94.0154029358598,96.27516404241324,24706100,QCOM
2022-11-04,98.40579223632812,99.15289552284914,96.2290397344486,98.33200234613089,11977900,QCOM
2022-11-07,101.54177856445312,101.71702778303575,98.00917400395808,99.13444512687447,7570800,QCOM
2022-11-08,103.80154418945312,105.96907101078062,101.38497826921684,102.9068611989117,9383600,QCOM
2022-11-09,101.85537719726562,104.69622431673847,101.70779743350526,102.80539905625396,9581300,QCOM
2022-11-10,111.30950927734375,111.60466182051337,105.63703952121683,106.9098905811916,11673200,QCOM
2022-11-11,112.00125885009766,112.67457923827091,109.7507166089052,109.7507166089052,9433800,QCOM
2022-11-14,111.42017364501953,113.64303928794376,110.9221025005118,111.36482771541395,6971000,QCOM
2022-11-15,116.23487091064453,118.18104248579492,113.83675557135194,115.89360495421329,12470200,QCOM
2022-11-16,111.35562133789062,114.2241311624707,110.64540596632952,113.63382612057094,9561700,QCOM
2022-11-17,113.32023620605469,113.56004984226945,109.49247167055246,109.71383431483216,7273700,QCOM
2022-11-18,114.23334503173828,114.8236500135594,112.64689775422259,114.4085942421819,6436600,QCOM
2022-11-21,110.86676788330078,112.98818145188778,110.77453404053419,111.68766104680826,8204200,QCOM
2022-11-22,114.04888153076172,114.17801031044114,110.70996313778816,111.45706636836054,7010200,QCOM
2022-11-23,115.43242645263672,117.17567226071614,113.7168500959567,113.947438240274,5481500,QCOM
2022-11-25,113.86443328857422,115.62613025043292,113.81831987767794,115.16495391951608,3153800,QCOM
2022-11-28,110.25801086425781,113.86440522390751,109.62158543261761,112.67457677595762,7087500,QCOM
2022-11-29,109.18807220458984,111.94591088725878,109.13273331363,110.81141436365056,6277600,QCOM
2022-11-30,117.41222381591797,117.51433004171137,109.59650141700888,110.22770032106911,12776700,QCOM
2022-12-01,117.70928192138672,118.99952585464665,116.66038066885329,117.62574430990017,7924800,QCOM
2022-12-02,116.64179992675781,116.7903135722546,114.28408649393498,114.83174074187535,6122200,QCOM
2022-12-05,114.4511947631836,116.46545978283213,113.64362905897379,115.63933252441664,6091600,QCOM
2022-12-06,111.18379211425781,114.17270470382942,110.06063058447407,114.00562241367142,5968000,QCOM
2022-12-07,109.7264633178711,111.68503625049568,109.30876114363146,109.99565183886094,5427100,QCOM
2022-12-08,113.0124282836914,113.56936696563747,109.69863498197377,110.44122461247491,7347600,QCOM
2022-12-09,110.50619506835938,112.68754225974642,110.32054412922182,111.76859312705794,6036000,QCOM
2022-12-12,112.51116180419922,112.54829198746138,107.73075870753539,107.73075870753539,9008400,QCOM
2022-12-13,114.6275405883789,118.76746070274724,113.07739250995336,117.86708025346704,9712700,QCOM
2022-12-14,112.97528839111328,117.49578768368792,111.4808320224291,115.31444056899241,9444100,QCOM
2022-12-15,108.26913452148438,111.87067727501238,107.7493261253908,111.62005739314105,10207800,QCOM
2022-12-16,106.3105697631836,108.28771143002777,105.21525407208935,107.74933436043628,12733900,QCOM
2022-12-19,104.52836608886719,106.89536414478734,103.50731074230008,105.82789429443395,7720200,QCOM
2022-12-20,104.05496215820312,104.6861611500476,103.12672876324706,103.40520161447739,6260200,QCOM
2022-12-21,106.36624908447266,106.70969795053978,104.60261150256264,104.66758754945556,5843800,QCOM
2022-12-22,102.73686981201172,104.50979186851181,99.67369685417943,104.49123031710482,12051400,QCOM
2022-12-23,102.88538360595703,102.95964397540119,100.44413238581403,101.827198127883,5356700,QCOM
2022-12-27,101.60443878173828,102.7461691108647,101.07534596625521,101.87362734847312,6158100,QCOM
2022-12-28,99.29312896728516,102.35629497013598,99.15389253946037,101.05677386206169,5395600,QCOM
2022-12-29,101.9571533203125,102.71831150737182,100.35131350315166,100.57408753637017,6668600,QCOM
2022-12-30,102.04998016357422,102.16136363689401,99.52518423439831,100.22135927008172,5642300,QCOM
2023-01-03,99.5066146850586,103.72079504543034,99.44163863226721,103.35878459675567,8110400,QCOM
2023-01-04,103.52586364746094,104.17563123690047,101.00106782053128,101.92002392935682,7614200,QCOM
2023-01-05,101.54873657226562,102.95964824086342,101.29810958547317,102.04069914696184,7546000,QCOM
2023-01-06,107.06243896484375,107.65651486729676,102.15209041877768,102.99677914605465,10259300,QCOM
2023-01-09,106.38483428955078,110.32054206132467,105.39162479982443,108.35269171636727,10291800,QCOM
2023-01-10,108.519775390625,108.57546713109743,105.55870843661593,105.83717422083718,6384800,QCOM
2023-01-11,109.8935546875,109.99566093086219,106.90464192404495,109.01173576594556,7374400,QCOM
2023-01-12,112.86389923095703,113.59720448967802,109.20666433642147,110.6825520892148,9527600,QCOM
2023-01-13,111.61077880859375,112.70609447222394,111.12810057055643,111.22092249150299,8040400,QCOM
2023-01-17,111.64790344238281,112.6132669523197,110.47832746740143,111.14665659596223,6179500,QCOM
2023-01-18,113.2816162109375,115.09166868755268,112.32553684729668,112.89175984395261,10960400,QCOM
2023-01-19,109.14169311523438,112.40907181400509,108.99317236072422,112.37194162537754,8716200,QCOM
2023-01-20,114.07989501953125,114.13558676160469,108.91891210432607,109.92140595280398,8895000,QCOM
2023-01-23,121.62640380859375,122.58248294024459,116.79030933867152,117.45863842382568,13419500,QCOM
2023-01-24,121.32008361816406,123.42717707324354,120.80955249507667,121.18085429537452,7952400,QCOM
2023-01-25,121.75637817382812,122.09982001296521,118.53540701587013,119.23158209328956,6880300,QCOM
2023-01-26,124.34615325927734,125.17228042379944,121.74709689058069,124.76385545909768,7413600,QCOM
2023-01-27,123.82636260986328,125.20943584021433,121.98846395812508,122.05344711187833,6581900,QCOM
2023-01-30,122.18336486816406,122.89809437596668,120.80956926196916,121.6449878057986,9854300,QCOM
2023-01-31,123.64997863769531,124.04911220495744,121.8956180613366,121.8956180613366,7125100,QCOM
2023-02-01,128.52320861816406,129.8969901465557,123.15800629249904,123.15800629249904,10500600,QCOM
2023-02-02,126.10052490234375,129.17297547879863,125.12587690803426,128.52321487049866,17673200,QCOM
2023-02-03,125.33007049560547,128.46748957758422,119.34296823934734,121.74708920912721,13187300,QCOM
2023-02-06,123.39005279541016,125.20011916443597,122.39685047299632,122.77742954695579,6830500,QCOM
2023-02-07,126.82453155517578,127.52070659189604,122.83312517856946,123.59426918691723,7664200,QCOM
2023-02-08,122.68461608886719,126.4996562189386,122.30403696669288,125.59926861951094,7151700,QCOM
2023-02-09,121.16230773925781,125.52500200066935,120.5960847838932,124.2811726114153,5717500,QCOM
2023-02-10,119.73282623291016,120.61464509236981,118.46114397994825,120.01128491000064,5319200,QCOM
2023-02-13,121.45004272460938,121.99769697751177,119.17587395078309,120.16909038978706,5550400,QCOM
2023-02-14,122.8424072265625,123.34366120432254,119.14804218612498,119.92775485850956,5579900,QCOM
2023-02-15,123.52003479003906,123.76137039357103,120.94882410941366,121.22729698346977,3501100,QCOM
2023-02-16,120.81885528564453,123.0744555098312,120.6239200516413,121.36650955854786,5788400,QCOM
2023-02-17,118.5539779663086,120.4939824873216,117.84851855782239,120.20623238256216,6022500,QCOM
2023-02-21,114.82246398925781,118.46114414869135,114.68323465051424,116.45615668848153,8164400,QCOM
2023-02-22,115.05453491210938,116.00133701025999,114.09845557826698,115.39798384290664,5517800,QCOM
2023-02-23,117.14305114746094,118.09913748924615,114.79462180060654,117.52363023718011,6440200,QCOM
2023-02-24,115.41654205322266,115.75999097407227,114.33979494984024,115.32372012597817,7357200,QCOM
2023-02-27,114.56256103515625,117.51434344042599,114.20983490338062,117.42152151962804,7787200,QCOM
2023-02-28,114.66468048095703,116.12200675911765,114.09845749244946,114.74822517659982,6491800,QCOM
2023-03-01,115.50517272949219,117.17686066952919,114.85144319992129,115.5985616444141,5530600,QCOM
2023-03-02,115.59857940673828,116.04685624240803,112.87158277134316,114.08566022722985,5258900,QCOM
2023-03-03,115.43047332763672,116.00015504327015,113.62803925401843,115.79469512941962,7052100,QCOM
2023-03-06,114.31913757324219,116.89670625463286,113.96424966231083,116.06553266079679,7031300,QCOM
2023-03-07,111.31195831298828,114.40317655874179,110.4621027242095,114.38450162415153,8879700,QCOM
2023-03-08,113.18909454345703,113.7027442876166,111.46137459737513,111.64815956121397,7633900,QCOM
2023-03-09,109.47216033935547,113.86150357561519,109.21066852104113,113.26380595514878,8055500,QCOM
2023-03-10,107.57635498046875,110.4154227007431,106.95997520150657,109.77102695457697,6884500,QCOM
2023-03-13,106.86656951904297,108.55693244317912,105.79257915214104,106.24085593249859,7673700,QCOM
2023-03-14,108.84645080566406,109.3227364388341,106.39028015272481,108.71570489164272,8312100,QCOM
2023-03-15,107.85651397705078,108.50090967661187,105.66184216166923,107.6323791305106,8596900,QCOM
2023-03-16,112.54470825195312,112.84355707492462,108.24875374981853,109.26670510380592,11207800,QCOM
2023-03-17,112.75016784667969,114.74872068081905,111.27459867003685,112.79685874460304,12304100,QCOM
2023-03-20,113.76811218261719,113.95489001302926,111.89096434897058,112.78751076016005,5945000,QCOM
2023-03-21,115.61724853515625,116.8033027669872,114.07630643662357,114.86078190489894,6900600,QCOM
2023-03-22,113.908203125,117.89596765802942,113.81481420650877,115.80402595833125,7072700,QCOM
2023-03-23,115.9441146850586,118.60573809121585,114.02960976346033,115.74799581566994,7353800,QCOM
2023-03-24,116.51380157470703,116.6725634582066,114.16970181640862,115.45848606941632,6987200,QCOM
2023-03-27,115.43047332763672,117.72787512546672,115.16898148277909,117.42902628489823,4818000,QCOM
2023-03-28,113.31985473632812,115.50519277537651,112.26454627683884,115.4304787804254,5272100,QCOM
2023-03-29,116.82197570800781,117.63447425067761,115.10359683055339,115.2623587023604,6410100,QCOM
2023-03-30,118.97930908203125,119.71709371294055,118.07342153363477,118.68046024262277,8156400,QCOM
2023-03-31,119.14740753173828,119.51162931844985,117.94267118910845,118.27887701147576,6222400,QCOM
2023-04-03,116.49510955810547,119.13805792273831,115.43980126812899,118.59639223402787,6367800,QCOM
2023-04-04,114.21638488769531,116.94338101536083,113.75876710676503,116.67254818331554,6962700,QCOM
2023-04-05,114.90747833251953,115.07558123412007,113.23579034580243,113.39455221811468,6920900,QCOM
2023-04-06,114.87012481689453,115.66394132759746,113.04901593203971,114.25374511733264,5260600,QCOM
2023-04-10,116.07485961914062,116.34569247223664,113.6373710663943,114.02026777241431,5243700,QCOM
2023-04-11,115.40243530273438,116.97139319708924,115.0288725421514,116.97139319708924,5001400,QCOM
2023-04-12,112.32056427001953,116.27097898005644,112.2085004166202,116.18693109000694,5288300,QCOM
2023-04-13,113.12371826171875,113.6186930575018,111.24657752486883,112.11510798711193,6077100,QCOM
2023-04-14,112.21784210205078,113.86150704586994,110.91037584551262,112.88091269730474,4833100,QCOM
2023-04-17,111.48938751220703,111.9189822296132,110.3593652310721,111.25591165763078,6370200,QCOM
2023-04-18,110.53681945800781,112.8155462909919,109.6496139780146,112.38594440844712,4829900,QCOM
2023-04-19,110.70492553710938,110.84501249193157,108.75306345018863,109.50018912582804,4241900,QCOM
2023-04-20,110.79830169677734,111.97502200651151,109.37877162679276,109.53753349890674,5125000,QCOM
2023-04-21,109.97647857666016,110.37805736820445,108.84645619234207,110.07920853206346,4980700,QCOM
2023-04-24,109.59357452392578,110.04185133989385,108.86513093245617,110.03251030984165,4097900,QCOM
2023-04-25,106.51171112060547,109.11729596031957,106.16616421483387,109.0239070229843,7045200,QCOM
2023-04-26,106.61443328857422,107.49229778543821,105.72722063600571,106.73583818571534,4671100,QCOM
2023-04-27,106.39028930664062,106.7545111163406,104.7372831799345,106.35293231011774,6945700,QCOM
2023-04-28,109.07994079589844,109.17332972870503,106.2128570955114,107.49230043771115,8652500,QCOM
2023-05-01,108.1833724975586,109.80836963469329,107.87518977338013,109.46282279228969,6208500,QCOM
2023-05-02,108.43553924560547,109.3227447474814,106.87592206330555,108.45421418112015,7081200,QCOM
2023-05-03,105.3723373413086,109.09861044304762,105.15753639366056,108.94918958282514,11491700,QCOM
2023-05-04,99.53545379638672,100.03976262781909,96.65902881345522,97.1539966132538,22117500,QCOM
2023-05-05,101.59002685546875,102.04763759915394,98.7789751797367,101.05770211788268,10745600,QCOM
2023-05-08,101.15106964111328,101.63670337357567,99.80625366109406,101.21644259066201,6694400,QCOM
2023-05-09,98.77896881103516,100.3292520214909,98.3400401566841,99.92767323656354,7804100,QCOM
2023-05-10,99.42335510253906,100.3759405605431,98.1906028996237,99.92766379352047,7980100,QCOM
2023-05-11,97.18199157714844,99.47005932473607,96.82711082808623,99.26459942391978,10630500,QCOM
2023-05-12,96.77107238769531,97.81703963037415,95.82782796339318,97.5648888486905,7635900,QCOM
2023-05-15,99.25526428222656,99.3673352688976,96.0893319412329,96.90183056308163,7444900,QCOM
2023-05-16,96.92984771728516,99.4420504796384,96.8644747555382,98.68558377928818,7027000,QCOM
2023-05-17,97.88243103027344,98.48012874591033,96.73373362761328,97.30341537612951,9504700,QCOM
2023-05-18,99.89031219482422,100.03974016693739,97.88241835154005,97.88241835154005,9142000,QCOM
2023-05-19,98.8630142211914,100.03973449697708,98.54548336100656,99.88096550432591,5783200,QCOM
2023-05-22,98.32135772705078,98.87236448807319,96.42553479317007,96.81777254670715,7912400,QCOM
2023-05-23,96.71501922607422,98.65753971490393,96.63097135281656,97.19131188321687,7452500,QCOM
2023-05-24,96.21073150634766,96.322802486814,94.86591536634133,95.33286709727416,8193700,QCOM
2023-05-25,97.14464569091797,97.2287007168251,94.76319587536987,95.19279066023205,11677400,QCOM
2023-05-26,103.05624389648438,103.92477438673606,97.89175897734656,98.00382995596924,15969900,QCOM
2023-05-30,108.33280944824219,108.9772051637912,105.16687705247975,106.93195415365284,18291800,QCOM
2023-05-31,106.64950561523438,107.20433160693705,104.94739687502936,106.79055820661794,14924000,QCOM
2023-06-01,108.92525482177734,109.6117347439393,105.61508166896334,107.73095682630355,8616500,QCOM
2023-06-02,108.72776794433594,110.40165904984633,107.85320597437176,110.25119338101044,7873400,QCOM
2023-06-05,106.01004791259766,109.00988373972487,105.9254091775662,108.54909516997022,7769300,QCOM
2023-06-06,109.42366027832031,109.82802781928217,105.5492551689787,105.86899114710126,7594500,QCOM
2023-06-07,108.31400299072266,110.17597632772836,107.66513229872697,109.67756414172385,7555400,QCOM
2023-06-08,109.41426086425781,109.68697454056645,107.29838557269657,108.70896910040406,5793400,QCOM
2023-06-09,112.00971984863281,113.6459944877004,110.38284393263616,110.48628728319885,13807000,QCOM
2023-06-12,114.85908508300781,115.01894945379885,112.63036109023777,113.82465885931683,9675100,QCOM
2023-06-13,117.01258087158203,117.92475917267247,115.43272737088662,116.87152111400975,8873200,QCOM
2023-06-14,116.04398345947266,117.01258280979711,114.25724324135503,116.93734998123276,7324600,QCOM
2023-06-15,116.24148559570312,117.25710744400011,113.82468613747342,114.33249706162191,8132600,QCOM
2023-06-16,115.36690521240234,117.52980245237883,114.82147795368165,117.16304419768225,12905700,QCOM
2023-06-20,112.67740631103516,115.07540105889949,111.63357397839759,114.67103351405252,8667400,QCOM
2023-06-21,108.85942840576172,111.92509126055717,108.77478966826945,111.53953551637669,7925400,QCOM
2023-06-22,109.4612808227539,109.72458859430775,108.0601032243574,109.09452968743267,7283000,QCOM
2023-06-23,106.6683120727539,108.40803008422131,106.29215508185878,107.28896500932271,11958500,QCOM
2023-06-26,109.67755126953125,110.5991355184861,107.48645065623853,107.73094659660399,9377000,QCOM
2023-06-27,112.6491928100586,112.7902525870132,108.75598314386198,109.7810036521754,7308900,QCOM
2023-06-28,110.5333251953125,111.05994074551236,109.6305526058561,110.04431889189938,6384800,QCOM
2023-06-29,111.02230834960938,111.1069470791982,109.91264918949598,110.55211391184264,5138500,QCOM
2023-06-30,111.94390869140625,112.71502739317376,111.323248500555,112.47052424151124,6565100,QCOM
2023-07-03,112.93131256103516,113.29807087489682,111.39848106038755,112.1601938612261,2662000,QCOM
2023-07-05,110.14775085449219,111.95330302109183,110.1195403350231,111.9250853270247,6249200,QCOM
2023-07-06,108.35161590576172,109.27319305846636,106.84699502153087,108.29519486466504,7544600,QCOM
2023-07-07,109.02870178222656,110.71199893505847,107.91904248718761,108.49268034498054,6108400,QCOM
2023-07-10,110.13834381103516,111.22919113749079,109.52708962852074,109.52708962852074,6037000,QCOM
2023-07-11,109.90324401855469,110.84363283891662,108.04127099741522,110.77780590847517,5784000,QCOM
2023-07-12,111.60535430908203,112.12257107100201,110.11953813356449,110.55211616417125,8371300,QCOM
2023-07-13,115.78068542480469,116.06279779363736,112.73382018430597,112.84666943659785,9823000,QCOM
2023-07-14,115.25406646728516,115.83711019434057,113.9093099928721,115.66783989775018,7892200,QCOM
2023-07-17,116.04398345947266,117.04079332685939,113.56135751362828,115.03776769486602,6125000,QCOM
2023-07-18,115.53618621826172,115.88413271035029,114.03156534298384,115.02837532761826,7481200,QCOM
2023-07-19,117.003173828125,119.5234161218126,116.89033176285065,117.86832981001548,8866700,QCOM
2023-07-20,113.52374267578125,117.1724488166508,113.06295414997138,116.15682714072095,9148600,QCOM
2023-07-21,117.2853012084961,119.1096579151875,114.14439864670567,114.66161539590098,23704100,QCOM
2023-07-24,116.70226287841797,118.1128462504567,115.82770090077004,117.28530658838261,5859300,QCOM
2023-07-25,117.61444854736328,118.47020595646404,116.79630755812835,116.79630755812835,5592100,QCOM
2023-07-26,116.62702941894531,117.77430503666359,115.04717576373618,115.85591080000978,5291800,QCOM
2023-07-27,118.34793090820312,120.15347571072405,117.47336902345123,119.01560610576252,7917900,QCOM
2023-07-28,121.76155090332031,122.1753243156983,119.95600593501295,120.65189888757557,11762200,QCOM
2023-07-31,124.29122161865234,125.0435357442418,121.40423463629585,122.24118033434952,11029600,QCOM
2023-08-01,124.20658111572266,124.49809941049375,122.47626879571548,124.05611543158358,7128700,QCOM
2023-08-02,121.56407928466797,123.73637538646445,121.15030586543129,122.43863408962142,13711100,QCOM
2023-08-03,111.6241683959961,112.00973131932311,108.0412886992574,109.99729948799286,29239600,QCOM
2023-08-04,114.25725555419922,114.72745002150046,110.74020294767351,110.74020294767351,12658700,QCOM
2023-08-07,112.22600555419922,115.42332918279416,110.89065506580296,114.92492422406865,7706500,QCOM
2023-08-08,110.64616394042969,110.85304347648407,109.04749846922294,110.02550380847224,8934600,QCOM
2023-08-09,109.62113952636719,111.06933936915446,109.57411720906568,110.2417996766753,5642500,QCOM
2023-08-10,108.7183609008789,111.33264088527447,108.21055003580527,110.66496562969557,6224500,QCOM
2023-08-11,107.77796936035156,108.57729846786658,106.94102383694671,107.3265795442714,5712500,QCOM
2023-08-14,107.22313690185547,107.6933313416848,106.08526721842024,107.09148303267108,8537500,QCOM
2023-08-15,105.02264404296875,106.74355763873932,104.75933627031289,106.58368605568508,6843600,QCOM
2023-08-16,103.58384704589844,105.24833237506176,103.48980958330476,104.71231094621949,6426700,QCOM
2023-08-17,103.51802062988281,104.50542475402429,103.12305898022622,103.62146399164028,6250500,QCOM
2023-08-18,103.53681945800781,103.93178108555958,102.03219860928817,102.3331227790321,6384700,QCOM
2023-08-21,104.08223724365234,104.34554497128475,102.50238370326039,103.29230688615763,6539800,QCOM
2023-08-22,102.94437408447266,105.17309118688904,102.63404402540776,104.82515188545077,4587000,QCOM
2023-08-23,104.54302978515625,104.88157035500913,102.36132787643648,102.82211641750376,6873900,QCOM
2023-08-24,102.04158782958984,105.85956395443628,101.71245319375774,105.47400828806066,8698100,QCOM
2023-08-25,103.74369812011719,103.93177302113946,101.33630494896359,102.39894177147488,6669900,QCOM
2023-08-28,105.02264404296875,105.50224444293404,104.02583399660051,104.66529880502134,4316400,QCOM
2023-08-29,106.99745178222656,107.19493259745103,103.93178184793628,103.93178184793628,6971400,QCOM
2023-08-30,107.27207946777344,107.45202082557032,105.7568047387992,106.59967653258487,6490300,QCOM
2023-08-31,108.46537780761719,109.0620225152329,106.47657897483366,106.47657897483366,7962500,QCOM
2023-09-01,109.27983856201172,109.57342105041566,108.3517358194569,109.57342105041566,5310700,QCOM
2023-09-05,110.37841033935547,110.86139945537768,108.82525271733019,108.82525271733019,7294800,QCOM
2023-09-06,108.60743713378906,110.5394154263982,107.61303409811933,109.85753988484191,7411900,QCOM
2023-09-07,100.76587677001953,104.83817754659536,100.45334929478402,104.74347422163324,17947800,QCOM
2023-09-08,100.51964569091797,101.40040037064554,99.92300822093507,100.54805596681227,9819300,QCOM
2023-09-11,104.44041442871094,105.91780646109002,103.05772571692535,105.37798958576688,18771700,QCOM
2023-09-12,105.34012603759766,106.77016295988156,103.71120272639114,103.77749578089833,9250100,QCOM
2023-09-13,106.67544555664062,107.58461042369494,105.6242220985528,105.67157737069734,8131500,QCOM
2023-09-14,108.00131225585938,108.66424270463456,107.0163818566791,107.74560535033181,7138100,QCOM
2023-09-15,107.14897918701172,109.0904299162947,106.5049864440428,107.93503053402098,12247400,QCOM
2023-09-18,106.77963256835938,107.80244586053831,106.50498785701127,106.91221867378248,5065100,QCOM
2023-09-19,104.85713195800781,106.39134474613498,104.09002556394424,106.25875863420798,5658800,QCOM
2023-09-20,103.43655395507812,105.87993882615889,103.37973340355556,105.82311104923556,7073800,QCOM
2023-09-21,102.24327087402344,103.78695605481644,102.13909504690359,102.26221587462742,7007200,QCOM
2023-09-22,101.97809600830078,103.96689472119336,101.67504103514953,103.01037452686579,6965500,QCOM
2023-09-25,104.58248138427734,104.62983666106052,101.059462663472,101.18257626754716,6782500,QCOM
2023-09-26,103.91007995605469,104.78136214919134,103.55019718794105,104.03319356201935,6559800,QCOM
2023-09-27,103.40814971923828,104.94236250316469,101.74134359834673,104.86660417184325,7225000,QCOM
2023-09-28,105.21699523925781,105.98410876922055,103.39866543749496,103.94795482304843,4851300,QCOM
2023-09-29,105.17911529541016,106.28716659619431,104.78135699533408,105.95569412073036,4869300,QCOM
2023-10-02,105.21699523925781,105.87046044708524,103.79642372686801,104.55406475696938,5751500,QCOM
2023-10-03,104.35518646240234,106.31557487645436,103.58807292619039,104.94235140138385,7750700,QCOM
2023-10-04,104.03318786621094,105.18858721034762,103.0387921215527,104.93288751183565,7189400,QCOM
2023-10-05,103.98583984375,104.61088756549775,103.18084352234989,103.89112929389081,5089700,QCOM
2023-10-06,105.00863647460938,105.43481223466972,102.32849722759813,104.99917120079016,7930600,QCOM
2023-10-09,105.87993621826172,106.05040509403139,103.68278583356401,104.47830243688877,4714500,QCOM
2023-10-10,106.3629150390625,107.00690770452591,104.58246812885183,105.5958087851281,6253000,QCOM
2023-10-11,105.23593139648438,106.67544056224115,103.77747723259674,106.33450284988301,6378600,QCOM
2023-10-12,105.55792999267578,106.26821572876759,104.47829625184825,106.05039881592351,5371700,QCOM
2023-10-13,102.90621185302734,106.04093758943397,102.79256352202677,105.80417565223344,6035600,QCOM
2023-10-16,104.65823364257812,105.1980504924916,103.18083445434135,103.31342054201133,6254700,QCOM
2023-10-17,106.25875091552734,106.3250439666753,102.3000911710053,103.0482597341897,7334000,QCOM
2023-10-18,105.10335540771484,106.17351669211986,104.2036557704642,105.17911373131665,7174500,QCOM
2023-10-19,105.38746643066406,108.3422578426511,104.9707631323914,106.43868995101519,10511500,QCOM
2023-10-20,102.87779235839844,105.69999777433661,102.87779235839844,105.61475972138707,7756500,QCOM
2023-10-23,102.90621185302734,104.71506929603086,101.9781018800249,102.22433631782569,6679200,QCOM
2023-10-24,103.59754943847656,104.48777660676639,102.69785699528202,103.51231861193001,8578600,QCOM
2023-10-25,99.23164367675781,103.50283025986231,98.90017847084052,103.04824424503317,8571600,QCOM
2023-10-26,100.02719116210938,100.83218034642525,98.80549863397766,99.20325697558297,8705200,QCOM
2023-10-27,100.82269287109375,102.17697131195592,100.23552072159679,101.23939615302064,7292000,QCOM
2023-10-30,102.1201400756836,103.54071141494337,100.55751015741795,101.0594442078925,6634000,QCOM
2023-10-31,103.2187271118164,103.42707876251013,101.04052173047415,102.56526911011402,6485500,QCOM
2023-11-01,105.01811981201172,105.30223701470702,102.94408301837757,103.38919659741326,12809900,QCOM
2023-11-02,111.14550018310547,112.77442311252251,108.38958836581048,111.72319976215219,22106100,QCOM
2023-11-03,113.1911392211914,113.7404286275785,111.1455199229714,111.70427460417851,10670100,QCOM
2023-11-06,113.57942962646484,114.17606706936797,112.1115028184105,113.6457226756763,7756400,QCOM
2023-11-07,114.32759094238281,114.66852866689489,112.85966422710025,113.50365690391196,7898400,QCOM
2023-11-08,113.70254516601562,115.59664057627955,112.84073551155385,114.97159284810077,7681900,QCOM
2023-11-09,113.74043273925781,115.9470557193949,113.50367080298734,114.70642548546587,9002700,QCOM
2023-11-10,117.63278198242188,118.20100909953241,114.56434976970513,115.4451043301164,12191600,QCOM
2023-11-13,117.29186248779297,117.95480024857257,116.13646307578934,117.43392109548866,7959200,QCOM
2023-11-14,120.61599731445312,121.4304589257242,119.40377739778937,120.5970523139674,11255400,QCOM
2023-11-15,122.0933837890625,122.86049008904857,120.8053983808141,121.14633611978576,7789100,QCOM
2023-11-16,121.88502502441406,123.46659280560432,121.51567703300795,122.25437301582018,11655700,QCOM
2023-11-17,122.6142578125,122.91730553968482,121.61985491083728,122.45326144949556,6543300,QCOM
2023-11-20,122.65213775634766,123.2298374093914,122.18809364952271,122.58585193428718,7148600,QCOM
2023-11-21,120.29399871826172,120.7201745292843,119.09125128800845,120.17088511529114,14641800,QCOM
2023-11-22,120.74857330322266,122.65213384477367,120.42658057593941,121.11792130235345,6647400,QCOM
2023-11-24,120.98533630371094,121.43991512579045,120.80539493954606,121.43991512579045,3708200,QCOM
2023-11-27,121.41150665283203,122.18809266741634,120.0761732145985,120.53075204341835,8586400,QCOM
2023-11-28,119.88676452636719,120.56864002444946,119.01548237899563,120.4644641997202,8817900,QCOM
2023-11-29,121.90727996826172,124.47104254625437,121.63088858535131,123.17486577808617,10608300,QCOM
2023-11-30,122.99378204345703,123.32734807720784,121.50698674287003,123.20345876990858,11731800,QCOM
2023-12-01,123.58467102050781,124.15651923490097,122.47910556212328,123.00329733486632,8866500,QCOM
2023-12-04,123.8515396118164,123.94685250278879,122.02164553824858,123.26064040736267,7485000,QCOM
2023-12-05,124.61398315429688,124.70929603306416,122.89845313541021,123.0318824400623,6231600,QCOM
2023-12-06,123.861083984375,125.93877128778334,123.57515984410348,125.78627647394441,6912400,QCOM
2023-12-07,126.70121002197266,127.07290698051655,124.27087704255332,125.16676574845486,7815700,QCOM
2023-12-08,126.7298355102539,127.68290638599156,125.02383049876731,125.06196147771298,7678600,QCOM
2023-12-11,129.71295166015625,130.18948709675828,127.7782189509686,128.19755791930416,11010700,QCOM
2023-12-12,130.2657012939453,130.7898931076001,129.1410848052908,129.5985546868871,7380400,QCOM
2023-12-13,132.28622436523438,132.46731013642443,129.69387073523143,129.9797948717049,7507700,QCOM
2023-12-14,134.85951232910156,136.06037624944955,133.0486837050157,133.0486837050157,11468900,QCOM
2023-12-15,136.4130096435547,136.75611566644474,134.74513597114284,135.38369157488458,25053500,QCOM
2023-12-18,135.00247192382812,136.40348715204615,134.65936585686237,135.82211338698488,7832100,QCOM
2023-12-19,136.50833129882812,136.69894255683118,134.80234090704656,135.36464920810295,5658400,QCOM
2023-12-20,133.84925842285156,136.27005172844653,133.77301101774626,135.3074555065649,7264800,QCOM
2023-12-21,135.75540161132812,135.99366930173198,134.37345191552697,135.1454369056025,8361600,QCOM
2023-12-22,136.75611877441406,137.62340205132315,136.0508412272494,136.52737657305414,4659200,QCOM
2023-12-26,138.6336669921875,139.1959752010317,137.20406097754363,137.4041976756793,4381200,QCOM
2023-12-27,138.88148498535156,139.35802040884158,138.23338924719747,139.0053888491252,4470300,QCOM
2023-12-28,139.01490783691406,139.9965696000906,138.89100397892074,139.31988293151238,4928800,QCOM
2023-12-29,137.8426513671875,138.7861822676009,137.04206074452014,138.58604551896514,4839300,QCOM
2024-01-02,133.64910888671875,135.5266594513232,132.26715919032458,135.51713397907702,8495800,QCOM
2024-01-03,131.1425323486328,132.3719871360761,130.56115864785306,132.3719871360761,8133300,QCOM
2024-01-04,129.77964782714844,130.88521343463253,128.60737482652118,129.08391022188093,6770300,QCOM
2024-01-05,130.3133544921875,131.5904802998247,129.47466215394357,129.77011174808558,6827300,QCOM
2024-01-08,132.50538635253906,132.61975015533667,130.22754850971188,130.56112899147328,7729400,QCOM
2024-01-09,133.32505798339844,134.3353105860032,130.7041135909898,131.0853360491674,5856900,QCOM
2024-01-10,132.77227783203125,133.4584899043155,131.32360628579727,133.32506058707716,5652500,QCOM
2024-01-11,132.50538635253906,133.3822094402904,129.64617494098857,132.47679540183967,7374900,QCOM
2024-01-12,133.62049865722656,135.96505879247684,132.62931160645556,135.45039251129097,6546600,QCOM
2024-01-16,134.49734497070312,134.60218333910836,131.5047032776061,133.429910341636,7483000,QCOM
2024-01-17,132.78179931640625,133.07724886743867,130.90424912268756,133.06770885437126,6584700,QCOM
2024-01-18,138.47161865234375,138.81472464404848,135.6505378696186,136.43204818573867,12893000,QCOM
2024-01-19,144.82864379882812,145.60062881270343,139.85361310640272,140.3491994469732,16193900,QCOM
2024-01-22,145.69590759277344,147.31613935396595,144.74283692981513,145.58154376688378,10456100,QCOM
2024-01-23,146.29637145996094,146.52511369305773,144.30445692837785,145.69593218727346,6232300,QCOM
2024-01-24,147.12554931640625,148.98404919467197,146.67760483261694,147.52583734693354,8331900,QCOM
2024-01-25,147.22085571289062,150.56612916896847,146.4583961225367,150.20397213414836,7740900,QCOM
2024-01-26,143.64683532714844,145.8007701475731,143.32279473820702,145.06691608603637,7744700,QCOM
2024-01-29,142.6175079345703,144.14242696754437,141.45476044403637,143.34183647674485,10770700,QCOM
2024-01-30,139.12928771972656,141.8169546731854,138.73853969810196,141.05449503472636,9132800,QCOM
2024-01-31,141.54052734375,143.1131027568389,137.56622418782453,138.5192949075008,21184200,QCOM
2024-02-01,134.48779296875,137.15639355770818,133.515656884641,134.25905078934105,22810600,QCOM
2024-02-02,135.0405731201172,135.46945197357093,132.7246040431422,134.0493715707055,10442700,QCOM
2024-02-05,137.27078247070312,137.86168169715356,134.5831304491553,135.20262063542071,8032600,QCOM
2024-02-06,137.33749389648438,138.01416595060144,135.74585302747735,137.71871635998374,7286300,QCOM
2024-02-07,139.04351806640625,139.10069999564863,136.8895829895958,138.34778035610998,7361900,QCOM
2024-02-08,141.22601318359375,141.6358411579381,139.424710093348,139.95844191572525,9448700,QCOM
2024-02-09,143.91368103027344,146.2010449779109,141.38804939881103,142.0075395596738,11981500,QCOM
2024-02-12,145.9151611328125,147.49724778005478,143.19890324094274,143.32280711205567,11806300,QCOM
2024-02-13,142.9987335205078,144.1519555638089,141.44523803719082,142.96061708807497,8976300,QCOM
2024-02-14,146.71571350097656,147.1445924296991,143.96133961670276,144.2091327761922,8715100,QCOM
2024-02-15,148.65997314453125,149.7941296763111,147.2399070187781,147.72596787123842,9372400,QCOM
2024-02-16,145.52439880371094,150.3564607296014,145.43862591251528,150.08007656595726,8429100,QCOM
2024-02-20,144.82864379882812,145.72451812649297,142.83671479318588,144.76192186295933,8745500,QCOM
2024-02-21,144.8762664794922,144.91439744998766,141.91221613110267,142.79857941131968,9760300,QCOM
2024-02-22,147.48768615722656,148.21201463092888,145.1717314100215,147.5067516425805,11407500,QCOM
2024-02-23,147.64019775390625,149.54633931047016,147.087414957378,148.39311726995837,5953300,QCOM
2024-02-26,149.66070556640625,150.089584515016,148.47889254688263,148.67904381234382,6307600,QCOM
2024-02-27,150.87110900878906,151.7288669029525,150.09912399550075,150.34691716559757,6021400,QCOM
2024-02-28,149.29055786132812,149.95150471648364,148.4380169554997,149.4342387827589,5211000,QCOM
2024-02-29,151.14889526367188,151.5416426064613,149.6066566935289,150.26761816881503,8321400,QCOM
2024-03-01,156.225830078125,157.09753331363572,151.41712342379938,152.681559383998,10405700,QCOM
2024-03-04,159.5498046875,160.7663569004775,157.7872502888492,158.17040920452956,11865100,QCOM
2024-03-05,154.6548614501953,158.62061582685988,153.48620785265206,157.79681107148633,9608800,QCOM
2024-03-06,160.8238067626953,162.12656735684308,157.4136431941662,157.88302522425596,12230500,QCOM
2024-03-07,168.32424926757812,170.1155395136969,162.29897633987747,162.46183419550005,14495100,QCOM
2024-03-08,163.39102172851562,168.08478367277274,163.3622709274458,167.4621468532643,11318000,QCOM
2024-03-11,163.91786193847656,164.741666668123,161.04412654899934,161.88709360721637,7256300,QCOM
2024-03-12,165.79539489746094,166.58087506190768,163.40061512591785,165.6325516269851,7642200,QCOM
2024-03-13,162.1265411376953,164.28184227541948,161.50390443342573,164.01362819205062,8730500,QCOM
2024-03-14,161.3602294921875,162.79709710051787,159.69347242113108,162.46183676185134,8151000,QCOM
2024-03-15,160.16282653808594,161.66675485938975,158.86965456776062,160.0670441420833,16414600,QCOM
2024-03-18,159.89463806152344,164.24356587754087,159.34863592876775,163.71671145711045,6653700,QCOM
2024-03-19,157.19332885742188,159.45400124163066,156.74310915174576,159.09956394395712,7404400,QCOM
2024-03-20,160.61305236816406,161.0920082163246,156.9346749622686,157.19331521291556,5995800,QCOM
2024-03-21,163.6592254638672,165.6420951509734,162.49057198003723,163.55385458855227,8497500,QCOM
2024-03-22,162.9407958984375,164.66502536974812,162.17446356864752,162.41394150817104,5645500,QCOM
2024-03-25,160.4693603515625,161.66674988907238,159.94250603174387,160.8142091230282,5682500,QCOM
2024-03-26,160.03831481933594,162.2893985455793,159.97125398434574,160.97706419319059,5289900,QCOM
2024-03-27,162.01161193847656,162.34687226651326,159.94251914010633,162.3181360845836,6309700,QCOM
2024-03-28,162.17446899414062,162.7396334423459,160.91001841519937,161.98288955942726,5324000,QCOM
2024-04-01,164.4925994873047,165.5271458848027,161.13033465786563,161.1878070216312,6679100,QCOM
2024-04-02,163.84121704101562,164.18606585094767,162.15529764611068,163.2952149516242,7436300,QCOM
2024-04-03,166.59043884277344,166.63833735441972,162.20320119761467,162.8450003272686,6943200,QCOM
2024-04-04,162.61508178710938,168.5445574341597,162.27982146853262,167.6345442600624,9031200,QCOM
2024-04-05,164.3105926513672,164.9907163893267,162.567200958837,163.0174060103702,5863300,QCOM
2024-04-08,166.3126220703125,167.0502181603935,165.10565860919365,165.6516606690192,4812000,QCOM
2024-04-09,168.18060302734375,168.58292428027372,166.073185107364,167.8932265276578,5028500,QCOM
2024-04-10,163.66879272460938,166.39884690085822,162.91204891716455,165.16313262953918,6177400,QCOM
2024-04-11,167.75912475585938,168.23808073164466,163.32398774278317,164.44474297213156,6262600,QCOM
2024-04-12,164.0806884765625,166.09230889092166,163.76459047850304,165.02902632045854,8216700,QCOM
2024-04-15,162.6917266845703,167.04065417669403,161.4847631521266,166.9352833004556,6570600,QCOM
2024-04-16,161.48477172851562,162.43310966502716,160.40232672572128,162.3660488235988,6390100,QCOM
2024-04-17,157.404052734375,163.02698956368783,156.8771983922124,162.097814073848,8082000,QCOM
2024-04-18,154.64529418945312,157.19334326434847,153.1317916851899,155.5265713533453,9209400,QCOM
2024-04-19,150.99563598632812,154.59737895580193,149.75992162589856,154.50158193280444,10292200,QCOM
2024-04-22,153.43829345703125,154.83685101012733,150.54541056462958,151.38836294535136,7848700,QCOM
2024-04-23,154.55908203125,155.43077070156858,152.95935638757763,154.1854969963778,6616700,QCOM
2024-04-24,156.74310302734375,158.94628834077767,155.18170221051477,156.97299249082656,6130500,QCOM
2024-04-25,156.42698669433594,157.70101103506968,154.92305827899025,157.17415666610867,6230700,QCOM
2024-04-26,158.68765258789062,159.51145721824182,155.67022202269357,156.0438069936335,7141300,QCOM
2024-04-29,162.07864379882812,162.14570462843812,158.24699730421483,158.24699730421483,6623900,QCOM
2024-04-30,158.8696746826172,162.11699503466812,158.8313500261062,162.1074065622535,6914200,QCOM
2024-05-01,157.20289611816406,162.50014686706538,156.89635734563885,157.58605496724743,13113600,QCOM
2024-05-02,172.51991271972656,174.04298890041204,167.91234490566055,168.08477662197643,25894800,QCOM
2024-05-03,172.0792694091797,175.47985910870315,170.31671526413646,174.56984585246906,10043900,QCOM
2024-05-06,174.19625854492188,174.72309831706903,172.80727480650216,174.25373091158713,6980100,QCOM
2024-05-07,172.5677947998047,176.5527111620102,171.67694389402138,174.77099473387037,8011100,QCOM
2024-05-08,172.95094299316406,173.18083242347555,169.18634278953127,169.29171365061438,6242600,QCOM
2024-05-09,172.94137573242188,174.0621453089284,171.88768160893432,173.3820215555125,5513500,QCOM
2024-05-10,174.4165802001953,175.82471169858496,173.6119378058509,174.33994550312815,4702500,QCOM
2024-05-13,176.45692443847656,176.95502800913036,175.2020478068861,175.47026191926057,6384800,QCOM
2024-05-14,181.0166015625,181.32312575066146,176.72516061221654,176.74430832508153,7713400,QCOM
2024-05-15,186.419189453125,187.8273207680581,182.0032160989045,182.01278995357535,11349100,QCOM
2024-05-16,185.13558959960938,187.3962616894021,184.66620762683263,186.792772669628,8173400,QCOM
2024-05-17,185.7007598876953,187.2142621043828,183.79451037207696,184.78115823856118,5799700,QCOM
2024-05-20,189.43661499023438,191.57276863290872,185.14517461114204,185.83487221342492,8879700,QCOM
2024-05-21,192.39654541015625,193.4789755490898,187.5207643917873,187.76024228519475,11498800,QCOM
2024-05-22,194.38902282714844,196.21863776271348,193.2107954768923,194.38902282714844,11170100,QCOM
2024-05-23,193.26829528808594,199.1977721529316,191.02678500102473,197.2149021656314,14475100,QCOM
2024-05-24,201.50631713867188,202.40675652600572,194.99251428872066,195.30862692150214,13809900,QCOM
2024-05-28,204.11183166503906,208.2787388896188,202.40674996764034,208.0871594683576,12485400,QCOM
2024-05-29,199.4946746826172,201.79367140928264,198.00033484939914,199.8682596409217,12552500,QCOM
2024-05-30,196.9842987060547,201.3798879086261,196.04170218140803,200.06217539217806,12245300,QCOM
2024-05-31,196.262939453125,201.07212682185397,191.12673086567645,200.06219453912587,15064900,QCOM
2024-06-03,198.05194091796875,202.92844886386135,194.68551004581755,201.56264152833688,12419500,QCOM
2024-06-04,196.57070922851562,198.3597274204113,193.96413803384263,198.05194707715228,6629100,QCOM
2024-06-05,203.81333923339844,204.3904475441126,197.5325421841608,199.0330061802488,11626300,QCOM
2024-06-06,201.4472198486328,204.14036740291678,200.82201675619768,203.81333154506254,7597200,QCOM
2024-06-07,198.73484802246094,201.79349872675803,197.07087335342183,201.72616306095676,5714400,QCOM
2024-06-10,201.36065673828125,202.54371257903475,196.7534475753136,197.45558473713783,6465100,QCOM
2024-06-11,200.5623321533203,201.45683386115874,196.96505511224038,199.24460497870797,8197500,QCOM
2024-06-12,207.17018127441406,207.39139979292295,202.83229937564698,204.3904714497564,9502800,QCOM
2024-06-13,209.49778747558594,210.0268009448464,204.8809653347712,208.10312627587967,10102800,QCOM
2024-06-14,207.11244201660156,209.7286408292034,205.49654760812464,209.33428398634302,6438200,QCOM
2024-06-17,213.739501953125,214.17232583517594,205.2560892884427,208.8052715389129,12109100,QCOM
2024-06-18,218.42364501953125,221.8285575310962,217.37524580767973,218.163959496468,22037500,QCOM
2024-06-20,207.2471160888672,217.27907362651806,204.7174789042262,215.64395290025885,18701200,QCOM
2024-06-21,204.41929626464844,207.24710049718277,201.41836834921133,203.67867737601478,22286500,QCOM
2024-06-24,193.17543029785156,199.1292064727509,192.59833663265437,199.01379067500642,16087700,QCOM
2024-06-25,194.4546661376953,195.3972626838739,191.56915392670152,195.3876495933679,11974900,QCOM
2024-06-26,189.79937744140625,193.47358870741743,188.23157777022834,192.66564880722322,10023800,QCOM
2024-06-27,187.7025604248047,190.9920572075382,186.44255579457794,189.35692190652227,11936600,QCOM
2024-06-28,191.57876586914062,196.15712127609098,188.14501399040182,188.52012998852413,15547500,QCOM
2024-07-01,192.39633178710938,193.01190712913697,188.597077035073,191.85770519739444,6800600,QCOM
2024-07-02,192.52139282226562,192.82917318298442,189.56854472464624,190.68427971976155,5632900,QCOM
2024-07-03,196.03208923339844,197.0420214958153,192.79070170853626,194.94520821345245,4996200,QCOM
2024-07-05,197.89804077148438,198.85987815068964,196.19558450087843,197.99423037999438,6375200,QCOM
2024-07-08,199.9563751220703,202.40906341047628,198.28277277406386,199.33118668696488,6920400,QCOM
2024-07-09,199.21575927734375,200.59119440274952,196.84964747214653,198.60018392319355,5272600,QCOM
2024-07-10,200.83164978027344,201.25486057971514,198.67712874514922,200.773941885163,5159400,QCOM
2024-07-11,192.22320556640625,202.11089262282624,192.1462568151085,202.00508992435104,8602200,QCOM
2024-07-12,194.70474243164062,198.21545783036558,192.60794389487108,193.96413818322625,7217200,QCOM
2024-07-15,200.2353057861328,201.2548657731313,195.05100271213774,195.25299502671058,7463700,QCOM
2024-07-16,201.6396026611328,203.03426402993,198.7348494494038,201.98586473058708,5998500,QCOM
2024-07-17,184.28807067871094,192.3674997997085,183.28775146092616,192.10779956556573,16156200,QCOM
2024-07-18,184.15341186523438,186.50028300714294,179.8155154024677,186.3848672050832,9960600,QCOM
2024-07-19,179.10374450683594,185.7211756834764,178.67090594581848,184.3746092256793,9195700,QCOM
2024-07-22,187.52944946289062,188.03922213907293,181.8353734999586,183.71095359878737,7590000,QCOM
2024-07-23,185.97125244140625,188.75096172033992,184.81703591158055,186.78880536081448,5796700,QCOM
2024-07-24,174.159912109375,182.37399738007576,173.79440918611473,182.11429716215534,13295300,QCOM
2024-07-25,168.6966552734375,173.3615723757015,166.6575647511152,172.76522322793906,12700100,QCOM
2024-07-26,173.1788330078125,174.38112980087357,170.7934802797922,172.17851385715994,6567800,QCOM
2024-07-29,171.8226318359375,175.66998141997234,171.06278675073915,174.57348737558138,6051600,QCOM
2024-07-30,160.56915283203125,172.55363973137977,160.40564222000688,172.4959318302506,15338900,QCOM
2024-07-31,174.0444793701172,174.16952293201982,166.79223163277942,168.8794170868705,19222200,QCOM
2024-08-01,157.7413330078125,170.21636521309705,155.17322892063046,165.2051859202613,24795000,QCOM
2024-08-02,153.23031616210938,157.99140842878683,151.51824673834636,154.39414589135126,16618900,QCOM
2024-08-05,151.92222595214844,156.60638442649687,145.61257447637922,147.42083362241374,12733900,QCOM
2024-08-06,152.66281127929688,157.3854357543746,150.52753138521,152.3742571656283,9301000,QCOM
2024-08-07,150.1620330810547,158.04911060352714,149.56569865747673,157.3373457250998,9266900,QCOM
2024-08-08,158.65509033203125,159.27066573582454,151.8452791720505,154.60576273603206,9590900,QCOM
2024-08-09,158.2030029296875,159.5591971130645,155.7984095590786,157.8086607710273,4824600,QCOM
2024-08-12,156.67367553710938,157.15459418197452,151.41242438816687,154.4325928908611,8548000,QCOM
2024-08-13,163.00259399414062,163.0891558423762,157.04881782424926,158.0298961336765,11102100,QCOM
2024-08-14,160.77108764648438,164.72423926169262,158.4338302146936,164.12790487362514,7208200,QCOM
2024-08-15,166.7248992919922,167.97529090652245,164.09908717501094,165.19558127589676,10752100,QCOM
2024-08-16,165.60916137695312,166.7633780322109,164.11832510411494,165.71496408113595,5435700,QCOM
2024-08-19,167.60980224609375,167.66752482597923,162.30046966175317,165.02247162555187,6708100,QCOM
2024-08-20,165.54183959960938,168.7351322149037,164.61846921509965,167.22505509128308,6222400,QCOM
2024-08-21,167.57130432128906,168.19649272831234,165.5129729789774,166.38824848998854,6309500,QCOM
2024-08-22,162.55052185058594,167.92718943559768,161.9541873544697,167.64826304510032,6743500,QCOM
2024-08-23,166.87881469726562,167.9560680553231,164.11834562900515,165.20521207901805,6823600,QCOM
2024-08-26,163.02182006835938,165.8015294625864,162.09844974149496,165.4071726210884,7437600,QCOM
2024-08-27,167.29237365722656,167.78292012921324,161.84838507137712,162.71403286968726,6498800,QCOM
2024-08-28,165.29177856445312,169.0140849551224,163.15649816205243,167.72522624058516,6534600,QCOM
2024-08-29,163.02182006835938,169.62963806096556,162.4831788164123,166.80183386325552,12514200,QCOM
2024-08-30,168.610107421875,168.764004935774,164.28183890966957,165.71496731298933,11110800,QCOM
2024-09-03,157.01034545898438,165.589933469708,155.81766177666924,165.3302332573341,11620300,QCOM
2024-09-04,159.0205841064453,161.81953455086253,156.42362598003197,156.7795011327572,6737000,QCOM
2024-09-05,158.2664794921875,160.29678235786568,156.47789339844294,157.6670632042896,5600000,QCOM
2024-09-06,152.93936157226562,157.77340162574228,151.9145474412997,157.33834097139328,10703000,QCOM
2024-09-09,155.43373107910156,156.98061507536488,153.30675636403964,155.7431019774263,7494900,QCOM
2024-09-10,156.3135223388672,156.68091412776653,152.44629004247972,154.68929185549828,7918100,QCOM
2024-09-11,161.03155517578125,161.3602663900411,153.96419030759066,156.97096409615514,8275400,QCOM
2024-09-12,159.50399780273438,160.7898543588742,157.4930351643419,160.37413395283014,6039200,QCOM
2024-09-13,162.16270446777344,162.71379211826084,159.9487206011336,160.3064348464762,4049900,QCOM
2024-09-16,161.07986450195312,161.78563013695842,158.35345914803915,159.45561956184488,6510000,QCOM
2024-09-17,163.1005096435547,163.87395900821667,160.56747735779828,163.27454275795546,5828000,QCOM
2024-09-18,162.7137908935547,166.69703517058747,162.1337001871257,163.89329784492605,5877600,QCOM
2024-09-19,168.14723205566406,170.93164359229084,166.7647038080561,168.6306360167552,10900000,QCOM
2024-09-20,163.31321716308594,167.32547949881078,158.84656860729433,166.95808771203298,27546400,QCOM
2024-09-23,160.45144653320312,164.33800369274402,159.8616931205885,162.8297857201081,9810000,QCOM
2024-09-24,161.40859985351562,163.73861077806518,160.47079487147403,161.86300081398196,9666800,QCOM
2024-09-25,162.68478393554688,162.99415481986222,160.25808644919252,160.760830732564,5095500,QCOM
2024-09-26,166.92906188964844,169.91649487346766,161.24422650116267,169.1043797472035,8475000,QCOM
2024-09-27,164.48306274414062,167.69285788629833,164.19301737078214,167.25779720242087,5880700,QCOM
2024-09-30,164.40570068359375,166.51333500829196,162.1820393692005,165.68187955168645,8099700,QCOM
2024-10-01,160.27743530273438,164.63773424173615,158.63386458918,164.16400774476855,8277600,QCOM
2024-10-02,162.73312377929688,164.11565208838348,159.66832954765295,160.6351375128275,4484600,QCOM
2024-10-03,163.31321716308594,163.9029706749722,160.16142817056604,160.44179601941408,6260200,QCOM
2024-10-04,163.2938690185547,167.06442915583153,160.95419537554028,166.82272715032607,6586500,QCOM
2024-10-07,161.39894104003906,163.11985821884355,160.2387743102851,162.07570373636887,4359300,QCOM
2024-10-08,160.81884765625,162.15304748731825,158.22780916078892,159.38797587147775,7843500,QCOM
2024-10-09,164.57005310058594,164.6473995081197,159.20426594052154,160.4417789564241,5486500,QCOM
2024-10-10,162.92648315429688,163.14884485663737,159.84236337115445,161.67929261231646,5048000,QCOM
2024-10-11,164.3380126953125,164.77307332628,161.3312393535505,162.42373706766426,3801400,QCOM
2024-10-14,172.13050842285156,172.93296091981236,165.22749914726788,165.65289707359128,9933600,QCOM
2024-10-15,168.3115997314453,173.86108291453763,167.0160805631474,171.3377134661536,12910400,QCOM
2024-10-16,165.78823852539062,168.87235853255893,164.57006570614294,168.82401518010752,6495700,QCOM
2024-10-17,165.42083740234375,169.79079848369307,165.3434910001538,169.79079848369307,6093200,QCOM
2024-10-18,165.246826171875,166.8517310369343,163.79661413166187,166.3973300841486,6432700,QCOM
2024-10-21,163.4002227783203,164.52172365384794,160.55781951094653,164.00931656891757,7297700,QCOM
2024-10-22,167.43182373046875,167.721869117955,162.64612647006953,163.4002356261411,7313000,QCOM
2024-10-23,161.07022094726562,166.9097348576849,158.84655956578985,163.7192654627257,9788200,QCOM
2024-10-24,162.5204315185547,163.33254670208373,160.03572786494107,161.07988228047245,4933400,QCOM
2024-10-25,164.61839294433594,167.4317928528407,164.1736547985657,164.62805571295235,5496600,QCOM
2024-10-28,166.50367736816406,167.40280174016192,163.7482686270566,163.7966119782254,5024600,QCOM
2024-10-29,170.15821838378906,170.7093060585321,165.57554287329947,166.48434480912957,6427700,QCOM
2024-10-30,162.05636596679688,166.03962529578962,161.9693567799831,164.2800275056236,8819700,QCOM
2024-10-31,157.3673553466797,162.21105851770403,156.70025541096246,162.05636568431325,10261200,QCOM
2024-11-01,159.7843475341797,160.5674595814863,157.3673277573973,157.66703584934743,6498100,QCOM
2024-11-04,159.69732666015625,161.94032813695702,158.20844894024546,159.581314429397,4949800,QCOM
2024-11-05,160.4031219482422,162.0273523387996,158.79821709639165,159.5233231105304,5373200,QCOM
2024-11-06,167.2481231689453,172.52688664881802,163.0715054794324,163.63225589620885,17661900,QCOM
2024-11-07,167.17076110839844,176.05572825998135,165.9332481500908,174.28646799482635,23586300,QCOM
2024-11-08,165.23715209960938,167.73151840843045,163.14884336399376,166.37797841209348,10736600,QCOM
2024-11-11,162.70413208007812,165.12115238091448,160.57715716580637,164.3573804568715,7829500,QCOM
2024-11-12,157.98609924316406,161.77598484302356,156.48754388869162,161.50527978248496,8483300,QCOM
2024-11-13,155.09535217285156,157.53171269258434,154.4475925222231,157.386682627556,7921700,QCOM
2024-11-14,158.5275115966797,159.43631349227985,156.49720886172955,157.54136328950509,7012600,QCOM
2024-11-15,155.17266845703125,158.87554449640865,154.30254724511522,157.5896882149289,9737000,QCOM
2024-11-18,159.03993225097656,159.6586888441094,156.62291200400122,157.20300276420366,7814200,QCOM
2024-11-19,159.24295043945312,160.71248796180384,157.25131358916144,158.5855133353959,6176800,QCOM
2024-11-20,149.14947509765625,158.74987150848807,147.87328144963783,158.55651285790574,14483000,QCOM
2024-11-21,150.2999725341797,151.73084418986696,148.49203161040745,150.00992719459367,10685800,QCOM
2024-11-22,151.5858154296875,151.67283935892462,148.62738539591754,149.65219948580452,5709300,QCOM
2024-11-25,153.5484619140625,154.35089961525557,152.0015631297903,153.66447415957086,9189800,QCOM
2024-11-26,151.72119140625,156.11050853859194,150.90907612485216,154.4475973896414,9489900,QCOM
2024-11-27,151.20875549316406,152.41726541479204,149.3331604867449,151.72116251974884,6337900,QCOM
2024-11-29,153.26806640625,156.15882754931494,152.513957369332,152.86200882885714,6112000,QCOM
2024-12-02,157.61871337890625,157.94742457152796,153.12306189959884,153.12306189959884,9812700,QCOM
2024-12-03,157.18365478515625,158.42116791090646,155.96548195108593,156.1395003192445,6961400,QCOM
2024-12-04,157.91842651367188,159.52333144941684,156.85494648873467,159.0205871226841,6721600,QCOM
2024-12-05,155.87750244140625,159.82327388451435,155.43043779936644,158.0156035136408,7279800,QCOM
2024-12-06,155.02224731445312,155.87749362678022,152.8161234952748,155.87749362678022,9918400,QCOM
2024-12-09,156.2176513671875,158.34602415865945,153.0396473237184,153.04936063920385,9481200,QCOM
2024-12-10,152.05807495117188,156.9465569821447,151.64987841190077,156.246812671237,8683600,QCOM
2024-12-11,155.333251953125,155.94553191353603,152.55371625704572,152.86470548030138,7081800,QCOM
2024-12-12,153.78799438476562,154.97367142196092,152.5051248706239,154.2058894107576,5796100,QCOM
2024-12-13,154.06983947753906,155.18747889213444,152.21357277793234,153.78800500212063,8886700,QCOM
2024-12-16,153.4478302001953,154.2447669608264,149.6867157793113,153.7102380152189,9951100,QCOM
2024-12-17,153.4770050048828,155.47904565379483,152.08724439443097,152.08724439443097,7187400,QCOM
2024-12-18,148.74400329589844,156.62583232864878,148.0345457020535,153.79770043921982,10295200,QCOM
2024-12-19,146.16854858398438,151.09591322471226,145.83811791077872,149.69642469173655,8414800,QCOM
2024-12-20,148.58853149414062,150.22127341900722,145.22586998177357,145.3716587199627,17347100,QCOM
2024-12-23,153.78799438476562,154.22533087204488,150.20180849599384,151.28057974034397,8863200,QCOM
2024-12-24,154.87649536132812,154.91536345853262,153.10769293394762,154.17675097571512,2839600,QCOM
2024-12-26,154.06983947753906,155.07085977533936,152.92304528374493,152.97162669608224,3846900,QCOM
2024-12-27,152.81613159179688,153.31177764207078,151.14452179976817,152.76753535247823,7232500,QCOM
2024-12-30,150.23097229003906,151.73736679618355,149.472918378726,150.86267893963637,5356000,QCOM
2024-12-31,149.29795837402344,151.4555007537506,148.8995048294438,150.36701624847896,4423300,QCOM
2025-01-02,149.31741333007812,153.0785280319401,148.49132173156252,150.64886430629477,5009100,QCOM
2025-01-03,153.3895263671875,153.98236488724072,150.14349931026845,151.0473270642321,5885800,QCOM
2025-01-06,155.3527069091797,161.0089564370586,154.8473326943121,154.8473326943121,9599800,QCOM
2025-01-07,156.0038604736328,158.85141938476698,154.7695870868366,157.44221731910534,7666000,QCOM
2025-01-08,154.60435485839844,155.6831260821886,152.52456342499542,155.54706551475064,7731900,QCOM
2025-01-10,152.5634307861328,153.82685880885265,151.17367034178366,153.26317508088565,6236800,QCOM
2025-01-13,152.709228515625,152.9424667413224,150.44478015437332,150.8529618788342,5714700,QCOM
2025-01-14,155.04168701171875,156.48004366014598,152.15524556993248,155.63452550247763,6476500,QCOM
2025-01-15,159.7843780517578,160.79511144207058,157.52964343027048,157.5393715741742,9284000,QCOM
2025-01-16,156.8882293701172,161.17415947886502,156.7424554872984,160.6979549086639,7188900,QCOM
2025-01-17,159.93019104003906,160.95065282389672,158.5112756548202,160.72712790174413,8097500,QCOM
2025-01-21,162.56394958496094,163.93426869692428,160.69796956722126,161.32967622304523,7380500,QCOM
2025-01-22,165.4503936767578,167.2483360151155,163.45806636820691,163.58441363293426,7281700,QCOM
2025-01-23,169.45448303222656,169.473924496074,164.61459659864778,165.58646217813302,7172300,QCOM
2025-01-24,167.2677764892578,170.27083740940185,167.10256112916318,170.17365975437087,5825800,QCOM
2025-01-27,166.36392211914062,167.3552290393733,162.57365276161863,167.25805139118737,15632600,QCOM
2025-01-28,166.72352600097656,168.6089474042287,165.03247472775766,165.43094313349454,8720200,QCOM
2025-01-29,166.87901306152344,168.60893227371452,165.43092828816592,166.72351103965505,5118900,QCOM
2025-01-30,167.0928192138672,168.65752317699128,166.15983668909783,167.49128760628466,6010600,QCOM
2025-01-31,168.06468200683594,171.81608316684873,167.4426887236494,167.65650030500942,7800500,QCOM
2025-02-03,165.4503936767578,167.72455546490295,163.33171910347957,164.12865595869638,7447100,QCOM
2025-02-04,168.17160034179688,168.9004994700336,163.75933747717994,163.75933747717994,5457900,QCOM
2025-02-05,170.9122772216797,172.02020336201812,165.11995198462643,168.13274113914764,15197800,QCOM
2025-02-06,164.5562744140625,164.72148977036287,160.74654858475822,163.11790278952265,16293500,QCOM
2025-02-07,163.23451232910156,166.4805390712019,161.38795924810387,165.05189580618082,7841700,QCOM
2025-02-10,166.53887939453125,166.96650260450824,164.24527612878396,164.95473382015962,6237700,QCOM
2025-02-11,167.15113830566406,167.8411544467957,164.35216116098854,164.87696196087052,6588100,QCOM
2025-02-12,165.49896240234375,166.12095570260172,163.50665007601856,164.7797914539302,5505700,QCOM
2025-02-13,167.306640625,167.51073890586864,164.70204819176308,165.401792541183,6362200,QCOM
2025-02-14,167.38438415527344,167.95779604753716,166.22786188424485,167.74398445980967,4691300,QCOM
2025-02-18,168.7547149658203,168.8324659808159,166.422243833912,168.38540135196374,7292600,QCOM
2025-02-19,170.290283203125,171.53426992329153,168.47289936637216,169.0948927264554,6849600,QCOM
2025-02-20,168.8130340576172,171.4273546202796,168.03553869322275,171.04832766919225,6316400,QCOM
2025-02-21,160.77569580078125,170.49435039299163,160.56189904288345,170.0570139022402,12531900,QCOM
2025-02-24,156.56753540039062,161.90306741654706,156.46062960397362,161.24220600559852,9827800,QCOM
2025-02-25,156.6841278076172,158.73476422247427,154.95420872734778,157.1117509204007,8244900,QCOM
2025-02-26,157.5393829345703,159.52198177101207,156.4022873979253,157.2769751315377,9161900,QCOM
2025-02-27,150.09490966796875,158.657042320316,149.76447895820172,157.77264115933022,10807200,QCOM
2025-02-28,152.7480926513672,152.88415322266127,149.08415571292613,150.73633885941274,10149500,QCOM
2025-03-03,149.29795837402344,155.57621539861924,148.2289153290571,154.51688566906097,9601900,QCOM
2025-03-04,150.1143341064453,152.77723577427514,147.09183216159948,150.90154269670126,8956800,QCOM
2025-03-05,154.0309600830078,154.67238000782106,148.72456821571177,150.67801242619143,6786900,QCOM
2025-03-06,152.4675750732422,154.26546098918146,150.5622218375911,150.58176812728894,7808100,QCOM
2025-03-07,157.5289764404297,158.1152458029726,151.6663424527976,151.6663424527976,8727600,QCOM
2025-03-10,151.4318389892578,155.61385024160126,149.11610322409356,153.74758966387202,10139900,QCOM
2025-03-11,149.59490966796875,152.65324080056766,147.4061872248157,151.30484488339872,8692900,QCOM
2025-03-12,149.30178833007812,152.2917300752296,148.44193034500594,150.67951126267246,7117400,QCOM
2025-03-13,148.46144104003906,152.0669634244664,146.97623621543343,149.10633437421055,5861700,QCOM
2025-03-14,152.99522399902344,153.35674836465554,150.02481409449996,150.04436038464115,5309400,QCOM
2025-03-17,154.3338623046875,155.08623796569464,151.88133204771967,152.03767255821887,5781000,QCOM
2025-03-18,152.7118682861328,156.07311482975663,152.35034388898853,154.33386759186212,6898400,QCOM
2025-03-19,154.63674926757812,156.83523718574256,151.51001387696766,152.84864397167033,5871000,QCOM
2025-03-20,154.3338623046875,155.47707433249093,152.9366081294117,154.38272057789996,5089300,QCOM
2025-03-21,153.22975158691406,153.81600617050043,150.04437686922975,151.4318654326725,10949300,QCOM
2025-03-24,156.41510009765625,157.31403565512278,155.16440585166356,156.33692984360027,6033400,QCOM
2025-03-25,156.48348999023438,157.7732768199481,155.77020692138137,156.21968215552596,3978200,QCOM
2025-03-26,154.76377868652344,157.1283728053673,153.25904239615025,155.79950839293556,5960300,QCOM
2025-03-27,154.35340881347656,155.60410308033,152.1842326829601,154.58791957955597,6102000,QCOM
2025-03-28,149.22360229492188,154.03096114894285,148.09015596338926,153.32744376450546,8918000,QCOM
2025-03-31,150.09323120117188,150.32774197411564,144.4944188185275,147.3573318213033,8613600,QCOM
2025-04-01,149.54603576660156,149.80985848977343,146.81990241587624,148.90114240304823,5708900,QCOM
2025-04-02,150.55245971679688,151.90087045835708,146.92739072860348,147.33777336528465,5377200,QCOM
2025-04-03,136.22808837890625,144.02538846147525,135.38777679741477,143.63455210659833,16465000,QCOM
2025-04-04,124.54190826416016,132.74959873151604,123.77976690910674,131.26439369447144,19018600,QCOM
2025-04-07,126.75016021728516,134.05890711805893,118.03437863840506,121.73760290389404,17938300,QCOM
2025-04-08,121.80601501464844,132.19263973558859,118.95286035664363,128.1278908584023,14965900,QCOM
2025-04-09,140.3026123046875,141.54354079280506,121.34676655087364,122.2945603295094,21242600,QCOM
2025-04-10,131.32301330566406,135.87632990324497,126.33000208081233,133.87326003517643,14898800,QCOM
2025-04-11,136.06198120117188,137.4299233428251,128.10834067024263,130.93217580579557,10955300,QCOM
2025-04-14,136.0033416748047,139.83359414254286,133.69737167888127,139.48183550216643,6930300,QCOM
2025-04-15,135.42684936523438,137.6155564842206,134.86989198691796,136.26716082254487,6346800,QCOM
2025-04-16,132.63235473632812,134.16640318283254,128.77277466372985,130.61950414181229,10417200,QCOM
2025-04-17,133.53126525878906,134.98714317396357,132.60301784849034,134.23478253825638,7135900,QCOM
2025-04-21,133.02317810058594,133.42379504205198,130.3068252697078,131.6454553952227,8128300,QCOM
2025-04-22,135.56365966796875,135.915418340952,133.36517168918633,133.61921382155444,8228000,QCOM
2025-04-23,137.24429321289062,140.58599340547605,136.5798534870021,139.31575282819514,9073500,QCOM
2025-04-24,143.83975219726562,144.43578733503784,138.73925869946436,139.51116572570146,8810600,QCOM
2025-04-25,145.15882873535156,145.78417582285448,142.73561063495907,142.73561063495907,5145600,QCOM
2025-04-28,144.24034118652344,145.88188654415688,142.1102578797926,144.78751800258456,5743500,QCOM
2025-04-29,143.51730346679688,144.86569932101827,142.18843899360613,143.3023389998505,6692000,QCOM
2025-04-30,145.0611114501953,145.4421820575565,140.58596578125292,141.87573748714885,10851900,QCOM
2025-05-01,132.11448669433594,135.7786335806843,131.7822593787903,135.61251246818557,22836600,QCOM
2025-05-02,136.60916137695312,138.17253664207087,134.14685055270073,134.69404233210798,13185600,QCOM
2025-05-05,136.2476348876953,137.54718738844667,135.12395427408487,135.13373487411576,7165300,QCOM
2025-05-06,136.6970977783203,137.5765019589297,134.31297210975978,134.66473080011323,6957900,QCOM
2025-05-07,140.99635314941406,141.3871894591409,137.03907214826933,137.16610065818284,10196400,QCOM
2025-05-08,141.778076171875,144.12312443620826,140.59577143837447,142.30570681304135,8489100,QCOM
2025-05-09,141.856201171875,143.61499444851043,141.2894929749953,142.3252226519445,6217100,QCOM
2025-05-12,148.6373291015625,150.8260514547301,146.3997633860951,150.55246302426556,11414600,QCOM
2025-05-13,147.87518310546875,149.78053636801687,147.50389305267143,148.52984217980833,10160900,QCOM
2025-05-14,149.47764587402344,149.7610149143487,146.98602302271155,148.4516817694301,6971200,QCOM
2025-05-15,149.11611938476562,149.8782607295558,146.74174449564885,148.2367301129159,6941200,QCOM
2025-05-16,149.0086212158203,149.55579802952707,147.83609734224154,149.37014555856584,6668000,QCOM
2025-05-19,150.18116760253906,150.29843044409037,146.67336114568656,147.1032901093196,7241100,QCOM
2025-05-20,150.29843139648438,150.36682105415815,148.4516869975078,149.53627510465395,5269500,QCOM
2025-05-21,147.84588623046875,152.55554366212996,147.3768795893354,150.06392072140827,9684500,QCOM
2025-05-22,143.99607849121094,148.1097005126847,143.84951858344823,147.92404802321764,9539100,QCOM
2025-05-23,142.05165100097656,143.1362390737286,138.52429834179668,140.13651700505832,8994600,QCOM
2025-05-27,145.22723388671875,145.9307512267082,143.07758928705616,144.17195787673455,9788800,QCOM
2025-05-28,144.2208251953125,146.0675546012894,143.98631443078546,145.41289549011788,7032300,QCOM
2025-05-29,144.94386291503906,147.0544149065844,143.86905553913297,146.42906782495436,5980700,QCOM
2025-05-30,141.87576293945312,144.63120852504082,140.19513972614112,144.61166223387625,13755600,QCOM
2025-06-02,143.2730255126953,143.83974865510072,141.17223913679493,141.48492014341213,6419500,QCOM
2025-06-03,145.53013610839844,146.35090137884262,142.17865555657502,143.35119441086772,6164100,QCOM
2025-06-04,145.6376190185547,146.6147247953857,144.00585416038098,146.56586652465398,7143800,QCOM
2025-06-05,145.04782104492188,147.52492279873024,144.4973573216337,146.2667157172111,5605500,QCOM
2025-06-06,146.69923400878906,148.0262416176794,146.51246630852003,147.2496977575743,5794700,QCOM
2025-06-09,152.76419067382812,153.46209471774125,148.5963701194701,149.225473693806,10589400,QCOM
2025-06-10,156.42086791992188,156.7943883432643,152.42999050911754,153.530918070991,9068400,QCOM
2025-06-11,156.764892578125,159.3796104080678,155.01519778942944,157.27604392059038,8859900,QCOM
2025-06-12,155.9981689453125,156.89268002125718,155.2609375088989,156.2930645196803,5689400,QCOM
2025-06-13,152.0859375,154.49422395169177,151.81070561975022,153.67835266416117,8446400,QCOM
2025-06-16,154.19932556152344,155.75242828555042,152.99027018105764,154.35660520423784,8686300,QCOM
2025-06-17,151.8303680419922,154.89724610971965,151.76155257300508,153.98307130167785,7146900,QCOM
2025-06-18,151.01449584960938,153.4424459715724,150.54265691972125,152.36116717267748,6708700,QCOM
2025-06-20,148.74383544921875,152.479129737008,148.06558006568451,151.60428228553963,15501900,QCOM
2025-06-23,150.5328369140625,150.90637232792528,147.1317357748696,148.65535049040113,6860700,QCOM
2025-06-24,153.05908203125,153.63903382616118,151.525628049552,152.09575549165538,7692700,QCOM
2025-06-25,153.27532958984375,153.86512076275488,151.95814630255646,153.4424485880782,5280100,QCOM
2025-06-26,155.49685668945312,155.72293679649133,153.2556743266943,153.83562612253718,6278200,QCOM
2025-06-27,155.8408966064453,158.357325959794,154.8874243697742,155.94902448881192,22100300,QCOM
2025-06-30,156.5486297607422,157.1384208984621,155.11349432410833,155.69344611015885,7988200,QCOM
2025-07-01,156.68626403808594,158.89795856496679,155.29044084766943,155.52636033018155,8942300,QCOM
2025-07-02,159.55654907226562,160.01853363862676,156.0964720078796,156.96148002471716,8916400,QCOM
2025-07-03,159.4484100341797,161.1686165936432,159.33044281363195,160.26426623182425,4280800,QCOM
2025-07-07,155.3985595703125,158.74068454655765,154.88742322020286,158.36714913769765,7187400,QCOM
2025-07-08,156.7353973388672,159.07488318468472,155.90970174587687,156.7550610431798,6879100,QCOM
2025-07-09,156.63711547851562,158.73084260701958,155.55583668049965,156.68625224286993,4190100,QCOM
2025-07-10,156.38153076171875,157.56109807578758,155.10365992188912,156.28324223497012,5674400,QCOM
2025-07-11,154.779296875,156.46017623352947,154.47456193374,156.2930722329104,5907700,QCOM
2025-07-14,151.66323852539062,153.835620338684,150.86703100526864,153.7569805220161,7382600,QCOM
2025-07-15,151.67308044433594,154.04205433989475,151.49613710408505,153.62919154564653,6467300,QCOM
2025-07-16,151.44700622558594,151.86967838986357,148.96006500690663,151.67308633673414,7106700,QCOM
2025-07-17,150.01185607910156,150.9161915247532,149.21564851276761,150.39521583322576,7018600,QCOM
2025-07-18,152.16456604003906,152.78383022517735,150.12980014869646,150.43452006502048,7433900,QCOM
2025-07-21,156.26358032226562,157.2072281847389,152.27270311440353,152.2825274674874,7662300,QCOM
2025-07-22,155.30026245117188,156.33237444654506,153.51124032770306,156.25374962704055,6951600,QCOM
2025-07-23,157.15809631347656,157.31536096277705,154.2583071691219,155.89004977259336,7296200,QCOM
2025-07-24,156.1357879638672,156.38153178085855,154.1206856647356,155.65413968193198,5014800,QCOM
2025-07-25,155.70327758789062,156.48966080783197,154.7301416648367,156.19476522547743,4808200,QCOM
2025-07-28,158.3081817626953,159.20269292330443,156.4503589670528,157.04013517259813,9627300,QCOM
2025-07-29,159.3206329345703,160.8147595388145,158.3966337845642,159.28130552447817,9460900,QCOM
2025-07-30,156.35203552246094,160.4903677831155,155.31008419290734,160.22496027496135,14382500,QCOM
2025-07-31,144.26145935058594,154.13054042714128,143.10155561794252,150.50335892585215,24440100,QCOM
2025-08-01,145.66709899902344,146.6304105066165,143.3079494919033,143.96655608276996,12706700,QCOM
2025-08-04,144.99868774414062,148.2228456758826,144.56619119150346,145.98166308915987,8150200,QCOM
2025-08-05,144.21229553222656,146.11925478589197,143.18999294363198,145.99147821157587,7794500,QCOM
2025-08-06,143.3571014404297,144.2123000749259,141.65655852194433,144.15330896298607,8475700,QCOM
2025-08-07,143.41607666015625,145.79488985953722,142.34463728459932,145.79488985953722,6753500,QCOM
2025-08-08,145.04782104492188,145.4999962456295,143.2096621834392,143.8584294283195,5028700,QCOM
2025-08-11,145.4508514404297,148.4882414153317,145.19528327068483,146.0406426001637,6215900,QCOM
2025-08-12,151.11277770996094,151.27988169896034,146.04063692906297,146.2568776802886,9304100,QCOM
2025-08-13,153.92410278320312,154.43525415272782,151.0145042160908,151.3487122273514,7103300,QCOM
2025-08-14,155.3985595703125,155.9490233313614,152.262866003967,152.262866003967,6294800,QCOM
2025-08-15,155.16265869140625,156.5486424793306,154.02240373198214,155.3494114011454,7583700,QCOM
2025-08-18,156.19476318359375,157.03029815617356,154.56303564738604,155.09383568947536,4774400,QCOM
2025-08-19,153.58987426757812,156.71572818914652,153.39328222831784,156.36187151788474,6396500,QCOM
2025-08-20,152.79367065429688,153.97323791893967,150.8473839176857,153.72749411384694,7151700,QCOM
2025-08-21,151.5059814453125,152.5577571727893,150.44436636587952,152.18423677375682,4997300,QCOM
2025-08-22,155.31991577148438,157.16791406399608,151.92865411689536,152.19406163739723,7711500,QCOM
2025-08-25,153.75697326660156,155.35922758270465,152.75433440016195,154.926716110946,4653000,QCOM
2025-08-26,156.46017456054688,157.23673343636972,154.73014345586046,154.97588727749837,9173000,QCOM
2025-08-27,157.04995727539062,157.24654932231252,155.11349486523582,155.66395859622185,4549900,QCOM
2025-08-28,158.0624237060547,158.47527151249554,156.32255330825876,157.18757633071317,8156300,QCOM
2025-08-29,157.99362182617188,158.84882056928572,156.686262827171,156.81405442075413,9949100,QCOM
2025-09-02,156.07681274414062,156.23409238768147,151.96798329996977,155.13316488092033,7520300,QCOM
2025-09-03,154.60235595703125,156.85337782220472,153.40312487580627,156.6862588199408,6336400,QCOM
2025-09-04,157.8843994140625,158.0326787658043,152.70429118392013,154.41451173960985,7781200,QCOM
2025-09-05,158.01290893554688,161.62119583169348,157.33079372385262,158.25017099137924,7954200,QCOM
2025-09-08,158.40834045410156,158.45775684860786,156.2038201880702,158.45775684860786,7019700,QCOM
2025-09-09,156.84640502929688,159.7528011156979,155.76886813816373,158.53685004485988,6126000,QCOM
2025-09-10,157.13308715820312,157.39012483010217,154.8198386173342,156.80685747920307,8256900,QCOM
2025-09-11,159.663818359375,160.21742982488556,156.15440949656576,157.37034548259723,8360200,QCOM
2025-09-12,159.98016357421875,160.47444819933182,157.75588276120996,159.48587894910568,5430600,QCOM
2025-09-15,159.37713623046875,160.82043889310032,158.37868671496693,159.55507145557277,5604800,QCOM
2025-09-16,162.2637481689453,163.11391828580975,159.65392607974712,159.9702754647985,7997500,QCOM
2025-09-17,163.37094116210938,164.4682535815174,161.36414688548277,162.79756921387764,6057800,QCOM
2025-09-18,166.20816040039062,166.92981176213883,164.32986968921142,164.97244878160313,10421200,QCOM
2025-09-19,164.9427947998047,167.64158478254194,164.38918331737221,167.23626774668568,19444400,QCOM
2025-09-22,167.77996826171875,168.27425286888047,164.02340223041597,164.94277944360869,6196600,QCOM
2025-09-23,167.59214782714844,168.89706650942477,166.37621184366006,167.87884136387734,5468400,QCOM
2025-09-24,171.56619262695312,172.44601863696337,166.74196996476516,167.1176310986019,9213700,QCOM
2025-09-25,167.7404327392578,170.0042648991034,166.02033179940315,169.2529576563001,8093700,QCOM
2025-09-26,167.2659149169922,168.9761355043946,166.2081536580912,167.74042393573424,4846000,QCOM
2025-09-29,163.41050720214844,167.89860515668397,162.87667133650996,167.265921412336,7523100,QCOM
2025-09-30,164.45838928222656,164.93289832240333,162.99531094246547,163.7466181797762,5593300,QCOM
2025-10-01,164.5869140625,164.863712269631,162.60977539192368,163.90479880765182,6153000,QCOM
2025-10-02,166.919921875,167.6020219783699,165.2689979732459,165.83248967941995,5499500,QCOM
2025-10-03,167.2461395263672,169.78676975534347,166.81118172450212,166.91992494606083,5137900,QCOM
2025-10-06,166.6925506591797,168.9267269327875,165.8028443222864,168.59060190642364,8265800,QCOM
2025-10-07,163.5686798095703,170.01414065850807,163.2523303992722,167.95791474468072,7147500,QCOM
2025-10-08,165.85226440429688,166.6233471991026,162.01661095417765,164.33975468491883,7302200,QCOM
2025-10-09,163.76638793945312,165.69409498790844,161.36415678340123,165.45683293411014,6928400,QCOM
2025-10-10,151.8343505859375,163.20289719295062,151.59710361509227,162.93599435074972,15818600,QCOM
2025-10-13,159.9307403564453,160.5337682336089,153.99932454868681,154.16737951978217,10311000,QCOM
2025-10-14,159.89120483398438,162.3922839690867,157.43954209663966,157.4790933160903,8675200,QCOM
2025-10-15,161.1071319580078,162.36261912974507,158.47753413147362,162.36261912974507,7334100,QCOM
2025-10-16,162.20443725585938,163.3017496787415,160.35581766620993,162.6097542508809,5686700,QCOM
2025-10-17,161.58163452148438,161.91774443297663,159.82198253264946,160.99838230724146,4833100,QCOM
2025-10-20,165.13059997558594,165.73362781814745,160.2075293612587,161.47289678755672,8194100,QCOM
2025-10-21,166.900146484375,167.30546349274454,164.30020455796742,164.8933521353067,6176100,QCOM
2025-10-22,167.33511352539062,167.83927838948168,164.1222636096894,165.5754615475407,10083800,QCOM
2025-10-23,168.08642578125,169.29248145441935,165.96100796024155,166.40586109901432,6546400,QCOM
2025-10-24,167.00889587402344,170.4491127303254,166.5442671076287,169.72746138258532,6256000,QCOM
2025-10-27,185.53468322753906,203.59584897530524,166.8902802840509,167.0187840386185,81799300,QCOM
2025-10-28,178.960693359375,183.78491621367652,177.35921597239158,181.82753820250798,20323100,QCOM
2025-10-29,176.62767028808594,181.3925814269066,176.1630415227862,179.91960777900198,11614600,QCOM
2025-10-30,175.23377990722656,177.8238416008188,175.16458790356617,176.6375464327639,7862900,QCOM
2025-10-31,178.83218383789062,180.0678954870866,174.80871455198138,176.47939911519362,9452800,QCOM
2025-11-03,178.6542510986328,181.35304115458422,177.04287825855437,180.85875648799532,8535100,QCOM
2025-11-04,170.8643035888672,177.29000364012416,170.3205874907331,175.45126425285122,12323600,QCOM
2025-11-05,177.66567993164062,181.3332636726266,172.32741162132922,172.76236945256633,18845500,QCOM
2025-11-06,171.22019958496094,176.4695001496126,168.11609258920316,175.7676243945084,16184700,QCOM
2025-11-07,168.93661499023438,172.25820859726377,166.3267925193092,170.7555789672247,10614700,QCOM
2025-11-10,169.6088409423828,172.80191553706703,167.56249526414592,171.77379502448213,10129300,QCOM
2025-11-11,171.99127197265625,173.96841045059946,169.04533986414432,169.04533986414432,8419100,QCOM
2025-11-12,174.65052795410156,175.39195489315838,172.8809956300086,172.9996191132594,8785800,QCOM
2025-11-13,172.50534057617188,176.7858473988741,171.05214251757715,174.61099798441532,9526100,QCOM
2025-11-14,171.99127197265625,173.68173200842025,169.44076152598515,169.81642266379262,7949900,QCOM
2025-11-17,164.84393310546875,172.84145523528423,163.28199177926248,170.82478047189662,10211100,QCOM
2025-11-18,163.17324829101562,164.88346897784146,159.5452007246372,163.00519331803233,11073200,QCOM
2025-11-19,164.21124267578125,165.59523362536578,162.23410412816332,162.80747611709694,8176500,QCOM
2025-11-20,157.76576232910156,166.94957907053654,157.03423074114986,165.21958289025355,12075400,QCOM
2025-11-21,161.43336486816406,163.38084753754097,157.28137694948742,158.9125102118486,10815000,QCOM
2025-11-24,163.17324829101562,165.03176342532362,161.84856903265043,162.49113305196127,12070100,QCOM
2025-11-25,161.43336486816406,163.0842737395562,160.0197029676637,162.11548007821798,7758100,QCOM
2025-11-26,163.2523193359375,164.34963176644462,161.28506117043545,162.24397451440873,7967700,QCOM
2025-11-28,166.16859436035156,166.26745731478488,162.25386874844432,163.14357500086805,5068800,QCOM
2025-12-01,166.11917114257812,167.09786013639985,163.60821186943875,164.01352888465104,6818300,QCOM
2025-12-02,168.748779296875,169.21340808234442,165.72375960211377,166.82107214672035,9159100,QCOM
2025-12-03,173.06883239746094,173.08859292246373,168.40278415386396,168.946485194475,7624300,QCOM
2025-12-04,173.2377471923828,173.81403376343962,172.12488187793554,173.2178705363803,7245000,QCOM
2025-12-05,173.69479370117188,176.11923009845722,173.38677377817086,173.62524815151616,8400100,QCOM
2025-12-08,174.1916046142578,174.38039493203829,172.61175168353495,173.62524882236175,6690200,QCOM
2025-12-09,174.87721252441406,175.22498577298987,171.22069626730675,173.3867817358537,7719100,QCOM
2025-12-10,181.047607421875,182.26975645543368,174.1320017100294,174.68842679322861,11100100,QCOM
2025-12-11,180.1136016845703,180.48123643710323,176.95388044563842,180.2129546428905,6319200,QCOM
2025-12-12,177.152587890625,181.94184585961688,176.7352691103243,180.093711168888,8865800,QCOM
2025-12-15,178.1164093017578,179.15971388206592,175.2647232555021,178.5734814128785,6954700,QCOM
2025-12-16,174.99644470214844,178.04686703829697,173.69480422021527,178.04686703829697,7136000,QCOM
2025-12-17,171.2405548095703,176.34776361720296,170.95241153311883,174.99643911907916,8501900,QCOM
2025-12-18,173.07876586914062,175.95032864950844,172.42297266800423,174.58907334893905,8967500,QCOM
2025-12-19,174.13198852539062,176.0596146758396,173.08868399266413,173.32715836517013,25223500,QCOM
2025-12-22,173.1085662841797,177.18241643549993,172.79060044381805,176.42725514536394,6422100,QCOM
2025-12-23,173.6351776123047,174.1518645033371,172.40308276797978,172.50245087983245,4690400,QCOM
2025-12-24,173.65505981445312,174.37046779059963,173.30728657330428,173.9233264344238,1645300,QCOM
2025-12-26,173.69479370117188,174.38039425827498,173.23773677073336,173.8835840182229,2442800,QCOM
2025-12-29,172.32359313964844,174.07237489356547,171.68767663680006,172.8998948393306,3978400,QCOM
2025-12-30,172.5421905517578,173.2874059128995,172.23417062831717,172.9495785879288,3429300,QCOM
2025-12-31,169.9587860107422,172.67136567393374,169.91903270116217,172.50245201183196,4682600,QCOM
