Date,Close,High,Low,Open,Volume,Ticker
,SPY,SPY,SPY,SPY,SPY,
2018-01-02,236.56211853027344,236.59733267818024,235.35629585458207,235.74357089998256,86655700,SPY
2018-01-03,238.05841064453125,238.2080506275682,236.72935188296796,236.72935188296796,90070400,SPY
2018-01-04,239.06179809570312,239.5459053575724,238.1200411901714,238.70095378809887,80636400,SPY
2018-01-05,240.6549835205078,240.77819278482892,239.36113851220546,239.85402929055562,83524000,SPY
2018-01-08,241.09503173828125,241.25345513837206,240.2676737237684,240.55811662393486,57319200,SPY
2018-01-09,241.64068603515625,242.26559612820049,241.23579049496502,241.5174499506135,57254000,SPY
2018-01-10,241.27105712890625,241.53512299871895,240.21487423124526,240.88378200827157,69574300,SPY
2018-01-11,243.03140258789062,243.03140258789062,241.65834594076944,241.82557960963317,62361500,SPY
2018-01-12,244.61572265625,244.78292946823333,242.99619373709777,243.29547378514889,90816100,SPY
2018-01-16,243.77951049804688,246.5256233589057,243.084172029904,245.87430929487635,106555100,SPY
2018-01-17,246.1032257080078,246.49050093358076,243.7796012151073,244.7125751147502,113258800,SPY
2018-01-18,245.6895294189453,246.41124506409105,245.19661178881137,245.9887826104511,100728000,SPY
2018-01-19,246.8073272705078,246.8073272705078,245.6895262290551,246.27041209526817,140920100,SPY
2018-01-22,248.81411743164062,248.8141174316406,246.54327421248192,246.59610888178338,91322400,SPY
2018-01-23,249.3422393798828,249.63268234790917,248.53247482267471,248.85813195245848,97084700,SPY
2018-01-24,249.24530029296875,250.5831692608211,248.0658815548257,249.98463620969167,134816100,SPY
2018-01-25,249.35092163085938,250.20468339855188,248.55877790611441,250.10787806865525,84587300,SPY
2018-01-26,252.23789978027344,252.28192418600324,249.93186971272266,250.1871253122653,107743100,SPY
2018-01-29,250.5655517578125,252.10584165122822,250.4071283867298,251.66575882453802,90118300,SPY
2018-01-30,247.99551391601562,250.61839069835986,247.52021688316722,248.7348499334868,131796400,SPY
2018-01-31,248.11874389648438,249.350970695276,247.0449405017096,248.84929658255598,108364800,SPY
2018-02-01,247.8370819091797,249.13973700377733,247.0449380364705,247.38821560227782,90102500,SPY
2018-02-02,242.44171142578125,246.648903414558,242.40649726832018,246.51685703921194,173174800,SPY
2018-02-05,232.30218505859375,242.79377465444557,231.75648648531626,240.68138181637397,294681800,SPY
2018-02-06,236.87901306152344,237.38071398653761,227.6988907174772,228.79028765425716,355026800,SPY
2018-02-07,235.59397888183594,239.72193155097972,235.5147403268163,236.32450463806282,167376100,SPY
2018-02-08,226.7571258544922,236.03408117347925,226.72191170053435,235.89325141817721,246449500,SPY
2018-02-09,230.16336059570312,232.02049757208297,222.6115362922506,229.54723378106326,283565300,SPY
2018-02-12,233.5431671142578,235.01305567391455,230.3041637362492,232.2141082919744,143736000,SPY
2018-02-13,234.1240997314453,234.66979822260853,231.75645161163467,232.33736425528434,81223600,SPY
2018-02-14,237.28392028808594,237.6447915281146,232.62783518497517,232.63664543929073,120735700,SPY
2018-02-15,240.3117218017578,240.32053205712512,236.5622060480066,239.0266869632627,111200300,SPY
2018-02-16,240.38198852539062,242.32717363382986,239.64265272338298,239.68667711500842,160420100,SPY
2018-02-20,238.8769989013672,240.8749925095738,238.08485503306727,239.4315076673359,86369700,SPY
2018-02-21,237.6887664794922,241.7991526348577,237.59196113335105,239.31707860169553,98883700,SPY
2018-02-22,237.9967803955078,240.32921393717598,237.32787278350617,238.6129070792043,110511300,SPY
2018-02-23,241.7903594970703,241.7903594970703,238.7449930968572,239.22029018931661,92766400,SPY
2018-02-26,244.59811401367188,244.6949462363937,242.27448985528216,242.86418600441795,86491400,SPY
2018-02-27,241.5438690185547,245.49583131620943,241.48225097241271,244.7828723804004,99099200,SPY
2018-02-28,239.0970916748047,243.09305288834784,238.78024480369112,242.64415962706857,121907800,SPY
2018-03-01,235.6204071044922,240.434915343989,234.12411442597886,238.88581486369563,176855100,SPY
2018-03-02,236.8350067138672,237.39832573097647,233.08551859078392,233.94806390250494,139083200,SPY
2018-03-05,239.57232666015625,240.18845345256145,235.54115233150563,235.6467947883253,97307400,SPY
2018-03-06,240.17962646484375,240.6285195783346,238.68333399355848,240.54928102610876,79213200,SPY
2018-03-07,240.0916748046875,240.44373582436765,237.82085839629667,238.01449598620087,87063500,SPY
2018-03-08,241.25344848632812,241.37665772949185,239.77477640519388,240.76934118536022,66901200,SPY
2018-03-09,245.4518585205078,245.4518585205078,242.3448739896355,242.66174767889817,113625300,SPY
2018-03-12,245.14381408691406,246.3672576672523,244.75653891475906,245.7423473551295,71924800,SPY
2018-03-13,243.5594482421875,246.807261752872,242.9521317736514,246.30556086833784,91968900,SPY
2018-03-14,242.30966186523438,244.70371419100942,241.75517991030418,244.51888687269934,105895100,SPY
2018-03-15,242.0455780029297,243.46263194836675,241.54387708563357,242.82012815022333,83433000,SPY
2018-03-16,242.3080291748047,243.35962338871246,242.25500988402808,242.57312562868768,100343700,SPY
2018-03-19,239.02955627441406,242.48479112275547,237.37705851392633,241.55692641312461,109208400,SPY
2018-03-20,239.43606567382812,240.07232421525157,238.75560640551987,239.42722013482984,59757300,SPY
2018-03-21,238.9766082763672,241.48628808529315,238.764531015029,239.39194422523158,78709600,SPY
2018-03-22,233.00283813476562,237.59801555422393,232.72886909023754,236.74967967138895,148785900,SPY
2018-03-23,228.03643798828125,233.771610570164,227.84202490130033,233.44464923481146,183534800,SPY
2018-03-26,234.27529907226562,234.55808665375656,229.23827674648547,231.64191725294216,141956100,SPY
2018-03-27,230.28981018066406,235.74216689562675,228.7345058623637,235.2119740308434,129941400,SPY
2018-03-28,229.60943603515625,232.0926327220534,228.50482221120828,230.4224436755508,146452300,SPY
2018-03-29,232.54331970214844,234.40792204383496,229.6183041660121,230.7494277542934,111601600,SPY
2018-04-02,227.52391052246094,232.52560454766385,225.04957315969895,232.0130486932908,186286300,SPY
2018-04-03,230.4401092529297,230.91730997897946,226.9672098407095,228.76110162347888,119956900,SPY
2018-04-04,232.90562438964844,233.612566483105,226.7551418786171,226.8876901501262,123715300,SPY
2018-04-05,234.7436981201172,235.62738914999005,233.5772194883386,234.6641421954918,82652600,SPY
2018-04-06,229.51220703125,234.2752870709953,227.99225756873417,232.78187422548618,179521200,SPY
2018-04-09,230.64332580566406,234.03669563881604,229.7066156054344,230.97028712505096,105442900,SPY
2018-04-10,234.31068420410156,235.09718220910804,232.3930896648069,233.53303173968084,103529000,SPY
2018-04-11,233.08233642578125,234.743679746807,232.75537508521705,232.8260584961061,91140200,SPY
2018-04-12,234.9999237060547,235.94547947818188,234.2311169080454,234.4078658821633,68890500,SPY
2018-04-13,234.31068420410156,236.42271882761298,233.3032903974558,236.30783467244473,85079200,SPY
2018-04-16,236.2371063232422,237.0059401567355,235.1236739866664,235.94550015531053,63405300,SPY
2018-04-17,238.76441955566406,239.36532282768732,237.49190264543654,238.00443144378508,64682000,SPY
2018-04-18,238.94117736816406,239.7453122945607,238.48164087524708,239.20627383092074,57303900,SPY
2018-04-19,237.61573791503906,238.49058356662363,236.58180735289045,238.28732488363988,77655900,SPY
2018-04-20,235.600830078125,237.7658836822387,234.7171391324635,237.54496094582333,99953100,SPY
2018-04-23,235.5654754638672,236.73195385379043,234.4873715522299,236.17522430550414,65558000,SPY
2018-04-24,232.3929901123047,236.81144361454417,230.89070513430326,236.5905209394322,112885500,SPY
2018-04-25,232.96743774414062,233.40928319691392,230.5107781054454,232.33117921342284,103840900,SPY
2018-04-26,235.33572387695312,236.16639548906852,233.55067794884684,233.9925234034569,67731900,SPY
2018-04-27,235.55665588378906,236.2459337414099,234.61994564056346,235.94548205661184,57053600,SPY
2018-04-30,233.7450408935547,236.73191984098457,233.6743305338436,236.1751903726872,82182300,SPY
2018-05-01,234.160400390625,234.26643897285976,231.62418511436118,233.1794895687467,74203400,SPY
2018-05-02,232.58746337890625,234.7789996239809,232.19863721256587,233.96601907116514,86368900,SPY
2018-05-03,232.07493591308594,232.72885865092718,228.92015243741184,231.75682008433407,136311500,SPY
2018-05-04,235.07949829101562,235.75995770217375,230.7759269200338,231.10288831433,91222100,SPY
2018-05-07,235.87481689453125,236.84685543367848,235.15900236383027,235.84830724288375,55304900,SPY
2018-05-08,235.87481689453125,236.23710647767695,234.31066654300142,235.50365480335702,67499200,SPY
2018-05-09,238.15476989746094,238.4817313148894,236.02507094532106,236.54644549853327,59666100,SPY
2018-05-10,240.381591796875,240.7085800870118,238.79095894501123,238.89699753938797,72063900,SPY
2018-05-11,241.1150665283203,241.38016301005507,239.99276183006265,240.50531765222445,59871500,SPY
2018-05-14,241.2299346923828,242.20197303980675,240.68202371955482,241.5480504494079,54790600,SPY
2018-05-15,239.5686492919922,240.01931338963473,238.62309339518507,240.00164927713664,87036100,SPY
2018-05-16,240.5760498046875,241.0355864236159,239.57747457430713,239.60401119596355,53942600,SPY
2018-05-17,240.372802734375,241.45090685639775,239.59515032267205,240.31093789069186,56536400,SPY
2018-05-18,239.77186584472656,240.3904603285665,239.4183948402933,240.028143784387,64368000,SPY
2018-05-21,241.57456970214844,242.1136351582383,240.86762779080024,241.25645393247333,58025900,SPY
2018-05-22,240.90298461914062,242.35225076806103,240.57602327210842,242.09597283331613,52966400,SPY
2018-05-23,241.56573486328125,241.59227148003484,239.47139171583964,239.6304765758288,64694200,SPY
2018-05-24,241.07095336914062,241.44211554649604,239.28590681814654,241.16817342649486,76043800,SPY
2018-05-25,240.49655151367188,241.12396470632257,239.9928410639693,240.49655151367188,56374800,SPY
2018-05-29,237.7305145263672,239.6304715224005,236.61708233856234,238.870483330366,115908600,SPY
2018-05-30,240.90298461914062,241.34483010823462,238.96772618756867,239.03840959985598,69678400,SPY
2018-05-31,239.42723083496094,240.7969410355754,238.8263274545693,240.4964893453796,93519900,SPY
2018-06-01,241.77784729003906,242.0782989743515,240.65554253334344,240.72625291089187,71258400,SPY
2018-06-04,242.92662048339844,243.18289839279595,242.36107233671052,242.59965916870462,45385200,SPY
2018-06-05,243.1033477783203,243.48332835514094,242.2903403653031,243.05914705685763,51135000,SPY
2018-06-06,245.13583374023438,245.24187232618866,243.0945100563013,243.71310443184038,62732200,SPY
2018-06-07,245.109375,245.91353706797386,244.1991743240489,245.62193089603647,72969400,SPY
2018-06-08,245.83399963378906,245.8870189359492,244.48195349248826,244.64985693869826,72139700,SPY
2018-06-11,246.16087341308594,246.87666070571026,245.93995074331053,246.05483484648965,58892500,SPY
2018-06-12,246.47909545898438,246.8413850221631,245.8339913469702,246.57628852029868,72329000,SPY
2018-06-13,245.69256591796875,246.97392843756035,245.48930731397496,246.7176505400211,79070600,SPY
2018-06-14,246.31118774414062,246.84138073866893,245.71910294277393,246.55862013095637,77097600,SPY
2018-06-15,245.99688720703125,246.33420188479369,244.4168556289836,245.52642912730911,120041600,SPY
2018-06-18,245.4910125732422,245.61529785717133,244.06189434330213,244.54121078049525,52917600,SPY
2018-06-19,244.55010986328125,244.77202466352017,242.80142015383026,243.21862106184778,97531500,SPY
2018-06-20,244.96731567382812,245.63306008786842,244.63000083644087,245.2336026037604,53785500,SPY
2018-06-21,243.43165588378906,244.97620134762934,242.93456888760426,244.95843082613084,71061400,SPY
2018-06-22,243.87550354003906,244.80756204376263,243.65358871856367,244.69216200232157,54898500,SPY
2018-06-25,240.55557250976562,242.8812345960676,238.86902594322004,242.72146248842876,137854200,SPY
2018-06-26,241.08822631835938,241.94037150239652,240.36922458663946,241.12374026871296,68547400,SPY
2018-06-27,239.09097290039062,243.10318209396516,238.94005894114787,241.6740640121467,105110700,SPY
2018-06-28,240.45794677734375,241.2213204740955,238.32754361881487,239.03768703472497,76650500,SPY
2018-06-29,240.80410766601562,242.91674020297125,240.68870767361383,241.5497378986117,97592500,SPY
2018-07-02,241.31903076171875,241.47883001455816,238.99336786041863,239.2330531950725,63554800,SPY
2018-07-03,240.466796875,242.31314260519264,240.04073792895596,242.2154860372572,42187100,SPY
2018-07-05,242.42852783203125,242.49067046122133,240.52006646800746,241.59415332388662,56925900,SPY
2018-07-06,244.47909545898438,244.85189713270944,242.07351965385934,242.4552336768545,66493700,SPY
2018-07-09,246.6804962158203,246.73375360283254,245.43777870351792,245.48215082962477,50550400,SPY
2018-07-10,247.5680694580078,247.66572602641563,246.84018263606114,247.1331252520839,51966800,SPY
2018-07-11,245.75733947753906,246.8047980337242,245.45553856786262,246.01476825813822,77054700,SPY
2018-07-12,247.9852752685547,248.03853263814824,246.41412868714167,247.0177302686697,60124700,SPY
2018-07-13,248.18063354492188,248.4824344235151,247.3551169867808,247.80783184927517,48216000,SPY
2018-07-16,247.95864868164062,248.3669642150464,247.51481920513825,248.22496262106293,48201000,SPY
2018-07-17,248.96165466308594,249.35222668644502,247.13307977608457,247.18633713479755,52315500,SPY
2018-07-18,249.4855194091797,249.59203419035856,248.59786011373984,249.04168976145976,44593500,SPY
2018-07-19,248.54452514648438,249.2013841515407,248.06518169158207,248.819697275046,61412100,SPY
2018-07-20,248.260498046875,248.97064160173855,248.10072590548324,248.3403841175709,82337700,SPY
2018-07-23,248.72207641601562,248.9262206602363,247.71013209713192,248.05633212913037,47047600,SPY
2018-07-24,249.9735565185547,250.81684312940115,249.1036683191489,250.1333556742689,68026900,SPY
2018-07-25,252.10406494140625,252.4236092086071,249.68074589164465,249.72511801013184,78882900,SPY
2018-07-26,251.50933837890625,252.1928261670429,251.28742359311036,251.3850801852483,57919500,SPY
2018-07-27,249.80499267578125,251.9353687298182,248.8818197863248,251.83771215930585,76768700,SPY
2018-07-30,248.5001220703125,250.04463990131578,247.97637947622283,249.88486779932234,63742500,SPY
2018-07-31,249.7250518798828,250.33753865236255,248.8817922274935,249.26347903086543,68570500,SPY
2018-08-01,249.30784606933594,250.43519012087674,248.6598724603188,249.92921808621028,53853300,SPY
2018-08-02,250.66607666015625,250.8347069740888,247.7989278959903,248.0030992495822,63426400,SPY
2018-08-03,251.74012756347656,251.79338494263322,250.61278316317959,250.7903258198392,53935400,SPY
2018-08-06,252.6633758544922,252.97403496234404,251.38514419569398,251.7757164852831,39400900,SPY
2018-08-07,253.4977264404297,253.8794405204031,253.19592553453344,253.32909609852106,43196600,SPY
2018-08-08,253.3911590576172,253.79061648823114,252.9295860778104,253.32904350842435,42114600,SPY
2018-08-09,253.0449676513672,253.84385536516058,252.9118242139356,253.45328322255867,35717000,SPY
2018-08-10,251.34957885742188,252.14846670856605,250.63943525368703,251.6070076068513,77076000,SPY
2018-08-13,250.4086456298828,252.23722126791043,250.11570294744925,251.62473430195678,65732900,SPY
2018-08-14,252.00640869140625,252.24609398133148,250.74594796127278,251.13652012561974,43842000,SPY
2018-08-15,250.12454223632812,250.79917171871017,248.68653904636793,250.65714303351385,102925400,SPY
2018-08-16,252.14842224121094,253.01833784391988,251.52705008367542,251.5625640299013,69967900,SPY
2018-08-17,253.03604125976562,253.47987070519272,251.53589556708604,251.9442110719031,65618500,SPY
2018-08-20,253.57754516601562,253.84383201638548,253.03605911799497,253.48877385282518,39807500,SPY
2018-08-21,254.17234802246094,255.0333785840449,253.61311835710495,254.09246194015446,67272000,SPY
2018-08-22,254.02134704589844,254.5450625208637,253.49760448173464,253.76391839237363,44993300,SPY
2018-08-23,253.68402099609375,254.70482321820947,253.36444973546432,253.84379308180982,49204900,SPY
2018-08-24,255.21083068847656,255.35285936968114,254.20777175129484,254.26102912059642,57487400,SPY
2018-08-27,257.225830078125,257.33234482639574,256.24939973697053,256.40917185937667,57072400,SPY
2018-08-28,257.35009765625,257.7939271363428,256.8884976598644,257.6873853061911,46943500,SPY
2018-08-29,258.7348937988281,258.9656667527116,257.32351902828185,257.5631772420402,61485500,SPY
2018-08-30,257.6875305175781,258.62844737846166,257.0928138490736,258.2556455750564,61229500,SPY
2018-08-31,257.6964416503906,258.14027142514436,256.79103866201206,257.2792405785533,66140800,SPY
2018-09-04,257.2524719238281,257.6075301326266,256.24941284429883,257.2791006122579,57594400,SPY
2018-09-05,256.56011962890625,257.10160578959284,255.54820229775174,256.89743443569347,72452400,SPY
2018-09-06,255.7877960205078,256.9683704573946,254.75810842911469,256.666569677207,65909900,SPY
2018-09-07,255.29074096679688,256.26717131198063,254.50071143185613,254.74039670565793,73524800,SPY
2018-09-10,255.73464965820312,256.5690515670476,255.5393635287031,256.3027375236137,50210900,SPY
2018-09-11,256.57781982421875,257.0216493185275,254.7403863055744,255.08655922474992,50530500,SPY
2018-09-12,256.64007568359375,257.24367756075225,255.85007292156283,256.5868182879159,59810800,SPY
2018-09-13,258.1579895019531,258.3444174932727,257.4212440674982,257.7053015968468,51034200,SPY
2018-09-14,258.2022705078125,258.5484434532182,257.4211262043679,258.3620426364613,55079900,SPY
2018-09-17,256.8353271484375,258.1845594721034,256.5601549448557,258.14907260591986,68244000,SPY
2018-09-18,258.2288513183594,258.82356760557764,257.0216211398096,257.0482498229806,61930400,SPY
2018-09-19,258.5040588378906,258.92125965755014,258.15785882001853,258.28214408465055,49080600,SPY
2018-09-20,260.5989074707031,260.9184787850341,258.52178873975845,259.7645329642432,100360600,SPY
2018-09-21,260.36083984375,261.45761269257395,260.200344464458,261.34169029247494,105479700,SPY
2018-09-24,259.49591064453125,259.9239255325764,258.9163258584371,259.78125390322805,53409600,SPY
2018-09-25,259.2552185058594,260.05772276823944,259.01447539069625,259.9507258281669,44370000,SPY
2018-09-26,258.47943115234375,260.58377660882445,258.0603417149148,259.3978577222201,79739700,SPY
2018-09-27,259.2016906738281,260.2895381277292,258.67560430350846,258.9520221046623,59249500,SPY
2018-09-28,259.2284851074219,259.7278223328228,258.541903225455,258.57755073309943,70091400,SPY
2018-10-01,260.1289978027344,261.1989941092635,259.46023990671796,260.4678122787801,62078900,SPY
2018-10-02,259.9775695800781,260.6909009144562,259.60308015367576,259.9775695800781,47258200,SPY
2018-10-03,260.12005615234375,261.44864638205115,259.7633907390065,261.0295570381276,64694600,SPY
2018-10-04,258.0870666503906,259.69207482332916,256.4998822262784,259.6385763650199,111545900,SPY
2018-10-05,256.642578125,258.8271712774559,255.21588894088282,258.31001039427775,105951700,SPY
2018-10-08,256.642578125,256.9992436180711,254.57388016862174,255.95596915870948,87742200,SPY
2018-10-09,256.26800537109375,257.5698463801317,255.7062444172972,256.25910710370897,74339000,SPY
2018-10-10,248.1537628173828,255.8311179361839,247.7792736185123,255.7597685189888,214731000,SPY
2018-10-11,242.6877899169922,248.6887599194393,241.07382918722027,247.06590092191544,274840500,SPY
2018-10-12,246.05838012695312,247.0748781744301,242.86615991682004,246.7895348863604,183186500,SPY
2018-10-15,244.67625427246094,247.03029548883134,244.58708109696218,245.701677761115,102263700,SPY
2018-10-16,250.02626037597656,250.4007767416327,246.16531039841902,246.6378981861361,118255800,SPY
2018-10-17,250.0709228515625,250.69508066736435,247.4939622570456,250.0619973703059,110626000,SPY
2018-10-18,246.4595947265625,249.73206231706183,245.18450274712131,249.13462656631208,134557500,SPY
2018-10-19,246.32582092285156,249.0454254365446,245.63031381107194,247.11050119497793,139901600,SPY
2018-10-22,245.2201690673828,247.31558883402667,244.68515727537218,246.99459808591837,82415800,SPY
2018-10-23,243.9718017578125,245.09532381186685,239.51341546309573,241.59996419543393,146352700,SPY
2018-10-24,236.57986450195312,244.1056242594676,236.02702884400423,243.72218227993628,177806700,SPY
2018-10-25,240.82420349121094,242.36681508232206,237.39126750912948,238.4166910055369,138061500,SPY
2018-10-26,236.58877563476562,241.64459895888504,233.87809566701173,237.11488929847306,201574600,SPY
2018-10-29,235.27798461914062,240.97581624058947,231.70237676564972,239.68287313180807,160749100,SPY
2018-10-30,238.76443481445312,239.07652733010562,234.6181405688793,235.10857943971416,157116000,SPY
2018-10-31,241.31466674804688,243.63303350373772,240.85990255187676,241.3324905003501,128296300,SPY
2018-11-01,243.88262939453125,244.07879945873134,241.0916755223415,242.17952274893688,99495000,SPY
2018-11-02,242.43809509277344,245.41629328376646,240.3872214753348,244.98827848778555,122634100,SPY
2018-11-05,243.77569580078125,244.32853143115284,241.95666629775653,242.92859139177023,65622500,SPY
2018-11-06,245.31826782226562,245.47876321419287,243.6508355340776,243.713259479327,60085900,SPY
2018-11-07,250.57020568847656,250.65045336689656,247.0658937931748,247.49390862324185,102752100,SPY
2018-11-08,250.11546325683594,250.75747195152988,248.97411748980556,249.7676960751215,65584900,SPY
2018-11-09,247.67236328125,248.99202863053733,246.26349752337302,248.80478396564854,98812600,SPY
2018-11-12,243.0445098876953,247.4047981237727,242.52732176890174,247.1640550275417,99673600,SPY
2018-11-13,242.58973693847656,245.50551206799565,241.86748046408346,243.50816351775626,98176600,SPY
2018-11-14,240.93118286132812,244.86345524510767,239.37074780966623,244.46221684463413,125335900,SPY
2018-11-15,243.4457244873047,243.90941409475818,238.08676246595184,239.66502147667336,135101400,SPY
2018-11-16,244.07882690429688,244.98832791595154,241.8317827868211,242.3489708377892,126668000,SPY
2018-11-19,239.9503631591797,243.7667408556487,239.03193664286542,243.4724721125767,103061700,SPY
2018-11-20,235.50982666015625,238.07786188380766,234.64489850791026,236.61549791018174,136021300,SPY
2018-11-21,236.31231689453125,238.21159396690376,236.30341862525125,237.06132258851162,75563700,SPY
2018-11-23,234.73403930664062,236.13397913932772,234.57354393026174,234.67161536743865,42807900,SPY
2018-11-26,238.52369689941406,238.74661624231072,236.59767051136697,236.99001073181176,79981400,SPY
2018-11-27,239.32618713378906,239.32618713378906,236.88299998591717,237.48933403239405,75502400,SPY
2018-11-28,244.83673095703125,244.83673095703125,239.2637480620135,240.39619560185264,127629600,SPY
2018-11-29,244.30181884765625,245.70173188521753,242.91970235254936,244.06104849958857,82346400,SPY
2018-11-30,245.7908477783203,246.3526088437282,243.8291740017175,244.15016477518927,98204200,SPY
2018-12-03,249.0454559326172,250.02630639288208,247.449373177828,249.91930947209525,103176300,SPY
2018-12-04,240.97584533691406,248.64427730989203,240.6637527683007,248.2162623119219,177986000,SPY
2018-12-06,240.61024475097656,240.72616717573516,234.01183692873772,237.11488431430027,204185400,SPY
2018-12-07,235.01942443847656,241.84075126834617,234.1812454855948,240.27139029923381,161018900,SPY
2018-12-10,235.46527099609375,236.43719615217955,230.60561800382857,234.84108589571312,151445900,SPY
2018-12-11,235.5187225341797,238.85358682830298,234.04746047570356,238.6663422202357,121504400,SPY
2018-12-12,236.7047119140625,239.8612580218433,236.62446420096285,238.49699247547142,97976700,SPY
2018-12-13,236.62437438964844,238.51472570119017,235.50977788880272,237.64979772806078,96662700,SPY
2018-12-14,232.25515747070312,235.42952607242904,231.70232196988306,234.47542495361859,116961100,SPY
2018-12-17,227.69869995117188,232.4156665517509,226.06692897355805,231.3010700046853,165492300,SPY
2018-12-18,227.4490966796875,230.00822033811352,225.8440744701685,229.33946221797382,134515100,SPY
2018-12-19,224.0428466796875,231.30109978443372,222.3397532769953,227.52930839320615,214992800,SPY
2018-12-20,220.39585876464844,224.3638197072121,218.1488283409156,222.79447268439893,252053400,SPY
2018-12-21,215.88003540039062,223.9609712201748,215.23427764806652,221.29722391317975,255345600,SPY
2018-12-24,210.17584228515625,216.00558964456005,210.11306750690733,214.39119533103639,147311600,SPY
2018-12-26,220.79502868652344,220.79502868652344,209.65572438241446,211.63784523018114,218485400,SPY
2018-12-27,222.49012756347656,222.68742954792995,214.31950984244187,217.55726318862372,186267300,SPY
2018-12-28,222.20309448242188,225.47671683818686,221.03714210729703,223.84439446130722,153100200,SPY
2018-12-31,224.14935302734375,224.3915156531046,221.9519889312692,223.82647408811934,144299400,SPY
2019-01-02,224.3824920654297,225.30629542099064,220.5886755710733,220.6155810033805,126925200,SPY
2019-01-03,219.02809143066406,222.93850699950983,218.54376631007608,222.63355597769402,144140700,SPY
2019-01-04,226.3646240234375,227.01038180312378,221.6828869633961,222.05957672065173,142628800,SPY
2019-01-07,228.1494598388672,229.5575612415073,225.73683859430514,226.6337230013322,103139100,SPY
2019-01-08,230.2930145263672,230.77733980190953,227.8086544085286,230.33787517212102,102512600,SPY
2019-01-09,231.36927795410156,232.21235150960845,229.7728247604112,231.001552052594,95006600,SPY
2019-01-10,232.18545532226562,232.43658187833222,229.15398144284202,229.83562239676925,96823900,SPY
2019-01-11,232.27513122558594,232.3020366626938,230.5261957013551,231.10916508585217,73858100,SPY
2019-01-14,230.85806274414062,231.6652533127134,229.9701558557848,230.37373745469992,70908200,SPY
2019-01-15,233.50387573242188,233.81779076904533,231.2257815295091,231.23475913278858,85208300,SPY
2019-01-16,234.06890869140625,234.95681551959413,233.72808822825598,233.93435413014328,77636700,SPY
2019-01-17,235.84471130371094,236.70574002421503,233.15405813629934,233.19891877819984,96118400,SPY
2019-01-18,238.98382568359375,239.4502231203334,235.880613114038,237.65645419931408,127900300,SPY
2019-01-22,235.7550048828125,237.72816138252549,234.14062401631128,237.51291789918878,115531200,SPY
2019-01-23,236.2483673095703,237.4860723925629,233.78193474790228,236.78650352444686,86030300,SPY
2019-01-24,236.37388610839844,236.95688289813074,235.05546487062307,236.06894867955302,59204100,SPY
2019-01-25,238.3739013671875,239.19904694280078,236.47251108468166,238.22141899740802,96883400,SPY
2019-01-28,236.56224060058594,236.62500170748643,234.79537721909938,236.23039774840024,85613700,SPY
2019-01-29,236.2483673095703,237.27080148416536,235.41427123042135,236.7057871978271,66136300,SPY
2019-01-30,239.9883270263672,240.83140059178444,237.00171387664844,237.764071126748,92473700,SPY
2019-01-31,242.0959014892578,242.58022653294347,239.710186666835,239.92545744776675,104012100,SPY
2019-02-01,242.2125244140625,243.23498545369554,241.42326200537693,242.29324070076015,85782500,SPY
2019-02-04,243.91664123535156,243.9794297039566,241.5847366321493,242.25739984245362,60744800,SPY
2019-02-05,244.9391632080078,245.24410065449456,243.84496301967644,244.34721615162434,79552800,SPY
2019-02-06,244.6162567138672,245.15439285929028,243.88083226488828,244.6611173589182,58347800,SPY
2019-02-07,242.2843780517578,243.54896103786973,240.62513634791188,243.00187466224952,95482000,SPY
2019-02-08,242.58035278320312,242.6789969406424,240.21256455574564,241.03771034218343,75788900,SPY
2019-02-11,242.71485900878906,243.4951440801677,242.18570048188565,243.23506730353517,68021400,SPY
2019-02-12,245.83607482910156,246.21275103424225,244.25754917128475,244.32931526704692,72270200,SPY
2019-02-13,246.63427734375,247.4773510230501,246.24862355044635,246.6701603900964,65277200,SPY
2019-02-14,246.087158203125,247.21724136156533,244.73285393361263,245.54902206240385,83234400,SPY
2019-02-15,248.76878356933594,248.80466660365042,247.65665584220744,247.86292170536063,97088700,SPY
2019-02-19,249.1992950439453,249.85400303103305,247.96159039611473,247.97056799727545,59120800,SPY
2019-02-20,249.7015838623047,250.15900365536774,248.66119469559098,249.16344775941977,76610800,SPY
2019-02-21,248.81361389160156,249.42348854696786,247.85394127844057,249.06474035973662,64214700,SPY
2019-02-22,250.35630798339844,250.5535962624302,248.7957106185881,249.4324908366338,78114600,SPY
2019-02-25,250.6971435546875,252.3025744604838,250.6164272348308,251.7823934978266,69030700,SPY
2019-02-26,250.5177459716797,251.39667512709303,250.14104249740362,250.3473357536427,56844100,SPY
2019-02-27,250.4101104736328,250.7598811219917,248.8674683645355,249.80020834065053,56921600,SPY
2019-02-28,249.9438018798828,250.63442056159886,249.62093655135067,250.19492848121226,69268300,SPY
2019-03-01,251.50433349609375,251.91689265301403,250.06931299332896,251.52226133048524,78880500,SPY
2019-03-04,250.58949279785156,252.80479833338205,248.2934709518045,252.56264940183235,106494600,SPY
2019-03-05,250.24862670898438,250.9123396478568,249.7015404694618,250.71502402344626,59114600,SPY
2019-03-06,248.73292541503906,250.3742391075912,248.41006018612026,250.36526150543068,75039800,SPY
2019-03-07,246.65220642089844,248.42802015111022,245.80913283091718,248.28451535167278,94885100,SPY
2019-03-08,246.1588897705078,246.32929999963554,244.32926526420027,244.79563530822645,85795800,SPY
2019-03-11,249.7284698486328,249.88990245570324,246.84947887292867,246.87638430744042,65098900,SPY
2019-03-12,250.67022705078125,251.19043536122038,250.09623523355415,250.28457330490696,79667500,SPY
2019-03-13,252.32943725585938,253.26220463446646,251.3966698772523,251.5581298604209,80639200,SPY
2019-03-14,252.16796875,252.77784344619863,251.72850424402364,252.35630677102787,67518400,SPY
2019-03-15,253.41384887695312,254.22459474184677,252.53102082909683,252.72021594090037,81309000,SPY
2019-03-18,254.33265686035156,254.6299477159504,253.40479818943265,253.63000687161,62199800,SPY
2019-03-19,254.39576721191406,256.16139589718296,253.50394946882147,255.39570823440198,90268100,SPY
2019-03-20,253.63003540039062,255.38667431548166,252.52202615387543,254.17955894218778,84609200,SPY
2019-03-21,256.4947509765625,256.90011021839473,252.76528100389675,252.81033924719029,79550400,SPY
2019-03-22,251.55812072753906,255.6569081170913,251.49505569291907,255.13443602338907,122659300,SPY
2019-03-25,251.36898803710938,252.4049427144172,250.1078246259824,251.21583400194012,85575200,SPY
2019-03-26,253.2427520751953,254.19763505610663,251.83745155644644,253.12563911674877,68125900,SPY
2019-03-27,251.9185333251953,253.81930970512812,250.36909583442437,253.23374488985834,72224700,SPY
2019-03-28,252.87335205078125,253.32376949182066,251.39599713964742,252.54906468905634,56238500,SPY
2019-03-29,254.46786499023438,254.79215237439305,253.260749463698,254.3867931441947,82186800,SPY
2019-04-01,257.4856262207031,257.78291713150287,256.19743891736897,256.4677058809414,77617900,SPY
2019-04-02,257.61175537109375,257.84598124041696,256.81901626689137,257.67482041149606,40070400,SPY
2019-04-03,258.0171203613281,259.224235717059,257.4135489378142,258.82786619830597,68243200,SPY
2019-04-04,258.7017822265625,258.9540149205968,257.6478206980734,258.34145373384234,48997500,SPY
2019-04-05,259.9540100097656,260.00805792032935,259.0801988005749,259.36847265111993,58621700,SPY
2019-04-08,260.15216064453125,260.26025645144784,258.87296278297543,259.5305822634568,53566300,SPY
2019-04-09,258.81890869140625,259.51254176340643,258.2694125222834,259.18825435041,66142300,SPY
2019-04-10,259.7017822265625,259.79187124299295,258.8189538516368,259.2333303376473,52601500,SPY
2019-04-11,259.62957763671875,260.1971079322782,259.0620473411593,260.1880907874931,55093100,SPY
2019-04-12,261.3862609863281,261.6655176093397,259.67468015426687,261.24212410166086,69727800,SPY
2019-04-15,261.2151184082031,261.5574400967974,260.4133620858321,261.4583339542193,49596700,SPY
2019-04-16,261.3862609863281,262.15197615867913,260.7917066463132,262.0979282633414,52153200,SPY
2019-04-17,260.7467041015625,262.53033982323853,260.33230020408183,262.50331587264657,58268300,SPY
2019-04-18,261.26007080078125,261.5303377065955,260.0349487998957,261.3321529721824,68708500,SPY
2019-04-22,261.4853210449219,261.63847506502617,260.40433572370114,260.49442470662734,40160100,SPY
2019-04-23,263.8365173339844,264.07074319403506,261.62047128318324,261.8546696519358,52246600,SPY
2019-04-24,263.2509765625,264.08874637015623,263.1068396883929,263.7554418762262,50392900,SPY
2019-04-25,263.0887756347656,263.7463948938671,261.89969466766917,263.1518406646715,57770900,SPY
2019-04-26,264.3139343261719,264.3859890119185,262.3591107705115,263.1338429715897,50916400,SPY
2019-04-29,264.7283020019531,265.2508015489559,264.3139257169919,264.4040146897125,57197700,SPY
2019-04-30,264.863525390625,265.1517992196518,262.9717936794869,264.3860838887455,81111700,SPY
2019-05-01,262.8727111816406,265.7013468373436,262.86369403263905,265.49414484946277,71671900,SPY
2019-05-02,262.30511474609375,263.67440146767416,260.8097254266999,262.7555322221292,65030200,SPY
2019-05-03,264.87249755859375,265.1517541920076,262.4132082639191,263.7824949736138,56543700,SPY
2019-05-06,263.78253173828125,264.22393212526833,260.2512461684707,260.56654394116345,107198100,SPY
2019-05-07,259.3774719238281,261.97188169229344,257.4677057029602,261.3773271627444,144729900,SPY
2019-05-08,259.0170593261719,260.72864014867525,258.4225049894771,259.0170593261719,91568300,SPY
2019-05-09,258.2333068847656,258.8368508052138,255.206487663427,256.9451197195856,103471100,SPY
2019-05-10,259.53057861328125,260.28727674235887,254.30571892493052,257.2964978336447,112429300,SPY
2019-05-13,253.00840759277344,255.3776071301468,252.1706379629067,254.41373494425858,127290500,SPY
2019-05-14,255.29656982421875,256.82799993876176,253.90028691900858,254.02638949207804,77003200,SPY
2019-05-15,256.7920227050781,257.4316078570262,253.4589222110962,253.66612415780725,73956400,SPY
2019-05-16,259.17022705078125,260.53046913612627,257.42260504214363,257.49465974223233,76749600,SPY
2019-05-17,257.4945983886719,259.98091106448203,256.84599627721246,256.8640305664134,100353000,SPY
2019-05-20,255.79208374023438,257.60274321559893,255.04437536966267,255.89116238452957,62877600,SPY
2019-05-21,258.0982360839844,258.4765713763025,257.2334147189398,257.48564741091906,46847100,SPY
2019-05-22,257.3054504394531,258.2603331360052,256.8280090911771,257.1433067720303,49482500,SPY
2019-05-23,254.1616668701172,255.1255396799595,252.74734895062974,255.08050891464987,98733800,SPY
2019-05-24,254.73806762695312,256.01726515912264,254.1164894059316,255.60286135091042,55268100,SPY
2019-05-28,252.36886596679688,255.97220519885195,252.3508591675034,255.01732250166108,70029400,SPY
2019-05-29,250.67527770996094,251.6571842952598,249.26997768959785,251.25182514974838,104972900,SPY
2019-05-30,251.3599853515625,252.26983748575273,250.26096556764537,251.4320400543578,62523800,SPY
2019-05-31,247.97280883789062,249.6393588730026,247.94578489099905,248.81060617412786,86862800,SPY
2019-06-03,247.34228515625,249.12592095273772,246.00903939141855,248.00889429301378,96428000,SPY
2019-06-04,252.71119689941406,252.84631662733304,249.18892937140495,249.639346792,77231900,SPY
2019-06-05,254.9002227783203,254.92724672430833,252.52203305748088,254.33269242127398,71169700,SPY
2019-06-06,256.5577697753906,257.2333959536874,254.54892553301983,255.19752776383675,69430400,SPY
2019-06-07,259.1251220703125,260.2061348157699,257.4045243209625,257.57568513051484,74272200,SPY
2019-06-10,260.3143005371094,261.98085084610926,260.2242115355655,260.67462905198147,60799100,SPY
2019-06-11,260.251220703125,262.50330815727335,259.6026184166782,262.1339625158368,58641300,SPY
2019-06-12,259.7917785644531,260.57550049432666,259.2782960961573,260.01698727953396,47096300,SPY
2019-06-13,260.8637390136719,261.2240949401442,259.9989452709926,260.70159534153777,48945200,SPY
2019-06-14,260.5755310058594,261.1790750378197,259.8098157866652,260.5755310058594,52324700,SPY
2019-06-17,260.6746520996094,261.44036744347824,260.5034912289338,260.80977186822014,39205700,SPY
2019-06-18,263.40411376953125,264.4581026767264,262.1339332880597,262.4942892335855,85434800,SPY
2019-06-19,263.9986572265625,264.5301464856538,262.5663331233237,263.539222658832,78674400,SPY
2019-06-20,266.52105712890625,266.92644391683694,264.0617949221299,266.6832283388617,116570000,SPY
2019-06-21,266.1335754394531,267.5094941837973,265.9163323811376,266.2512579710432,83309500,SPY
2019-06-24,265.8077697753906,266.65864781741556,265.653870824963,266.3418441621465,47582700,SPY
2019-06-25,263.20068359375,265.8891769398379,263.0920620646163,265.8620215575545,82028700,SPY
2019-06-26,262.93817138671875,264.60376601063865,262.8295498541817,264.09684710879384,51584900,SPY
2019-06-27,263.87054443359375,264.3774633381139,263.3183757652805,263.69855113116637,40355200,SPY
2019-06-28,265.2283630371094,265.72622092796087,264.33220778357355,264.8481600545442,59350900,SPY
2019-07-01,267.6362609863281,268.7768423916626,266.43230780847284,268.55957168944997,78705600,SPY
2019-07-02,268.333251953125,268.38756271925695,266.74912348259073,267.59096798264414,61504500,SPY
2019-07-03,270.4786376953125,270.4967597025448,268.8673536772652,269.01219161006856,40898900,SPY
2019-07-05,270.1708679199219,270.33382786024254,267.9531044059566,269.24755717482327,51677300,SPY
2019-07-08,268.6863098144531,269.9898235013948,268.1431745073926,268.8583031221058,45841800,SPY
2019-07-09,269.02117919921875,269.3198883619145,267.4732673788795,267.5275781357333,41101300,SPY
2019-07-10,270.3066101074219,271.2571037412516,269.55529277783,270.08936704826425,58448500,SPY
2019-07-11,270.9402770996094,271.1846755452837,269.93550030905135,270.9493381022296,50826100,SPY
2019-07-12,272.1531982421875,272.2256309957451,271.1212663165027,271.42903645661926,40326000,SPY
2019-07-15,272.24383544921875,272.58782210519985,271.7369164693559,272.58782210519985,33900000,SPY
2019-07-16,271.3656921386719,272.3614354132492,271.05792196743965,272.15322575697263,36650100,SPY
2019-07-17,269.5190734863281,271.5014992547846,269.5190734863281,271.33856696217356,36036300,SPY
2019-07-18,270.5057373046875,270.8859402530274,268.57765005776565,269.02119714332446,51392600,SPY
2019-07-19,269.0030822753906,271.6282034568177,268.8310890053141,271.60104807864786,58678600,SPY
2019-07-22,269.6639404296875,270.2070757552025,268.88546764229045,269.40141995777003,43638100,SPY
2019-07-23,271.592041015625,271.592041015625,269.95360174897894,270.78641288658775,44564500,SPY
2019-07-24,272.868408203125,272.868408203125,270.7411443378768,270.83167149437855,47213200,SPY
2019-07-25,271.56494140625,272.4701578776042,270.7592854867379,272.4158470993241,55394100,SPY
2019-07-26,273.3843688964844,273.58351757677167,272.12610504716736,272.2528485823537,45084100,SPY
2019-07-29,272.88653564453125,273.38442125310485,272.33436688549176,273.2667386978963,38126500,SPY
2019-07-30,272.2165832519531,272.623941541799,271.103157518043,271.4833604302327,45849000,SPY
2019-07-31,269.23846435546875,272.6511473201297,267.21984978486825,272.46103201638994,104245200,SPY
2019-08-01,266.89398193359375,272.35243534985585,266.0973871356964,269.3923878679063,142646600,SPY
2019-08-02,264.8843994140625,266.24222391598,263.32742621353003,265.9978254506385,116749700,SPY
2019-08-05,256.91851806640625,260.8924035858546,255.01755815476298,260.7837820409055,178745400,SPY
2019-08-06,260.5212707519531,260.73854147453096,257.3349189459399,258.8104261086006,120711700,SPY
2019-08-07,260.6751708984375,261.4446103725473,255.3072442129039,257.44354168218393,140572300,SPY
2019-08-08,265.7895812988281,265.7895812988281,261.6165477971536,262.16871642969346,87713900,SPY
2019-08-09,263.97918701171875,265.4456330756324,262.1959097009694,264.8481869708878,93730000,SPY
2019-08-12,260.7657470703125,263.9701938764454,259.81525308542814,262.476592043076,65527600,SPY
2019-08-13,264.82110595703125,266.26945804573774,260.1230295810187,260.4670163099011,94299800,SPY
2019-08-14,256.9908752441406,261.372118364232,256.86415934036023,260.76563897648515,135622100,SPY
2019-08-15,257.66986083984375,258.5660439238212,255.6240904171086,257.87807057147774,99556600,SPY
2019-08-16,261.4716491699219,261.9061351733199,257.7240416406125,259.3262916531434,83018300,SPY
2019-08-19,264.62188720703125,265.30079947919467,263.81625900906977,264.4951712812332,53571800,SPY
2019-08-20,262.5942687988281,264.6491004467703,262.4675528453292,264.11502599091796,51596400,SPY
2019-08-21,264.73046875,265.1015830539715,264.06965102889666,264.7576241289492,49524700,SPY
2019-08-22,264.6490783691406,266.07027488099453,262.874861793045,265.4366399163249,51666400,SPY
2019-08-23,257.85089111328125,265.0111559870093,256.60168809011344,263.34556116445606,149161500,SPY
2019-08-26,260.7022399902344,260.7022399902344,258.51160484642605,260.0414222841468,72423800,SPY
2019-08-27,259.679443359375,262.4675255465736,258.9190648424156,262.09638348025754,66668900,SPY
2019-08-28,261.5079345703125,261.67086686459277,258.21293417482644,259.0185898937804,59696700,SPY
2019-08-29,264.84820556640625,265.373246555172,263.0649281304495,264.06973271239076,57899400,SPY
2019-08-30,264.73046875,266.3507857356442,263.79809723940434,266.3326913580127,62901200,SPY
2019-09-03,263.1825866699219,263.9429650713282,261.8519175612082,263.0287153639879,69101400,SPY
2019-09-04,266.16986083984375,266.1879552243926,264.60382638840616,265.35517153491077,46887300,SPY
2019-09-05,269.5914306640625,270.50568002181484,266.1334989792976,268.659059306652,83258100,SPY
2019-09-06,269.7996826171875,270.4424060217157,269.22941960508075,269.9083317683097,49584300,SPY
2019-09-09,269.9354553222656,270.87686018760576,268.9940228319221,270.78636067651786,51260300,SPY
2019-09-10,269.8722229003906,269.9355946908739,267.9169517763199,269.1751884551095,57947100,SPY
2019-09-11,271.7911682128906,271.87263435713766,269.52812767822877,270.17988445721164,68821100,SPY
2019-09-12,272.732666015625,273.7917537690513,271.936071136972,272.69644962340993,72908700,SPY
2019-09-13,272.5516052246094,273.52925441617066,272.18046318198077,273.1762067567145,62104800,SPY
2019-09-16,271.7098083496094,272.5969305312025,271.0671123213727,271.42013241786253,58191200,SPY
2019-09-17,272.3977355957031,272.48823513713944,271.33862023577393,271.5106135645232,41475500,SPY
2019-09-18,272.56060791015625,272.6692294359746,269.97167516979073,272.00841165390426,73375800,SPY
2019-09-19,272.54248046875,273.94558214926315,272.20755489582285,272.9498388074487,76560500,SPY
2019-09-20,271.2547912597656,273.4282622508574,270.46362073249094,273.1463237989638,89565000,SPY
2019-09-23,271.19110107421875,271.9095320231954,270.33626621153167,270.59089610131656,43476800,SPY
2019-09-24,269.06317138671875,272.6734770496111,268.09921319736446,272.28244316672976,94869400,SPY
2019-09-25,270.6546325683594,271.10022805596975,267.66270975241423,269.14503076538426,71854000,SPY
2019-09-26,270.09075927734375,270.87282694256567,268.6812058097561,270.6636835101628,56179700,SPY
2019-09-27,268.6357421875,270.9547201008358,267.08068181796534,270.8455691998778,84746600,SPY
2019-09-30,269.8816833496094,270.59101175665927,269.10871825734625,269.154176997154,51662400,SPY
2019-10-01,266.6714172363281,271.41846801336465,266.45317096005283,270.7637014319603,88242400,SPY
2019-10-02,261.96075439453125,265.0981834304404,260.66942690190984,265.08908058458655,122539500,SPY
2019-10-03,264.1070556640625,264.1343364605204,259.0144275553998,261.7335153618659,85278800,SPY
2019-10-04,267.6808166503906,267.93544651398554,264.7070728744863,264.7616621869322,65091200,SPY
2019-10-07,266.5259094238281,268.50841485168297,266.24399873388415,266.88058737396443,59610500,SPY
2019-10-08,262.38824462890625,265.407448516344,262.3518609879794,264.670839364948,95708100,SPY
2019-10-09,264.8799133300781,265.81659063182866,263.7795513160013,264.407037132498,62359400,SPY
2019-10-10,266.6714172363281,267.553532939712,264.63437798421626,264.79806269142273,55296300,SPY
2019-10-11,269.4359436035156,271.67305080510334,269.30864254862496,269.42684075939,98720400,SPY
2019-10-14,269.13592529296875,269.79069193177,268.79035015685406,269.1177195999643,40394800,SPY
2019-10-15,271.80047607421875,272.5461879902581,270.06352513677353,270.1817511420704,46754500,SPY
2019-10-16,271.3639831542969,272.0551335613163,270.9274904783572,271.33670236205063,48928200,SPY
2019-10-17,272.16424560546875,273.0372586742496,271.47309522670037,272.5279987380787,45736600,SPY
2019-10-18,270.9728698730469,272.2733001769917,270.1180349628478,271.62763644782535,64304000,SPY
2019-10-21,272.8099060058594,273.0099743891221,271.85505057590547,272.2915709810018,39048600,SPY
2019-10-22,271.9187316894531,273.6374771193446,271.82778646373816,273.3464634980912,48594700,SPY
2019-10-23,272.7098693847656,272.76443096306724,271.45489757866204,271.664068797207,34352200,SPY
2019-10-24,273.1554260253906,273.79201468518664,272.3278718686874,273.64650791287386,35453100,SPY
2019-10-25,274.27398681640625,274.81963026068695,272.52793334522363,272.58249491439386,45205400,SPY
2019-10-28,275.82000732421875,276.3201921595279,275.4653570434433,275.4926378342722,42147000,SPY
2019-10-29,275.7381286621094,276.66573093338,275.419834309273,275.54716315144003,44284900,SPY
2019-10-30,276.58392333984375,276.9567515614426,274.62869824917215,275.93823170639735,49643900,SPY
2019-10-31,275.8472900390625,276.57482405388174,274.39227751459396,276.57482405388174,69053800,SPY
2019-11-01,278.4026184082031,278.44807712573447,277.1294412864276,277.29315372520506,71141500,SPY
2019-11-04,279.521240234375,280.09416455683635,279.1483842824147,279.95776061162724,60606900,SPY
2019-11-05,279.2120056152344,280.0213818195309,278.92099207531345,279.72126543380665,42933200,SPY
2019-11-06,279.2756652832031,279.5484731268798,278.3298851708271,279.2120008688192,46487100,SPY
2019-11-07,280.2579040527344,281.59471848215986,279.7850276994163,280.6125821321642,54272300,SPY
2019-11-08,280.94903564453125,281.0035972296116,279.212084512575,279.9123100228309,49032100,SPY
2019-11-11,280.41241455078125,280.585202104894,279.4302507955533,279.5666824717528,35797300,SPY
2019-11-12,281.0035400390625,281.9038337622453,280.2305474042965,280.7761908966361,46484600,SPY
2019-11-13,281.0945739746094,281.49471081179036,279.78504028066976,280.0123894948594,53917700,SPY
2019-11-14,281.50372314453125,281.58559326566467,280.17601180041527,280.8126005592483,51219900,SPY
2019-11-15,283.540771484375,283.5862302129895,282.1493958072757,282.8405183461568,62023600,SPY
2019-11-18,283.7498474121094,283.98629935082965,282.84955388017454,283.3042520684366,49228000,SPY
2019-11-19,283.6680908203125,284.35924115622686,283.0224269685197,284.3501383088859,67804700,SPY
2019-11-20,282.6131896972656,283.5953536303308,281.05812918125986,283.07699087413437,79406200,SPY
2019-11-21,282.1584777832031,282.83145015014986,281.3582320740642,282.72232699674834,54664700,SPY
2019-11-22,282.785888671875,283.0405185464772,281.77647201802966,282.9041146409001,44850200,SPY
2019-11-25,284.9776611328125,284.9776611328125,283.7136140549297,283.7136140549297,48647200,SPY
2019-11-26,285.6233215332031,285.8052119858325,284.69574683100126,285.0140412468093,37569000,SPY
2019-11-27,286.89642333984375,286.89642333984375,285.88697877404934,286.10522505743006,44444600,SPY
2019-11-29,285.8324890136719,286.57820100600895,285.60513982717293,286.33264612293493,36592700,SPY
2019-12-02,283.40435791015625,286.1507255365374,282.9769404159021,286.08706111657636,75767800,SPY
2019-12-03,281.50372314453125,281.58559326566467,279.302998783299,280.68527170644836,73941700,SPY
2019-12-04,283.2406921386719,283.84089729888063,282.20399431837325,282.5495695093345,49080000,SPY
2019-12-05,283.7498474121094,283.9590185696369,282.4403144097088,283.9408406330334,40709000,SPY
2019-12-06,286.34173583984375,286.7418726099388,285.650585463755,285.65968831162513,48927000,SPY
2019-12-09,285.4414367675781,286.62364136052076,285.3686694911169,285.9506966924689,34838500,SPY
2019-12-10,285.1231384277344,286.0507130453857,284.4683717115734,285.3868712342311,52649800,SPY
2019-12-11,285.9326171875,286.18724723760675,285.04139813582947,285.5779390359617,53429100,SPY
2019-12-12,288.3969421386719,289.17900987699994,285.7051360299545,285.94156026923116,96389600,SPY
2019-12-13,288.56976318359375,289.7974542607273,287.3875308397455,288.1605235736877,81503900,SPY
2019-12-16,290.5521545410156,291.14325666014565,288.5060126076282,290.2975246549638,82749700,SPY
2019-12-17,290.6158752441406,291.2342582653961,290.53403288126106,290.9341696015044,61097700,SPY
2019-12-18,290.6340026855469,291.2342076616224,290.57944111977423,291.0068585533776,48133000,SPY
2019-12-19,291.8254089355469,291.89817621634967,290.57043699126655,290.82506696890414,85310500,SPY
2019-12-20,293.1048278808594,294.2380150219777,291.8802483824502,292.85806572727074,147142100,SPY
2019-12-23,293.5525207519531,293.9454770853097,293.4062986046296,293.8906472661912,52990000,SPY
2019-12-24,293.56170654296875,293.82670807350945,293.2601146095581,293.7810258479753,20270000,SPY
2019-12-26,295.1244201660156,295.13356776697475,293.9364033804754,293.9455230924072,30911200,SPY
2019-12-27,295.0513000488281,295.9103378824698,294.52126907589263,295.85550805385674,42528800,SPY
2019-12-30,293.42462158203125,295.2706521393171,292.94027282858093,295.1335775655158,49729100,SPY
2019-12-31,294.1374206542969,294.3841827622408,292.5747148231008,292.9219889831503,57077300,SPY
2020-01-02,296.8881530761719,296.90644827655234,294.74970630853255,295.672721478946,59151200,SPY
2020-01-03,294.6400146484375,295.7640816777263,293.44285049264414,293.49768030977805,77709700,SPY
2020-01-06,295.7641906738281,295.84643542983815,292.76667749107014,292.88548476831755,55653900,SPY
2020-01-07,294.93255615234375,295.67278681667864,294.4847419794395,295.19755772617054,40496400,SPY
2020-01-08,296.5043640136719,297.7197956916485,294.87768074616207,295.12441496646585,68296000,SPY
2020-01-09,298.5148620605469,298.5879870903448,297.48218715461246,298.0670758368869,48473300,SPY
2020-01-10,297.6558837890625,299.25515249526273,297.1898301592266,299.09981058166176,53029300,SPY
2020-01-13,299.702880859375,299.7120005705417,297.8477308070792,298.2772496807154,47086800,SPY
2020-01-14,299.2458801269531,300.31508932723204,298.6884065314506,299.2641474342248,62832800,SPY
2020-01-15,299.9222106933594,300.6807085322573,299.07232051640693,299.1545652539482,72056600,SPY
2020-01-16,302.41705322265625,302.41705322265625,301.07366684721774,301.3021337281493,54050300,SPY
2020-01-17,303.3583984375,303.56857016247767,302.3531383755547,303.1299315092865,95846000,SPY
2020-01-21,302.7643737792969,303.5685818598415,302.3257351092037,302.39883225787577,77742400,SPY
2020-01-22,302.8009033203125,304.27224473675494,302.6455614379162,303.62337862619233,48914900,SPY
2020-01-23,303.1481628417969,303.55941441938006,301.0371309067921,302.1520504997015,51963000,SPY
2020-01-24,300.4522705078125,303.8884219479204,299.16371371777205,303.80617720247466,87578400,SPY
2020-01-27,295.63616943359375,297.116630487524,294.86852399411237,295.2066505448216,84062500,SPY
2020-01-28,298.7342224121094,299.61152758511525,295.72758990467884,297.0618289224419,63834000,SPY
2020-01-29,298.4874572753906,300.3243402372707,298.28640527016483,300.0958733171972,53888900,SPY
2020-01-30,299.45611572265625,299.6663153017545,295.67271852206113,296.42206872649126,75491800,SPY
2020-01-31,294.0186462402344,298.99008843943227,293.104778599044,298.83471866925794,113845600,SPY
2020-02-03,296.2027893066406,298.0670871911225,295.3803139687608,295.49912122993766,69083000,SPY
2020-02-04,300.7173156738281,301.5855011806518,299.4927362514343,299.81259553758144,62573200,SPY
2020-02-05,304.18994140625,304.4001409842499,302.1885971158361,303.6507628947107,65951100,SPY
2020-02-06,305.2135314941406,305.40543589404376,304.1351464583818,305.14955406449695,50359700,SPY
2020-02-07,303.5868225097656,305.22262540475447,303.038496381652,304.15341594950706,64139400,SPY
2020-02-10,305.8531799316406,305.91715735245873,302.66379115886144,302.70035366918944,42070000,SPY
2020-02-11,306.38323974609375,307.991627648604,305.8531809561454,307.2057149525741,54864500,SPY
2020-02-12,308.3572082519531,308.5673799444257,307.4524603916157,307.81800184241695,43992700,SPY
2020-02-13,308.0282287597656,308.9969262404168,306.65742728084103,306.93157642101494,54501900,SPY
2020-02-14,308.521728515625,308.6405357740244,307.24231936560784,308.4394837726626,64582200,SPY
2020-02-18,307.7266845703125,308.58572245034776,306.33758779968736,307.52563255819723,57226200,SPY
2020-02-19,309.19805908203125,309.8743123972908,308.41214608203063,308.6954428972899,48814700,SPY
2020-02-20,307.927734375,309.4721730276708,304.9393691304808,308.6496697818951,74163400,SPY
2020-02-21,304.7566223144531,306.88592186587607,303.9341190417113,306.57521018265294,113788200,SPY
2020-02-24,294.6492614746094,304.8297340268577,293.5708763000979,295.3072473908234,161088400,SPY
2020-02-25,285.720703125,296.65055194836293,284.84339802698764,296.0382762665826,218913200,SPY
2020-02-26,284.6697692871094,290.7104209886197,283.93868633219154,287.11892786401404,194773800,SPY
2020-02-27,271.8846740722656,284.72449870478795,271.8846740722656,279.1499025001099,284353500,SPY
2020-02-28,270.74237060546875,272.2319789613865,260.9457107535948,263.833535145683,384975800,SPY
2020-03-02,282.46734619140625,282.53132361972916,269.0974581232793,272.5244617816566,238703600,SPY
2020-03-03,274.379638671875,286.8082453931347,271.9396274475978,282.84206278668677,300139100,SPY
2020-03-04,285.91259765625,286.1319448399597,277.20344073550206,279.7531390923097,176613400,SPY
2020-03-05,276.4084167480469,281.9007705498337,274.1694576163429,278.7113812011502,186366800,SPY
2020-03-06,271.8390197753906,273.045331573346,265.2317755742254,267.9002530665259,228667200,SPY
2020-03-09,250.60995483398438,259.7120695140164,249.89713912812093,251.5877720984813,309417300,SPY
2020-03-10,263.5777282714844,263.6690927281698,249.94281022843532,260.1233095601224,276444100,SPY
2020-03-11,250.7287139892578,257.65584636432993,247.54847242990883,256.52265940769087,255316300,SPY
2020-03-12,226.7397003173828,243.69194779831977,226.3467299817304,233.95011542645673,392220700,SPY
2020-03-13,246.12283325195312,248.09679065094042,227.1143840334552,240.4294279591931,329566100,SPY
2020-03-16,219.19117736816406,234.7726107780124,216.91564173418007,220.40660915986865,297240000,SPY
2020-03-17,231.02572631835938,234.1054695359692,216.65059323263955,223.93410499439116,262070500,SPY
2020-03-18,219.32827758789062,226.9773468065231,208.38014496942634,215.90127325057983,327597100,SPY
2020-03-19,219.79432678222656,226.07260768556657,212.21836929617308,218.64285844118245,289322000,SPY
2020-03-20,210.32244873046875,224.72696071707477,210.0466734873275,222.94363004147445,347158800,SPY
2020-03-23,204.9449005126953,211.13139220908926,200.63365540430698,209.76173127825837,326025200,SPY
2020-03-24,223.51351928710938,224.38680975426712,214.91862144024043,215.48854656490403,235494500,SPY
2020-03-25,226.85958862304688,235.6475485646317,220.38813506232896,225.0946467428511,299430300,SPY
2020-03-26,240.10589599609375,241.57665998414785,228.9371031237742,229.36914775984692,257632800,SPY
2020-03-27,232.9541778564453,239.74737193984004,230.77558000293203,232.8162972428731,224341200,SPY
2020-03-30,240.51954650878906,241.23655379734308,233.05530959383546,235.050062078814,171369500,SPY
2020-03-31,236.9344482421875,242.0638024214254,235.52801015650786,239.5175140854748,194881100,SPY
2020-04-01,226.2712860107422,236.85176448420262,224.20299266868236,227.9534996121323,189554600,SPY
2020-04-02,231.4925994873047,232.27394638304975,224.83728566556516,225.38883620204277,177660400,SPY
2020-04-03,228.1465301513672,232.86224312191504,225.41638201331432,230.50897330571124,135561200,SPY
2020-04-06,243.47024536132812,245.4374352742941,228.12811933562622,237.01718131949536,188061200,SPY
2020-04-07,243.71852111816406,252.8190070197748,243.49791211907876,252.06522220219827,201427200,SPY
2020-04-08,251.89967346191406,253.71057980948646,243.8287365741532,246.31987245584386,153774500,SPY
2020-04-09,255.7329559326172,258.4906799949257,253.2234169368293,255.16300272853678,189999200,SPY
2020-04-13,253.3980712890625,255.09867337959454,249.49129559193025,254.758558572092,114839100,SPY
2020-04-14,260.8714904785156,261.8918348329773,253.26017380887484,258.28842472821,134143400,SPY
2020-04-15,255.32847595214844,261.0093805310118,253.21420410146158,255.15381785852156,121775000,SPY
2020-04-16,256.5602722167969,257.415159958969,253.4900094044969,256.6062230641316,131798300,SPY
2020-04-17,263.49139404296875,264.09806873944035,259.59379105102954,262.3331407891114,146684800,SPY
2020-04-20,258.8492126464844,263.6292797051415,258.6286036617239,259.786828884741,100109300,SPY
2020-04-21,250.9897003173828,255.5859076947366,250.05205605846757,254.38170360611178,126385700,SPY
2020-04-22,256.5602722167969,258.30682521082116,254.5471313703784,255.8708411886541,92951600,SPY
2020-04-23,256.5419006347656,261.00942882801934,256.2385632888214,257.83803449166567,104709700,SPY
2020-04-24,260.11773681640625,260.7887931290741,256.00872668784143,258.0586450832086,85063200,SPY
2020-04-27,263.86822509765625,264.9897006956838,261.6344752923047,262.09409597915175,77896600,SPY
2020-04-28,262.6549072265625,267.8669912848749,262.35154179491997,267.51767499536015,105270000,SPY
2020-04-29,269.53082275390625,271.0659685753483,266.956957484873,267.9865035924863,118745600,SPY
2020-04-30,267.0212707519531,269.63191314520935,265.2838909183048,268.1519197995434,122901700,SPY
2020-05-01,259.9522705078125,267.1866954796315,258.78481603360234,262.2687486221893,125180000,SPY
2020-05-04,260.6693420410156,260.9726794196281,256.58790717425063,258.06787265525315,80873200,SPY
2020-05-05,263.0777282714844,265.8906050294555,260.7979992424974,263.4913981694902,79569900,SPY
2020-05-06,261.29437255859375,265.1643710660051,260.8623279708527,264.77830538088773,73632600,SPY
2020-05-07,264.4474182128906,266.37783119413643,263.9418465513149,264.5117718579719,75250400,SPY
2020-05-08,268.822998046875,269.2918202089729,266.4513391653479,267.5820163579853,76452400,SPY
2020-05-11,268.8781433105469,270.2570055839343,266.4697350281808,266.892578270506,79514200,SPY
2020-05-12,263.51898193359375,270.4776190002841,263.3810732615767,270.0639771433086,95870800,SPY
2020-05-13,258.8583679199219,263.9969236633219,256.43155730782263,262.95817645676516,144721100,SPY
2020-05-14,261.9561767578125,262.08485594358507,250.943656625686,256.42235460323354,121977900,SPY
2020-05-15,263.16046142578125,263.2064122806066,258.6194060692483,259.5662237134552,111146300,SPY
2020-05-18,271.1761779785156,272.78485022076103,269.06193425277155,269.3836462588065,119703800,SPY
2020-05-19,268.3908996582031,272.28847402813193,268.3725249301823,270.57869857253786,95189300,SPY
2020-05-20,272.9503479003906,273.81443707877554,271.70019303559144,271.93000339041674,85861700,SPY
2020-05-21,271.0658874511719,273.63057861267043,269.97198802595636,272.82164175506375,78293900,SPY
2020-05-22,271.5806579589844,271.75531605411203,269.53994110545716,270.78092249867296,63958200,SPY
2020-05-26,274.92669677734375,277.7855520274972,271.59904750423533,277.54654029417327,88951400,SPY
2020-05-27,279.0173645019531,279.0541420158943,272.8952128963509,277.7212306525081,104817400,SPY
2020-05-28,278.5025634765625,282.06002314727544,277.8315071665672,280.04688227031033,90405200,SPY
2020-05-29,279.7435302734375,280.3318301412633,275.2852041805372,278.03372679987336,119090800,SPY
2020-06-01,280.8741760253906,281.4808786671015,278.5852740999053,279.10004699838373,55758300,SPY
2020-06-02,283.1998291015625,283.24580799540894,280.4605081581099,281.79339112536235,74267200,SPY
2020-06-03,286.96875,287.92476883249293,284.909658409725,285.18541958591584,92567600,SPY
2020-06-04,286.2149658203125,287.7225350605196,284.1190967189892,285.98515548879453,75794400,SPY
2020-06-05,293.5505676269531,295.324696931107,291.5466279553278,291.6109815909454,150524700,SPY
2020-06-08,297.0988464355469,297.2918792842742,293.817147742069,294.35949682860377,73641200,SPY
2020-06-09,294.8834533691406,297.17235545339963,293.5689168610725,294.43300601196165,77479200,SPY
2020-06-10,293.23797607421875,296.3542175612713,292.52096897897934,295.4625523739719,95000800,SPY
2020-06-11,276.3331604003906,286.94121464894255,275.7816379696527,286.306935800571,209243600,SPY
2020-06-12,279.6424560546875,284.1191577863785,274.4855245724636,283.34699827287557,194678900,SPY
2020-06-15,282.2530822753906,283.38375938311225,272.7757049594633,273.9523329194972,135782700,SPY
2020-06-16,287.6857604980469,290.1493485974371,282.8229940315134,290.0022666173974,137627500,SPY
2020-06-17,286.49078369140625,289.0003228615567,285.75537372521586,288.7061588750805,83398900,SPY
2020-06-18,286.60107421875,287.07906963373426,284.51440640064004,284.9740270872474,80828700,SPY
2020-06-19,284.9631652832031,290.26282089573067,283.01501607269654,290.0689386157883,135549600,SPY
2020-06-22,286.79132080078125,287.18832733403883,283.21820564851276,284.36307218217655,74649400,SPY
2020-06-23,288.111572265625,290.3736357062622,287.70532390749855,289.4411072237713,68471200,SPY
2020-06-24,280.76220703125,286.68971915216207,278.9248757908203,286.07110475847367,132813500,SPY
2020-06-25,283.7721862792969,284.0399473243526,278.1678289833196,280.1898292059112,89468000,SPY
2020-06-26,277.03216552734375,282.8858280526824,276.4505185694108,282.67346196626374,127961000,SPY
2020-06-29,281.1038513183594,281.24233868339707,275.9980771665016,278.2878382488589,79773300,SPY
2020-06-30,284.7047119140625,286.4035844678509,280.5130100144226,280.6699529958901,113394800,SPY
2020-07-01,286.6989440917969,287.9638703985175,285.3601954313995,285.8218387301167,72396500,SPY
2020-07-02,288.27777099609375,291.4815764666122,287.61300354993097,290.13355781025984,69344200,SPY
2020-07-06,292.7280578613281,293.3097330320879,291.3523695965938,292.10022962286325,61713800,SPY
2020-07-07,289.7088623046875,293.1619451017001,289.3303114252415,291.1861264698139,82910000,SPY
2020-07-08,291.9248352050781,292.03562512101786,288.7118149369094,290.47526805974866,54638600,SPY
2020-07-09,290.262939453125,292.77428094232584,286.84676666050206,292.53421733241225,83354200,SPY
2020-07-10,293.2265930175781,293.49435402565143,288.767131059591,290.1982140439162,57550400,SPY
2020-07-13,290.68756103515625,297.95382235069326,290.03203541314804,295.57175522796825,102997500,SPY
2020-07-14,294.4545593261719,295.23011664805574,288.0654039937912,289.2656652398442,93657000,SPY
2020-07-15,297.15985107421875,298.2585645791441,294.7777554407008,297.67688940871585,87196500,SPY
2020-07-16,296.18109130859375,296.63349268794474,294.61149295046425,295.2578047865102,54622500,SPY
2020-07-17,297.0398864746094,297.8246860379968,295.2117681221109,297.1876157716632,62774900,SPY
2020-07-20,299.4402770996094,300.18813689215324,296.02410586279206,296.7719656553359,56308800,SPY
2020-07-21,300.0773620605469,301.8500564070887,299.0894387179133,301.40689690868754,57292200,SPY
2020-07-22,301.7854919433594,302.099434231955,299.6065487498866,299.71733865104954,57792900,SPY
2020-07-23,298.1846618652344,302.12711406913473,296.8182155953633,301.42540716743423,75738000,SPY
2020-07-24,296.26422119140625,297.2890558358542,294.75925946179956,296.328858018481,73766600,SPY
2020-07-27,298.42474365234375,298.6001703884858,296.16267985039116,296.95672110500396,48293000,SPY
2020-07-28,296.53204345703125,298.81256305317737,296.2365849092078,297.6953657023095,57495000,SPY
2020-07-29,300.1789855957031,300.7422051686178,297.37218596811334,297.4091253277657,48454200,SPY
2020-07-30,299.1078796386719,299.5233698245188,295.1193034662908,297.2059117473767,61861700,SPY
2020-07-31,301.4715270996094,301.5731032762325,296.6796674453573,300.8990939222795,84986800,SPY
2020-08-03,303.56744384765625,304.33375941571626,302.5887621937607,303.13349796893095,53077900,SPY
2020-08-04,304.7400207519531,304.7400207519531,302.7087786426871,302.7087786426871,41917900,SPY
2020-08-05,306.63275146484375,306.89129880632356,305.77410154284553,306.0418625918955,42697700,SPY
2020-08-06,308.6824035644531,308.8024353334043,305.7279032834886,306.0510592360944,43679400,SPY
2020-08-07,308.9039611816406,309.19017773336356,306.8080828607746,307.71291374534616,57308300,SPY
2020-08-10,309.8272705078125,310.0119109096436,307.41747799040013,309.35638535667545,44282100,SPY
2020-08-11,307.269775390625,311.64617312266336,306.5403992490115,311.00910310173,69601100,SPY
2020-08-12,311.5538635253906,312.3294209653016,309.67959266815404,309.70729014184826,53774400,SPY
2020-08-13,310.9905700683594,312.30164925667594,310.06728359605586,310.78744591739394,41816100,SPY
2020-08-14,310.9999084472656,311.5354305461862,309.87349747449144,310.6029019033432,47260400,SPY
2020-08-17,311.9878234863281,312.3848300193641,311.00914180297326,312.01552096127307,35481000,SPY
2020-08-18,312.66180419921875,313.0865081681524,310.7875052531915,312.38480129876183,38733900,SPY
2020-08-19,311.3600158691406,313.5574147719256,310.79679627269803,313.04037642109654,68054200,SPY
2020-08-20,312.3293762207031,312.8094750881142,309.50412160274976,309.63336706931557,42207800,SPY
2020-08-21,313.43731689453125,313.65889664211295,311.6553525028336,311.99699218231325,55106600,SPY
2020-08-24,316.61346435546875,316.68731488840734,313.4096586142327,315.8748181437234,48588700,SPY
2020-08-25,317.721435546875,317.8045279741512,316.0133494044836,317.1766997393025,38463400,SPY
2020-08-26,320.90673828125,321.1744711148294,317.76756939870836,318.3123051250386,50790200,SPY
2020-08-27,321.6084289550781,323.0579957694621,319.94652424244754,321.77464196751936,58034100,SPY
2020-08-28,323.685791015625,323.8150646592131,321.4422114288014,322.6332589850596,48588900,SPY
2020-08-31,322.51324462890625,324.3505759728523,322.28242297558756,323.473470596124,66099200,SPY
2020-09-01,325.55084228515625,325.6523902806764,322.4485848337792,323.34417391191676,54908700,SPY
2020-09-02,330.2596435546875,331.22908325949226,326.31719155514446,327.46208615275333,69540000,SPY
2020-09-03,318.89410400390625,329.041018912173,316.308883550312,328.57013353522376,148011100,SPY
2020-09-04,316.2903137207031,321.14678232846006,309.1809952615708,319.5772119329768,139156300,SPY
2020-09-08,307.6483459472656,316.3549607309717,307.3436737413122,310.8798493187982,114465300,SPY
2020-09-09,313.7236328125,316.18879281443327,310.7875593448871,311.65545119972245,91462300,SPY
2020-09-10,308.2761535644531,316.25333454581227,307.3159276821659,315.59780899777945,90569500,SPY
2020-09-11,308.43310546875,311.11987273507737,305.6078508539459,310.05809882812946,84680200,SPY
2020-09-14,312.49566650390625,314.26838969407373,308.58093918690537,311.60007711187774,65605700,SPY
2020-09-15,314.0744323730469,315.78249013570075,312.504833796234,314.9515377853473,52920900,SPY
2020-09-16,312.8280029296875,316.7427294770832,312.5510000169259,315.3116463788061,82096000,SPY
2020-09-17,310.07659912109375,311.79392701921023,307.4452264147787,307.97150659133644,91523300,SPY
2020-09-18,306.5067443847656,310.9933360912378,304.0224381842765,310.8821027224487,105877900,SPY
2020-09-21,303.095458984375,303.2437795741085,298.2380798999571,301.9182014330189,99450800,SPY
2020-09-22,306.18231201171875,306.7385071760695,302.066507400489,304.5786503731086,63612100,SPY
2020-09-23,299.08172607421875,307.01669609895345,298.5811474715118,306.73858430221924,93112200,SPY
2020-09-24,299.8787841796875,302.93781455731744,296.4489382381279,297.7652655958646,76681300,SPY
2020-09-25,304.7269592285156,305.5148717009548,298.1546568746652,299.0259943751535,71069400,SPY
2020-09-28,309.78826904296875,310.50203534951567,307.8972169129009,308.8890949296322,64584600,SPY
2020-09-29,308.1011657714844,310.3259180903288,307.40592890376666,309.58434341380087,51304000,SPY
2020-09-30,310.4371337890625,313.58886813155385,308.5738902068861,308.76854858003315,104081100,SPY
2020-10-01,312.4301452636719,314.00599831587897,310.54837218800964,313.0326781450821,88698700,SPY
2020-10-02,309.4638977050781,312.4024452784228,307.0073992354619,307.48016945972887,89431100,SPY
2020-10-05,314.9516296386719,315.1370091924181,311.475444751699,311.5217825678193,45713100,SPY
2020-10-06,310.4742736816406,317.1856469045774,309.9644445702148,315.0906571878008,90128900,SPY
2020-10-07,315.878662109375,316.685132604102,313.4036056320997,313.431413984012,56999600,SPY
2020-10-08,318.6780700683594,318.7429656383515,316.89825106833507,317.81598305879504,45242500,SPY
2020-10-09,321.5238952636719,321.9873865273389,319.7070174310904,320.3280798824177,59528600,SPY
2020-10-12,326.6964111328125,328.17030980233085,323.5724848688719,324.06378442537806,80388500,SPY
2020-10-13,324.56439208984375,326.73352777746965,323.6003223544785,326.55739883670304,73255500,SPY
2020-10-14,322.5250549316406,326.2329853972063,321.7927590329618,325.1391526992879,57727900,SPY
2020-10-15,322.12640380859375,322.60842450210197,318.07549499777156,318.61313237555913,60357700,SPY
2020-10-16,321.9317626953125,325.13911424772533,321.7556337558863,323.4798076396234,89501900,SPY
2020-10-19,317.037353515625,323.8228451922091,316.13817918991043,323.19250376305786,68425600,SPY
2020-10-20,318.3072204589844,321.55165885307974,317.6212625367953,318.381366603576,60051900,SPY
2020-10-21,317.70465087890625,320.4299810784474,317.39873088079713,318.26081762227835,63575000,SPY
2020-10-22,319.4474182128906,320.0314217004003,315.77657552045014,317.91790278181213,55399300,SPY
2020-10-23,320.53204345703125,320.7267018827422,318.0755452159894,320.6710851896819,49143900,SPY
2020-10-26,314.60858154296875,317.93644508302657,311.11383966511926,317.14850435705404,91473000,SPY
2020-10-27,313.5240173339844,315.2852783983385,313.3108011782151,314.9515782824497,65994100,SPY
2020-10-28,302.8080749511719,313.5517975998681,302.3167754094889,307.85086148317663,127094300,SPY
2020-10-29,305.8856201171875,309.0558836435642,301.35266323095533,303.0397777544152,90597700,SPY
2020-10-30,302.69696044921875,305.6169505054089,299.0446460866064,304.30990141012455,120287300,SPY
2020-11-02,306.0896301269531,308.09188741481535,303.34574158278815,306.0896301269531,86068300,SPY
2020-11-03,311.49395751953125,313.55185999385526,306.173086523715,309.3248216610703,93294200,SPY
2020-11-04,318.4555969238281,322.5343145343358,314.7940044922087,315.97126216053266,126959700,SPY
2020-11-05,324.6663818359375,326.4740092498404,323.38714130170024,323.7393992214774,82039700,SPY
2020-11-06,324.59210205078125,325.8435337229844,322.26536759375745,324.3788859530939,74973000,SPY
2020-11-09,328.6708984375,337.77387297534375,328.20740720794697,337.3938067723991,172304200,SPY
2020-11-10,328.1888732910156,329.2456185696468,324.9166263863297,327.6790159718678,85552000,SPY
2020-11-11,330.6268310546875,331.45183069524353,329.1343746531919,330.3765276970206,58649000,SPY
2020-11-12,327.4195556640625,330.67327403455096,325.611956349888,329.61650016441143,67546200,SPY
2020-11-13,331.95245361328125,332.6940283304285,328.80996922022456,329.3290771800801,62892200,SPY
2020-11-16,336.0960998535156,336.29075828534565,333.3336814245421,334.6222008625587,74541100,SPY
2020-11-17,334.28839111328125,335.49348521603423,332.17487235671945,333.6858582065338,66111000,SPY
2020-11-18,330.265380859375,335.1042314744775,330.2282936319934,334.5573150999779,70591300,SPY
2020-11-19,331.6557922363281,332.02657957234703,328.29084129066734,329.63497720915376,59940900,SPY
2020-11-20,329.3846130371094,331.6001143454081,329.31046689929525,331.39617710485027,70417300,SPY
2020-11-23,331.3591613769531,332.6198723058136,328.9582800615384,331.1923113139346,63230600,SPY
2020-11-24,336.6986083984375,337.24552471708824,333.05557370732873,333.9083818251607,62415900,SPY
2020-11-25,336.1794738769531,336.6429651228615,335.085641326032,336.61515677967736,45330900,SPY
2020-11-27,337.11578369140625,337.5885255934708,336.1053477355722,337.27335489567287,28514100,SPY
2020-11-30,335.6232604980469,336.60585962287183,332.9442959525929,336.33702679385095,83872700,SPY
2020-12-01,339.2941589355469,340.8329534365879,338.28375130260855,338.8770337417267,74231400,SPY
2020-12-02,340.0079345703125,340.16550576049775,337.6070531807557,338.18177783063066,45927000,SPY
2020-12-03,339.9152526855469,341.30572658893556,338.81214112571735,339.9059738069598,62882000,SPY
2020-12-04,342.8445129394531,342.8445129394531,340.4065442272832,340.4992481431544,50749900,SPY
2020-12-07,342.1399841308594,342.6312837481267,340.8700225705228,342.07508856328803,48944300,SPY
2020-12-08,343.14117431640625,343.7066201446968,340.82371772977626,340.87005554580287,42458900,SPY
2020-12-09,340.0636291503906,343.9569397457777,339.229350329184,343.7993685195012,74098300,SPY
2020-12-10,339.9523620605469,340.99982870636666,337.82028496287495,338.6916509289143,57735400,SPY
2020-12-11,339.55364990234375,339.9615244312118,336.73564370740246,338.2558801692447,57698600,SPY
2020-12-14,338.033447265625,342.7981226816186,337.8573183246596,341.7228478589244,69216200,SPY
2020-12-15,342.603515625,342.603515625,339.20150512752514,340.57342135002625,63865300,SPY
2020-12-16,343.14117431640625,344.0588780721469,341.93607991779965,342.81672473642504,58420500,SPY
2020-12-17,345.0599365234375,345.26387379305515,343.9568251499501,344.78185310544035,64119500,SPY
2020-12-18,343.6821594238281,345.5161002847388,341.67133885477017,345.3485390064458,136542300,SPY
2020-12-21,342.453369140625,352.3212752668946,337.0260363965949,339.7629846416698,96386700,SPY
2020-12-22,341.8761901855469,342.8909048278069,340.74976800980517,342.7791972943252,47949000,SPY
2020-12-23,342.18341064453125,344.0918139440392,341.8575780688017,342.84436581711367,46201400,SPY
2020-12-24,343.5146179199219,343.542544801245,342.0716817018129,342.6581462095984,26457900,SPY
2020-12-28,346.4656677246094,346.8566440369137,345.4416347950201,346.06534457269254,39000400,SPY
2020-12-29,345.80474853515625,348.1693289377811,345.2182555477863,347.9924491984202,53680500,SPY
2020-12-30,346.298095703125,347.3314471151924,345.90711937087656,346.6239282532309,49455300,SPY
2020-12-31,348.0576171875,348.7837445893019,345.59064770765076,346.10265005654054,78520700,SPY
2021-01-04,343.31915283203125,349.51917659122995,339.62334376927595,349.3888321963932,110210800,SPY
2021-01-05,345.6836853027344,346.7728905061342,342.6302231348059,342.67678687742756,66426200,SPY
2021-01-06,347.75030517578125,350.94342966039994,343.6262753129207,344.1755228387104,107997700,SPY
2021-01-07,352.9170837402344,353.6618195734626,349.94740201873657,350.12428175085216,68766800,SPY
2021-01-08,354.9278564453125,355.14195305315735,351.05516813608017,354.3041182519428,71677200,SPY
2021-01-11,352.5354309082031,354.29488155566315,351.63242370939287,351.7534496860149,51034700,SPY
2021-01-12,352.6098327636719,353.6245473333701,350.3662785938468,352.7215686990142,52547700,SPY
2021-01-13,353.55938720703125,354.55546486987174,351.75337320210355,352.5353542542608,45303600,SPY
2021-01-14,352.3212585449219,354.8068647184422,351.9861359560516,354.30415242528704,49989100,SPY
2021-01-15,349.7519836425781,351.5021160409651,347.8901152780392,350.70152628094456,107160000,SPY
2021-01-19,352.4981384277344,353.0380960342888,350.72936958492306,352.2095511727949,51233300,SPY
2021-01-20,357.3762512207031,358.21408610198193,354.39725118743416,354.7882275407677,61836100,SPY
2021-01-21,357.7020263671875,358.36300987967786,356.7804109135132,357.93475983810305,47840100,SPY
2021-01-22,356.43597412109375,357.5996414893799,355.4677949159223,355.8494812219019,52860500,SPY
2021-01-25,357.8417663574219,358.19549744523476,352.3213056451607,357.1714926802257,70402000,SPY
2021-01-26,357.2831726074219,359.2008944003585,357.0504391042999,358.79128116207573,42665300,SPY
2021-01-27,348.55096435546875,354.05278710492604,346.31672868098127,353.95968803310404,123351100,SPY
2021-01-28,351.5486145019531,355.55161937828063,349.92879841681105,350.3663101277551,94198100,SPY
2021-01-29,344.5106506347656,350.6548189054019,342.83495288285974,349.686639876068,126765100,SPY
2021-02-01,350.2452697753906,351.2785927627981,344.7993008040637,347.90861660624154,75817600,SPY
2021-02-02,355.19781494140625,356.7524870405597,350.32904887111556,353.4290462295083,64450700,SPY
2021-02-03,355.47711181640625,357.19934519602856,354.20173693182824,356.02635940269215,52427100,SPY
2021-02-04,359.517333984375,359.56386931140645,355.5887921301405,356.5104075201895,47142600,SPY
2021-02-05,360.932373046875,361.63989189934597,359.47082842089645,361.3885499748435,48669800,SPY
2021-02-08,363.5390625,363.5855978382445,361.52824155640604,362.38468496710107,38365200,SPY
2021-02-09,363.2969665527344,363.89277790526904,362.29157040764335,362.7011552001997,35551100,SPY
2021-02-10,363.138671875,365.18673775500156,360.7368749883138,365.0377849264699,59154400,SPY
2021-02-11,363.72509765625,364.6374229090005,361.295374338085,364.2184913804277,42913300,SPY
2021-02-12,365.5220031738281,365.76402673735817,362.8501982633707,362.9246889058846,50593300,SPY
2021-02-16,365.20538330078125,366.94625368053585,364.4885743748941,366.7507370926893,50972400,SPY
2021-02-17,365.2891540527344,365.54049596951603,362.4404702799734,363.455213196624,52290600,SPY
2021-02-18,363.7345275878906,364.479263411607,360.9603340863235,362.68256763974955,59712800,SPY
2021-02-19,363.0921630859375,365.27986352452217,362.645304567679,364.9912762762247,83241000,SPY
2021-02-22,360.29931640625,362.7104315988189,360.02933764280306,360.3272432845483,67414200,SPY
2021-02-23,360.7369079589844,362.0867735591579,353.941101443955,358.0930589330605,107284100,SPY
2021-02-24,364.71197509765625,365.1402251600415,358.66090455980543,359.6476922516517,72433900,SPY
2021-02-25,355.92401123046875,364.8144486635572,354.4810747828788,363.4459744413882,146670500,SPY
2021-02-26,354.0899963378906,358.9494723193458,352.1071310412466,357.8044418312601,152701600,SPY
2021-03-01,362.6732177734375,363.92069420530373,354.28552261817083,358.95880058810565,105348800,SPY
2021-03-02,359.8431396484375,363.12933464925777,359.34042746872507,362.89660121177803,79595300,SPY
2021-03-03,355.0768127441406,360.11314003050495,354.9743952442966,359.1449892511198,119940200,SPY
2021-03-04,350.68280029296875,357.47860618196836,346.19569221992555,354.89061115902405,183433000,SPY
2021-03-05,357.13421630859375,358.18617627812586,346.9032607012722,354.1831430171617,152039600,SPY
2021-03-08,355.3560791015625,360.9044370293171,355.07681030362994,358.09302696069,123149200,SPY
2021-03-09,360.4296875,362.9804372731695,358.69813568759565,359.2008479440805,113633600,SPY
2021-03-10,362.6732177734375,364.3675242968636,361.36062596963234,362.7756352759854,109899400,SPY
2021-03-11,366.3504638671875,368.32403944461987,364.6840840161151,365.14026100475496,86245000,SPY
2021-03-12,366.84381103515625,366.9834454384432,364.181353712992,364.9912616619042,64653600,SPY
2021-03-15,369.03155517578125,369.2922155627964,364.95405965687513,367.0951965209388,73427200,SPY
2021-03-16,368.5660400390625,370.35341719951157,367.7933490003447,369.64592676134737,73722500,SPY
2021-03-17,369.82281494140625,370.6234044689322,366.13629619510306,367.28135513431295,97959300,SPY
2021-03-18,364.4419860839844,369.3200702632121,363.76239416037566,367.23478757465904,115349100,SPY
2021-03-19,363.7676696777344,365.71969051583625,361.59147356195604,364.141257136667,113624500,SPY
2021-03-22,366.67236328125,368.05466830965446,364.2253325103038,364.28136920712717,73778600,SPY
2021-03-23,363.7864074707031,367.4849724644324,363.00186510857276,366.0373101003052,90686600,SPY
2021-03-24,361.9370422363281,366.8217830520808,361.89035449260405,365.1873129811931,97588600,SPY
2021-03-25,363.97308349609375,364.7669460191098,358.55596652740854,360.4986665792443,116128600,SPY
2021-03-26,369.838623046875,370.2402289227248,364.5242571453707,365.12199148337254,114409100,SPY
2021-03-29,369.6518249511719,370.557789685478,366.87789404327793,368.362923730932,108107600,SPY
2021-03-30,368.671142578125,369.3436115196959,367.0740110275809,368.3816101105084,76262200,SPY
2021-03-31,370.1654357910156,371.7251997987825,369.21278347970974,369.2408018270159,112734200,SPY
2021-04-01,374.162841796875,374.21890698843123,371.8932703973553,372.09874775674973,99682900,SPY
2021-04-05,379.5333557128906,380.07508186806007,376.7501043396407,376.8248104457492,91684800,SPY
2021-04-06,379.30914306640625,380.3551993878055,378.6366742165215,378.9729228929124,62021000,SPY
2021-04-07,379.74810791015625,380.0936770263506,378.68338221439245,379.1410247193097,55836300,SPY
2021-04-08,381.5506591796875,381.6066958698037,380.06562988582067,380.99961272494903,57863100,SPY
2021-04-09,384.3246765136719,384.49281512504706,381.3079295009663,381.4293518580536,61104600,SPY
2021-04-12,384.4648132324219,384.7356478067026,383.11987530124844,383.7269586097735,56704900,SPY
2021-04-13,385.6041259765625,386.22990699521483,383.9790050219062,384.36194139109745,56551000,SPY
2021-04-14,384.2872619628906,386.6315395766929,383.7455359385016,385.5761343766993,61659900,SPY
2021-04-15,388.4154968261719,388.68635987083064,386.3794207731198,386.42610852089956,60229800,SPY
2021-04-16,389.7137451171875,390.3208283501207,388.28475230611167,389.7043961665137,82037300,SPY
2021-04-19,387.79901123046875,389.2280038510843,386.472771544875,388.77971032486425,78498500,SPY
2021-04-20,384.9598083496094,387.68702290879025,383.4840991609738,386.5849297445035,81851800,SPY
2021-04-21,388.6023864746094,388.8078639132317,384.2033051981361,384.3434254767139,66793000,SPY
2021-04-22,385.0531921386719,389.26546492861024,383.9884662544885,388.43423481321906,97582800,SPY
2021-04-23,389.22802734375,390.6383506535276,385.5388119647193,385.6135180559668,73209200,SPY
2021-04-26,390.04058837890625,390.61033277407387,389.29341345395136,389.88182724622914,52182400,SPY
2021-04-27,389.9565734863281,390.5356668911207,388.8171130815738,390.3395099382348,51303100,SPY
2021-04-28,389.84442138671875,391.34814854078337,389.3774299790914,390.2273577613204,51238900,SPY
2021-04-29,392.3288879394531,392.94532012603673,388.94787411541165,392.5717326349584,78544300,SPY
2021-04-30,389.7511291503906,390.9092875553303,388.8545133714871,390.0593595294179,85527000,SPY
2021-05-03,390.5916748046875,392.12339199652814,390.0966649892705,391.7404555728437,68128300,SPY
2021-05-04,388.18206787109375,389.0973816088314,384.49285157188143,388.6023716850221,101591200,SPY
2021-05-05,388.30340576171875,390.05929824240366,387.7430102993665,389.82580250833166,60162200,SPY
2021-05-06,391.4042663574219,391.5350091571525,386.37008425835495,388.37814202679203,74321400,SPY
2021-05-07,394.2528991699219,394.90669867070073,391.48831747234374,392.17013532299035,67733800,SPY
2021-05-10,390.348876953125,394.8319841776763,390.2274545965479,394.60783736731895,81852400,SPY
2021-05-11,386.8650817871094,387.85510146471046,382.9890581244751,385.8283743617133,116888000,SPY
2021-05-12,378.6460266113281,385.3520172707222,377.32910724736956,384.08181415543856,134811000,SPY
2021-05-13,383.19451904296875,385.1278705672436,380.14972554113865,380.1964417898234,106394000,SPY
2021-05-14,389.0786437988281,389.9285717889335,385.90310715086446,385.93112550205916,82201600,SPY
2021-05-17,388.08868408203125,388.9012733981681,386.0712769752631,387.9672902100109,65129200,SPY
2021-05-18,384.7450256347656,388.5930316977429,384.5862359561128,388.3501869549459,59810200,SPY
2021-05-19,383.73626708984375,383.9137261518179,378.5713418982046,380.0564000490199,106467100,SPY
2021-05-20,387.864501953125,389.1253848430136,384.4928366319979,384.6142304929748,78022200,SPY
2021-05-21,387.5469055175781,390.59169919664373,387.0892629717918,389.3494858539395,76578700,SPY
2021-05-24,391.4976501464844,392.5717248506236,389.54560067622776,389.78844536691764,51376700,SPY
2021-05-25,390.62896728515625,392.9359060011208,390.04990249459644,392.5809879674503,57451400,SPY
2021-05-26,391.4042663574219,391.9085966601107,390.18075089606674,391.2174583544931,43088600,SPY
2021-05-27,391.6097717285156,392.94536068585694,391.3295597041095,392.4316813954646,56707700,SPY
2021-05-28,392.3102722167969,393.44038379537267,392.0767764400637,393.1788696655476,58520200,SPY
2021-06-01,391.9646301269531,394.81326667212426,391.5256570082224,394.67317493272026,54216600,SPY
2021-06-02,392.5810241699219,393.4216315915621,391.60970246523397,392.6183914671472,49097100,SPY
2021-06-03,391.1240539550781,392.2635143648258,388.7984453863478,390.26480554943856,58138800,SPY
2021-06-04,394.701171875,395.0000532381176,391.1893871156072,392.9732978416649,55938800,SPY
2021-06-07,394.3182678222656,394.86931434784225,393.38428486307185,394.69185530536356,51555000,SPY
2021-06-08,394.40228271484375,395.27087993776814,392.57168428200526,395.17747595077844,47134300,SPY
2021-06-09,393.8139343261719,395.31766180851946,393.58978752250255,395.24292720536323,48436300,SPY
2021-06-10,395.6445617675781,396.5972427580908,393.720558888761,395.0374784616624,51020100,SPY
2021-06-11,396.2983093261719,396.410382721431,394.90668383020704,396.1955848814836,45570800,SPY
2021-06-14,397.1855773925781,397.2883018302443,395.1681709071251,396.4103556235315,42358500,SPY
2021-06-15,396.45709228515625,397.3723773329353,395.5791460332352,397.33503853707737,51508500,SPY
2021-06-16,394.2435302734375,396.8213323424478,392.19813383077667,396.59718555484613,80386100,SPY
2021-06-17,394.1127624511719,395.0934330875437,391.63771348560346,393.8325789844645,90949700,SPY
2021-06-18,388.7960510253906,391.52280806426444,388.5899013988071,390.82940868218697,118676300,SPY
2021-06-21,394.362060546875,394.54947970964827,389.74246700562156,390.55768603100165,72822000,SPY
2021-06-22,396.4703674316406,397.3043454678535,393.6311417670724,394.352679752593,57700300,SPY
2021-06-23,395.9924621582031,397.35115077864344,395.9081321276498,396.54531142259333,49445400,SPY
2021-06-24,398.3350830078125,398.75673318670397,397.88529422084855,398.13831292432985,45110300,SPY
2021-06-25,399.75006103515625,400.1998499000936,398.75680231338544,399.08477157347613,58129500,SPY
2021-06-28,400.5557861328125,400.72444617337635,399.07527811651687,400.2746860652061,53159600,SPY
2021-06-29,400.77142333984375,401.5772628150839,400.2373044711945,400.9400834258965,35970500,SPY
2021-06-30,401.1087951660156,401.7834641932581,400.28419651092446,400.31230652888655,64827900,SPY
2021-07-01,403.3294372558594,403.4887463683767,401.80206006724353,401.8676596192297,53441000,SPY
2021-07-02,406.412353515625,406.7684327334074,403.41381877275404,404.49143596219454,57697700,SPY
2021-07-06,405.672119140625,406.68413685470637,402.9359824093808,406.4686076794865,68710400,SPY
2021-07-07,407.10577392578125,407.38690265779184,404.3415272693066,406.35615449938257,63549500,SPY
2021-07-08,403.7886047363281,404.5476035617082,400.602651261336,401.78332881021294,97595200,SPY
2021-07-09,408.0989990234375,408.3988582078336,403.591846106271,405.2972630468599,76238600,SPY
2021-07-12,409.5608215332031,409.8138402584851,407.58368379970483,408.0147135517589,52889600,SPY
2021-07-13,408.16461181640625,410.27294851905754,407.9022421705888,408.7736811446095,52911300,SPY
2021-07-14,408.77362060546875,410.3478668433749,407.52737212144143,409.8605885760606,64130400,SPY
2021-07-15,407.37750244140625,408.10839135369446,405.4753153622365,407.4337224657248,55126400,SPY
2021-07-16,404.1822509765625,408.60507458251783,403.7887107543716,408.5582340881167,75874700,SPY
2021-07-19,398.2132873535156,404.24781810954704,395.4021716073947,399.35647556745073,147987000,SPY
2021-07-20,403.91986083984375,405.19424821912867,398.0821000063619,398.87858854389634,99608200,SPY
2021-07-21,407.1900939941406,407.33067265477706,403.8729980876093,405.1192467876088,64724400,SPY
2021-07-22,408.0428771972656,408.28651641773797,406.38432894043746,407.36820816808677,47878500,SPY
2021-07-23,412.2407531738281,412.5780733348413,409.28908738037114,409.9731072389194,63766600,SPY
2021-07-26,413.2527160644531,413.26209560038063,411.6035477215418,411.6503882088871,43719200,SPY
2021-07-27,411.36932373046875,412.2407627628377,408.5394488652319,412.21265274876606,67397100,SPY
2021-07-28,411.2005920410156,412.57803977875034,409.7763038167769,411.9970804846023,52472400,SPY
2021-07-29,412.9060363769531,413.9836250033735,412.11892741688575,412.12830695326727,47435300,SPY
2021-07-30,410.90081787109375,412.35321630587856,410.20738984106623,410.33858897512397,68951200,SPY
2021-08-02,410.03875732421875,413.1684631203234,409.68267804628834,412.6156137242241,58783300,SPY
2021-08-03,413.37457275390625,413.49639234731455,408.642539261414,410.8352061543172,58053900,SPY
2021-08-04,411.3412170410156,413.34646478534535,411.1069573898092,412.0908364864167,46732200,SPY
2021-08-05,413.9461364746094,414.0304665079831,412.1844995210822,412.5030891792091,38969700,SPY
2021-08-06,414.63018798828125,415.0518667835452,413.983629086822,414.2647578157139,46930000,SPY
2021-08-09,414.29290771484375,414.92070760379596,413.5245291498375,414.6021178906313,41222600,SPY
2021-08-10,414.8082275390625,415.52038600343246,414.05860812109773,414.74262797604996,43339300,SPY
2021-08-11,415.8389892578125,415.9326988371535,414.75202104898426,415.87647880877864,44034300,SPY
2021-08-12,417.0851745605469,417.2257532062454,414.78944749477773,415.68899640806853,38909400,SPY
2021-08-13,417.8442077636719,417.8629382384884,417.0477193437249,417.53496905425794,39470300,SPY
2021-08-16,418.8280944824219,418.95926500085824,414.98623095911614,416.54171828206023,73740000,SPY
2021-08-17,416.0826416015625,416.94470112800127,413.0934860818038,416.2700321700211,92673900,SPY
2021-08-18,411.5285949707031,416.6354666486862,411.2849843863083,415.07059964436183,89351900,SPY
2021-08-19,412.1658020019531,413.36523891211175,408.6612866430519,408.8018367196642,92812200,SPY
2021-08-20,415.44537353515625,415.7733427277286,412.02518874666305,412.51246706573465,72008700,SPY
2021-08-23,419.099853515625,420.00878201499984,415.52035954108516,417.132066923601,54973000,SPY
2021-08-24,419.7652587890625,420.2993777508464,419.2498989042103,419.7652587890625,38744700,SPY
2021-08-25,420.64599609375,421.16135587884156,419.57775837696613,419.9525966891945,40529700,SPY
2021-08-26,418.162841796875,420.5991192042751,418.0691322205563,420.3648595615522,57829600,SPY
2021-08-27,421.901611328125,422.27642103261843,418.9124560362428,418.96867606210947,77235100,SPY
2021-08-30,423.75689697265625,424.5440058176366,422.3325802659974,422.57621940711397,48357400,SPY
2021-08-31,423.129150390625,424.0005894306205,422.52946055313254,423.6632692588089,59300200,SPY
2021-09-01,423.35400390625,424.58152211457764,423.11974426960506,424.0661623524176,48721400,SPY
2021-09-02,424.65655517578125,425.462394702092,423.45714682758916,424.7783747777005,42501000,SPY
2021-09-03,424.5533752441406,425.0687635577039,423.11970753618436,423.52265580930316,47170500,SPY
2021-09-07,423.0353698730469,424.30037749751193,422.36070104640845,424.20666793345083,51671500,SPY
2021-09-08,422.5201416015625,423.2323001945909,420.5991950272498,422.50141112138124,56181900,SPY
2021-09-09,420.7116394042969,424.07560485445447,420.4680001952441,422.32334708756264,57970400,SPY
2021-09-10,417.3945007324219,423.0635731561892,417.27268113189905,422.6419229191683,89948200,SPY
2021-09-13,418.4626770019531,420.6553724465294,416.1481905625877,420.3930027876443,83738600,SPY
2021-09-14,416.2044372558594,420.11187210742554,415.3142391694053,419.9057224766755,78197100,SPY
2021-09-15,419.6808166503906,420.1774459218341,415.5203633365021,416.6260619263352,78792200,SPY
2021-09-16,419.0155334472656,420.1305829932493,416.063839190952,419.15608350800755,77786700,SPY
2021-09-17,414.9338684082031,418.6658303177403,414.5766484303606,418.24282930799984,118425000,SPY
2021-09-20,408.01519775390625,410.38408955076596,403.1457660287209,408.8048283528595,166445500,SPY
2021-09-21,407.62982177734375,411.65319451439296,407.103401321114,410.3559338587685,92526100,SPY
2021-09-22,411.6061706542969,413.64607141513255,407.7426174898221,409.9046994331068,102350100,SPY
2021-09-23,416.6071472167969,418.21463714747955,413.2418148065021,413.4768249344985,76396000,SPY
2021-09-24,417.2934265136719,418.00786655031254,414.7553054165893,414.97152508235223,62094800,SPY
2021-09-27,416.09954833984375,417.4249802239827,415.40389884937827,416.25933916263614,61371100,SPY
2021-09-28,407.71435546875,413.65541814858807,406.9811250466519,413.3263982451864,130436300,SPY
2021-09-29,408.4006042480469,410.83530568589765,407.8365742138815,409.09622503378733,82329200,SPY
2021-09-30,403.40899658203125,410.58148154628566,403.07056708218,409.8764511666684,140506000,SPY
2021-10-01,408.2032165527344,409.88589724112427,401.613551525623,405.138703737529,129240100,SPY
2021-10-04,402.9389953613281,407.9399892875987,400.79567536580527,407.037558391636,128570000,SPY
2021-10-05,407.13153076171875,409.37821255340737,403.6439886722877,404.4430001166101,90682500,SPY
2021-10-06,408.8236389160156,409.0304489893108,401.90495407806975,403.5312059070278,113032200,SPY
2021-10-07,412.3581848144531,415.1970969045478,411.92577420062315,412.1043841974191,72437500,SPY
2021-10-08,411.6061706542969,413.51448064643256,410.976359506261,413.1290605510576,74557400,SPY
2021-10-11,408.626220703125,413.8622533457,408.5604109808945,410.9481219621356,65233300,SPY
2021-10-12,407.62042236328125,409.9517335045939,406.8307916592311,409.5475229098595,71181200,SPY
2021-10-13,409.0868225097656,409.90465316392994,405.6650899688843,408.645002322282,72974000,SPY
2021-10-14,415.9678955078125,416.11830542103553,412.28292435324295,412.7529445741557,70236800,SPY
2021-10-15,419.1358337402344,419.50246328838506,417.46256287521214,418.0829930190192,66260200,SPY
2021-10-18,420.3766784667969,420.7150792484789,416.6917073911921,417.34974716147195,62213200,SPY
2021-10-19,423.619873046875,423.68565408047556,421.39195292020696,422.0030022074686,46996800,SPY
2021-10-20,425.28375244140625,425.5845723051379,423.96770139728164,424.0805016742407,49571600,SPY
2021-10-21,426.3930358886719,426.61863646506237,424.2497443496701,424.68215501700655,41305400,SPY
2021-10-22,425.95111083984375,427.4081907045908,424.0052202839226,425.96052042413305,58845100,SPY
2021-10-25,428.2354431152344,428.56446303148596,425.26494034706053,427.0416019944035,45214500,SPY
2021-10-26,428.620849609375,430.99915087837957,428.2448391545924,429.78651931328756,56075100,SPY
2021-10-27,426.72198486328125,429.7489164065924,426.6467655584889,429.0814956872959,72438000,SPY
2021-10-28,430.83941650390625,430.9146071296096,428.14150456050857,428.1508854588699,51437900,SPY
2021-10-29,431.7136535644531,432.005063860842,428.2449013910372,428.53631168742606,70162400,SPY
2021-11-01,432.456298828125,433.07672908555327,430.72662751397496,432.7006898838901,48433600,SPY
2021-11-02,434.2047119140625,434.51494135185385,432.4938312768331,432.62545072020157,48908400,SPY
2021-11-03,436.8556213378906,437.25983186693117,433.19885003088245,433.6406702124122,52509800,SPY
2021-11-04,438.914306640625,438.99890684181076,437.1094162853852,437.4572266750685,52847100,SPY
2021-11-05,440.43719482421875,442.43007618696566,438.92374331887703,441.1422252320449,66390600,SPY
2021-11-08,440.8132019042969,442.0352718144265,440.1269906728055,441.53705147758245,50405200,SPY
2021-11-09,439.3561096191406,441.4148004973564,437.9460489457193,441.1797903851195,51149100,SPY
2021-11-10,435.8215637207031,439.35612511347824,434.3363123816006,437.6640350330447,69429700,SPY
2021-11-11,435.962646484375,437.3915266474943,435.9438559987734,437.31630732955944,34848500,SPY
2021-11-12,439.2527160644531,439.80733651939306,436.2821846286871,437.2316347180003,53466700,SPY
2021-11-15,439.4031677246094,440.7004283336517,438.27513622509247,440.54063749790726,46980500,SPY
2021-11-16,441.1422119140625,442.27965290510997,439.0647304076264,439.13992102624314,48857500,SPY
2021-11-17,440.0705871582031,441.0576182388675,439.4501569663317,440.8790082432791,47858300,SPY
2021-11-18,441.5652160644531,441.8284262460176,438.37846513160173,441.10457673089655,50625600,SPY
2021-11-19,440.7756042480469,442.70267579983584,440.4089746825623,441.4524058684626,57315600,SPY
2021-11-22,439.5347900390625,445.1468335661726,439.32797995964046,442.65573171479053,72762000,SPY
2021-11-23,440.1175537109375,440.9729939884895,436.6018115031317,439.2057132997234,73206500,SPY
2021-11-24,441.2925720214844,441.4147818647302,437.2974002820981,438.11523084811967,61858800,SPY
2021-11-26,431.4504089355469,436.08480192497507,430.32234880945094,434.6183409737067,112669600,SPY
2021-11-29,436.74285888671875,438.58533038960036,434.0449470141302,436.24463852719293,86268800,SPY
2021-11-30,428.244873046875,436.207017697208,428.0004533224309,434.29873651759567,148559600,SPY
2021-12-01,423.4883117675781,436.80870036743414,423.29091126414494,433.9603783525568,131939200,SPY
2021-12-02,429.97454833984375,431.54442870471775,423.3096641820062,423.7044938415965,127637800,SPY
2021-12-03,426.2331848144531,432.7006394884692,422.0030024782896,431.638417799551,137331600,SPY
2021-12-06,431.2812194824219,433.16130061518345,426.3647969926562,428.78070813331755,98977500,SPY
2021-12-07,440.20220947265625,440.7662395682255,431.1496139364449,436.56425695349,95484700,SPY
2021-12-08,441.3677978515625,441.8190276116101,438.83908665382853,440.5969864571496,72238800,SPY
2021-12-09,438.387939453125,441.4712714729504,438.190538959741,440.0800010576555,61272600,SPY
2021-12-10,442.51470947265625,442.66511941343407,438.53835603543934,441.09526765313603,77159800,SPY
2021-12-13,438.5946350097656,442.34538684350315,438.31260569081047,441.9975765024379,87724700,SPY
2021-12-14,435.5771484375,437.8144493976514,432.6536362786152,435.3233478323497,97264100,SPY
2021-12-15,442.3830261230469,442.6274171238725,433.11421269074907,435.6335428118317,116899300,SPY
2021-12-16,438.4818420410156,444.51688515098925,436.9307524803841,444.2348845151047,116568600,SPY
2021-12-17,433.815185546875,438.4092618245341,432.1077368438548,435.39999504107936,135511600,SPY
2021-12-20,429.2022705078125,429.59845850346267,425.5798363191293,428.7305989396733,107134800,SPY
2021-12-21,436.824462890625,436.9659586009306,430.4568968299471,432.62657449075914,69806300,SPY
2021-12-22,441.1921691894531,441.30536576361067,436.3716706238864,436.569793417211,58890200,SPY
2021-12-23,443.9372863769531,445.4371985113299,442.0883418877811,442.19209581442925,56439700,SPY
2021-12-27,450.2199401855469,450.2670958254494,445.26738887680665,445.3145445167092,56808600,SPY
2021-12-28,449.85205078125,451.6821388256294,449.0879451201847,450.65389822973356,47274600,SPY
2021-12-29,450.427490234375,451.44628815269533,448.955877247608,449.9558186671151,54503000,SPY
2021-12-30,449.1822204589844,451.8613112086021,448.71999158678375,450.8519272576119,55329000,SPY
2021-12-31,448.05023193359375,449.84257807075835,447.77668316160356,448.6917271226337,65237400,SPY
2022-01-03,450.64453125,450.77661313386653,447.00323983784347,449.3144137085255,72668200,SPY
2022-01-04,450.49346923828125,452.7858147658463,448.63508224842974,452.0688648240115,71178700,SPY
2022-01-05,441.8430480957031,450.89914766079016,441.74870802750024,450.12559940549204,104538900,SPY
2022-01-06,441.42791748046875,444.14474987590535,439.06011738234776,441.38076184676675,86858900,SPY
2022-01-07,439.6827087402344,442.61652026228546,438.3242925995647,441.4373415838252,85111600,SPY
2022-01-10,439.1355895996094,439.3525400552865,430.73040038903787,436.4847981906603,119362000,SPY
2022-01-11,443.135498046875,443.22983813093913,435.8717434022134,438.8715968595628,74303100,SPY
2022-01-12,444.3335266113281,446.390036772666,442.371385321116,444.8712391723062,67605400,SPY
2022-01-13,438.211181640625,446.0881025089078,437.18294108680465,445.4371934481838,91173100,SPY
2022-01-14,438.39044189453125,438.73947426347723,433.8435208770397,435.06044163485194,95890900,SPY
2022-01-18,430.6266784667969,433.9000801446297,429.51354052849086,433.6925435130348,109709100,SPY
2022-01-19,426.1552429199219,433.5699058238336,425.88166536173696,432.17377646871046,109357600,SPY
2022-01-20,421.43853759765625,432.749212360242,419.3160155840139,428.04193941787696,122379700,SPY
2022-01-21,413.16546630859375,422.6743531254501,413.137167164053,420.31599511855075,202271200,SPY
2022-01-24,414.9199523925781,415.42936563743103,396.92098188937314,407.55244638544264,251783900,SPY
2022-01-25,409.85430908203125,414.80686073493035,402.9490301538802,408.52419175491247,167997300,SPY
2022-01-26,408.82598876953125,418.8820284768249,404.562060038854,415.75012284723124,186391100,SPY
2022-01-27,406.80731201171875,416.57091988117384,405.1187484129023,413.42959969479165,149878300,SPY
2022-01-28,416.9104919433594,416.95764758264465,403.5810494178644,408.16568303658295,164457400,SPY
2022-01-31,424.4194641113281,424.7684964246404,414.891693794857,416.24066741224294,152251400,SPY
2022-02-01,427.2872619628906,427.9287283515847,421.6177608084225,425.14585473478627,123155400,SPY
2022-02-02,431.43798828125,432.1643521308704,427.38159553014776,429.6927977248774,117361000,SPY
2022-02-03,421.29705810546875,427.3061493870198,420.45746888036115,425.4006065808514,118024400,SPY
2022-02-04,423.278076171875,427.12690349554987,418.68397092224063,421.0612140470099,118454400,SPY
2022-02-07,421.9196472167969,425.43829858096694,420.58952998140325,424.04216920738406,84472900,SPY
2022-02-08,425.3911437988281,426.31563040935833,419.99522006477935,421.4196773714475,81012000,SPY
2022-02-09,431.6172790527344,431.9380123033958,429.23062177963686,429.42871580152007,92589900,SPY
2022-02-10,423.8630065917969,431.7776416870408,421.863123457987,425.7685496405388,140103700,SPY
2022-02-11,415.5048522949219,426.02312105241583,414.070981289909,423.94778371267705,153214600,SPY
2022-02-14,414.1464538574219,416.5802950386649,410.67495835599806,414.99548562999905,123006300,SPY
2022-02-15,420.8253479003906,420.9951427431811,418.0707734780917,418.5896294380124,88482700,SPY
2022-02-16,421.29705810546875,422.6743310487677,416.90107555558865,418.7783192186944,84863600,SPY
2022-02-17,412.2975769042969,421.2687799533193,411.6938522260274,418.10857447395847,102259100,SPY
2022-02-18,409.62799072265625,413.80699482827873,407.35452980847,412.5523320588815,132642900,SPY
2022-02-22,405.2319030761719,410.8259207595827,401.7320794413733,407.4204659812032,124391800,SPY
2022-02-23,398.0436706542969,408.7128798332859,397.47765898241863,408.14686816140767,132578000,SPY
2022-02-24,404.0338439941406,404.46780255410187,387.3744299437548,387.732876144503,213942900,SPY
2022-02-25,412.9484558105469,413.0333532377554,403.6187784215898,405.2696289017005,121804500,SPY
2022-02-28,411.8919677734375,413.3730235849013,406.29794921127944,407.5525830665725,145615000,SPY
2022-03-01,405.6186218261719,412.40126010398416,402.91120331174136,410.39193496566537,137785900,SPY
2022-03-02,413.0805358886719,414.8068411449072,407.1186004140651,407.8732634005898,117726500,SPY
2022-03-03,411.02398681640625,416.11803346129733,409.22219816012046,415.5143088873288,105501700,SPY
2022-03-04,407.68463134765625,408.81662588103086,403.63768107861074,407.2884145484183,113978200,SPY
2022-03-07,395.6663818359375,407.80720269087345,395.60034091096946,407.09969537962036,137896600,SPY
2022-03-08,392.66656494140625,403.0055972451965,391.60058263341585,395.84562657872834,164772700,SPY
2022-03-09,403.1943054199219,405.1753318232111,398.8643637492097,401.05292680024445,116990800,SPY
2022-03-10,401.37359619140625,402.2697547820951,396.61913933731984,398.5812801406087,93972700,SPY
2022-03-11,396.2701110839844,404.47717812137785,395.76069779012516,403.8640109133582,95636300,SPY
2022-03-14,393.37408447265625,400.4963135753872,392.2326473482891,397.04370305998077,95729200,SPY
2022-03-15,402.0245361328125,402.65655987964084,394.7136272071247,395.9871173439881,106219100,SPY
2022-03-16,410.93914794921875,410.99574623645054,400.7321679197033,405.53380999874116,144954800,SPY
2022-03-17,416.08038330078125,416.08038330078125,408.64683443641115,409.02416595069127,102676900,SPY
2022-03-18,420.6375732421875,420.9593028336933,413.7297868077792,414.4678791360529,106345500,SPY
2022-03-21,420.5145568847656,422.4733213729706,417.00386088702027,420.4672258759616,88349800,SPY
2022-03-22,425.4351501464844,426.37195178227597,421.9055391743934,421.9055391743934,74650400,SPY
2022-03-23,419.95623779296875,424.39426355842147,419.87107662912183,422.8991638853642,79426100,SPY
2022-03-24,426.286865234375,426.29633721311484,420.86473496549416,421.981331093405,64736900,SPY
2022-03-25,428.3686218261719,428.6430492710812,424.33748682777303,426.9208242937579,77101300,SPY
2022-03-28,431.4156799316406,431.4156799316406,425.8799725760659,427.7725201247763,68529800,SPY
2022-03-29,436.7526550292969,437.24473588066155,432.61744319877937,435.30485728967426,86581500,SPY
2022-03-30,434.05572509765625,436.4214091697429,431.94552450928234,435.6075988323958,79666900,SPY
2022-03-31,427.3750915527344,434.11255605182595,426.9208697553412,433.2893025074121,121699900,SPY
2022-04-01,428.5863037109375,429.0972707248986,425.0093902232998,428.9553354432427,89048800,SPY
2022-04-04,432.25787353515625,432.3619786728985,427.96181114365424,428.7850647544049,59601000,SPY
2022-04-05,426.79779052734375,433.23243960502543,425.65280753068726,430.7626793133144,74214500,SPY
2022-04-06,422.5301208496094,424.8106439250677,419.64399762453365,422.8802663750546,106898000,SPY
2022-04-07,424.6593017578125,426.47616024110664,419.7008360657591,421.65015787040545,78097200,SPY
2022-04-08,423.5237121582031,426.4193072695884,421.9812814601947,423.90221584948597,79272700,SPY
2022-04-11,416.28472900390625,421.09178658035466,415.7832051098399,420.24958914576314,89770500,SPY
2022-04-12,414.7423095703125,421.80150331220403,413.19040683522564,419.2749398176844,84363600,SPY
2022-04-13,419.49261474609375,420.2496221966037,414.3164961668285,414.4962904899716,74070400,SPY
2022-04-14,414.26922607421875,420.8363687322028,414.1651209368808,419.71974367105213,97869500,SPY
2022-04-18,414.43951416015625,416.1238802748247,412.2062931005156,413.341833148195,66002500,SPY
2022-04-19,421.1296691894531,421.8488175877449,414.1650795150678,414.33540185587515,77821000,SPY
2022-04-20,420.81744384765625,423.5238021273017,419.6535454716644,422.90872988855983,65224400,SPY
2022-04-21,414.524658203125,425.8326405645599,413.61624352930863,424.44161705872466,85417300,SPY
2022-04-22,403.1504821777344,414.54359749502777,402.5827121441921,413.43647336370464,132471800,SPY
2022-04-25,405.4877624511719,405.65808479066646,396.33728283967,400.90780109531795,119647700,SPY
2022-04-26,393.7445373535156,403.15050131692556,393.71615029439,402.95176302506155,103996300,SPY
2022-04-27,394.8515930175781,400.19806220831515,392.71303421926314,394.8232059633786,122030000,SPY
2022-04-28,404.8253173828125,406.5570142890086,395.1638717530579,399.6018973665393,105449100,SPY
2022-04-29,389.86474609375,402.98955707599237,389.1171818200173,400.832054296418,145491100,SPY
2022-05-02,392.21148681640625,393.57412309220445,383.259717889403,389.93096400591037,158312500,SPY
2022-05-03,394.0094909667969,396.4224776148035,391.1517255979903,392.7131004763314,100028200,SPY
2022-05-04,406.00811767578125,406.5758875682637,391.48281324315576,394.67175041252915,144247900,SPY
2022-05-05,391.5775451660156,402.16635092774,387.44233342518896,401.7405161814466,172929100,SPY
2022-05-06,389.2402648925781,392.5143641838962,383.9316826887412,389.01316841951103,151770800,SPY
2022-05-09,376.77783203125,384.5751184962438,375.19754216123187,383.3355021930368,155586100,SPY
2022-05-10,377.6484069824219,384.26285159656214,373.60782825671424,382.75827972149085,132497200,SPY
2022-05-11,371.6490173339844,382.3324561154293,370.9014529815829,376.6832006420824,142361000,SPY
2022-05-12,371.2610168457031,374.5351157341159,364.4573066901353,368.4505828254061,125090800,SPY
2022-05-13,380.1370544433594,381.5186058960115,374.35530738560897,375.3962141833524,104174400,SPY
2022-05-16,378.59466552734375,382.26621234005705,376.2384531036934,378.4905892750784,78622400,SPY
2022-05-17,386.38250732421875,386.6190757634291,380.9508763229202,384.68866921363724,83029700,SPY
2022-05-18,370.8067626953125,382.1052719010939,369.5671465773128,381.82140136948277,117674500,SPY
2022-05-19,368.5357360839844,372.96431881468,366.31198717995636,367.7408696651366,98510700,SPY
2022-05-20,368.6966552734375,375.69907542713753,360.09503013105126,372.12216171567013,131432200,SPY
2022-05-23,375.594970703125,376.3614500919125,369.4063326029317,371.72468584727085,76414900,SPY
2022-05-24,372.72772216796875,373.9200072669515,366.1700241726604,371.4691621082922,91448800,SPY
2022-05-25,376.020751953125,377.98901729728556,370.83519088442847,371.2326096418207,91472900,SPY
2022-05-26,383.53424072265625,385.17130483180716,377.04281616113974,377.25099755722835,82168300,SPY
2022-05-27,392.94964599609375,393.0631942254229,385.7958187685275,385.99452816985354,84768700,SPY
2022-05-31,390.74481201171875,394.08515718858496,388.00062391684565,391.33149711527295,95937000,SPY
2022-06-01,387.5841979980469,393.87691162412517,385.0671067720199,392.86442082555544,86585800,SPY
2022-06-02,394.9652099609375,395.01251209671574,385.1712709822698,387.42340710258367,79609600,SPY
2022-06-03,388.48321533203125,391.795173302903,387.50855457000824,390.24327056369185,71874300,SPY
2022-06-06,389.6661071777344,394.22712507510215,388.492707995611,392.4954566785765,57508900,SPY
2022-06-07,393.40386962890625,393.85809145966977,385.71065883338656,386.17435264332806,59272400,SPY
2022-06-08,389.126708984375,393.4795741929143,388.33184246632624,391.69110286881636,64350000,SPY
2022-06-09,379.87213134765625,389.61873928900354,379.87213134765625,387.34768809546443,86289800,SPY
2022-06-10,368.85748291015625,374.5162101273659,368.8101807755536,373.6645695586442,132893900,SPY
2022-06-13,354.8526611328125,361.2967831487457,353.2439841844837,359.4420946590602,170004900,SPY
2022-06-14,353.7833251953125,357.6346658846879,350.679548775885,356.60323107069917,104011800,SPY
2022-06-15,358.8270263671875,363.2744957746672,352.12739188091416,357.0858572117837,125666800,SPY
2022-06-16,346.9512634277344,351.0107858866292,344.51933296816924,350.6038951062925,134473300,SPY
2022-06-17,347.69915771484375,351.0444479219139,344.19235133733406,347.3665544750161,111113900,SPY
2022-06-21,356.4520568847656,357.8395764065463,353.3538694431423,353.4299145965904,76811900,SPY
2022-06-22,355.8057861328125,359.9208378596493,351.8047441204501,352.2229054186672,90059400,SPY
2022-06-23,359.2935791015625,360.02534683784137,354.3802275814878,357.94408234086904,79292100,SPY
2022-06-24,370.7169494628906,370.7264623574381,362.4393100729595,362.46781975387455,98050300,SPY
2022-06-27,369.3009033203125,371.93339374615164,368.20799359853146,371.6387840560035,66009600,SPY
2022-06-28,361.75506591796875,373.64409647087297,361.64102718888944,370.859544492515,86548900,SPY
2022-06-29,361.4604187011719,363.2946090766125,359.6357412197438,362.3062541919747,65676000,SPY
2022-06-30,358.5238037109375,361.76453925396646,354.06660685286846,357.563929508268,112508300,SPY
2022-07-01,362.31573486328125,362.7529219458162,355.2450444294537,357.86805091376164,74839700,SPY
2022-07-05,363.0,363.01902578805715,354.3897288005455,357.22181596212545,81438000,SPY
2022-07-06,364.22601318359375,366.7159554565062,360.75719981096245,363.1425872465519,70426200,SPY
2022-07-07,369.6810302734375,370.4793302796413,364.2449625145711,366.0031367080708,64525900,SPY
2022-07-08,369.376953125,371.24916611652566,366.5163562235368,368.04642405277673,72397800,SPY
2022-07-11,365.1573486328125,367.6662874925925,364.4635744126361,366.696929365384,58366900,SPY
2022-07-12,361.926025390625,366.9914665812052,360.17736434820023,364.606050804625,62219200,SPY
2022-07-13,360.025390625,362.96203282628903,356.06239989210513,356.48056122161495,84224600,SPY
2022-07-14,359.1510009765625,360.2343976523002,352.62202423836516,355.0644304558433,89704800,SPY
2022-07-15,366.0126647949219,366.12670351443825,361.6505097570627,363.56071631441466,79060400,SPY
2022-07-18,362.99053955078125,369.7761047012278,361.7645652536722,369.1013562443131,63203600,SPY
2022-07-19,372.7981872558594,373.36840979135206,366.2597263907414,366.9154489534266,78506000,SPY
2022-07-20,375.17413330078125,376.5901914099878,371.619791193265,372.98831383414614,71843800,SPY
2022-07-21,378.9945983886719,379.0421048535145,372.1900078667484,374.59442084284586,64903900,SPY
2022-07-22,375.478271484375,380.31560739398503,373.2544293512537,379.1181717855212,72197300,SPY
2022-07-25,375.9344177246094,376.78973707432243,373.6915500269605,376.1054757940071,53631500,SPY
2022-07-26,371.4866943359375,374.49932302499343,370.59335250949107,374.29024240597994,52946400,SPY
2022-07-27,381.1329040527344,382.8815653652331,374.4898588407444,374.7844685236655,82342100,SPY
2022-07-28,385.9131774902344,386.6069226009788,378.3863040631557,381.94067465500603,73966600,SPY
2022-07-29,391.53936767578125,392.52775161157655,386.5784802133014,387.3482705951752,87003700,SPY
2022-08-01,390.37994384765625,392.8889118778882,388.1275919584921,388.8403630121632,69997500,SPY
2022-08-02,387.8044738769531,392.49926155328086,386.6260350117583,388.81185464934134,63435400,SPY
2022-08-03,393.8772888183594,395.04621476373677,389.6481690410905,389.9332658563709,67820600,SPY
2022-08-04,393.6112365722656,394.4855529137482,391.967100730618,393.80129147128156,45656600,SPY
2022-08-05,392.9459228515625,393.5921616324373,389.2680289335886,389.32504829644654,56814900,SPY
2022-08-08,392.4897155761719,396.88989316531894,391.387292955347,394.63754145835884,53886100,SPY
2022-08-09,390.93115234375,392.26165245097286,389.8572393634721,391.7579620888554,44931800,SPY
2022-08-10,399.14227294921875,399.28485036063125,396.03460162898654,397.9923437821938,68665700,SPY
2022-08-11,399.14227294921875,403.85608634972215,398.40099222133176,401.993357133819,59489700,SPY
2022-08-12,405.89935302734375,406.0038788583054,400.130652464098,401.0810138483799,61694500,SPY
2022-08-15,407.5719909667969,408.09470715752286,403.62799681331194,403.685016179176,54048300,SPY
2022-08-16,408.3703308105469,410.29956341351703,405.69030453369277,406.49811757493705,59289000,SPY
2022-08-17,405.4716491699219,408.1801847177208,403.4664007169476,404.76839107782297,63563400,SPY
2022-08-18,406.6500549316406,407.33428713139295,404.3786778141515,405.6711550839787,49023200,SPY
2022-08-19,401.18548583984375,404.1506081060881,400.3111407856508,403.88450813354626,68016900,SPY
2022-08-22,392.83184814453125,396.5192546194772,391.92899331076484,396.34816754384633,77695600,SPY
2022-08-23,391.881591796875,394.79920872238773,391.33036585514355,392.40427904942067,49105200,SPY
2022-08-24,393.135986328125,394.50447996842576,390.9691636437866,391.6533959625738,49177800,SPY
2022-08-25,398.6861267089844,398.73363317866927,393.53515507562247,394.62806490293383,50942300,SPY
2022-08-26,385.1910095214844,399.1137994167783,385.13399015284614,398.5721154147152,103087000,SPY
2022-08-29,382.64398193359375,385.69463364222986,381.28497221012304,382.2353335276929,65370800,SPY
2022-08-30,378.443359375,384.0410012678557,376.34306905482566,383.8034109464827,85652400,SPY
2022-08-31,375.5638427734375,381.32303102305707,375.4308072476335,380.07805980425115,76029700,SPY
2022-09-01,376.7422180175781,377.08433414493715,370.6789086257784,373.3874439782647,78740100,SPY
2022-09-02,372.76971435546875,381.62708880615634,370.95452075647603,380.4106274783638,99632100,SPY
2022-09-06,371.3631591796875,374.5563589538971,369.1393174077795,373.61551062805364,76637400,SPY
2022-09-07,378.0347595214844,378.8045499413538,370.8310328137159,371.0495973756983,70964200,SPY
2022-09-08,380.50567626953125,380.9618311489722,374.5564050265275,375.7633824847431,80821700,SPY
2022-09-09,386.4169006347656,387.28173287628084,382.48239103068937,382.7484910278691,76706900,SPY
2022-09-12,390.5699462890625,391.29223008704685,388.1845303793044,388.4886529261107,69256300,SPY
2022-09-13,373.5870666503906,383.09068051072757,372.4656471755256,381.883702988719,122947100,SPY
2022-09-14,375.0125732421875,376.53315711649486,371.7053054907733,374.88902163325827,85023700,SPY
2022-09-15,370.7550048828125,376.305112280204,369.48152401791003,373.45402792521134,87633800,SPY
2022-09-16,367.926513671875,368.58495903524056,364.6342868550473,366.57147330224217,103084800,SPY
2022-09-19,370.7797546386719,370.7797546386719,364.701089599931,364.77744712887517,73278500,SPY
2022-09-20,366.5237121582031,368.4608693228223,363.7659009113071,367.44935055441204,77274900,SPY
2022-09-21,360.1302185058594,371.5050452988248,360.1206665332533,368.45138449539013,106746600,SPY
2022-09-22,357.1051330566406,360.99852235439477,356.3608073472819,359.3571850053135,89472600,SPY
2022-09-23,351.12188720703125,353.6697589480902,346.675007940967,353.6315801864885,122346900,SPY
2022-09-26,347.6483459472656,353.27850469382014,346.42688767980343,349.65230865281546,92581200,SPY
2022-09-27,346.76092529296875,353.459857136267,344.3657100991575,351.18870108949443,108294100,SPY
2022-09-28,353.5838623046875,355.27290112408883,346.01654670922136,347.71513749904915,110802200,SPY
2022-09-29,346.19793701171875,350.32034122123895,343.2492605532847,350.034073262893,112952300,SPY
2022-09-30,340.844482421875,349.17522920833704,340.7109004194997,345.25318357199444,153711200,SPY
2022-10-03,349.84320068359375,351.6944777642895,342.7816430249758,344.56611454293574,89756500,SPY
2022-10-04,360.6836242675781,360.71225105913686,349.80500664731017,355.3683600338881,103602800,SPY
2022-10-05,359.8439025878906,362.1055067151951,353.9847287224127,356.3131384107271,88065700,SPY
2022-10-06,356.13189697265625,361.39943205948964,355.63566027364953,358.4412031791021,82333500,SPY
2022-10-07,346.19793701171875,356.21772325997466,344.43254027693825,352.09528992858685,107789500,SPY
2022-10-10,343.5545654296875,347.55293916401916,341.31206538570666,347.3143728510966,76042800,SPY
2022-10-11,341.3788757324219,346.42694756944854,339.4417182439327,341.8560084056642,92482800,SPY
2022-10-12,340.2528381347656,343.36375237835983,340.0047198340521,341.7892204341487,76991800,SPY
2022-10-13,349.23248291015625,350.7020596679561,332.1892890254387,333.2389867095814,147254500,SPY
2022-10-14,341.2738952636719,353.32627035722425,340.6345247152281,351.6944557677686,123737000,SPY
2022-10-17,350.04364013671875,351.1505914925585,340.9399400894957,347.3621566992135,93168200,SPY
2022-10-18,354.1564636230469,358.27889645424324,350.71155095897484,357.97352458781444,97162900,SPY
2022-10-19,351.6467590332031,354.8435535760599,348.8316647816131,352.11433970586495,79746900,SPY
2022-10-20,348.6981201171875,355.6260961767777,347.9346903310534,351.1982907828058,88283100,SPY
2022-10-21,357.1719665527344,357.65862205185954,346.91361459894165,348.4213409562037,131038400,SPY
2022-10-24,361.54248046875,362.67805847697105,356.0459031598392,358.698788584184,85436900,SPY
2022-10-25,367.3158874511719,367.6307822511573,361.35172810251584,361.46623530251054,78846300,SPY
2022-10-26,364.54840087890625,369.85411334727513,363.90905946867207,364.16670060269513,104087300,SPY
2022-10-27,362.6017150878906,367.3921160917615,361.9814193866082,365.55039117436706,81971800,SPY
2022-10-28,371.2283020019531,371.70543468470186,362.3154669828309,362.49677973202483,100302000,SPY
2022-10-31,368.5467834472656,370.6366267278111,367.64024890976526,368.7662749442344,96631300,SPY
2022-11-01,366.93408203125,372.5356437948338,365.76035435229414,372.29707747025043,85407600,SPY
2022-11-02,357.7254333496094,370.85613338006743,357.62047814363854,366.3424479641309,126990400,SPY
2022-11-03,354.0420227050781,357.08613172387004,351.9235523083306,354.4809766440454,87100100,SPY
2022-11-04,359.1377868652344,361.5425251743016,353.0781957888094,359.7580535469761,103505200,SPY
2022-11-07,362.5730895996094,363.16472938893213,358.3552244250396,360.435515659066,68286900,SPY
2022-11-08,364.5293884277344,367.50669186220006,360.445133617555,363.6800782301254,84641100,SPY
2022-11-09,357.019287109375,363.7086962893126,356.52305050737357,362.55401428993724,78495500,SPY
2022-11-10,376.63897705078125,376.9729757332263,368.0028876550996,370.30264142200895,141455800,SPY
2022-11-11,380.2842712402344,381.085850591747,375.60834800694585,377.4978037709963,93839900,SPY
2022-11-14,377.04925537109375,381.877834879153,376.77251031322436,378.5188319106351,71903500,SPY
2022-11-15,380.2651062011719,383.91040602408316,376.4480456423607,382.8034549674046,93194500,SPY
2022-11-16,377.36419677734375,379.5876219491824,376.7343782310451,378.6333567193718,68508500,SPY
2022-11-17,376.2095642089844,376.88711357872995,372.29709955126145,372.60244233222005,74496300,SPY
2022-11-18,377.9176940917969,379.6162851991159,375.06445009963727,379.54947963736595,92922500,SPY
2022-11-21,376.5434875488281,377.71724418435815,374.7017627716494,376.5912182801427,51243200,SPY
2022-11-22,381.6106872558594,381.77292517031464,377.077927085489,378.4902502119182,60429000,SPY
2022-11-23,384.0154113769531,384.5020668220049,381.0476314864747,381.2766458135579,68261600,SPY
2022-11-25,383.9295654296875,384.4830556409012,383.17571677097555,383.45243275471506,30545400,SPY
2022-11-28,377.8031311035156,382.47902466355777,377.0397014860041,380.83768738823574,67881600,SPY
2022-11-29,377.154296875,379.12960397556105,375.3125426554069,377.93677231301285,52310000,SPY
2022-11-30,389.0348205566406,389.0348205566406,375.4842725098609,377.4023257136843,144566700,SPY
2022-12-01,388.7485656738281,391.2487358630156,386.2388435135502,390.07497917155587,76398200,SPY
2022-12-02,388.3000793457031,389.20661386702676,383.7482445522166,383.8531997520255,85342700,SPY
2022-12-05,381.3148193359375,386.4105918965586,379.9597790901639,385.4754306592434,77289800,SPY
2022-12-06,375.81829833984375,381.69657620844976,373.7284840801718,381.1526671084108,77972200,SPY
2022-12-07,375.1789245605469,377.54551283524984,374.0433465972937,374.9689850432598,65927900,SPY
2022-12-08,378.11798095703125,379.1867531729355,375.2838125422079,377.06831268046307,60737900,SPY
2022-12-09,375.29351806640625,379.43502665849803,375.169458897397,376.8776022209268,81447700,SPY
2022-12-12,380.7041931152344,380.7041931152344,375.41755464321574,376.0855229503339,75405800,SPY
2022-12-13,383.5860595703125,391.71639020048895,380.8186957666648,391.45874902933895,123782500,SPY
2022-12-14,381.133544921875,386.95456892239247,378.18486871743545,383.24246302501166,108111300,SPY
2022-12-15,371.8103332519531,377.17329870946276,370.1499212179962,376.2667351726121,117705900,SPY
2022-12-16,367.42071533203125,370.59383534034583,365.2829507209457,369.2517350620785,119858000,SPY
2022-12-19,364.30511474609375,367.9479918227815,362.63707790509415,367.6124594366193,79878100,SPY
2022-12-20,364.8036193847656,366.4237355185501,362.22485603598886,363.5477938735729,74427200,SPY
2022-12-21,370.25836181640625,371.3895586231339,366.864742140629,367.40158229485894,78167400,SPY
2022-12-22,364.9762268066406,370.2391914907207,359.27226326962426,367.2098622997301,100120900,SPY
2022-12-23,367.07562255859375,367.21941379519086,362.39741929068407,363.950423157118,59857300,SPY
2022-12-27,365.6280822753906,367.30571508666856,363.95044946411275,366.960616093891,51638200,SPY
2022-12-28,361.0841064453125,367.5358135013805,360.854040448147,365.56097308852884,70911500,SPY
2022-12-29,367.5837097167969,368.45608223881914,363.40399242752494,363.93126597675223,66970900,SPY
2022-12-30,366.6155090332031,366.7593002885038,362.78091952867106,364.8995512939543,84022200,SPY
2023-01-03,365.072021484375,370.4500180533657,362.2056465586836,368.4752072280289,74850700,SPY
2023-01-04,367.8905029296875,369.92283055639075,364.28597966385496,367.3344711039099,85934100,SPY
2023-01-05,363.6916198730469,366.0498840558089,363.09726322382664,365.9348510599075,76970500,SPY
2023-01-06,372.0318908691406,373.1535212621608,363.720433830714,366.78808812845034,104189600,SPY
2023-01-09,371.82086181640625,377.4193868007846,371.63874577683936,374.2270754746065,73978100,SPY
2023-01-10,374.428466796875,374.4955791323068,370.2966990841329,371.2361840133922,65358100,SPY
2023-01-11,379.1641845703125,379.24089274048094,375.1953998041472,376.01025589251583,68881100,SPY
2023-01-12,380.54461669921875,382.0113458697923,376.19237910493234,380.26663005159156,90157700,SPY
2023-01-13,382.0209655761719,382.5961598321735,377.0743417835104,377.34276186889844,63903900,SPY
2023-01-17,381.32110595703125,383.6793992551705,380.64047460135316,382.00176656830166,62677300,SPY
2023-01-18,375.30084228515625,383.5739736096775,375.09953453290353,382.50988909217506,99632300,SPY
2023-01-19,372.5686950683594,374.9077675297641,371.2457571335137,373.2588930285292,86958900,SPY
2023-01-20,379.50921630859375,379.6626033543265,372.3193631025522,373.96823727469456,91806400,SPY
2023-01-23,384.0628967285156,385.99935386476415,379.3559346776604,380.31458203818664,84178800,SPY
2023-01-24,383.6506652832031,384.56136267462904,381.1965305092897,382.38524381226813,59524900,SPY
2023-01-25,383.79437255859375,384.1299048949058,377.28515055425595,379.57633116726623,84800300,SPY
2023-01-26,388.0124816894531,388.1754645974599,383.4876654146606,386.4594777963223,72287400,SPY
2023-01-27,388.9040832519531,391.28153941569235,386.75672236573575,386.9676259710319,68346200,SPY
2023-01-30,384.0244445800781,388.37671067706236,383.72726631464855,386.1430465142793,74202000,SPY
2023-01-31,389.67095947265625,389.7188801347345,384.19706240377985,384.5421906397612,86811800,SPY
2023-02-01,393.8122863769531,396.5636286134995,385.7117345077939,388.45345165426824,101459200,SPY
2023-02-02,399.54498291015625,401.01171197085296,395.80626464324223,397.70436739497256,101654500,SPY
2023-02-03,395.2981872558594,399.72713273402843,394.09028239614366,394.56960600643197,94736800,SPY
2023-02-06,392.8823547363281,394.28200066117023,391.2239138645533,392.844029913755,60295300,SPY
2023-02-07,398.0207824707031,399.2670122823971,390.7158945853212,391.9621243970152,90990700,SPY
2023-02-08,393.6684875488281,397.388043561494,392.97826035827575,396.0459432619734,76227500,SPY
2023-02-09,390.25567626953125,397.42636769460404,389.0286090516376,397.27298063541855,78694900,SPY
2023-02-10,391.1663513183594,391.5498042880703,388.2616519208096,389.07647851060034,70769700,SPY
2023-02-13,395.75836181640625,395.8925864844252,391.3581741107854,391.8183353582287,64913500,SPY
2023-02-14,395.57623291015625,397.88654714068605,391.6170149103328,394.23410329587506,88389300,SPY
2023-02-15,396.86077880859375,396.93745771221506,392.5372705702228,393.3808847880114,61555700,SPY
2023-02-16,391.3964538574219,395.8349948045501,391.2622584704852,391.8853732614953,76431500,SPY
2023-02-17,390.4187316894531,390.6583935285287,387.341452611694,389.26834315965215,89257800,SPY
2023-02-21,382.5865478515625,387.44689668905306,382.3277236123021,386.39237880681736,82655900,SPY
2023-02-22,382.059326171875,384.54221931792307,380.6021634644275,382.9987818589444,83742300,SPY
2023-02-23,384.0916748046875,385.5680000076678,379.86403621587823,384.95445162257573,96242400,SPY
2023-02-24,379.9886474609375,380.82266598812186,377.3619630409599,379.06835418151985,108194400,SPY
2023-02-27,381.2827453613281,384.69552690942936,380.34326061280535,383.3342350701894,80444700,SPY
2023-02-28,379.8735656738281,382.76866981415725,379.7680992642455,380.8034546692743,96438600,SPY
2023-03-01,378.4164733886719,380.2858475607984,377.1127269395397,379.05878003283976,99706800,SPY
2023-03-02,381.3594665527344,382.20308082772186,376.1060690029621,376.4416013971857,85127800,SPY
2023-03-03,387.47564697265625,387.7249046275864,382.5290234904316,383.1808966203792,90120000,SPY
2023-03-06,387.7440490722656,390.6008283701899,387.3030795348652,388.3000515971973,72795900,SPY
2023-03-07,381.8003845214844,387.9357495995497,381.18686556703113,387.6960878154249,108310600,SPY
2023-03-08,382.4235534667969,383.1808636899206,380.1898891101756,381.91547162159134,74746600,SPY
2023-03-09,375.367919921875,384.8777136423342,374.3805144113086,383.2096475110798,111945300,SPY
2023-03-10,369.9515686035156,376.901761257044,368.4273229667233,374.82148382483746,189253000,SPY
2023-03-13,369.4243469238281,374.2463714168759,364.9091258748091,366.02116036617707,157790000,SPY
2023-03-14,375.5308837890625,377.17975816787913,371.0443925918974,374.35173718346283,149752400,SPY
2023-03-15,373.1821594238281,373.3834671327069,367.84248780500195,369.93236081528505,172996900,SPY
2023-03-16,379.7297668457031,380.0748950855989,370.31587262158683,370.82395451887174,143254200,SPY
2023-03-17,375.2897033691406,379.5334763060183,373.9039803951704,378.3979622867853,140553400,SPY
2023-03-20,378.8983459472656,379.31215983644114,375.3666994576997,376.06916402579844,93055800,SPY
2023-03-21,383.8734436035156,384.3545965453815,380.6689485650316,382.26637985609574,91524200,SPY
2023-03-22,377.32977294921875,387.31851343521214,377.29130185553555,383.70026302343734,111746600,SPY
2023-03-23,378.3498840332031,384.2391923827506,375.6361739137841,380.19749521054143,119351300,SPY
2023-03-24,380.8326110839844,380.91921510254883,374.7219619246639,377.069990985465,107682400,SPY
2023-03-27,381.544677734375,383.88310351821207,380.6497402466303,383.11324113581304,74010400,SPY
2023-03-28,380.6882629394531,381.54470001628135,378.850254938649,380.85183851528325,62871700,SPY
2023-03-29,386.22149658203125,386.46207306808367,383.6521267894026,384.8550092196648,77497900,SPY
2023-03-30,388.48291015625,389.10840312839423,386.6160343292529,388.85819419263817,69840000,SPY
2023-03-31,393.95843505859375,394.2567475446969,389.30084855820127,389.40671748046964,112062600,SPY
2023-04-03,395.45965576171875,395.8638078292274,393.0442583450311,393.43880732243116,67391100,SPY
2023-04-04,393.26556396484375,396.39305813101834,391.8894442126204,396.10434874148575,66601500,SPY
2023-04-05,392.2359313964844,393.2944738697264,390.5807639021192,392.53424390704595,65200200,SPY
2023-04-06,393.76593017578125,394.04500709302937,390.38822726994033,391.43713711455257,63743300,SPY
2023-04-10,394.170166015625,394.24716694508413,390.66738727373564,391.2832478731585,63681000,SPY
2023-04-11,394.2760314941406,395.6809900883233,393.50619840980073,394.7956849780574,59297900,SPY
2023-04-12,392.66888427734375,396.6336089865583,392.08189181419215,396.34489961567357,86420400,SPY
2023-04-13,397.8846130371094,398.2406615136449,392.6111662470231,393.75631259262076,85814800,SPY
2023-04-14,396.9126892089844,399.44355846247794,394.6031608879993,397.2495021524552,78161500,SPY
2023-04-17,398.3369140625,398.35614960865223,395.59433632263926,396.8260867230395,66436400,SPY
2023-04-18,398.5967712402344,400.04986273859487,397.22068066969723,399.9151257985286,63560000,SPY
2023-04-19,398.52935791015625,399.43389838923747,396.62398175927586,396.6817177607652,55227300,SPY
2023-04-20,396.3546142578125,398.10601828904817,394.8052862710272,395.70985629299514,75840400,SPY
2023-04-21,396.66253662109375,397.1244246963598,394.7090566567866,396.65290416377644,73457400,SPY
2023-04-24,397.0762939453125,397.4997108968018,395.1228141148149,396.4604040641478,64332100,SPY
2023-04-25,390.773193359375,395.6617241074058,390.7154573508528,395.1035702020275,97766700,SPY
2023-04-26,389.1180419921875,392.46687746099377,388.5599174310108,391.38909943441206,80447000,SPY
2023-04-27,396.8646240234375,397.1340685308111,391.40833604006144,391.65854499949717,92968400,SPY
2023-04-28,400.25189208984375,400.2615245465103,395.92151547329547,395.9792514788031,89433100,SPY
2023-05-01,399.8477478027344,401.8781992260224,399.61677440898023,399.8092473425676,62122300,SPY
2023-05-02,395.3537902832031,399.1837787040956,392.4476367591756,399.13564578414,103998500,SPY
2023-05-03,392.64007568359375,398.26957154429016,392.3994991884123,395.8541741351487,91531800,SPY
2023-05-04,389.8590393066406,391.9183589011733,388.5214198537967,391.5911783811914,94901900,SPY
2023-05-05,397.0762939453125,398.12520386737816,393.23670274642825,393.4965147709688,87891800,SPY
2023-05-08,397.1821594238281,397.6633124121759,395.7772009206819,397.4035003706773,50046800,SPY
2023-05-09,395.4403381347656,396.5566164511649,395.2093941269741,395.6328110527547,49220100,SPY
2023-05-10,397.28802490234375,398.914324338217,393.4580365761441,398.27919887504333,96142900,SPY
2023-05-11,396.59515380859375,396.8838338451928,394.5165694433399,396.4219457866343,70157100,SPY
2023-05-12,396.07550048828125,398.0482452964263,393.65050007841785,397.8365368137777,70481500,SPY
2023-05-15,397.44195556640625,397.8461075849292,394.766746430572,396.6817257085728,54289400,SPY
2023-05-16,394.7860412597656,397.2591747577228,394.77640880213,396.3353398421656,57705500,SPY
2023-05-17,399.5783386230469,400.1845667461961,395.1613575223225,396.80689259108277,87287000,SPY
2023-05-18,403.4275207519531,403.8509377054382,399.0394081133319,399.2607196795313,97177200,SPY
2023-05-19,402.8404846191406,404.8613328497813,401.61836671819003,404.33207636027197,103793300,SPY
2023-05-22,403.004150390625,404.54384591155565,401.61842735851235,402.85981035962357,60745400,SPY
2023-05-23,398.4813232421875,402.93680511481756,398.08677422323905,401.3586090390237,86383500,SPY
2023-05-24,395.5942687988281,397.2590683250805,394.4298870595775,396.8741518970153,89213700,SPY
2023-05-25,399.02020263671875,400.47329418750155,396.864646455889,399.1068066582074,90961600,SPY
2023-05-26,404.187744140625,404.90947362025605,399.59755522238083,399.67452677861917,93830000,SPY
2023-05-30,404.3417053222656,406.6512337191027,402.955982410714,406.1219771957275,72216000,SPY
2023-05-31,402.09954833984375,403.41790279671176,400.5309849376734,402.51333285149997,110811800,SPY
2023-06-01,405.919921875,406.9784643429913,401.07952389464964,402.33050994129945,88865000,SPY
2023-06-02,411.7900085449219,412.5790771690053,407.96965243794403,408.4989090066005,91426200,SPY
2023-06-05,411.00091552734375,413.4259161757562,410.29842154598526,412.13642960632063,65460200,SPY
2023-06-06,411.89581298828125,412.4250695118066,409.9327006351518,410.5870909976928,64022200,SPY
2023-06-07,410.4715270996094,413.4258129527148,410.04811019837797,412.29029915724993,85373300,SPY
2023-06-08,412.95440673828125,413.4066917639222,409.76917600968767,410.5390091154699,61952800,SPY
2023-06-09,413.6953125,415.7065283650919,412.70413856902655,413.75304850629004,85742800,SPY
2023-06-12,417.4483642578125,417.52536518959647,413.95521786844915,414.676947425857,76104300,SPY
2023-06-13,420.2005310058594,420.84525956412307,418.2470510492617,418.91104452208407,95899700,SPY
2023-06-14,420.700927734375,422.5100677032549,417.2462527373111,420.53735216092747,100612100,SPY
2023-06-15,425.9166564941406,427.1676425913594,419.78677175671936,419.88297886631347,110303100,SPY
2023-06-16,424.4658203125,428.47421834147775,423.9925483177265,427.9043524050704,114165800,SPY
2023-06-20,422.263671875,423.41307214231983,420.1870344889163,422.52447850076925,76160400,SPY
2023-06-21,420.10009765625,422.08014103507514,419.5108951805997,421.2784731312149,76982300,SPY
2023-06-22,421.6164855957031,421.722718296799,418.80576994281824,419.1438339963334,70637200,SPY
2023-06-23,418.4291076660156,420.2159925909701,417.71436548656794,418.1586622892244,92074500,SPY
2023-06-26,416.71954345703125,419.781368562751,416.47807329831915,417.8592755318311,72823600,SPY
2023-06-27,421.2881164550781,421.9062646558956,417.1444807996532,417.59844581995696,72813700,SPY
2023-06-28,421.5006408691406,422.514803688603,419.58818670737986,420.2063349514927,75636000,SPY
2023-06-29,423.1618957519531,423.32610840810986,420.679605245235,421.0852585523664,67882300,SPY
2023-06-30,428.155517578125,429.1407051013052,426.0595438710738,426.3783009507995,104964000,SPY
2023-07-03,428.64813232421875,428.92821645735074,427.5277073626863,427.8078209721531,32793400,SPY
2023-07-05,428.0106506347656,428.7447292814146,426.8226069528998,426.8322751907773,58418400,SPY
2023-07-06,424.6590270996094,425.08401688065084,422.1477318870011,424.42722521043544,80658300,SPY
2023-07-07,423.5869445800781,427.53742235269715,423.3454744191098,423.6642315383372,86134200,SPY
2023-07-10,424.6590270996094,424.8328785164898,422.6596473764828,423.2295133382579,62443500,SPY
2023-07-11,427.3634948730469,427.8561033801802,424.4465462578362,425.4220950342892,64463800,SPY
2023-07-12,430.80206298828125,432.2122699147005,429.7299496500487,431.1594635773627,91924500,SPY
2023-07-13,434.2212829589844,435.0133121303779,432.1832890285731,432.61791761555475,72425200,SPY
2023-07-14,433.9508056640625,435.9598242076378,433.18775178790105,435.1098740968055,69815800,SPY
2023-07-17,435.45758056640625,436.51038682135163,433.7576213779186,433.8059330908804,52680200,SPY
2023-07-18,438.6932678222656,439.3403912522435,434.69450839296843,435.1291664096603,80668200,SPY
2023-07-19,439.6688232421875,440.85683741354967,438.61598753921226,439.4853035858035,65891700,SPY
2023-07-20,436.7518310546875,439.57221504319733,436.037088927524,438.6739532656,70591600,SPY
2023-07-21,436.7518310546875,438.6739532656,436.7421922937348,438.4710971405942,71275600,SPY
2023-07-24,438.70294189453125,439.5142779903244,436.867745334165,437.9012445599851,54023400,SPY
2023-07-25,439.900634765625,441.15626767500714,438.3841952460214,438.4325069587421,55191200,SPY
2023-07-26,439.9682312011719,441.39771546076753,437.91090104233945,438.96370723872633,71052900,SPY
2023-07-27,437.0513000488281,443.7641819600167,436.1433699333953,443.35849914141073,92194400,SPY
2023-07-28,441.3302001953125,442.16084340685165,437.05132650770946,440.325676064509,80011800,SPY
2023-07-31,442.1704406738281,442.52781174126136,440.4897885662861,441.8034013690048,62040400,SPY
2023-08-01,440.9051818847656,441.64889932682564,439.94894005773267,440.70232573811046,55291500,SPY
2023-08-02,434.7718200683594,438.0461398306252,434.0184344125547,437.7853626915781,93933400,SPY
2023-08-03,433.5258483886719,435.4093273640729,432.1060027164115,432.75315569310766,64276100,SPY
2023-08-04,431.5650634765625,437.44727217935485,431.0434797536367,435.3416597654818,100128900,SPY
2023-08-07,435.33197021484375,435.4865146243049,432.7047742066685,433.4002093110776,58357500,SPY
2023-08-08,433.43890380859375,435.32238270202885,430.07762882885913,432.7917508600607,71361300,SPY
2023-08-09,430.5412902832031,433.87359024306414,429.7782363330844,433.7093775665813,78789600,SPY
2023-08-10,430.6957702636719,436.2882265207825,429.52706313111736,432.89797658868093,93005500,SPY
2023-08-11,430.44464111328125,431.4588333292262,428.22312774254544,428.82196893936987,68690900,SPY
2023-08-14,432.8207702636719,432.8207702636719,429.21805425124865,429.5271431380979,47867400,SPY
2023-08-15,427.77886962890625,431.40092184966306,427.2089741403311,431.0435212704258,75707500,SPY
2023-08-16,424.63970947265625,429.0247856402229,424.53344729188865,427.3634700312785,80107200,SPY
2023-08-17,421.40399169921875,426.368601907091,420.8824080004751,426.1078247958852,95711300,SPY
2023-08-18,421.6068115234375,422.64031066724186,418.23589822455375,418.58360103387196,98852000,SPY
2023-08-21,424.3499755859375,425.09369303000517,420.4671462190992,422.6210410735604,68719000,SPY
2023-08-22,423.2005920410156,426.1272091701829,422.64039424533416,426.1272091701829,64994200,SPY
2023-08-23,427.9140319824219,428.53220964419495,424.1181287339091,424.263004912033,68441000,SPY
2023-08-24,421.9836120605469,430.02938491944155,421.9546073437118,429.51746935310535,88517300,SPY
2023-08-25,424.95849609375,426.2431043443279,420.15806824986475,423.712501844876,102325100,SPY
2023-08-28,427.65325927734375,428.2714074691659,424.95844443108183,427.1509825528838,61595400,SPY
2023-08-29,433.83489990234375,434.1150135078099,427.3634885979469,427.5470082557006,83081900,SPY
2023-08-30,435.6217956542969,436.25928035352985,433.4678714194492,434.17297483140425,69053900,SPY
2023-08-31,434.9842834472656,437.3796481914474,434.80076379653127,436.23991629050073,66084600,SPY
2023-09-01,435.795654296875,438.19104870854676,434.337165211912,437.7081084262502,58944100,SPY
2023-09-05,433.91217041015625,435.6700800917991,433.84458117342785,435.35135247874024,55166200,SPY
2023-09-06,430.9952392578125,433.2071140684911,428.6674634922226,433.1008518755981,70758500,SPY
2023-09-07,429.6719665527344,430.34806524877047,427.6436115119561,427.99131435968866,70355400,SPY
2023-09-08,430.3190612792969,431.85480770691146,429.3628490355431,429.72022009729625,61659700,SPY
2023-09-11,433.14910888671875,433.45816823533755,431.2366549432054,432.9462527649071,60180100,SPY
2023-09-12,430.7731018066406,433.2264469118444,430.1935969975154,431.70036845391746,67565400,SPY
2023-09-13,431.2753601074219,432.4343991522864,429.89412843469466,430.9952464774697,60199300,SPY
2023-09-14,434.99395751953125,435.6893927060478,432.4440481531944,433.74799281245487,83430800,SPY
2023-09-15,429.7530212402344,433.7368084981918,429.3168595859164,433.4072542770486,111848900,SPY
2023-09-18,430.00506591796875,431.30390776198857,428.9679210789831,429.4428625408151,55752200,SPY
2023-09-19,429.11322021484375,429.6754234765873,426.42830474295727,429.084142775809,66514600,SPY
2023-09-20,425.16827392578125,430.7901294710478,424.96470225740006,430.3733429544115,82562600,SPY
2023-09-21,418.1409606933594,422.5802845540439,417.98587113932,422.31858757052555,104095800,SPY
2023-09-22,417.2007751464844,420.7677463582612,416.78395900410345,419.16842775985725,100829700,SPY
2023-09-25,418.9551696777344,418.9939198820318,415.5529609010411,415.98915213200996,70874500,SPY
2023-09-26,412.8001403808594,416.6191352673673,411.96653779928545,415.91154478605614,96168400,SPY
2023-09-27,412.96490478515625,414.53517529607944,409.3204041006066,413.9729720120895,104705800,SPY
2023-09-28,415.359130859375,417.03600913362396,411.82123687227,412.412517717301,92258300,SPY
2023-09-29,414.35107421875,418.5868563011905,412.82928558629357,418.4123916323294,115111300,SPY
2023-10-02,414.1862487792969,415.436637965525,411.4237734247356,413.51743802249865,83798600,SPY
2023-10-03,408.6419372558594,414.2444181473067,407.27523825202337,412.00536625897985,103760600,SPY
2023-10-04,411.6176452636719,412.3639860114544,407.64356048210016,409.1071941153402,87453000,SPY
2023-10-05,411.46258544921875,412.3058609268304,408.23487076244464,411.3268709869175,70142700,SPY
2023-10-06,416.3477783203125,417.8889419596687,407.68234534407696,409.01026454136644,113273300,SPY
2023-10-09,419.0133056640625,419.5851817448939,413.89546879833836,414.44794019758774,80374400,SPY
2023-10-10,421.1941833496094,423.79186665669647,419.2459060791411,419.6433174894524,78607300,SPY
2023-10-11,422.9195251464844,423.17151977952034,419.8759482263836,422.2604167519184,62451700,SPY
2023-10-12,420.3412170410156,423.9081879098467,417.9858555363506,423.5301811699864,81154200,SPY
2023-10-13,418.24755859375,423.0455435777595,416.67731756779995,421.8436069564154,95143100,SPY
2023-10-16,422.6481628417969,423.7143850912576,420.25402134631616,420.49634324027045,75433200,SPY
2023-10-17,422.6287536621094,424.6836681484373,419.1684195342952,419.5173488593283,75324700,SPY
2023-10-18,416.9971923828125,421.81455273319096,415.91159504982164,420.85496751569167,93559800,SPY
2023-10-19,413.3332824707031,419.52704410810907,412.6547989345063,417.71448112410957,121323000,SPY
2023-10-20,408.25421142578125,413.4399055549237,408.14757441721036,412.8971069121286,123919900,SPY
2023-10-23,407.5466003417969,411.4140774521023,404.96829212836195,406.7227000782813,92035100,SPY
2023-10-24,410.6192626953125,411.7727171708306,407.8180076603951,409.66935030950145,78564200,SPY
2023-10-25,404.72601318359375,408.9618247136512,404.21229195450024,408.9327472697519,94223200,SPY
2023-10-26,399.8795471191406,404.5127401955018,398.95874174042217,403.65979204119725,115156800,SPY
2023-10-27,398.0670166015625,401.86663693380547,396.6421626745101,401.4692254760225,107367700,SPY
2023-10-30,402.82623291015625,403.88275285179935,399.55973840849714,400.85858025181,86562700,SPY
2023-10-31,405.3560485839844,405.67590044700427,401.48857130380884,403.39806888205027,79665200,SPY
2023-11-01,409.6791076660156,410.49330571448974,405.7922548569512,406.32538079437717,98068100,SPY
2023-11-02,417.5303039550781,417.68539350879695,413.4592845158063,413.4786596174057,94938900,SPY
2023-11-03,421.339599609375,422.8904655764815,419.71120365505175,419.8372157670484,100167800,SPY
2023-11-06,422.30889892578125,422.75476292041225,420.36062146659094,422.0956544795997,67831700,SPY
2023-11-07,423.51080322265625,424.1505365569555,421.1651439105342,422.308896123232,64256100,SPY
2023-11-08,423.8209533691406,424.635151307966,421.51404441898217,424.11172778289733,61746000,SPY
2023-11-09,420.51568603515625,425.0034918992464,420.0891971681386,424.9647121167065,83174400,SPY
2023-11-10,427.0777587890625,427.38793789386506,420.5059906051338,422.58998243152627,89462200,SPY
2023-11-13,426.6707458496094,427.7757184220731,424.95511730643386,425.74023796011693,52236100,SPY
2023-11-14,434.94842529296875,436.23756475568536,432.3894918898645,432.612438681597,97176900,SPY
2023-11-15,435.86920166015625,437.51700226405256,435.01622391603615,436.28598819138983,77327600,SPY
2023-11-16,436.40240478515625,436.72225670566246,434.357192389362,435.42341475823724,66665800,SPY
2023-11-17,436.9451599121094,437.55581582516845,435.4912285306581,436.41203399072475,83133200,SPY
2023-11-20,440.30859375,441.1518692274426,436.6834380187307,436.69314036041027,69936200,SPY
2023-11-21,439.34893798828125,440.1825406267048,438.0791737195552,439.2617056622207,49244600,SPY
2023-11-22,441.045166015625,442.36341233286754,439.94989604168717,441.00641581534256,59394900,SPY
2023-11-24,441.31658935546875,441.51045868866237,440.7641179584505,441.09367216063396,29737400,SPY
2023-11-27,440.52178955078125,441.5007498020653,440.1340508901427,440.68655185927656,50506000,SPY
2023-11-28,440.9579772949219,442.25681906014256,439.57190319998205,440.13407696271906,62115000,SPY
2023-11-29,440.64776611328125,444.24384395397783,440.2503842780265,443.10976458954195,63146000,SPY
2023-11-30,442.3828125,442.7317713844543,439.4167950935211,441.491084558086,79752700,SPY
2023-12-01,444.9999084472656,445.53300475365734,441.18091323402564,441.77216442546705,89183400,SPY
2023-12-04,442.6639404296875,445.01930211338146,440.3861087358581,441.60742053346644,72430900,SPY
2023-12-05,442.57666015625,443.5362452759612,440.89978220152403,441.2778185094744,69793500,SPY
2023-12-06,440.79327392578125,444.7479546367986,440.3570826385436,444.7188771896703,69124700,SPY
2023-12-07,444.1566162109375,444.8060222628319,442.27619611806483,442.8771496276889,66995400,SPY
2023-12-08,446.066162109375,446.59925845337557,443.167972091833,443.4102939900714,83194400,SPY
2023-12-11,447.8011779785156,447.97567223110514,445.3585838256798,445.57182828523526,65002200,SPY
2023-12-12,449.8464050292969,449.94333971052043,446.45389824865407,447.4522633466022,68327600,SPY
2023-12-13,456.0498046875,456.3018289230582,449.8657452173365,450.2243768877482,93278000,SPY
2023-12-14,457.513427734375,459.1806035101216,454.83818462019093,457.98836917003774,119026000,SPY
2023-12-15,456.7601013183594,458.0934340813363,454.9109942306135,456.9158196636758,141553700,SPY
2023-12-18,459.3294677734375,460.3124269591709,457.30518842783584,458.3659919459903,70375300,SPY
2023-12-19,462.12255859375,462.2004326198957,459.79658439176796,459.8744287176748,55761800,SPY
2023-12-20,455.71881103515625,463.15417688283,455.2905929826461,461.26613266046417,102921000,SPY
2023-12-21,460.0398864746094,460.31238616429494,456.28325178797456,458.7065536605437,86667500,SPY
2023-12-22,460.9643859863281,462.64806267235934,459.0666299982645,461.1687533111456,67160400,SPY
2023-12-26,462.91082763671875,463.8159126462135,461.29528326802847,461.37315728833744,55387000,SPY
2023-12-27,463.747802734375,463.89377939487036,462.1711954005529,462.70645305578125,68000300,SPY
2023-12-28,463.9230041503906,464.75995685713684,463.5045277970175,464.1079178321579,77158100,SPY
2023-12-29,462.58001708984375,464.25395241237885,460.6238403704198,463.7284066354718,122283100,SPY
2024-01-02,459.9912414550781,460.9839423046435,457.88908810923715,459.51437438828117,123623700,SPY
2024-01-03,456.234619140625,458.570335093064,455.6312290704376,457.83068032303305,103585900,SPY
2024-01-04,454.7649841308594,458.346416709132,454.5411334571291,455.75765509650716,84232200,SPY
2024-01-05,455.3879089355469,457.84040614563645,453.93779478135224,454.96940287212124,86118900,SPY
2024-01-08,461.8890075683594,462.0349842457667,455.7577198150965,455.884242835596,74879100,SPY
2024-01-09,461.1883239746094,462.21019049238487,458.7260848325078,459.23214725174796,65931400,SPY
2024-01-10,463.7964782714844,464.6626560070687,461.17852110920177,461.4607624691406,67310600,SPY
2024-01-11,463.5921630859375,465.31474737264404,459.61170706620095,464.79894328451786,77940700,SPY
2024-01-12,463.91326904296875,465.7818595429952,462.502121615046,465.04220480544996,58026400,SPY
2024-01-16,462.210205078125,463.84520343825744,460.39029300699923,462.5313835025841,85014900,SPY
2024-01-17,459.640869140625,460.1274778564824,457.28566988777015,459.18345575970955,68843900,SPY
2024-01-18,463.72833251953125,464.2830735453687,459.7673604180853,461.31477246365523,91856200,SPY
2024-01-19,469.50921630859375,469.7914576424997,463.77698183865203,464.857238788755,110834500,SPY
2024-01-22,470.5019836425781,472.22456782073624,469.8499148891261,471.0469830334159,75844900,SPY
2024-01-23,471.8741760253906,472.1174803762762,469.956966252641,471.0469649925702,49945300,SPY
2024-01-24,472.3900451660156,475.679495288325,471.89369474893255,474.74521482696895,81765000,SPY
2024-01-25,474.95928955078125,475.23178923650255,472.3900110425858,474.52132983790426,72525000,SPY
2024-01-26,474.35589599609375,476.02008943226616,473.5092016110277,474.53106799985125,76641600,SPY
2024-01-29,478.1125183105469,478.2585246858996,474.12235058965683,474.66734997690736,61322800,SPY
2024-01-30,477.7427062988281,478.4531359964777,476.983568210537,477.421527922976,58618400,SPY
2024-01-31,469.94720458984375,475.98113441506774,469.92772123444905,475.5334627445424,126011100,SPY
2024-02-01,476.09796142578125,476.1271567596163,470.8425637335658,471.65035080339914,91891600,SPY
2024-02-02,481.11004638671875,482.7644982110768,476.1952805049677,476.53591254829524,99228200,SPY
2024-02-05,479.35821533203125,481.13921979443177,477.10037355108614,480.47743909484853,75757100,SPY
2024-02-06,480.7499694824219,481.08085985334736,478.8716372206463,480.30226806860526,55918600,SPY
2024-02-07,484.7596435546875,485.17811995237605,482.0930074037672,482.9981222525648,70556500,SPY
2024-02-08,484.97369384765625,485.3532331832338,483.94208579679537,484.7595848352,52343600,SPY
2024-02-09,487.77655029296875,488.21448028265473,485.1391098762786,485.4797418906366,63979400,SPY
2024-02-12,487.5624084472656,490.0149053250304,486.8422074567853,487.74732210831274,56502300,SPY
2024-02-13,480.8472595214844,483.776653518952,477.5772631803255,481.28521924942925,113099200,SPY
2024-02-14,485.217041015625,485.70364975049426,481.1587110987094,483.4847151074999,68387800,SPY
2024-02-15,488.56488037109375,488.74979405458623,485.4408311080291,485.91772783399097,61683000,SPY
2024-02-16,486.1318359375,489.4018321652925,485.39218120492103,488.26318443249403,75532900,SPY
2024-02-20,483.4555358886719,485.06133882722617,481.20740583464766,484.3898163747004,71736700,SPY
2024-02-21,483.8934631347656,484.0491814982397,480.3412252124708,482.15142520014626,59293400,SPY
2024-02-22,493.9078369140625,494.87131264849836,489.54781221335594,490.51131764803023,76402500,SPY
2024-02-23,494.2485046386719,496.46743931170954,493.5185915264853,495.63045683227716,61321800,SPY
2024-02-26,492.43829345703125,495.12438315275733,492.3117704350963,494.6864234153272,50386700,SPY
2024-02-27,493.35308837890625,493.57693907250416,491.23148157958644,493.1292673855463,48854500,SPY
2024-02-28,492.7010803222656,493.2849870375032,491.4358798053579,491.7959655131677,56506600,SPY
2024-02-29,494.4722900390625,496.0878345083775,491.815425510208,494.46257806109645,83924800,SPY
2024-03-01,499.1145935058594,499.5428116010892,494.9395116277324,495.3482760641762,76844800,SPY
2024-03-04,498.57928466796875,500.4284215717115,498.2873313148722,498.3165563504212,49799300,SPY
2024-03-05,493.596435546875,497.02218009273895,491.38724255413155,496.57447866670594,72855600,SPY
2024-03-06,496.0975646972656,498.3554361707815,494.8031986362925,496.8761267293977,68382400,SPY
2024-03-07,501.02203369140625,502.0731250869525,496.15594682375195,499.39677730974256,58652100,SPY
2024-03-08,498.01483154296875,504.3407152276024,497.4406368151398,501.6546849790431,86532500,SPY
2024-03-11,497.58660888671875,498.17054528765857,494.88106560592894,496.8080468189585,62557200,SPY
2024-03-12,502.9393310546875,503.5232377514132,497.17784111143084,499.6985003866654,73114400,SPY
2024-03-13,502.15093994140625,503.4355940031198,500.7105972360643,503.2604220038599,55104100,SPY
2024-03-14,501.1582946777344,503.27990140830235,498.1121195690471,503.1241533654222,110171800,SPY
2024-03-15,497.717041015625,499.5426370968139,496.0476768950372,498.0880174407595,107646300,SPY
2024-03-18,500.67510986328125,503.232857358906,500.26510519204714,501.78803927024387,88893300,SPY
2024-03-19,503.4573974609375,503.7404859733711,498.9764238973626,499.9819809876235,60755300,SPY
2024-03-20,508.114013671875,508.2507017437704,502.8423468084039,503.5159556369905,69594600,SPY
2024-03-21,509.7931823730469,511.6577769054798,509.5100342818405,510.9549118204902,60256100,SPY
2024-03-22,508.8266906738281,510.1933925850028,508.59234273745244,509.7052719913618,79070800,SPY
2024-03-25,507.4208984375,508.57285588251494,507.26466648069925,507.4501546887545,48512100,SPY
2024-03-26,506.4837341308594,509.1879415331935,506.0835014250274,508.8462213354942,65463700,SPY
2024-03-27,510.7401123046875,510.7792000886694,507.1475516955064,509.31483823022427,82999800,SPY
2024-03-28,510.64251708984375,512.1459071621757,510.359428578344,510.7792051650659,96294900,SPY
2024-04-01,509.7540588378906,511.92134520134493,508.592329471925,511.38442447935097,62477500,SPY
2024-04-02,506.5130310058594,506.6496594947848,504.20905639561914,505.92725051103764,74230300,SPY
2024-04-03,507.0693664550781,508.57281589215825,505.3707164648958,505.41951660317136,59155800,SPY
2024-04-04,500.88006591796875,511.42345867223884,500.5774335376575,511.08179809560863,96858100,SPY
2024-04-05,506.1127624511719,508.0750169684766,501.7977926534172,502.23711314886503,74546500,SPY
2024-04-08,506.3957824707031,507.8211160052217,505.5855452146359,506.815618601476,48401800,SPY
2024-04-09,506.9815979003906,508.3776156958321,502.12964804913753,508.1335553906493,68049200,SPY
2024-04-10,501.9051513671875,503.89666208515973,499.92341259541246,501.2803426609476,82652800,SPY
2024-04-11,505.6929931640625,507.13781122017554,499.9136613545702,503.4281061989144,70099000,SPY
2024-04-12,498.712890625,503.5648112388257,496.98492439940395,502.149249389809,92561100,SPY
2024-04-15,492.46490478515625,503.05709839116423,491.61554988176164,502.8911540643935,92101400,SPY
2024-04-16,491.5667419433594,494.4661795680653,490.27809637848605,492.94324564322153,73484000,SPY
2024-04-17,488.6575622558594,494.1928634388067,487.2615443714678,494.0268893119992,75910300,SPY
2024-04-18,487.6520080566406,492.15249561510325,486.71482481856754,490.0535829309475,74548100,SPY
2024-04-19,483.3956298828125,488.56969668668467,482.1264983587833,487.57394131853926,102212600,SPY
2024-04-22,487.8472900390625,490.44409539983275,483.65920663681294,486.00217973304706,67961000,SPY
2024-04-23,493.6363830566406,494.0659315908711,487.6617913619136,489.85833417865257,64633600,SPY
2024-04-24,493.402099609375,495.31552414024065,491.1762707245871,494.52477110173174,55928100,SPY
2024-04-25,491.5276794433594,492.28914639879576,485.6702321576898,487.3200821932215,69122400,SPY
2024-04-26,496.18438720703125,497.7658932650639,493.6852119906925,494.3197628446228,64306100,SPY
2024-04-29,497.9416198730469,498.61522873285696,495.1983842873063,497.97090591945084,46415400,SPY
2024-04-30,490.0535888671875,497.45348436502843,490.0535888671875,496.4772431240589,77483600,SPY
2024-05-01,488.46234130859375,496.11606953951656,487.9937347584278,489.46786865773555,80242800,SPY
2024-05-02,493.03106689453125,493.8706497758126,487.6812546661218,492.17196991555153,62550200,SPY
2024-05-03,499.14239501953125,500.372438730604,496.47724569258963,499.01547889074567,72756700,SPY
2024-05-06,504.296875,504.3359031936084,501.104547517922,501.5438679323867,47264700,SPY
2024-05-07,504.8533630371094,506.2493807325828,504.1797542596401,505.26336763664636,52561300,SPY
2024-05-08,504.9022521972656,505.439173007877,502.90096940223697,503.018113594187,42047200,SPY
2024-05-09,507.8114013671875,507.8504891521531,504.4336447297941,505.08770969254925,43643700,SPY
2024-05-10,508.465576171875,510.2227987029079,507.2452744718461,509.4125016902763,52233200,SPY
2024-05-13,508.53375244140625,510.2519464031073,507.391566976992,510.1445741767588,36716400,SPY
2024-05-14,510.86700439453125,511.38444082765227,508.19211305924,508.72903379839863,57535900,SPY
2024-05-15,517.1931762695312,517.4860367605042,512.7024302627835,513.3370109807618,59504900,SPY
2024-05-16,516.1289672851562,518.8917465910545,515.9825072697596,517.2906967075278,50244800,SPY
2024-05-17,516.870849609375,516.9391936348987,514.7914513506761,516.2460410203236,59187600,SPY
2024-05-20,517.4663696289062,518.9307313200704,516.5975007250751,516.988021010064,37764200,SPY
2024-05-21,518.735595703125,518.8918276886369,516.5000244352296,516.7050565718225,33437000,SPY
2024-05-22,517.2418823242188,518.7550442398426,515.064823969773,518.0424072439434,48390000,SPY
2024-05-23,513.4638061523438,520.4048662857896,512.2532170997966,520.2974940619036,57211200,SPY
2024-05-24,516.8612670898438,517.671564163704,514.3620914027401,515.3090169926944,41291100,SPY
2024-05-28,517.2223510742188,517.9057318355667,514.5864879004678,517.6714434796838,36269600,SPY
2024-05-29,513.6005249023438,514.7817983278129,512.8878878194378,513.1905202395113,45190300,SPY
2024-05-30,510.1933898925781,512.7218807717095,508.94383216366884,512.058043918065,46377600,SPY
2024-05-31,514.8402709960938,514.967187107586,506.04432903435765,511.15011057316815,90785800,SPY
2024-06-03,515.2601318359375,516.7342656913833,510.18366530067414,516.4511771729021,46835700,SPY
2024-06-04,515.8361206054688,516.5780734778808,512.4876203186922,513.9519821715993,34632700,SPY
2024-06-05,521.9669189453125,521.9864628385163,516.1680432425981,518.1596136281009,47610400,SPY
2024-06-06,521.9570922851562,522.6990451286446,520.0241537818829,522.2694966184689,30808500,SPY
2024-06-07,521.3226318359375,524.1342115774243,519.8875261250549,520.980911626184,43224500,SPY
2024-06-10,522.9332275390625,523.2554037526817,519.9166762184258,520.5121689276748,35686100,SPY
2024-06-11,524.1927490234375,524.2513211148034,519.4091430834137,521.3811694677967,36383400,SPY
2024-06-12,528.4979248046875,531.1923600659605,527.4631115100716,528.7615289974312,63251300,SPY
2024-06-13,529.56201171875,530.4211086780596,526.7699763935087,530.2453924252503,44760900,SPY
2024-06-14,529.8843383789062,529.9135946368305,527.0238986275654,528.0294558754849,40089900,SPY
2024-06-17,534.1015625,535.4976399183048,528.7420075865693,529.2008719569648,55839500,SPY
2024-06-18,535.4585571289062,535.585473259027,533.7403629842298,534.16013957423,41376400,SPY
2024-06-20,534.0039672851562,537.0498352385172,532.2272010481894,536.385998334327,70328200,SPY
2024-06-21,533.2880859375,534.4046057790133,531.8288032321234,533.180367297688,64338600,SPY
2024-06-24,531.5545043945312,535.6777608035513,531.4369822915095,533.1117619254674,45528700,SPY
2024-06-25,533.6013793945312,533.9637491221667,531.2606215926918,532.7786650161994,37936200,SPY
2024-06-26,534.2674560546875,534.9823921713983,531.8385861304241,532.4849577215607,38550600,SPY
2024-06-27,535.109619140625,535.6874858769653,533.3858821788883,534.1302285739343,35041500,SPY
2024-06-28,533.0040893554688,538.939255622942,531.7603035552984,535.8835010057983,76144500,SPY
2024-07-01,534.1009521484375,534.6298016081159,531.3390631933655,534.3849539324244,40297800,SPY
2024-07-02,537.6954345703125,537.6954345703125,532.4459134292877,532.4948710212904,40434800,SPY
2024-07-03,540.0948486328125,540.457218430894,537.3427629954197,537.381917105902,32789900,SPY
2024-07-05,543.209228515625,543.6107523683424,539.7617544001083,540.3983822148235,41488400,SPY
2024-07-08,543.8361206054688,544.786100933334,542.7685583933277,543.9927968223914,36110500,SPY
2024-07-09,544.3649291992188,545.6968861634513,544.0711239537649,544.795863484972,27289700,SPY
2024-07-10,549.7516479492188,550.0944108163902,545.2954317896393,545.5892370725392,38701200,SPY
2024-07-11,545.0112915039062,550.7407626908513,544.3747234457534,549.8690906630567,53054200,SPY
2024-07-12,548.448974609375,552.0531251206323,545.667538567234,546.1376269625789,53084400,SPY
2024-07-15,549.957275390625,553.1990561394715,548.0964091939553,550.4469707289841,40584300,SPY
2024-07-16,553.2185668945312,553.5123721227574,550.5154392403327,551.2695891404957,36475300,SPY
2024-07-17,545.4619140625,548.9583463886919,545.1386983611491,547.2835666023501,57119000,SPY
2024-07-18,541.27001953125,547.9886849352189,539.0859974733345,546.9994907975359,56270400,SPY
2024-07-19,537.6758422851562,542.6609686544,536.6180832935648,541.0351461591582,65509100,SPY
2024-07-22,543.2191772460938,543.8263948114603,539.6639835581032,541.6031583779978,43346700,SPY
2024-07-23,542.3671264648438,545.2660852990191,541.8774310101761,543.1114133430258,34439600,SPY
2024-07-24,530.0755615234375,537.8519253696913,529.1549319575545,537.5483166712224,74515300,SPY
2024-07-25,527.313720703125,536.177254363603,526.3735438881854,530.1931317534066,61158300,SPY
2024-07-26,533.219482421875,535.9128068838628,530.3302678617441,531.1040247828195,53763800,SPY
2024-07-29,533.532958984375,535.7757424689108,531.5349634304656,534.767000996549,39515800,SPY
2024-07-30,530.8297119140625,536.0596840862061,527.4214517116767,535.001925487195,46853600,SPY
2024-07-31,539.4581909179688,542.0927543010554,536.2947780748914,537.6658891932146,65663400,SPY
2024-08-01,531.8189697265625,543.4345294348678,528.3127341764186,541.1819427118934,76428700,SPY
2024-08-02,521.9173583984375,525.9230331199286,517.7059303208597,524.7085981454201,82789100,SPY
2024-08-05,506.7171630859375,512.7893973566776,499.75367969518885,501.0954700551791,146267400,SPY
2024-08-06,511.3888854980469,518.8322310175004,507.19706454680966,508.51921810050686,84826300,SPY
2024-08-07,507.9706726074219,520.6342449293306,507.3732587228776,517.5784914408358,70698300,SPY
2024-08-08,519.7137451171875,520.3405097902447,511.08531467340157,513.1126009988247,63276600,SPY
2024-08-09,522.0054321289062,523.4941251002426,517.6667385635127,518.8909769209239,45619600,SPY
2024-08-12,522.2797241210938,524.6889871074426,520.0075304089534,523.2003538167259,42542100,SPY
2024-08-13,530.8690185546875,531.1041225821112,525.2277772193205,525.4726249427702,52333100,SPY
2024-08-14,532.543701171875,533.728785456597,528.9885080949739,531.6622256176499,42446900,SPY
2024-08-15,541.671630859375,541.9556326474029,537.5679813653051,538.1751988274788,60846800,SPY
2024-08-16,542.8860473632812,543.5814362683599,539.8989177341498,540.0555939415091,44430700,SPY
2024-08-19,548.0767822265625,548.0767822265625,542.4452860411917,543.2973511166235,39121800,SPY
2024-08-20,547.1856079101562,549.2815184001456,545.8438474042439,547.6263456901657,33732300,SPY
2024-08-21,549.06591796875,550.5252003042482,543.2972933603506,548.2334599233565,41514600,SPY
2024-08-22,544.7567138671875,551.5732952522009,543.5422788578662,550.9660777475402,56121500,SPY
2024-08-23,550.5448608398438,551.4850973665338,545.8045838781815,547.9984691071246,50639400,SPY
2024-08-26,549.2324829101562,552.2881770773529,547.528352675827,551.5732410031779,35788600,SPY
2024-08-27,549.9866333007812,550.476328645617,546.8134170306081,547.9592873998898,32693900,SPY
2024-08-28,546.7938842773438,550.0748793992682,543.601060631449,549.6439450462528,41066000,SPY
2024-08-29,546.8427734375,552.0629426061665,545.6969030561269,548.7624007293272,38715200,SPY
2024-08-30,552.0628051757812,552.5721073417235,545.6576131120636,549.2128052502381,62700100,SPY
2024-09-03,540.7020263671875,549.2520879225416,538.18498513228,548.9190687874888,60600100,SPY
2024-09-04,539.5953369140625,543.0035975400444,538.1360542845994,538.8607938634791,47224900,SPY
2024-09-05,538.282958984375,542.3866087950116,535.8246785314534,539.5366078915503,44264300,SPY
2024-09-06,529.2235107421875,540.231851947678,528.3224880929642,538.60608979078,68493800,SPY
2024-09-09,535.1487426757812,536.4219981615558,531.4956351994124,533.4250655897573,40445800,SPY
2024-09-10,537.4797973632812,537.8324234437913,532.1813200114981,537.0586665381934,36394600,SPY
2024-09-11,542.9937744140625,543.9144040618945,528.8318231688719,537.3916883108078,75248600,SPY
2024-09-12,547.5675659179688,547.8711746400817,541.3483991843773,543.5716351743016,51819600,SPY
2024-09-13,550.4274291992188,551.4264269369157,547.9201911599521,548.1748423305235,39310500,SPY
2024-09-16,551.2402954101562,551.5046902542234,548.360884321784,550.1629297590999,36656100,SPY
2024-09-17,551.465576171875,554.9032473896473,549.2325364902464,553.4537083801224,49321000,SPY
2024-09-18,549.830078125,556.9698163045404,549.2718181357275,552.121819368038,59044900,SPY
2024-09-19,559.2125244140625,561.0733907935877,556.3723270388496,559.2419348303403,75315500,SPY
2024-09-20,558.2457885742188,559.2871245583524,555.219996107625,557.843033129673,77503100,SPY
2024-09-23,559.6408081054688,560.2892222272916,558.0984411315784,559.3166610051752,44116900,SPY
2024-09-24,561.2420654296875,561.3010067117204,557.6071931426925,560.4364946014963,46805700,SPY
2024-09-25,560.0042724609375,561.8217386948093,558.8941616149112,561.0849426444706,38428600,SPY
2024-09-26,562.2245483398438,564.5921534543987,559.8668367278948,564.2679463720303,48336000,SPY
2024-09-27,561.4091796875,564.1107656382737,560.3776770438751,563.2954210502361,42100900,SPY
2024-09-30,563.6588134765625,564.2678934162012,558.078818569817,560.3775886747461,63557400,SPY
2024-10-01,558.609375,563.9536055755817,556.0355051968223,563.3052513338224,72668800,SPY
2024-10-02,558.8450927734375,559.866821742494,555.3183290115846,557.715374727311,38097800,SPY
2024-10-03,557.8234252929688,559.7685478192003,555.5344286086627,557.3715020969081,40846500,SPY
2024-10-04,562.892578125,563.2658929623027,558.09848649286,562.273664576873,42939100,SPY
2024-10-07,557.8037719726562,561.8905680396737,556.6543868115797,561.2421538745174,49964700,SPY
2024-10-08,563.0792236328125,563.67853004462,559.5033520489247,560.377637870892,37398700,SPY
2024-10-09,566.9793701171875,567.5393423690588,562.4701514366566,563.0693978961492,37912200,SPY
2024-10-10,565.987060546875,567.411544847049,564.375918856187,565.6334128471475,44138100,SPY
2024-10-11,569.3763427734375,570.1131388058892,565.7709110163313,565.9084606662699,42268000,SPY
2024-10-14,574.032958984375,574.966246072679,570.5061351329805,570.9874990099419,36217200,SPY
2024-10-15,569.5728759765625,574.6027324678581,568.3546560789198,574.2981924836022,54203600,SPY
2024-10-16,572.0484619140625,572.5691599226542,568.767296964022,569.57286786976,30725400,SPY
2024-10-17,572.0975341796875,575.8011814159861,571.9108767867559,575.5948569414992,34393700,SPY
2024-10-18,574.2982177734375,575.0841216421944,572.3235945792737,573.7873532764656,37416800,SPY
2024-10-21,573.3551025390625,574.5535954570634,570.3784174069214,573.5712006217359,36439000,SPY
2024-10-22,573.050537109375,574.2097557683464,570.1622940232531,570.8204817447413,34183800,SPY
2024-10-23,567.8143920898438,571.4689321263772,564.3072352656649,571.0268424499369,49314600,SPY
2024-10-24,569.0423583984375,569.8479293354313,566.4193810527883,569.7693209618997,34979900,SPY
2024-10-25,568.8458862304688,574.1705094317597,567.9028255594263,571.2724326633536,47268200,SPY
2024-10-28,570.6043701171875,572.4512770786239,570.299830137409,572.3235609618828,30174700,SPY
2024-10-29,571.5277709960938,572.6476553589258,568.2465463889694,569.6415300427301,42899700,SPY
2024-10-30,569.798828125,573.0505525749719,569.0914726763393,571.0562623128328,41435800,SPY
2024-10-31,558.6290283203125,565.4959588071013,558.4325373559277,565.4271839715354,60182500,SPY
2024-11-01,560.9866943359375,565.4173043933644,560.5741053167588,561.2617936558026,45667500,SPY
2024-11-04,559.7783203125,562.4209644478059,557.892139281839,561.1241962515347,38217000,SPY
2024-11-05,566.5470581054688,566.586332309216,560.4758658123077,560.6919638738422,39478300,SPY
2024-11-06,580.6345825195312,581.508928254242,575.0840880526238,578.8270097230293,68182000,SPY
2024-11-07,585.1240844726562,586.1458133207747,582.5600487330294,582.6386570968723,47233200,SPY
2024-11-08,587.65869140625,589.0831757216504,585.674234913322,585.674234913322,46444900,SPY
2024-11-11,588.21875,589.6039003558736,586.4897254702406,589.2502526004109,37586800,SPY
2024-11-12,586.3915405273438,588.7394187712031,583.9060526461359,588.1401722720043,43006100,SPY
2024-11-13,586.6763916015625,588.6804555395651,584.4856702408568,586.8532154819194,47388600,SPY
2024-11-14,582.9039306640625,587.2854330583992,582.2163022724781,586.804069200042,38904100,SPY
2024-11-15,575.437744140625,579.8094129170865,573.5810036102117,579.3378226480269,75988800,SPY
2024-11-18,577.7954711914062,579.1118465214918,575.0349444617987,575.8993966406199,37001700,SPY
2024-11-19,579.9075317382812,580.6344941628126,573.7479582489347,574.4159793947367,49412000,SPY
2024-11-20,580.1040649414062,580.3889378159292,574.3374129030207,579.9861823753545,50032600,SPY
2024-11-21,583.21826171875,584.6427460672937,577.1077952881657,582.953055915256,46750300,SPY
2024-11-22,585.0259399414062,585.654687007179,582.7075025920674,583.2084735757152,38226400,SPY
2024-11-25,587.0103759765625,590.281707390563,584.7213793724078,588.9653319760873,42441400,SPY
2024-11-26,590.075439453125,590.7434606979054,587.5408441710033,588.2579731618996,45621300,SPY
2024-11-27,588.287353515625,590.2717497615803,586.7646539336328,589.8886614517024,34000200,SPY
2024-11-29,591.9419555664062,592.7278593888155,588.8277809402925,589.1028202958577,30177400,SPY
2024-12-02,593.0029907226562,593.6808455477146,591.8633791521069,592.3545765627109,31746000,SPY
2024-12-03,593.2778930664062,593.5234917149835,591.7355863186759,592.7670886505788,26906600,SPY
2024-12-04,596.9619140625,597.2075127280552,594.2996629026728,594.9676840777096,42787600,SPY
2024-12-05,595.9795532226562,597.7675188046404,595.6259055147337,596.961947940629,28762200,SPY
2024-12-06,597.109375,598.3472020292826,596.333304701608,596.7458937244957,31241500,SPY
2024-12-09,594.034423828125,597.1584317989794,593.445010988573,596.9914414878755,34742700,SPY
2024-12-10,592.1875,595.1346840344664,591.5293123546073,594.7122615181331,37234500,SPY
2024-12-11,596.7655639648438,597.7184581352288,594.8400485801485,595.115147903942,28677700,SPY
2024-12-12,593.6905517578125,596.4706853339145,593.6905517578125,595.9009396314575,31543800,SPY
2024-12-13,593.5728149414062,596.4413911194437,592.197438164754,595.7242620650901,35904700,SPY
2024-12-16,596.1072998046875,597.0799209921157,594.5551592425911,595.3312295236393,43695200,SPY
2024-12-17,593.6512451171875,594.5157572113583,592.2759285750876,593.5530296358272,55773500,SPY
2024-12-18,575.9584350585938,595.7339866328443,575.5752867073982,593.3467745348553,108248700,SPY
2024-12-19,575.7815551757812,582.5601031255708,575.5359564813775,580.948961299734,85919500,SPY
2024-12-20,582.697265625,587.231466902458,572.6036351958548,573.4513839180992,125716700,SPY
2024-12-23,586.1865844726562,586.7878476994515,579.2570769218985,582.440932357683,57635800,SPY
2024-12-24,592.7021484375,592.7416149913781,586.9554933157183,587.5370835235541,33160100,SPY
2024-12-26,592.7415771484375,593.8652307760627,589.5281816588665,590.9278604962976,41219100,SPY
2024-12-27,586.5020141601562,589.2324254266508,582.31278453499,588.9958066290322,64969300,SPY
2024-12-30,579.80908203125,583.2787692142718,576.0535631828352,579.4838439796579,56578800,SPY
2024-12-31,577.6997680664062,582.194563069081,576.0634704063194,581.4749602926895,57052700,SPY
2025-01-02,576.2803955078125,582.6775870195096,572.1995778777631,580.9624764637459,50204000,SPY
2025-01-03,583.48583984375,584.1265095290074,578.0447499447286,579.129057366777,37888500,SPY
2025-01-06,586.8469848632812,591.1249540533898,585.1121413237427,587.7440065436294,47679400,SPY
2025-01-07,580.2133178710938,589.2029082453815,578.3897946667151,588.8776099950986,60393100,SPY
2025-01-08,581.0609741210938,582.1354148697908,576.8323377526707,580.282291853868,47304700,SPY
2025-01-10,572.189697265625,577.5716476388544,570.2774344732991,577.5026413332764,73105000,SPY
2025-01-13,573.0767822265625,573.4316201868376,567.123109023982,567.5371468067242,47910100,SPY
2025-01-14,573.8653564453125,576.6351742776535,570.0802375478183,576.0043111010004,48420600,SPY
2025-01-15,584.303955078125,585.4473419377294,580.7751281246863,581.8889752343268,56900200,SPY
2025-01-16,583.1802368164062,585.8514484014332,582.4803673486446,585.6740294157521,43319700,SPY
2025-01-17,589.0353393554688,590.7898562052613,587.0934767089387,588.4242094250709,58070600,SPY
2025-01-21,594.4270629882812,594.4369296257112,590.1096871636119,592.0810894520482,42532900,SPY
2025-01-22,597.7686157226562,599.1288881406504,596.7040416210903,597.2560318658977,48196000,SPY
2025-01-23,601.0313110351562,601.0313110351562,596.8618141810588,597.1377792345874,41152100,SPY
2025-01-24,599.2767333984375,602.0466115435261,598.1234798327728,601.0904500891409,34604700,SPY
2025-01-27,590.7996826171875,591.115114198888,586.1373355152499,586.3048878621954,70361100,SPY
2025-01-28,595.8760375976562,596.713859452747,588.7099714764748,592.031779311243,44433300,SPY
2025-01-29,593.204833984375,595.4916679771449,590.6518414168764,595.0874967960807,37177400,SPY
2025-01-30,596.3885498046875,597.9262410572588,592.130313990855,595.3240359730432,39281300,SPY
2025-01-31,593.2146606445312,601.2382822731704,592.4556515232641,598.8134358374799,66566900,SPY
2025-02-03,589.22265625,591.7065824928592,582.046722262467,584.1955437708402,65857200,SPY
2025-02-04,593.1752319335938,593.6877555909119,588.7395770202528,589.2817005882882,33457800,SPY
2025-02-05,595.580322265625,595.7282015036632,590.021013481686,592.0515554519985,30653100,SPY
2025-02-06,597.650390625,597.7785366008171,594.0131505968404,597.3250923662002,35771500,SPY
2025-02-07,592.1797485351562,599.4344951653416,591.4700123634921,598.2122352633725,50788500,SPY
2025-02-10,596.2013549804688,596.8420848342793,594.1215398587573,595.3931329282537,26048700,SPY
2025-02-11,596.6547241210938,597.1968476878733,593.8159001701387,593.9341794878935,30056700,SPY
2025-02-12,594.732666015625,595.9056528588447,589.9520392250456,590.6321754646003,45076100,SPY
2025-02-13,601.0115966796875,601.2186155981716,594.5749988790903,595.8366651794477,40921300,SPY
2025-02-14,600.9819946289062,602.2535274358258,600.360998100256,601.2185532755497,26910400,SPY
2025-02-18,602.7463989257812,602.7463989257812,599.6808827255115,602.145135650955,26749000,SPY
2025-02-19,604.165771484375,604.4614697835945,600.8439635712302,601.3565473981581,31011100,SPY
2025-02-20,601.6522827148438,602.9336821985821,598.3403412349714,602.7956695963146,36554000,SPY
2025-02-21,591.361572265625,601.5734221193063,590.8982614234848,601.435409514207,76519800,SPY
2025-02-24,588.670654296875,594.4074426853949,587.960918125522,593.4118748152965,50737200,SPY
2025-02-25,585.7431030273438,589.3409366661995,581.1300283822392,588.6115273648803,58266500,SPY
2025-02-26,586.0387573242188,591.0067297705009,583.3970853838995,587.4088964020577,43321600,SPY
2025-02-27,576.6844482421875,589.4690234968429,576.290203877955,588.3157098294636,74196700,SPY
2025-02-28,585.6838989257812,586.2161558854355,574.1117771132394,577.1871598716435,88744100,SPY
2025-03-03,575.4227294921875,588.7987001526899,571.6080711867788,587.6552532272791,74249200,SPY
2025-03-04,568.611572265625,577.0196322682823,564.0675042327628,571.4208567458912,109648200,SPY
2025-03-05,574.722900390625,576.5168836727693,564.8856223320056,568.4439889843314,71230500,SPY
2025-03-06,564.5209350585938,571.8742272350298,561.9679425734266,567.2512863712917,80094900,SPY
2025-03-07,567.68505859375,569.1340707451673,557.5422141835529,562.7368791286215,81158800,SPY
2025-03-10,552.5643920898438,561.3962362827218,547.6457527585567,559.4741670846696,99326600,SPY
2025-03-11,547.970947265625,555.9551623983707,544.1267490127518,551.4012280579012,88102100,SPY
2025-03-12,550.8788452148438,555.0582088315019,545.7729200294035,554.1316472627199,69588200,SPY
2025-03-13,543.5353393554688,551.1153839968962,541.8202288918889,550.5042540653316,74079400,SPY
2025-03-14,554.762451171875,555.7678855775432,543.6043071486545,548.1582415612112,62660300,SPY
2025-03-17,559.0404663085938,561.5638590041749,554.3090523622551,554.7427633019219,49008700,SPY
2025-03-18,552.9981079101562,556.9409127203818,551.0661118946721,556.7240271713574,66041400,SPY
2025-03-19,559.020751953125,562.7861379289428,553.5993951050114,554.7822486316311,66556000,SPY
2025-03-20,557.4041748046875,562.4115538615378,554.5554838320709,555.2750866351008,62958200,SPY
2025-03-21,557.5880126953125,558.4877328401925,551.7054963570508,552.9413292589383,83763000,SPY
2025-03-24,567.5736083984375,568.6314886589248,563.7375780431137,564.3307537296456,58766800,SPY
2025-03-25,568.93798828125,569.8771730865459,567.1880294433175,568.7797678649376,38355700,SPY
2025-03-26,562.1458740234375,569.7981425644431,560.7617168790538,568.6710483477373,51848300,SPY
2025-03-27,560.6529541015625,564.4296669577193,558.5371935416607,560.7517966033342,42164200,SPY
2025-03-28,549.3623657226562,559.8521624781242,548.7790863172526,559.120558969836,71662700,SPY
2025-03-31,553.050048828125,554.3550955683165,540.6719276036363,543.5984015371023,95328200,SPY
2025-04-01,554.6121215820312,556.559825628618,547.4047657676659,551.1320571376683,54609600,SPY
2025-04-02,558.1219482421875,560.9890444564371,548.52197624234,548.7592465118332,76014500,SPY
2025-04-03,530.6172485351562,541.7594774009829,530.6172485351562,538.9319060881811,125986000,SPY
2025-04-04,499.5533447265625,519.9099817661254,499.3358369172059,517.7349036725598,217965100,SPY
2025-04-07,498.6635437011719,517.2405628900261,476.33944038650816,483.64569927250346,256611400,SPY
2025-04-08,490.8531188964844,519.0300819148135,483.6160734043612,515.9454474877983,165816600,SPY
2025-04-09,542.4021606445312,542.4021606445312,487.46196103833506,487.84755542038147,241867300,SPY
2025-04-10,518.6345825195312,527.4534689848499,503.5475251856576,526.1385259148457,162331200,SPY
2025-04-11,527.8885498046875,530.3503195313269,514.1757514102393,517.0824330937988,97866300,SPY
2025-04-14,533.009765625,538.1113174755011,527.8093712828247,537.883883195208,68034000,SPY
2025-04-15,531.5169067382812,537.0732068479572,530.7259857198238,533.5535570239268,56892900,SPY
2025-04-16,519.7023315429688,531.7937621429162,514.3931980244283,525.6541223320015,83484800,SPY
2025-04-17,520.44384765625,525.1499093262158,517.9721816819745,521.6599483491107,79868100,SPY
2025-04-21,508.0558776855469,515.7872559194974,502.69729269891565,515.2533374613439,69368100,SPY
2025-04-22,521.2742919921875,523.3010457814191,513.3056442523776,514.2448892796023,75948100,SPY
2025-04-23,529.3516845703125,539.2482437222484,527.8291602174767,534.3049123051696,90590700,SPY
2025-04-24,540.4940185546875,541.2256220112762,529.3814182452572,530.6369834977514,64150400,SPY
2025-04-25,544.3992309570312,544.8045575926888,537.5279880397045,540.4544620384363,61119600,SPY
2025-04-28,544.6068115234375,547.2762226232229,538.8429303961163,545.1407299494361,47613800,SPY
2025-04-29,548.03759765625,549.1547955800734,542.3329728897722,542.6888783318544,47775100,SPY
2025-04-30,548.2550659179688,550.2126665027023,535.3826699025942,541.3640897959557,93101500,SPY
2025-05-01,552.1404418945312,557.6770094036193,551.5373699314374,554.0189320097116,63186100,SPY
2025-05-02,560.3364868164062,561.9381212948161,556.0061238656243,558.3294653880318,60717300,SPY
2025-05-05,557.1234130859375,560.2278400664005,555.3339293144951,556.194064255589,38659200,SPY
2025-05-06,552.4667358398438,556.9651555946843,550.6476235760448,551.6066009560054,48264700,SPY
2025-05-07,554.7901611328125,557.4298834610689,549.738030089525,553.8014947566288,55588000,SPY
2025-05-08,558.6558227539062,563.8463212534109,555.333918196641,558.8337754612519,65130800,SPY
2025-05-09,557.9439697265625,561.068128702691,556.381860066797,560.0596697605964,37603400,SPY
2025-05-12,576.382568359375,576.3924646775216,570.4999916854949,574.8797762427796,78993600,SPY
2025-05-13,580.18896484375,582.403567726764,576.2342995973956,576.7977862928067,67947200,SPY
2025-05-14,580.9304809570312,582.3046813078995,578.9036666864055,581.1479585868793,66283500,SPY
2025-05-15,583.7680053710938,584.2721745648568,578.4687074145315,578.9235156986,71268100,SPY
2025-05-16,587.4655151367188,587.7621029517821,582.6012939394769,584.5489375445604,76052100,SPY
2025-05-19,588.108154296875,588.7903364922698,581.4346564328234,581.4346564328234,68168500,SPY
2025-05-20,586.1307983398438,587.317209981726,582.917632829089,586.3681289429425,60614500,SPY
2025-05-21,576.2540893554688,585.8639582409971,575.2258980125081,581.7708648204313,95197700,SPY
2025-05-22,576.4815673828125,579.9715286968509,574.8205545855405,576.05638769199,70860400,SPY
2025-05-23,572.5465087890625,575.215919785119,569.0762805285291,569.4519785383726,76029000,SPY
2025-05-27,584.4501342773438,584.6082943415249,571.8742669840636,579.4276923460704,72588500,SPY
2025-05-28,581.0689086914062,586.051826179252,580.3373051792158,584.8555180607121,68445500,SPY
2025-05-29,583.362548828125,586.4768718669775,579.4276761926377,586.3384441000501,69973300,SPY
2025-05-30,582.7100830078125,584.430352826958,576.6297607292682,582.2552747565533,90601200,SPY
2025-06-02,585.992431640625,586.0714814983527,578.4291102147669,581.0985213264464,61630500,SPY
2025-06-03,589.3341064453125,590.3128764026674,585.1421107506463,585.6266079138771,63606200,SPY
2025-06-04,589.1759643554688,591.1730898063917,588.7409487228937,590.1943197189499,57314200,SPY
2025-06-05,586.3285522460938,592.2111289512687,584.3512195951713,590.8566609128592,92278700,SPY
2025-06-06,592.349609375,594.0204580272924,590.0954209877331,591.8750084630755,66588700,SPY
2025-06-09,592.8834838867188,594.4356974397457,591.7069684086109,592.9230088207169,53016400,SPY
2025-06-10,596.2449340820312,596.6304681071312,592.3001649023746,593.4173023897237,66247000,SPY
2025-06-11,594.5443725585938,598.2024500657004,592.4780937113569,597.3423151819753,73658200,SPY
2025-06-12,596.9073486328125,596.9073486328125,592.725309003214,593.2097458920864,64129000,SPY
2025-06-13,590.2338256835938,595.0288334634262,588.731033484191,591.7168252456129,89506000,SPY
2025-06-16,595.8494262695312,597.5993850121447,593.4172853343232,593.5952983788304,79984100,SPY
2025-06-17,590.7578125,594.9299553868199,589.9965201271316,593.4074309844862,82209400,SPY
2025-06-18,590.6688232421875,594.4059506456396,589.7097855095001,591.6574895866379,76605000,SPY
2025-06-20,589.2816162109375,594.4180406328666,587.8735160730708,593.3471074282096,94051400,SPY
2025-06-23,595.1022338867188,595.4889076465048,586.9116980815279,590.0351674928282,87426000,SPY
2025-06-24,601.676513671875,602.7374608387837,598.3348024442159,599.2471080685161,67735300,SPY
2025-06-25,602.0136108398438,603.4910690166892,600.4468830082857,602.7969444947229,62114800,SPY
2025-06-26,606.7236328125,607.1599344481853,603.2530708764845,603.8678512919777,78548400,SPY
2025-06-27,609.7380981445312,611.2056913389495,605.692457719191,607.7252035075089,86258400,SPY
2025-06-30,612.6533813476562,614.0118537505704,609.867018033134,612.1873634601734,92502500,SPY
2025-07-01,612.455078125,613.625146088841,610.3429883405835,611.1758893553448,70030100,SPY
2025-07-02,615.2315063476562,615.2711481262035,611.4237773441516,612.0484833566157,66510400,SPY
2025-07-03,620.0803833007812,621.0124795190609,617.194824993195,617.214676143094,51065800,SPY
2025-07-07,615.4595336914062,618.7813935886118,612.6731706581298,618.1169852960921,74814500,SPY
2025-07-08,615.1224365234375,616.8775081543645,614.3093261623386,616.1238907210633,59024600,SPY
2025-07-09,618.8110961914062,619.4655183729625,615.6875662931247,617.5319680301938,66113300,SPY
2025-07-10,620.5563354492188,621.5974919629854,617.7699723301522,618.9499658515675,57529000,SPY
2025-07-11,618.3748168945312,619.6043777491163,616.3024294765994,617.5022136064131,63670200,SPY
2025-07-14,619.5548095703125,619.9018415613931,616.5701165685465,617.9186632768227,51898500,SPY
2025-07-15,616.9072875976562,622.5791484786782,616.8279435196437,622.2420420602726,74317300,SPY
2025-07-16,618.9697265625,619.4754466932056,612.8516386863737,618.4937831556223,88987500,SPY
2025-07-17,622.7576293945312,623.1146474859103,618.9301097920578,619.1482908768893,68885700,SPY
2025-07-18,622.3014526367188,624.1755098834977,621.190877778705,624.0069566966004,65621600,SPY
2025-07-21,623.4815063476562,626.2281670376054,623.0551302914085,623.4815063476562,63375000,SPY
2025-07-22,623.5707397460938,624.4334174667899,620.9232136557434,623.8087114591411,60046300,SPY
2025-07-23,628.8757934570312,628.8757934570312,624.4334327911965,626.2381323551606,70511000,SPY
2025-07-24,629.0839233398438,630.7994135925716,628.6575473006669,629.2624021105368,71307100,SPY
2025-07-25,631.7413940429688,632.2173979677802,629.5004535059064,629.748350781943,56865400,SPY
2025-07-28,631.5828247070312,632.6735486135409,630.1945756243812,632.1182610848412,54917100,SPY
2025-07-29,629.9169311523438,633.2982235137306,629.0046860832861,632.9809077241022,60556300,SPY
2025-07-30,629.1236572265625,632.3165451544952,626.2281734095909,630.5713386132512,80418900,SPY
2025-07-31,626.763671875,634.4682782312485,625.4646925404661,634.0816044685715,103385200,SPY
2025-08-01,616.4907836914062,621.0719812920488,614.0812292944926,621.0322789916852,140103600,SPY
2025-08-04,625.8612670898438,625.9108344398344,620.3183179857707,620.4075271113948,73218000,SPY
2025-08-05,622.688232421875,627.2892207726588,621.7660617410078,626.476110377079,68051400,SPY
2025-08-06,627.457763671875,628.1121858315174,622.8468502662965,623.7590952688204,64357500,SPY
2025-08-07,626.9321899414062,631.6223868787783,623.8185857342208,630.8886206499576,74205800,SPY
2025-08-08,631.82080078125,632.2868791777582,628.4097315038053,628.727047311219,64051600,SPY
2025-08-11,630.5713500976562,633.5758942477272,629.3219380955197,632.0984361099556,58742300,SPY
2025-08-12,637.284423828125,637.4430514601922,631.4340237207567,632.9214074238032,64730800,SPY
2025-08-13,639.4658813476562,640.7549350171026,637.2744477443421,639.4856719739724,60092800,SPY
2025-08-14,639.5254516601562,640.1897994624859,636.9374184340268,637.3835851461316,59327500,SPY
2025-08-15,638.0281372070312,640.6558727131268,637.11589211782,640.5566774831647,68592500,SPY
2025-08-18,637.8892822265625,638.5834067295413,636.7787072305159,637.4529805837014,43804900,SPY
2025-08-19,634.4286499023438,638.6924711313014,633.1098193903536,637.7108075589789,69750700,SPY
2025-08-20,632.7429809570312,634.2799321395609,627.626407225106,634.0221697813646,88890300,SPY
2025-08-21,630.2044677734375,632.604096553562,628.4791123479844,630.9283690027011,54805800,SPY
2025-08-22,639.88232421875,641.0623176031913,631.8901189367884,632.3958390332336,84083200,SPY
2025-08-25,637.0662841796875,639.8625729858918,636.9472983174492,638.6230864860744,51274300,SPY
2025-08-26,639.7335815429688,640.0806740325912,636.1738106528877,636.798516612414,51581600,SPY
2025-08-27,641.1912841796875,641.9250504526357,638.9998504138363,639.148612992103,48341100,SPY
2025-08-28,643.4619750976562,644.0172625669782,639.9121297324674,641.7961126896905,61519500,SPY
2025-08-29,639.6245727539062,642.3911452321481,637.7306640961879,642.0242015644989,74522200,SPY
2025-09-02,634.884765625,635.1028861742022,629.5797276837342,632.13804448044,81983500,SPY
2025-09-03,638.3255615234375,638.7916398746721,635.0731807265284,637.2645539172183,70820900,SPY
2025-09-04,643.6602783203125,643.6900550422279,638.09747828346,638.999797688006,65219200,SPY
2025-09-05,641.796142578125,646.7243720544352,637.9190556866993,646.0004708304714,85178900,SPY
2025-09-08,643.3727416992188,644.3742563254497,641.7861629025881,643.1644862104067,63133100,SPY
2025-09-09,644.8601684570312,645.3856792185645,641.7762803015634,643.5115612591451,66133900,SPY
2025-09-10,646.724365234375,649.0446498954948,645.1576374702139,648.122479271532,78034500,SPY
2025-09-11,652.0988159179688,652.7929404681626,648.092817304151,648.6778210448584,69934400,SPY
2025-09-12,651.8805541992188,653.5662677492645,651.3748946038203,652.0689585463732,72780100,SPY
2025-09-15,655.3511352539062,655.4800466805781,653.7943936028013,654.0918582328915,63772400,SPY
2025-09-16,654.4488525390625,656.213910313041,653.6655188822047,655.9064595692537,61169000,SPY
2025-09-17,653.6356811523438,656.1542956225366,648.7967216101163,654.4587170331596,101952200,SPY
2025-09-18,656.6898803710938,659.2977648370164,654.7166275252608,656.3229972048737,90459200,SPY
2025-09-19,659.9423217773438,660.7874850308027,656.6311583459587,658.5800832029405,97945600,SPY
2025-09-22,663.0645751953125,663.5119788762895,658.4209716621773,658.4508309420254,69452200,SPY
2025-09-23,659.4551391601562,663.5617612775759,658.2320617574377,662.9452156846509,81708900,SPY
2025-09-24,657.3569946289062,660.8471316064555,655.9350982101993,660.7477220570149,68082200,SPY
2025-09-25,654.3242797851562,655.6765652531099,650.7048739536411,654.2149171420698,89622100,SPY
2025-09-26,658.072998046875,658.619871988132,654.1553026157394,655.7760789419195,69179200,SPY
2025-09-29,659.9224243164062,661.5134019828115,658.112721358766,660.5985670660314,73499000,SPY
2025-09-30,662.4082641601562,662.8756347075731,657.8641309647478,659.1766647693167,86288000,SPY
2025-10-01,664.6654052734375,665.5801794564833,659.3059076216911,659.4152702620313,72545400,SPY
2025-10-02,665.4309692382812,666.7733621981591,663.004842335434,666.6540464714482,56896000,SPY
2025-10-03,665.421142578125,668.8714672806448,664.377038831869,666.1966948783695,70494400,SPY
2025-10-06,667.8074951171875,668.7024238148077,665.669704301124,667.8174482099862,54623300,SPY
2025-10-07,665.3316040039062,669.1796881705657,663.8898014056139,668.7322238208072,72020100,SPY
2025-10-08,669.2990112304688,669.398481470165,665.6299006256374,666.4552183740389,60702200,SPY
2025-10-09,667.3600463867188,670.1243359074817,665.4211353124821,669.7166839203261,66501900,SPY
2025-10-10,649.32275390625,670.1342452495495,649.14378031214,668.324542434099,159422600,SPY
2025-10-13,659.2860107421875,661.3642043859337,656.0345659370097,656.9095884512618,79560500,SPY
2025-10-14,658.4805908203125,662.0602448848334,649.4718888267987,653.4492417720955,88779600,SPY
2025-10-15,661.4039306640625,666.4352795829697,655.1992699391986,663.0446129876665,81702600,SPY
2025-10-16,656.8995971679688,664.9239136533134,653.3895542222015,663.0445999065358,110563300,SPY
2025-10-17,660.62841796875,661.9906565438909,654.4138037793879,655.7660892614911,96500900,SPY
2025-10-20,667.499267578125,668.4041493887289,663.4921159142255,663.5418206897375,60493400,SPY
2025-10-21,667.4893188476562,669.1797060532549,666.1867381348511,667.638493864759,56249000,SPY
2025-10-22,664.0191040039062,668.1953369980629,659.5445816579371,668.1953369980629,80564000,SPY
2025-10-23,667.9566650390625,668.9012985038863,664.019063764971,664.3372592841532,65604500,SPY
2025-10-24,673.4155883789062,674.628651928334,671.8246714345047,672.6300829996666,74356500,SPY
2025-10-27,681.3603515625,681.658640907831,678.2580209918731,678.8645527756448,63339800,SPY
2025-10-28,683.1700439453125,685.0095454543999,680.9526890414517,683.1600908523567,61738100,SPY
2025-10-29,683.4982299804688,685.795149064121,679.0038013689816,684.8206562449755,85657100,SPY
2025-10-30,675.9810180664062,682.0564104652303,675.9810180664062,680.0279821977349,76335800,SPY
2025-10-31,678.1983032226562,681.2012239761448,675.3942622450203,681.1614116072222,87164100,SPY
2025-11-03,679.4711303710938,681.9171636388411,676.0903560257897,681.7878948104295,57315000,SPY
2025-11-04,671.4169921875,676.1103005794487,670.7607556049009,672.2820616639051,78427000,SPY
2025-11-05,673.7437133789062,677.0051112074705,670.3529860359731,671.1583975728993,74402400,SPY
2025-11-06,666.514892578125,673.5448715272548,664.9338680034818,672.6399897028363,85035300,SPY
2025-11-07,667.1710815429688,667.2805048704689,657.4663915648358,664.1284090392404,100592400,SPY
2025-11-10,677.5818481445312,678.3176487268574,671.2081667723378,673.4056154266486,75842900,SPY
2025-11-11,679.1329956054688,679.6997756663966,674.8871520395073,676.1002762110339,58953400,SPY
2025-11-12,679.5109252929688,681.0819968300743,677.0946904605516,680.9129156193362,62312500,SPY
2025-11-13,668.235107421875,677.0051787486752,666.7237544337754,676.6472315164618,103457800,SPY
2025-11-14,668.1256713867188,671.8345335183507,659.5147291242073,661.612768198211,96846700,SPY
2025-11-17,661.901123046875,669.8956413839408,658.4209391867944,665.9083353081996,90456100,SPY
2025-11-18,656.3427734375,661.354216097308,652.146634691611,658.3512953245886,114467500,SPY
2025-11-19,658.8783569335938,663.5617119214406,655.0203196831769,657.0388554539629,94703000,SPY
2025-11-20,648.8355712890625,671.7351497651099,648.1991802397498,669.1001291109939,165293500,SPY
2025-11-21,655.2987670898438,660.7874729698119,647.1650267848305,651.3412595795126,123956200,SPY
2025-11-24,664.9437866210938,666.2662734630499,657.8442577670318,658.9380055466532,80437900,SPY
2025-11-25,671.1982421875,672.3815071629971,660.717877921785,664.8444060411854,81077100,SPY
2025-11-26,675.8318481445312,677.8404309302599,672.8885849296569,673.7934667684052,71879600,SPY
2025-11-28,679.5208129882812,679.7991961322198,676.6471609574353,677.0051081523229,49212000,SPY
2025-12-01,676.41845703125,679.1230277654502,674.8970904760725,674.9667014318244,61201200,SPY
2025-12-02,677.67138671875,679.9483994968172,675.4838303983408,678.0591325179204,62953800,SPY
2025-12-03,680.0180053710938,681.0321891246488,675.8417725523884,676.7167950740063,57238500,SPY
2025-12-04,680.51513671875,681.4895687361658,677.4824173401821,681.4199577792665,61970300,SPY
2025-12-05,681.8078002929688,684.4925257185774,680.7040993957534,681.5890143183475,79241000,SPY
2025-12-08,679.7594604492188,682.7524282821314,677.7111260885928,682.7027235077143,55231500,SPY
2025-12-09,679.1727905273438,681.5095218770947,678.7253868572307,679.2822138612034,58310100,SPY
2025-12-10,683.6771850585938,685.0692222502689,677.4526176554032,678.6955405173951,85671300,SPY
2025-12-11,685.26806640625,685.3476304583654,678.3076987410943,681.2609148661827,86173700,SPY
2025-12-12,677.9000854492188,684.9797692517327,675.3247225627367,684.2737672143002,113160300,SPY
2025-12-15,676.8758544921875,681.8774049984522,675.4042533093998,681.8574988128718,90811000,SPY
2025-12-16,675.0264282226562,677.2239376857725,671.1584377196804,675.3843754405706,122030600,SPY
2025-12-17,667.5986938476562,676.5874893555698,667.3998140691156,676.0406154817738,110625200,SPY
2025-12-18,672.6399536132812,676.8857972779194,671.0788959983324,673.7635606688432,108650100,SPY
2025-12-19,678.7363891601562,679.2350273728672,674.6275542880097,674.747283458469,103599500,SPY
2025-12-22,682.96484375,683.4933686131409,678.7364013691785,682.0772531068674,69556700,SPY
2025-12-23,686.0863037109375,686.325640311278,682.0074163952171,682.0572680421344,64840000,SPY
2025-12-24,688.4996948242188,688.9484813838191,685.9267046355759,686.0763204450832,39445600,SPY
2025-12-26,688.4298706054688,689.7761694005526,687.392725060237,688.758988861415,41613300,SPY
2025-12-29,685.9765625,687.322922191004,684.2014421207446,685.6674092439482,62559500,SPY
2025-12-30,685.138916015625,686.6846823672308,684.7100944386586,685.5777200962995,47160700,SPY
2025-12-31,680.062744140625,685.4879304984822,679.8533550408816,685.2685588951464,74144800,SPY
