Date,Close,High,Low,Open,Volume,Ticker
,TSM,TSM,TSM,TSM,TSM,
2018-01-02,33.75323486328125,33.77791930579513,33.259524040585255,33.33358050704381,4984000,TSM
2018-01-03,34.32100296020508,34.40328967624195,34.098833535281415,34.222262039878096,6963200,TSM
2018-01-04,34.139976501464844,34.5596277429341,34.107061816941,34.493798373886406,4876600,TSM
2018-01-05,34.93814468383789,35.02865851621286,34.38683772507071,34.46912131509282,5330800,TSM
2018-01-08,34.92168045043945,34.954595135523626,34.71596837703907,34.88876890427241,3538200,TSM
2018-01-09,34.707733154296875,34.97104429552635,34.66659137702659,34.962817195638856,5729900,TSM
2018-01-10,33.9836311340332,34.107059623601714,33.50638079479653,34.024772917583746,7102700,TSM
2018-01-11,33.7614631652832,34.065919282061984,33.695636936599286,33.917806343876904,5701800,TSM
2018-01-12,33.89311218261719,33.983625976040436,33.53928724773525,33.7696868506989,5028000,TSM
2018-01-16,34.748878479003906,34.847619382316104,34.40328374795286,34.56785087383428,9081600,TSM
2018-01-17,35.48945236206055,35.60465063580506,34.97105699129271,35.102712609703225,7117700,TSM
2018-01-18,36.674339294433594,36.90473575627502,35.793892085063725,36.09011790109777,11866200,TSM
2018-01-19,36.75662612915039,37.47250629477084,36.68257280744826,37.08576665165979,6543700,TSM
2018-01-22,38.163700103759766,38.180157444304236,37.80164488961501,37.851016911248415,8335800,TSM
2018-01-23,38.0814094543457,38.320036159134474,37.90038500495115,38.24597970381784,5659600,TSM
2018-01-24,37.29970932006836,37.57947468651315,37.233879959316624,37.554790245689595,7400600,TSM
2018-01-25,37.110450744628906,37.669987744303945,37.061081863956574,37.6123886242418,7655700,TSM
2018-01-26,37.62062454223633,37.63708188458345,37.052857217470454,37.43959691533508,7057300,TSM
2018-01-29,37.35731506347656,37.595938691209895,37.19274477134109,37.41491419488639,11604400,TSM
2018-01-30,36.92942810058594,37.05285344725489,36.534461341195104,36.6743440285366,10224600,TSM
2018-01-31,37.28326416015625,37.686458140273864,37.126920946752605,37.38200509462538,6333300,TSM
2018-02-01,37.39845275878906,37.79341953333758,37.27502426846651,37.299711849881156,6706500,TSM
2018-02-02,36.62497329711914,37.29148149271845,36.5756044122786,37.03639741168039,12051800,TSM
2018-02-05,35.34132766723633,36.871825685024845,35.2261294317325,36.246459350980516,11748300,TSM
2018-02-06,35.86794662475586,35.95846041248169,34.64190164914301,34.781787449878266,13414100,TSM
2018-02-07,34.46089553833008,35.37425786175967,34.46089553833008,35.37425786175967,15239500,TSM
2018-02-08,33.21015930175781,34.65837099018759,33.21015930175781,34.65014388796146,11356000,TSM
2018-02-09,34.12351608276367,34.296313452559524,32.88101353480271,33.52283726948514,10588400,TSM
2018-02-12,34.995731353759766,35.209673633846414,34.5267081521531,34.584307272426436,6573300,TSM
2018-02-13,34.872310638427734,35.10270715008255,34.4608865025201,35.00396623636149,5831900,TSM
2018-02-14,35.42361831665039,35.456533001646186,34.49379886848042,34.69951094132847,6860100,TSM
2018-02-15,35.81035614013672,35.999610860562214,35.17676261232079,35.81035614013672,6116500,TSM
2018-02-16,35.77743911743164,36.17240587409118,35.63755643105747,35.6704679732582,4792100,TSM
2018-02-20,35.991390228271484,36.33698504796972,35.38248103400444,35.448310412376024,9291700,TSM
2018-02-21,35.291969299316406,36.057218604182104,35.275511953748385,35.92556297855562,6612600,TSM
2018-02-22,34.88053512573242,35.16853388263254,34.70773775494244,35.11093162011906,7984000,TSM
2018-02-23,36.1230354309082,36.1230354309082,35.47298463204384,35.70338111208017,7204900,TSM
2018-02-26,36.542686462402344,36.542686462402344,36.040748585290416,36.295832643520775,3897600,TSM
2018-02-27,35.89264678955078,36.45218395984219,35.884419686568954,36.24647185720322,5999100,TSM
2018-02-28,35.67047882080078,36.131275079825365,35.62110992302802,35.93379007198119,6400100,TSM
2018-03-01,35.15208053588867,35.843273236501666,34.81471285695359,35.670472707160535,7792400,TSM
2018-03-02,35.39070510864258,35.42361979501203,34.683058185202896,34.8805400255851,4819600,TSM
2018-03-05,35.78567123413086,36.007837496034625,35.27550306680177,35.42361600068222,5977200,TSM
2018-03-06,35.826812744140625,36.5344627252853,35.736298936470924,36.48509070139722,8632000,TSM
2018-03-07,36.36989974975586,36.43572598923272,35.53059400873255,35.63756517916467,4482900,TSM
2018-03-08,36.040748596191406,36.52622913366919,35.8679512368137,36.45217267409066,7092400,TSM
2018-03-09,36.6907958984375,36.69902299808869,35.81034870669406,36.246457183282025,8336200,TSM
2018-03-12,37.209205627441406,37.31617365934887,36.822465875247765,36.85538056456585,5176100,TSM
2018-03-13,37.01994323730469,37.645306510786675,36.95411387224506,37.43959445335068,5842300,TSM
2018-03-14,37.15159225463867,37.39844605209841,36.88828111882611,37.38198871374558,4300500,TSM
2018-03-15,37.28326416015625,37.563032756916876,36.93766618113773,37.11046360118813,3942200,TSM
2018-03-16,37.003482818603516,37.456048679541176,36.97056813881109,37.02816725898952,8125600,TSM
2018-03-19,36.69904327392578,36.92121275424983,36.36167550134142,36.79778735779294,5116500,TSM
2018-03-20,36.888282775878906,36.95410899333085,36.633198728326,36.78131164123847,6404200,TSM
2018-03-21,36.78131103515625,36.90473636793852,36.41102875897659,36.674339902278476,7036400,TSM
2018-03-22,35.95024108886719,36.50977818385414,35.95024108886719,36.28760876623428,6318500,TSM
2018-03-23,35.0368766784668,35.95846575242126,35.0368766784668,35.9008666314814,5923500,TSM
2018-03-26,36.427486419677734,36.435713519702674,35.530581848969085,36.048977040201244,5395200,TSM
2018-03-27,35.62110137939453,36.8965155349418,35.48944578538159,36.797774624161335,6995000,TSM
2018-03-28,35.12738800048828,35.52235475388712,34.92167595357742,35.36601472824489,8563100,TSM
2018-03-29,36.00784683227539,36.13950245887005,35.3495686993021,35.3824833906802,7758900,TSM
2018-04-02,34.971046447753906,35.867951058676496,34.90521708893699,35.66223902074853,6361200,TSM
2018-04-03,35.77743911743164,36.435717045197535,35.40715680215184,36.427489944376546,6174500,TSM
2018-04-04,36.15595245361328,36.15595245361328,34.84762355705156,34.86408089939463,5497100,TSM
2018-04-05,35.64577865600586,36.39457028496163,35.49766575015383,36.23000004080201,6115100,TSM
2018-04-06,34.905216217041016,35.52235231540949,34.773560641612406,35.28372874295023,5133100,TSM
2018-04-09,35.4400749206543,36.238238751126204,35.308419322331645,35.45653226280926,6696400,TSM
2018-04-10,35.85973358154297,36.38635603773545,35.407164465517454,36.09835722399945,5682300,TSM
2018-04-11,35.695167541503906,36.03253528896861,35.58819636140501,35.58819636140501,4788000,TSM
2018-04-12,36.081886291503906,36.081886291503906,35.423608469169565,35.654008061173776,7574700,TSM
2018-04-13,35.09447479248047,35.99137939998874,35.02041833355165,35.9502344814265,5749900,TSM
2018-04-16,35.27549743652344,35.39069566917339,35.11915742634371,35.226128559054274,5206900,TSM
2018-04-17,34.8147087097168,34.855850492214344,34.37036992534293,34.63368110002741,9831100,TSM
2018-04-18,34.49378967285156,34.773558142898686,33.9095682950496,34.64190257693041,8947400,TSM
2018-04-19,32.527191162109375,32.97976022248687,32.181596394821526,32.85633172621718,27527000,TSM
2018-04-20,32.0499382019043,32.53541876824996,31.94296705639307,32.39553294120962,15313300,TSM
2018-04-23,31.885366439819336,32.15690784134166,31.704338838804453,32.05816380137901,11178300,TSM
2018-04-24,31.885366439819336,32.26387584292623,31.51508413725101,32.12399316135411,13004000,TSM
2018-04-25,31.408105850219727,31.671420091289555,31.284680536725304,31.564448975128307,12359200,TSM
2018-04-26,31.408105850219727,31.729019198703472,31.334052545472634,31.334052545472634,7685800,TSM
2018-04-27,31.408105850219727,31.87713208602953,31.259996101809605,31.87713208602953,8276100,TSM
2018-04-30,31.63852310180664,31.95943349073375,31.58092396220012,31.836004969338237,7968000,TSM
2018-05-01,32.03348159790039,32.04170869901349,31.482171655816526,31.548001020388813,5507000,TSM
2018-05-02,31.062530517578125,31.76195047896306,30.98024692409209,31.76195047896306,11522200,TSM
2018-05-03,31.35051155090332,31.42456800592408,30.692233694561253,30.897945720850423,7021400,TSM
2018-05-04,31.753719329833984,31.81131846571979,31.218866623560064,31.268238656712537,9474000,TSM
2018-05-07,31.63852310180664,31.80309341736143,31.465725682987074,31.63852310180664,4590100,TSM
2018-05-08,32.23918151855469,32.403751729122106,32.04169663809064,32.07461130798726,8116600,TSM
2018-05-09,32.37907028198242,32.46958407186164,32.22273027877413,32.39552762004376,5861400,TSM
2018-05-10,32.72467041015625,32.806953967346715,32.453129021378,32.56010015685881,7957900,TSM
2018-05-11,32.83986282348633,33.062032155211156,32.6176934917615,32.946833940001824,4184400,TSM
2018-05-14,32.87279510498047,33.366502902888215,32.81519596652182,33.020908072136315,5014000,TSM
2018-05-15,32.33794021606445,32.4202269361677,32.058171645548256,32.3873122481264,5622800,TSM
2018-05-16,32.74113082885742,32.774045510396014,32.321476486532376,32.420220531148146,7671500,TSM
2018-05-17,32.05816650390625,32.288566144325316,31.819539762255065,32.14868031204407,7964200,TSM
2018-05-18,31.613828659057617,31.720799811810338,31.498630404824077,31.654973583212747,7783900,TSM
2018-05-21,32.47781753540039,32.667072233524365,32.1898187991031,32.37084639683759,7902200,TSM
2018-05-22,32.617706298828125,32.74113480011039,32.461366250932144,32.47782359369759,5752000,TSM
2018-05-23,32.62593460083008,32.62593460083008,32.165138447532506,32.20628023254263,4815400,TSM
2018-05-24,32.31324005126953,32.461352936490975,31.910043166185403,32.39552359242994,7930800,TSM
2018-05-25,32.33794021606445,32.494283414801906,32.03348719897599,32.173369914775385,5403000,TSM
2018-05-29,31.399890899658203,31.72903147414765,31.292919742111557,31.671432344449567,7198200,TSM
2018-05-30,31.548004150390625,31.597376178718235,31.325834731292158,31.515089464838887,8413400,TSM
2018-05-31,31.84421730041504,31.97587285102432,31.506849755796505,31.539764428177808,8129400,TSM
2018-06-01,32.25566482543945,32.25566482543945,31.926524139283842,32.08286737772095,5970000,TSM
2018-06-04,32.88924026489258,32.91392470396728,32.64238331847965,32.79049623076082,8927200,TSM
2018-06-05,32.535430908203125,32.79874218085185,32.42023261878405,32.66708654452749,6345900,TSM
2018-06-06,32.5518684387207,32.85632132383389,32.5518684387207,32.79049197628723,9829700,TSM
2018-06-07,32.51896286010742,32.86455761463791,32.46959083563866,32.55187754308659,8216900,TSM
2018-06-08,32.03348159790039,32.22273631267041,31.69611395175959,32.22273631267041,8081300,TSM
2018-06-11,31.893606185913086,32.21451973465635,31.89360618591309,32.09109120522295,4511600,TSM
2018-06-12,32.25566482543945,32.387320472118056,32.074637134162046,32.19806567619995,6582600,TSM
2018-06-13,32.13222885131836,32.823421621239866,32.13222885131836,32.691766005012795,9616600,TSM
2018-06-14,31.761934280395508,32.14867387816225,31.761934280395508,32.115759201987146,7636000,TSM
2018-06-15,31.835994720458984,32.0417067639487,31.720796478331412,31.942965861970308,11235700,TSM
2018-06-18,31.473947525024414,31.56446134039502,31.136579847044892,31.523319553113062,8921400,TSM
2018-06-19,30.906187057495117,31.243554776194774,30.73338650778648,31.021385331355848,9848900,TSM
2018-06-20,31.556241989135742,31.75372703072206,31.276473344590773,31.548014884407177,8668600,TSM
2018-06-21,30.95554542541504,31.27645569029849,30.8979463080727,31.161257455613814,9246700,TSM
2018-06-22,31.36697006225586,31.523313216986654,31.243544725218246,31.49039853821001,10338500,TSM
2018-06-25,31.140939712524414,31.183589454836614,30.74858681151289,30.961822508199827,10528100,TSM
2018-06-26,31.098297119140625,31.30300484523685,30.799768407874172,30.98741688565247,8817000,TSM
2018-06-27,30.288002014160156,30.978886958833154,30.288002014160156,30.91918121402773,8798100,TSM
2018-06-28,30.654766082763672,30.654766082763672,30.151529651003326,30.279472385103997,7199000,TSM
2018-06-29,31.183595657348633,31.36271289730018,31.081240159902748,31.175064405701892,8088200,TSM
2018-07-02,31.166532516479492,31.19211976078669,30.740061091526197,30.885059814225315,7365500,TSM
2018-07-03,31.038591384887695,31.226239862714362,31.004472888243043,31.038591384887695,6512600,TSM
2018-07-05,31.20917320251465,31.217701197791033,30.91064456206892,31.047115262518133,9230900,TSM
2018-07-06,31.7891845703125,31.857418315308745,31.354181837799608,31.405359586836177,7251600,TSM
2018-07-09,32.2668342590332,32.43742025080933,32.045067263773475,32.30094950515689,7124100,TSM
2018-07-10,32.35212707519531,32.369186325022,31.959774090339096,31.959774090339096,7211500,TSM
2018-07-11,31.53329849243164,31.85741443570142,31.47359275268622,31.840358441818832,7316200,TSM
2018-07-12,31.823301315307617,32.06212429020736,31.72947707410586,31.840360564046026,5275300,TSM
2018-07-13,32.215660095214844,32.24124734608555,31.968305824399376,32.019483579860385,4947500,TSM
2018-07-16,32.23271942138672,32.318012426965545,32.11330791208852,32.309484427895505,5399200,TSM
2018-07-17,32.44595718383789,32.51419094175206,31.857424346514208,31.985367116467998,6238500,TSM
2018-07-18,32.76154708862305,32.81272485025452,32.30948824889834,32.44595902619561,10532200,TSM
2018-07-19,33.95564651489258,34.450351537334114,32.9406427254338,33.64005540614904,17762300,TSM
2018-07-20,34.74036407470703,34.84271631210221,33.981245411064734,34.109188148097935,14481000,TSM
2018-07-23,34.74888610839844,34.95359052888928,34.65506189329093,34.81711983065602,6832800,TSM
2018-07-24,34.450355529785156,35.14976829155533,34.44182753432279,35.05594407287817,7018300,TSM
2018-07-25,34.8768310546875,34.88536230488811,34.38212591576611,34.569771121837654,7725700,TSM
2018-07-26,34.817115783691406,34.919467982039926,34.49299669291708,34.71476358534289,8476600,TSM
2018-07-27,35.3544921875,35.755373232444065,34.9194893839032,34.9194893839032,9468500,TSM
2018-07-30,35.047428131103516,35.414193882771485,34.87683887972224,35.35448813284594,5174300,TSM
2018-07-31,35.149776458740234,35.46536767738645,35.047424220818776,35.192422953397596,4908300,TSM
2018-08-01,35.57624816894531,35.5933074176749,35.24360095301586,35.345953191674376,6115000,TSM
2018-08-02,35.43977355957031,35.52506979389612,34.97065565879364,35.0559486394008,4669300,TSM
2018-08-03,35.5591926574707,35.78095966054395,35.44831240965342,35.516546158024106,4575200,TSM
2018-08-06,35.030372619628906,35.32890140112068,34.97066686333055,35.141256132920006,7245800,TSM
2018-08-07,35.17537307739258,35.183901076319934,34.83419455334651,35.03037106587116,7494900,TSM
2018-08-08,35.798011779785156,35.91742325593554,35.35448111571324,35.44830534803674,5089600,TSM
2018-08-09,35.687129974365234,35.780954211089885,35.55065924468907,35.77242296026827,4513300,TSM
2018-08-10,34.99624252319336,35.22653747280078,34.79153807046583,35.22653747280078,7053200,TSM
2018-08-13,34.72330856323242,34.96213481448312,34.51860406641104,34.706249312877425,6708600,TSM
2018-08-14,34.89389419555664,35.13271716832887,34.859775698383764,34.97065918733614,5339100,TSM
2018-08-15,34.50154113769531,34.58683412665754,34.22006841742581,34.50154113769531,6052800,TSM
2018-08-16,34.4674186706543,34.740360108358715,34.4333001775116,34.501537163796996,5544000,TSM
2018-08-17,34.22859573364258,34.30536071637129,33.93859504930285,34.27977021964933,7897200,TSM
2018-08-20,34.203006744384766,34.32242147567364,34.032420778552414,34.13477300879557,4156700,TSM
2018-08-21,34.8768310546875,35.00477377794781,34.42477240561334,34.43330040209534,6075100,TSM
2018-08-22,34.885372161865234,35.01331166755666,34.57831214225456,34.84272240624856,5512700,TSM
2018-08-23,34.69771194458008,35.26918203541247,34.69771194458008,35.226535547901136,4126100,TSM
2018-08-24,35.17537307739258,35.32037183519446,34.82566655441915,34.910959558570895,4232000,TSM
2018-08-27,35.4227180480957,35.576248032353526,35.28624731250197,35.33742505849424,5733000,TSM
2018-08-28,36.12213134765625,36.471837814583026,36.03683835717421,36.15624984533667,10683500,TSM
2018-08-29,37.640377044677734,37.85361280342256,36.7533155074066,36.83860850941674,12278200,TSM
2018-08-30,37.06889724731445,37.94743063722604,37.0262507535251,37.82801589940936,7826200,TSM
2018-08-31,37.18830490112305,37.196836151233576,36.642422027918236,36.778892746219434,8782900,TSM
2018-09-04,37.623313903808594,37.63184190164015,36.838604700821456,36.89831044679971,8174900,TSM
2018-09-05,37.717132568359375,38.015661254083795,37.54654335349458,37.60624909063946,7262400,TSM
2018-09-06,37.57213592529297,37.589195174570605,37.17125495528536,37.47831168112552,10424900,TSM
2018-09-07,38.28007888793945,38.587138857547046,37.51242896392047,37.52948821264523,14256000,TSM
2018-09-10,38.05832290649414,38.43361997945571,37.973029891941025,38.38244221849188,6824900,TSM
2018-09-11,37.99859619140625,38.01565543565361,37.17124399457689,37.22241847360085,12509700,TSM
2018-09-12,37.478309631347656,37.78536959411308,37.37595739499883,37.46125038300303,10303700,TSM
2018-09-13,37.043312072753906,37.520961289567694,36.90684133276698,37.520961289567694,9624500,TSM
2018-09-14,37.879180908203125,38.00712360027239,37.48682809131017,37.54653381328441,5295400,TSM
2018-09-17,37.32478713989258,37.64890641604332,37.077436123557135,37.21390688398067,6210300,TSM
2018-09-18,37.15418243408203,37.60624099044174,36.97506200751038,37.10300470453043,8814200,TSM
2018-09-19,37.54654312133789,37.86213105196932,37.30772017423504,37.700073088395044,6393200,TSM
2018-09-20,37.67448806762695,37.89625505393077,37.44419633728551,37.742725064557085,4728000,TSM
2018-09-21,37.580665588378906,37.87919430382196,37.54654709126571,37.74272356908814,6668600,TSM
2018-09-24,38.288604736328125,38.33125122888679,37.350368885162155,37.39301537772082,8229100,TSM
2018-09-25,37.67448806762695,38.305667274354256,37.64037282288099,38.21184303043488,6678200,TSM
2018-09-26,37.75978088378906,38.15213381933969,37.74272163610615,37.74272163610615,4564300,TSM
2018-09-27,38.1777229309082,38.57860713676306,38.02419620169207,38.04125219649023,6711700,TSM
2018-09-28,37.665958404541016,38.05831135838482,37.5039004245757,37.95595912123403,7727700,TSM
2018-10-01,38.092430114746094,38.34831233622506,37.887722385331536,37.99860587433604,5029800,TSM
2018-10-02,37.20536804199219,37.52095925474369,37.06036931212171,37.316251529005385,5440300,TSM
2018-10-03,37.4953727722168,37.73419902011602,37.16272552926063,37.56360977267922,5631100,TSM
2018-10-04,36.19036102294922,36.74477511010057,35.79800814014095,36.73624386054653,7885000,TSM
2018-10-05,35.50801467895508,35.8833083925041,35.115658462836755,35.721250409005,7921400,TSM
2018-10-08,34.93653869628906,35.115655915645775,34.4588927780045,34.76594947387938,7761800,TSM
2018-10-09,34.885372161865234,35.2265474307619,34.61243064526009,34.97066516565952,5678700,TSM
2018-10-10,33.56330490112305,34.493012877799025,33.56330490112305,34.416247879588376,12853500,TSM
2018-10-11,33.21358871459961,33.77653078590746,32.693296382740385,32.83829508496714,10209000,TSM
2018-10-12,33.82771682739258,34.61242602313231,33.42683260491037,34.237129047627576,7578600,TSM
2018-10-15,33.051536560058594,33.76800870854152,33.025949314879554,33.66565647410649,8209000,TSM
2018-10-16,34.12623596191406,34.168885699846804,33.60594364854732,33.98123726484092,10748100,TSM
2018-10-17,33.750946044921875,34.194476687546874,33.418298876382764,34.117711706059495,8173600,TSM
2018-10-18,32.87241744995117,34.07506671013384,32.804180461764425,33.947123984143026,9555600,TSM
2018-10-19,32.795654296875,33.53771368940028,32.701830059737084,33.401242959122996,11266200,TSM
2018-10-22,33.02595520019531,33.46095471435144,32.87242519432387,33.426836212220124,8165700,TSM
2018-10-23,32.41183090209961,32.56536088772287,31.780651710790778,31.917122447598224,12350000,TSM
2018-10-24,31.1153564453125,32.036536334472025,31.072709951270433,32.036536334472025,13312400,TSM
2018-10-25,31.89153480529785,32.028005540411,31.12388814043099,31.37123911089178,9927300,TSM
2018-10-26,31.27741813659668,31.806245137387403,30.825359389400106,31.175065888003353,11973200,TSM
2018-10-29,30.987415313720703,31.908591900126904,30.680355367012385,31.703884184415106,8269300,TSM
2018-10-30,32.22417449951172,32.24123374413509,31.277407572083064,31.422409524522607,12106400,TSM
2018-10-31,32.49711990356445,33.25624174095309,32.43741416689728,33.00035629384392,12610900,TSM
2018-11-01,33.30742263793945,33.33301313980684,32.744480402645685,33.07712764344847,14348600,TSM
2018-11-02,33.07712173461914,33.68271361360377,32.77859304715526,33.418300166336714,9736200,TSM
2018-11-05,32.82122802734375,33.1112286164854,32.67622935963169,33.025935665327424,8591900,TSM
2018-11-06,33.03448486328125,33.136837121112656,32.77007133902054,32.83830834672121,8578100,TSM
2018-11-07,33.418296813964844,33.52064903172514,33.02594393445175,33.51212103596109,6568700,TSM
2018-11-08,33.008888244628906,33.315948184701895,33.00035699422761,33.08565322964715,7953700,TSM
2018-11-09,32.47154235839844,32.74448388002845,32.2497785922189,32.48860161021526,5975400,TSM
2018-11-12,31.61006736755371,32.34359558231801,31.567417616445315,32.29242108693863,11666700,TSM
2018-11-13,31.900070190429688,32.514186951163545,31.763599437631118,31.891538938162615,15057100,TSM
2018-11-14,32.275360107421875,32.701831565895354,31.874475895266716,32.58242007811782,10404900,TSM
2018-11-15,32.85535430908203,32.8980007947852,32.31799947881088,32.47152943031693,10840400,TSM
2018-11-16,31.4479923248291,31.729464940799605,31.268875162148465,31.618581493261125,16382400,TSM
2018-11-19,30.748594284057617,31.285949281338272,30.671829284446094,31.251830780684415,15191700,TSM
2018-11-20,30.39889144897461,30.697423485082677,30.04065691010857,30.194186927828216,11673500,TSM
2018-11-21,30.850950241088867,31.320071547177175,30.825362989382125,31.064186015230938,7013100,TSM
2018-11-23,30.671829223632812,30.876536973430767,30.492711976134167,30.560948977306584,2320500,TSM
2018-11-26,31.422426223754883,31.465072731118394,31.10683816480097,31.311542701633797,7077300,TSM
2018-11-27,31.38829803466797,31.405357283095444,31.038591576202084,31.038591576202084,6870200,TSM
2018-11-28,32.420345306396484,32.428876554086905,31.61858047053278,31.789169633446964,8380200,TSM
2018-11-29,32.35212707519531,32.727420810224835,32.300949325715244,32.369186325022,7056600,TSM
2018-11-30,32.06212615966797,32.070654157674916,31.627126679491305,31.763597423636845,8734400,TSM
2018-12-03,33.03448486328125,33.264779883691624,32.73595608888981,33.111249870084706,7457600,TSM
2018-12-04,31.93418312072754,33.07712681261159,31.925655122798783,32.863891073481874,13321200,TSM
2018-12-06,31.43946647644043,31.439466476440426,30.373288168116854,30.45005313646487,12075700,TSM
2018-12-07,31.149477005004883,31.50771148314616,30.825357772125287,31.260360499833006,10802700,TSM
2018-12-10,31.072710037231445,31.4138884979497,30.774181324392178,30.970357800503546,12439100,TSM
2018-12-11,31.30299949645996,31.857410330324733,30.96182109583674,31.763589361185797,8635800,TSM
2018-12-12,31.883010864257812,32.15595236920984,31.789186611858167,32.079187367584616,8405400,TSM
2018-12-13,31.840360641479492,32.121830112050276,31.72094590002021,31.976831377999662,5825900,TSM
2018-12-14,31.158008575439453,31.652717106226884,31.158008575439453,31.388303589386755,5969600,TSM
2018-12-17,30.893590927124023,31.507707563791097,30.80829469028225,31.243297363878447,10733100,TSM
2018-12-18,31.35417366027832,31.558881349315353,31.22623420163372,31.22623420163372,7100400,TSM
2018-12-19,30.90213394165039,31.79772371455252,30.791250406728693,31.234781292695153,11786400,TSM
2018-12-20,30.603588104248047,31.34564741779131,30.313587426560556,31.055646740103818,12540400,TSM
2018-12-21,30.458580017089844,31.49917104913753,30.407405542541834,31.25181690976261,16981000,TSM
2018-12-24,30.100353240966797,30.612117637298667,30.083293993926578,30.330648195431742,6288500,TSM
2018-12-26,31.35417366027832,31.362704909752296,30.13446853668511,30.13446853668511,10063400,TSM
2018-12-27,31.371240615844727,31.388299865267115,30.67182765812245,30.876535397471983,8688600,TSM
2018-12-28,31.678295135498047,32.13888502932239,31.575942910332163,31.669767139116964,7369000,TSM
2018-12-31,31.48212242126465,32.062123855633175,31.362710935433295,31.925653121294637,4600600,TSM
2019-01-02,31.149477005004883,31.345653493565937,30.705946279411528,30.876535520596534,5273100,TSM
2019-01-03,29.307126998901367,30.296540917496323,29.230361985660387,30.143010891014356,15998000,TSM
2019-01-04,29.827407836914062,29.878582317523904,29.179169550297946,29.39240522942094,14178200,TSM
2019-01-07,30.049179077148438,30.253886812282495,29.82741534666236,29.86153059108548,6850800,TSM
2019-01-08,29.80182456970215,30.006532302936975,29.545942343447894,29.946826558601618,11462600,TSM
2019-01-09,30.373294830322266,30.671823520646203,30.134471878063113,30.134471878063113,11770300,TSM
2019-01-10,31.064172744750977,31.115350480021256,30.19417402118436,30.24534850273633,7894600,TSM
2019-01-11,31.226240158081055,31.362710892231608,30.910652195430206,31.089769423930502,7232700,TSM
2019-01-14,30.501235961914062,30.868001660668696,30.467120719535092,30.816827170240803,6146200,TSM
2019-01-15,30.74005889892578,30.90211685751015,30.53535119791316,30.74005889892578,10165800,TSM
2019-01-16,30.39889144897461,30.731538736127277,30.39889144897461,30.620658476222854,8727400,TSM
2019-01-17,30.953289031982422,31.175052685639542,29.707993564690888,29.784755278338476,21916900,TSM
2019-01-18,31.422426223754883,31.567424999534808,30.842424613195288,30.910661627952862,12905900,TSM
2019-01-22,31.021533966064453,31.354181193670417,30.791238980709757,31.13241745983948,13381700,TSM
2019-01-23,31.12388801574707,31.337123741864573,30.910652289629567,31.158003259099456,13918600,TSM
2019-01-24,32.10477828979492,32.10477828979492,31.371246691172782,31.456542954803126,14094100,TSM
2019-01-25,32.53124237060547,32.63359460971999,32.309478643570834,32.41183088268536,16763700,TSM
2019-01-28,31.93418312072754,32.12183161235182,31.473596397033916,31.490652392891427,14086500,TSM
2019-01-29,30.987415313720703,31.806239669130385,30.961824815682505,31.806239669130385,10100800,TSM
2019-01-30,31.883010864257812,31.942716615108605,30.95330284622766,31.396833605204552,9281600,TSM
2019-01-31,32.087711334228516,32.49712354021312,31.82330111474706,31.82330111474706,7633400,TSM
2019-02-01,32.045066833496094,32.30094907144371,31.934183337355087,32.1985968270085,6438300,TSM
2019-02-04,32.36065673828125,32.42036248888706,31.883010733434787,31.985362983941975,7283800,TSM
2019-02-05,32.62506103515625,32.642120281045685,32.30947312049787,32.34358835855828,7314000,TSM
2019-02-06,33.043006896972656,33.11124063191624,32.67624121720963,32.77006219604222,8795200,TSM
2019-02-07,32.51417922973633,32.80417991727921,32.26682828596161,32.727414933702605,7916200,TSM
2019-02-08,32.23271942138672,32.34359967789528,31.98536515000068,32.16448241394798,7147200,TSM
2019-02-11,32.6591796875,32.6591796875,32.26682679126944,32.34358851757159,8860700,TSM
2019-02-12,32.95771026611328,33.068593744501094,32.787121050220954,32.95771026611328,8831200,TSM
2019-02-13,32.52272033691406,32.82124911145704,32.45448332917874,32.72742485268079,7155600,TSM
2019-02-14,32.46300506591797,32.59094453733856,32.20711961563948,32.34359033738596,7782800,TSM
2019-02-15,32.48859405517578,32.65065202917056,32.3009455825469,32.33506407824648,6257600,TSM
2019-02-19,32.804176330566406,32.97476552583143,32.49711642983303,32.599471899223,8105700,TSM
2019-02-20,33.26477813720703,33.699777650441646,33.170953883404415,33.205072385463446,7178600,TSM
2019-02-21,33.247718811035156,33.41830806722533,33.09418880583594,33.324483813634764,4607300,TSM
2019-02-22,33.59742736816406,33.61448662019395,33.333017095999935,33.36713234634007,5117800,TSM
2019-02-25,33.759483337402344,34.04948081523951,33.67418709063925,34.00683431871752,5101500,TSM
2019-02-26,33.77654266357422,33.836248415336115,33.588897409630874,33.614484659323274,5587300,TSM
2019-02-27,33.648597717285156,33.76800920148901,33.31595051022616,33.699772208390286,8194900,TSM
2019-02-28,33.30742263793945,33.512130384282294,33.26477613978614,33.36712838609794,5705100,TSM
2019-03-01,33.59742736816406,33.7083108794985,33.43536935445961,33.571840116979054,5299200,TSM
2019-03-04,33.39271545410156,33.54624543464098,33.017418500019026,33.54624543464098,7081100,TSM
2019-03-05,33.28184127807617,33.460958554241394,32.974781231095896,33.22213551935443,7192400,TSM
2019-03-06,33.085655212402344,33.45242091238919,33.07712396148978,33.31595018125819,4433400,TSM
2019-03-07,32.949188232421875,33.16242397744764,32.7274212355123,33.06859972904122,4231300,TSM
2019-03-08,32.58241653442383,32.73594650307374,32.36064957805455,32.3691808283788,5066200,TSM
2019-03-11,32.95771026611328,33.00035675665669,32.58241659412509,32.60800383770741,6005400,TSM
2019-03-12,33.179481506347656,33.409773235756404,33.14536300802077,33.30742099449484,5580200,TSM
2019-03-13,33.44388961791992,33.640066090307805,33.28183164170008,33.45242086882137,6086400,TSM
2019-03-14,33.11124801635742,33.30742452193455,33.04301426619641,33.26477802136898,4935000,TSM
2019-03-15,33.819190979003906,34.17742547433231,33.61448322901675,33.61448322901675,8871300,TSM
2019-03-18,33.98976516723633,34.10064862886547,33.81064798179413,33.99829641628681,6290900,TSM
2019-03-19,33.91301727294922,34.18596206681077,33.77654650287835,34.100665801941595,8033600,TSM
2019-03-20,33.98976516723633,34.24565057926023,33.81064798179413,33.921531443423284,5394000,TSM
2019-03-21,35.0047721862793,35.17536139163013,34.30535937268746,34.33094661468863,6509600,TSM
2019-03-22,34.48448181152344,34.987718254193176,34.40771682014267,34.834188271431636,6759100,TSM
2019-03-25,34.04948806762695,34.51007813709393,33.92154855081045,34.117725079571606,4901800,TSM
2019-03-26,34.45888900756836,34.65506545307261,34.17741633333285,34.21153482482536,5573500,TSM
2019-03-27,34.288307189941406,34.339481684485335,33.94712870895925,34.27977593837133,7660300,TSM
2019-03-28,34.40771484375,34.578304065210666,34.288303364843166,34.32242185987905,6632700,TSM
2019-03-29,34.93653869628906,35.01330368368748,34.62947874669539,34.81712721671792,6116300,TSM
2019-04-01,35.28623962402344,35.28623962402344,34.74888804992297,35.03888870658661,6834200,TSM
2019-04-02,35.20094299316406,35.27770796058549,34.970648090899786,35.12417802574264,5580200,TSM
2019-04-03,35.64448928833008,35.78948803873105,35.40566303219998,35.482428033506196,6821100,TSM
2019-04-04,35.85771560668945,35.977127076475355,35.525068439794865,35.59330217093601,7610300,TSM
2019-04-05,36.019775390625,36.11359962270277,35.87477667102749,36.11359962270277,4430600,TSM
2019-04-08,36.156246185302734,36.2415424208694,35.891835989342795,36.02830671253077,6830300,TSM
2019-04-09,36.002716064453125,36.079481049282776,35.849186094793815,36.02830656187546,5049900,TSM
2019-04-10,36.139190673828125,36.25007416466726,35.97713269007787,36.04536643186571,4040200,TSM
2019-04-11,35.908897399902344,35.99419364833668,35.78095790782962,35.9003694019185,5172200,TSM
2019-04-12,36.318302154541016,36.37800788394513,36.0624167385597,36.22447793584363,6555700,TSM
2019-04-15,36.34390640258789,36.48037716990727,36.21596363472358,36.31831915050292,5274400,TSM
2019-04-16,36.68507385253906,36.74478285084067,36.46331012319229,36.531547119126095,6639100,TSM
2019-04-17,37.86212921142578,37.921834945299096,37.41007058246541,37.44418907431258,15795700,TSM
2019-04-18,38.72361755371094,38.928322073049365,37.52949592726465,37.58067368395909,16569800,TSM
2019-04-22,38.51035690307617,38.518884896822854,38.032707910322785,38.203297068714534,10872000,TSM
2019-04-23,38.740665435791016,38.740665435791016,38.433608721113835,38.51037371321288,11437500,TSM
2019-04-24,38.73213577270508,38.88566575030084,38.33125158079183,38.45066631625875,10776800,TSM
2019-04-25,37.93890380859375,38.41655305438104,37.89625730983329,38.322728804876455,10149800,TSM
2019-04-26,37.478309631347656,37.52948737638154,36.94948594753995,37.23095866464789,12745000,TSM
2019-04-29,37.384483337402344,37.461245063474536,37.17124764395255,37.401539329606074,9272100,TSM
2019-04-30,37.37596130371094,37.47831355076359,36.898312061266466,37.017726812167034,11863900,TSM
2019-05-01,37.37596130371094,38.007140543594026,37.37596130371094,37.77684554743611,7319000,TSM
2019-05-02,37.870662689208984,37.93036842659484,37.316248552090464,37.410072783330705,10717200,TSM
2019-05-03,38.13507080078125,38.50183645540035,38.00713133638852,38.322719253019436,5479900,TSM
2019-05-06,37.32478713989258,37.37596489519625,36.85566910429415,36.94949336215775,10756400,TSM
2019-05-07,37.32478713989258,37.572141409947605,36.92390611136571,37.384496147939984,10225200,TSM
2019-05-08,37.27360534667969,37.52948756570205,37.068897619230434,37.120075364522485,8112600,TSM
2019-05-09,36.889774322509766,36.93242080971118,36.062418805184976,36.60830165028728,11229400,TSM
2019-05-10,36.53154754638672,36.75331127832717,35.9856613336889,36.557134793301636,8313900,TSM
2019-05-13,34.96213150024414,35.405658952552685,34.7488957715993,35.28624746510661,11046000,TSM
2019-05-14,35.798011779785156,35.891836012108655,35.3118346247622,35.473892591863624,7107800,TSM
2019-05-15,35.798011779785156,36.105071720582536,35.363009112415966,35.43977409761531,5347700,TSM
2019-05-16,35.4227180480957,35.51654228888871,35.15830782809978,35.50801429141615,9214700,TSM
2019-05-17,34.33095932006836,34.92802013290044,34.19448855602557,34.450370831890844,11271000,TSM
2019-05-20,32.974769592285156,33.520652481476965,32.85535811698928,33.47800599083111,13979700,TSM
2019-05-21,33.520652770996094,33.55477126529493,32.97476987708947,33.3927132979535,11806400,TSM
2019-05-22,33.179481506347656,33.597421722835186,33.170950254906394,33.43536373636111,12217600,TSM
2019-05-23,32.47154235839844,32.56536661653118,31.9086000633216,32.39477735208253,14708800,TSM
2019-05-24,32.58241653442383,33.04300644037357,32.58241653442383,32.77006174321476,10540700,TSM
2019-05-28,32.11330032348633,32.58241825075317,32.11330032348633,32.52271251021296,12484600,TSM
2019-05-29,32.14741897583008,32.19859672474474,31.712419498072617,31.951242485569328,13043000,TSM
2019-05-30,32.44595718383789,32.72742672252851,32.27536790847277,32.36919217260957,7351600,TSM
2019-05-31,32.71036148071289,33.23918846289435,32.62506848550644,32.64212773529157,9302700,TSM
2019-06-03,33.11124801635742,33.34154302387477,32.97477726231597,33.23065951942876,9618300,TSM
2019-06-04,33.31595230102539,33.3500675456896,32.77006608804986,32.95771457543892,6985600,TSM
2019-06-05,32.608001708984375,33.48653172095726,32.49711823783528,33.46947572882828,8219800,TSM
2019-06-06,32.78712463378906,32.915067373121865,32.343593925479446,32.565360906493765,6234000,TSM
2019-06-07,33.11124801635742,33.26477802136898,32.88948426118484,33.04301426619641,4456900,TSM
2019-06-10,33.79359436035156,34.22859703019806,33.64859563954854,33.68271413399115,8351800,TSM
2019-06-11,34.08360290527344,34.629485927199504,34.066543654123315,34.5186056753029,6100600,TSM
2019-06-12,33.657127380371094,34.279775331478845,33.64859938267113,34.11771734542694,6163200,TSM
2019-06-13,33.648597717285156,33.79359644704157,33.29036001095468,33.79359644704157,6646800,TSM
2019-06-14,32.275360107421875,33.00889153659131,32.26683210988877,32.949185792702536,11281500,TSM
2019-06-17,32.12183380126953,32.454481056384815,32.12183380126953,32.34359755343993,6500700,TSM
2019-06-18,33.44388961791992,33.62300684222379,32.59947798693378,32.64212448028438,12303200,TSM
2019-06-19,33.60594940185547,34.0835953127802,33.52065316510552,34.066536065430206,10217600,TSM
2019-06-20,34.55271911621094,34.73183961705656,34.23713112074275,34.5015446191573,10400000,TSM
2019-06-21,34.561248779296875,34.714778770838066,34.47595253193003,34.561248779296875,12766200,TSM
2019-06-24,35.20942687988281,35.28868785607102,34.73386102275359,34.8395445640128,6571000,TSM
2019-06-25,34.27590560913086,34.80431318324041,34.26710032800946,34.80431318324041,6790500,TSM
2019-06-26,34.41681671142578,34.68101881663847,34.32874710334686,34.68101881663847,9133300,TSM
2019-06-27,34.865962982177734,35.0156762896453,34.601760854021116,34.85715770036119,11375200,TSM
2019-06-28,34.49607849121094,34.98925827755947,34.45204536160235,34.98925827755947,7040000,TSM
2019-07-01,36.4423713684082,36.900323260733494,36.23981630517988,36.583279384545826,11046800,TSM
2019-07-02,35.93157958984375,36.380726224442455,35.87874118072316,36.275042687176715,4445600,TSM
2019-07-03,35.51766586303711,35.552890350968546,35.235846442998515,35.53527642724661,3125000,TSM
2019-07-05,35.1653938293457,35.31510714052879,34.909996976667294,35.11255205859804,3149300,TSM
2019-07-08,34.628170013427734,34.954019098309054,34.55771770079645,34.84833894960645,6772300,TSM
2019-07-09,34.93640899658203,35.23583891687402,34.71624003635297,34.91879843613402,6577000,TSM
2019-07-10,35.85232162475586,36.23101259961725,35.71141358942459,35.95800517088873,7945000,TSM
2019-07-11,36.019649505615234,36.27504299069701,35.95800245478388,36.23100986289065,6126600,TSM
2019-07-12,36.310264587402344,36.345492427389296,35.949187626315364,36.204584426953204,4695800,TSM
2019-07-15,36.82986068725586,36.92673556014742,36.68895269746217,36.76821365169059,5784300,TSM
2019-07-16,36.785831451416016,36.94435337659758,36.60969560571296,36.81225065244234,6529500,TSM
2019-07-17,36.662540435791016,36.90912862470668,36.565665544570685,36.70657356102423,5514600,TSM
2019-07-18,38.03639602661133,38.071623873631545,37.26140354924095,37.44634470682849,11257600,TSM
2019-07-19,38.60002136230469,38.76734855243451,37.93070588276237,37.93951452196008,11438800,TSM
2019-07-22,39.27814865112305,39.524740218070825,38.86423321142966,38.92588026328851,10035800,TSM
2019-07-23,39.119625091552734,39.26053647230489,38.961106507231015,39.22530862711685,6565800,TSM
2019-07-24,39.22529983520508,39.3045607893566,38.96109777453717,39.190071997912966,7130400,TSM
2019-07-25,38.41508483886719,38.961106358662995,38.41508483886719,38.93468379511661,6593900,TSM
2019-07-26,38.274173736572266,38.6528646416293,38.20372141164943,38.511956632271705,4399000,TSM
2019-07-29,38.6968994140625,38.70570805474828,38.22133696190519,38.327017133549916,4138600,TSM
2019-07-30,37.965946197509766,38.22134306599174,37.666516197102915,38.22134306599174,4938500,TSM
2019-07-31,37.543216705322266,38.01877916529773,37.03242304153659,37.8954850697666,7592300,TSM
2019-08-01,36.8739013671875,38.2125292245428,36.63611845573174,37.64889714976418,9662800,TSM
2019-08-02,36.68016052246094,36.794645995405936,36.11652500240691,36.23982247709892,9317000,TSM
2019-08-05,35.112548828125,35.68498953359808,35.033287859051995,35.588114642563056,6668400,TSM
2019-08-06,36.33668899536133,36.55685798756653,36.01083982756104,36.26623666480201,8667700,TSM
2019-08-07,36.33668899536133,36.50401957952509,35.931578855986686,36.15174784819189,5484700,TSM
2019-08-08,36.90031814575195,37.146906299933654,36.768215429147965,36.85628166720953,7795900,TSM
2019-08-09,36.468788146972656,36.732990239726306,36.10771116965657,36.62731007452722,3480500,TSM
2019-08-12,36.07248306274414,36.3454937936381,35.97560817889429,36.1517440259384,3463500,TSM
2019-08-13,36.84748458862305,36.97958733463011,35.71141172340191,35.78186741714231,7697800,TSM
2019-08-14,35.60572814941406,36.18697412933561,35.44720621311618,35.97561042776774,9621800,TSM
2019-08-15,35.98441696166992,36.09890576662936,35.52646510134404,35.56169294279492,7690100,TSM
2019-08-16,36.58327865600586,36.75060587198951,36.23981558347983,36.26623478613198,4845700,TSM
2019-08-19,36.79464340209961,37.17333436318161,36.680157937223605,37.129301233651425,3797600,TSM
2019-08-20,36.935546875,37.182138417065666,36.74180045707015,36.98838863962379,7540300,TSM
2019-08-21,37.49917984008789,37.55201824175354,37.24378303366458,37.34946319650768,3914600,TSM
2019-08-22,37.10287857055664,37.419922448851466,36.750606848115254,37.331852838485055,3145600,TSM
2019-08-23,36.063682556152344,37.12049441880205,35.98442158246581,36.935549907191934,7526900,TSM
2019-08-26,36.40715408325195,36.59209527816047,36.222212888343435,36.43357329409229,5519000,TSM
2019-08-27,36.41594696044922,36.706571618732085,36.345494635706416,36.592082811574116,4192800,TSM
2019-08-28,36.68016052246094,36.78584071268427,36.151752852318914,36.38953579995592,3586000,TSM
2019-08-29,37.2349739074707,37.49037071055886,37.19094078682041,37.28781566795811,5171600,TSM
2019-08-30,37.543216705322266,37.77219097423548,37.305433795578466,37.61366903440628,5382200,TSM
2019-09-03,36.741798400878906,37.12929457456508,36.618504316502026,37.12048929404324,4748000,TSM
2019-09-04,38.001163482666016,38.001163482666016,37.33184796922974,37.52559772725262,4460900,TSM
2019-09-05,38.96110534667969,39.19888489583555,38.53837793603964,38.53837793603964,7698300,TSM
2019-09-06,38.49435043334961,38.784975150676104,38.47673650870746,38.74974730139181,4325300,TSM
2019-09-09,38.61763381958008,38.820192216944164,38.344626462241116,38.67047557882876,4677000,TSM
2019-09-10,38.83780288696289,38.83780288696289,38.18610465194549,38.39746497051428,5001600,TSM
2019-09-11,38.943485260009766,38.9875183784568,38.608827512691455,38.67047455041962,4016800,TSM
2019-09-12,38.81139373779297,39.15485686404577,38.68809962678043,39.00514354624842,6577900,TSM
2019-09-13,39.40143966674805,39.48070062895531,38.917065253530424,39.12842893925374,6231100,TSM
2019-09-16,39.27814865112305,39.401446114353114,39.1812771121394,39.21650159926419,3716300,TSM
2019-09-17,39.744903564453125,39.762517485265185,38.93468000465769,38.99632704774397,6110900,TSM
2019-09-18,39.66564178466797,39.806549788754225,39.28695089377768,39.78012722832368,4044800,TSM
2019-09-19,39.827083587646484,40.110928891893074,39.702898306298536,39.738379815255094,6422700,TSM
2019-09-20,38.91345977783203,39.8270901741921,38.91345977783203,39.71177694286442,7249200,TSM
2019-09-23,39.09086227416992,39.28600721354384,38.895717334796004,39.18843474385688,4347000,TSM
2019-09-24,39.13519287109375,39.516610488615996,39.08197401152428,39.38355995599066,7592200,TSM
2019-09-25,39.924652099609375,40.004483801786186,39.02876600513887,39.206170163720984,6719500,TSM
2019-09-26,41.21084213256836,41.255192341476125,40.00449750153443,40.00449750153443,15832500,TSM
2019-09-27,40.368160247802734,41.22856820565978,40.084314951464854,40.80280026115296,9610400,TSM
2019-09-30,41.22856903076172,41.459195453466016,40.90924222006525,41.30840073343584,8396900,TSM
2019-10-01,41.85835647583008,42.44378791662129,41.65434284776532,41.65434284776532,11575200,TSM
2019-10-02,41.184207916259766,41.63658518899103,41.095507551787605,41.43257164374344,5785200,TSM
2019-10-03,41.80512619018555,41.81399487433392,41.01568133658438,41.20195415702236,6091600,TSM
2019-10-04,42.06237030029297,42.08898312752368,41.494679613687595,41.716433999624286,5704200,TSM
2019-10-07,42.5324821472168,42.70988629203021,42.071232724182956,42.33733724955177,11059000,TSM
2019-10-08,42.45265197753906,42.931642170645674,42.2220255658791,42.8074568962196,13089700,TSM
2019-10-09,43.18000411987305,43.5170716544644,42.727623384344696,42.75423620530099,11033100,TSM
2019-10-10,43.40175247192383,43.80977957752518,43.01146611661412,43.38401172163219,9566500,TSM
2019-10-11,43.836395263671875,44.16459411532635,43.75656695152646,43.863008084756295,7499100,TSM
2019-10-14,44.27104187011719,44.46618679664497,43.72996067107424,43.83640182022434,7974000,TSM
2019-10-15,44.69680404663086,44.91855838572604,44.448440269629124,44.528271967051495,9323200,TSM
2019-10-16,44.46617889404297,45.353196207958916,44.412956637075105,44.652451717876716,13615700,TSM
2019-10-17,44.12911605834961,45.424160662244645,43.694476039498404,45.362069714366314,12410200,TSM
2019-10-18,43.71220779418945,44.43069296504848,43.57915724057257,44.04040660392256,9169200,TSM
2019-10-21,44.35087203979492,44.44844449967495,43.75657197863911,43.93397275983588,6538900,TSM
2019-10-22,44.91856384277344,45.08709932653045,44.51053662135672,44.61697776961693,10697300,TSM
2019-10-23,44.501670837402344,44.70568786062982,44.279916440045454,44.4395798768387,7118800,TSM
2019-10-24,45.193538665771484,45.28223905515395,44.55488503436824,44.785511460687395,7006600,TSM
2019-10-25,45.35319519042969,45.441895566350226,44.96290541549347,45.060477859227525,6303500,TSM
2019-10-28,45.51285934448242,45.66365066284039,45.28223294926112,45.592691037643256,7725500,TSM
2019-10-29,45.65478515625,45.98298063599765,45.628172334209076,45.681394594588184,5303900,TSM
2019-10-30,46.045066833496094,46.17812077887315,45.7434808231835,45.93862570741588,5198100,TSM
2019-10-31,45.79670715332031,46.062811684051496,45.54833999209554,46.02733017763329,5140800,TSM
2019-11-01,46.21360397338867,46.21360397338867,45.858799052924184,46.02733113636711,5226600,TSM
2019-11-04,47.44657516479492,47.71267978068437,47.118376200950955,47.49979405775055,7233400,TSM
2019-11-05,47.49978256225586,47.872331641302935,47.446563682179814,47.57074558062786,5287100,TSM
2019-11-06,47.57960510253906,47.67717754215724,47.10061497188744,47.632827356067786,4545100,TSM
2019-11-07,47.60621643066406,48.22712921171588,47.47316586710453,47.810233385453074,7890900,TSM
2019-11-08,46.86113357543945,47.482043084374865,46.59502563309223,47.482043084374865,6558400,TSM
2019-11-11,46.6571159362793,46.79016990560582,46.26682948126609,46.470843086184566,4046500,TSM
2019-11-12,46.257965087890625,46.73695197776376,46.15152054907143,46.73695197776376,8625100,TSM
2019-11-13,46.905479431152344,46.95869830773507,46.25795715767488,46.63937489713051,5336200,TSM
2019-11-14,46.5506706237793,46.77242496366984,46.240215901413606,46.56841137701486,5308600,TSM
2019-11-15,47.26914978027344,47.357850151259015,46.90547284530898,47.020782650849775,5986400,TSM
2019-11-18,47.38447570800781,47.86346599518799,47.35786626439894,47.35786626439894,4774400,TSM
2019-11-19,47.68605422973633,48.02312179125526,47.61509459682348,47.943290089414006,4731100,TSM
2019-11-20,47.4554328918457,47.70379669148536,47.19819702296006,47.49978308696664,5264800,TSM
2019-11-21,46.99417495727539,47.46429303157933,46.95869345408578,47.45542434763312,6037000,TSM
2019-11-22,46.82564163208008,47.15383706849259,46.78129144613822,46.94095143878846,4172300,TSM
2019-11-25,47.68605422973633,47.84571763341883,46.83451833256492,47.0917541922426,5021500,TSM
2019-11-26,47.570743560791016,47.71266620780607,47.34898921334857,47.455430352684154,5672800,TSM
2019-11-27,47.80137252807617,47.9521672625844,47.49091775659339,47.92555443666929,2786100,TSM
2019-11-29,47.091758728027344,47.15384968169514,46.83452284357322,47.06514928608492,3391700,TSM
2019-12-02,46.99417495727539,47.53525603795854,46.81677082502974,47.49977453476893,4475800,TSM
2019-12-03,46.81678009033203,46.949834061773984,46.28457097197031,46.49745326583378,5468100,TSM
2019-12-04,47.17157745361328,47.51751363845893,47.10948651703597,47.25140914117014,3905200,TSM
2019-12-05,48.253746032714844,48.3779279224822,47.4465603655243,47.56187018676386,7624300,TSM
2019-12-06,48.732730865478516,48.81256256048306,48.342444458624385,48.342444458624385,5429100,TSM
2019-12-09,48.306968688964844,48.95449101034923,48.18278678948058,48.83030911086496,6541900,TSM
2019-12-10,48.360191345214844,48.83918157599675,48.19165924936329,48.50211400059063,4364800,TSM
2019-12-11,49.58427047729492,49.85037500157666,48.8125629580645,48.821435026305366,11028000,TSM
2019-12-12,51.988094329833984,51.99696301568273,50.57773642066532,50.78175003221762,15788700,TSM
2019-12-13,51.66876983642578,52.79528247753044,51.66876983642578,52.3783831660223,9886900,TSM
2019-12-16,51.92599105834961,52.067913684180226,51.70423674400787,51.70423674400787,5779400,TSM
2019-12-17,52.53803634643555,52.96380426119472,52.13887786894176,52.96380426119472,8407500,TSM
2019-12-18,52.4227294921875,52.90171972317066,52.08566530034277,52.86623821338605,10021200,TSM
2019-12-19,51.77067947387695,52.25301582230619,51.69922413003973,52.25301582230619,7228700,TSM
2019-12-20,51.7438850402832,52.07437325184225,51.199023978825316,51.609901583178825,8043800,TSM
2019-12-23,52.00291061401367,52.11009532026135,51.761742469451114,51.833197804502774,4022000,TSM
2019-12-24,51.592037200927734,51.88679944536846,51.4044630857423,51.79747941166327,2692200,TSM
2019-12-26,52.02971267700195,52.119032709219276,51.5920363415191,51.627765717342356,2490400,TSM
2019-12-27,52.21729278564453,52.44059629917261,52.1011774118956,52.2798174968451,2847800,TSM
2019-12-30,51.672420501708984,52.422720281326754,51.4669817225368,52.395924955842695,3519900,TSM
2019-12-31,51.89573287963867,51.92253161706566,51.324076455531866,51.52058462907148,2950200,TSM
2020-01-02,53.628562927246094,53.70001826683403,53.235546633820384,53.235546633820384,8432600,TSM
2020-01-03,51.86001205444336,52.681767393800236,51.84214736349976,52.67283675199914,10546400,TSM
2020-01-06,51.26154327392578,51.5295067525157,51.02930916777198,51.449117368204675,8897200,TSM
2020-01-07,52.092247009277344,52.34234587158449,50.68097047681941,51.315151681864805,7444300,TSM
2020-01-08,52.47632598876953,52.68176481354675,51.904669535938815,51.976124888872036,5381500,TSM
2020-01-09,52.90507125854492,53.3338136219139,52.43166887120152,53.315948930855846,5112700,TSM
2020-01-10,52.57457733154297,53.32487723848814,52.49418793410809,53.32487723848814,4807700,TSM
2020-01-13,53.64643096923828,53.73575100114478,53.101569915522575,53.72682036089045,6613700,TSM
2020-01-14,53.878662109375,54.16449028443742,53.521375186876675,53.7357480218438,6715200,TSM
2020-01-15,52.154762268066406,53.32487377532814,52.03864349990374,53.29807503969625,10075100,TSM
2020-01-16,52.47632598876953,53.315945977947,52.0743789805788,52.87827299696027,11215700,TSM
2020-01-17,52.324485778808594,52.47633054656835,51.81535058598556,52.37807644632779,8125700,TSM
2020-01-21,52.020790100097656,52.6996313092579,51.33301484192638,51.7974865776008,9873700,TSM
2020-01-22,52.1190299987793,52.64602633907313,52.092234671975746,52.61030037244861,8124500,TSM
2020-01-23,51.3419303894043,51.86892668385707,50.57376595267582,51.68135259786719,9999200,TSM
2020-01-24,51.56523513793945,51.93145268004868,51.32406698962258,51.886792669028615,10402200,TSM
2020-01-27,49.3590087890625,50.01105806892811,49.180368698112204,49.68056640451915,9675500,TSM
2020-01-28,50.99358367919922,51.020379006896896,49.555508698850794,49.77881218257345,8124400,TSM
2020-01-29,51.08291244506836,51.37767472951097,50.7792195189796,51.37767472951097,7693400,TSM
2020-01-30,49.84133529663086,50.055708133400955,49.18035891399264,49.19822360100187,10295700,TSM
2020-01-31,48.179969787597656,49.5555203896001,47.87627684179636,49.51086036378787,13467200,TSM
2020-02-03,48.92133331298828,49.07317806405752,48.3586075144999,48.54618164488231,9594300,TSM
2020-02-04,51.37767028808594,51.48485501528052,50.82387855568268,50.84173983743091,12746600,TSM
2020-02-05,51.73495101928711,51.94039322891085,51.065040548100846,51.895729804959075,6594400,TSM
2020-02-06,51.824275970458984,52.05651010800956,51.16329612039188,52.047579467363406,4236300,TSM
2020-02-07,50.1986198425293,51.038239648117994,50.07357044673316,51.038239648117994,6808400,TSM
2020-02-10,50.931053161621094,50.95784848625959,50.32366748265254,50.41298750300776,4281200,TSM
2020-02-11,52.39594650268555,52.61031941673621,51.636715771467294,51.761765218271066,6523200,TSM
2020-02-12,53.262351989746094,53.369536716124664,52.610306175986494,52.92292971431609,5962900,TSM
2020-02-13,52.994380950927734,53.3248691313187,52.46738462727378,52.815737494083244,6460100,TSM
2020-02-14,51.97611999511719,52.85146928201433,51.69029179561367,52.71748923012631,6932400,TSM
2020-02-18,50.180755615234375,50.5201778407423,49.68948866696848,50.10929686993144,10989000,TSM
2020-02-19,51.48484802246094,51.75281150772236,50.913191678612414,51.13649515088703,7866300,TSM
2020-02-20,50.44872283935547,50.948923871575566,49.850271136063206,50.85960043331799,7192900,TSM
2020-02-21,49.653770446777344,50.600578590655545,49.5912457342642,50.600578590655545,6816600,TSM
2020-02-24,48.34074020385742,48.849871905771444,47.5011202795682,47.8316085019434,9968800,TSM
2020-02-25,48.1085090637207,49.54658422298477,48.08171373268933,49.421534801716795,12670700,TSM
2020-02-26,49.153568267822266,49.49299056216683,48.572981177522074,48.6712352685698,10969300,TSM
2020-02-27,47.59937286376953,48.769480973562466,47.58150817564449,48.41219743308421,11878900,TSM
2020-02-28,48.090633392333984,48.27820748140306,45.55390594461476,45.866529426396546,13604500,TSM
2020-03-02,50.00212860107422,50.02892393570343,48.08172018868385,48.564053248717926,13797700,TSM
2020-03-03,49.01958084106445,50.35046767259731,48.26928101262273,50.2879429708389,14661800,TSM
2020-03-04,50.984657287597656,50.99358792846081,49.61803753634378,49.99318919207617,9878200,TSM
2020-03-05,49.77881622314453,50.36833733173043,49.3500739084767,50.118238500009454,10004200,TSM
2020-03-06,49.18929672241211,49.19823077088905,48.20676264509981,48.769485034865745,12971200,TSM
2020-03-09,46.29528045654297,48.358602491097706,45.60750530924446,46.04517823467209,13781100,TSM
2020-03-10,48.68909454345703,48.7873486304532,46.884805228465915,47.974524011677225,11698700,TSM
2020-03-11,46.661495208740234,47.840537273376455,46.52751176202861,47.43859034058215,14498000,TSM
2020-03-12,43.49059295654297,45.544988096080615,43.32981414723409,44.35701171700291,15942200,TSM
2020-03-13,46.652565002441406,46.85800380559581,44.02651717089366,46.35780616568626,14948700,TSM
2020-03-16,40.10530471801758,43.18688988913913,40.10530471801758,41.39153148316378,16628200,TSM
2020-03-17,43.35660934448242,43.37447403376167,40.221426226466406,40.86454141115504,13415700,TSM
2020-03-18,39.63190841674805,41.1682377495535,38.6404402267325,39.12277665549812,15018500,TSM
2020-03-19,39.575096130371094,40.73827478041004,38.50208836773884,39.439844958762535,11182600,TSM
2020-03-20,40.15217590332031,43.533506776103884,40.10709217961673,43.29906934904465,14157700,TSM
2020-03-23,40.8104133605957,41.12600634808011,39.24147755192591,40.684177541469175,10508600,TSM
2020-03-24,44.06550216674805,44.110585889628794,42.830190273544325,43.281034381686894,12216200,TSM
2020-03-25,44.1827278137207,45.12949986465255,43.326123219194564,44.4532336226058,9796600,TSM
2020-03-26,44.96719741821289,45.49919368663937,44.11059279079152,44.27289697028896,10577500,TSM
2020-03-27,42.298194885253906,43.362187275689564,41.93751821607761,42.586734844727886,12158500,TSM
2020-03-30,43.11872482299805,43.42529891569511,42.17195300250237,42.541644987254664,8428300,TSM
2020-03-31,43.0916862487793,44.2097778552047,42.974465802411665,43.100701618653105,9595700,TSM
2020-04-01,41.9375114440918,42.884286687879275,41.748157771201136,42.22605479664001,8755200,TSM
2020-04-02,43.39825439453125,43.47940647080127,42.02768790623063,42.30720904919706,6174700,TSM
2020-04-03,42.43345642089844,43.416296893144185,42.18098133540615,43.09168852584567,5486200,TSM
2020-04-06,45.05735778808594,45.17457477058814,43.74089047985048,43.84909553400723,7370300,TSM
2020-04-07,44.83193588256836,46.274635545538914,44.77783335533172,46.24758600175426,6568700,TSM
2020-04-08,45.327877044677734,45.62543243306498,44.669644914344644,45.273774501485356,6325900,TSM
2020-04-09,43.57859802246094,45.67953001296477,43.02856759860762,45.33688748931274,12274000,TSM
2020-04-13,43.957298278808594,44.26387239413467,43.244963799129266,43.94828291056403,9873200,TSM
2020-04-14,45.65248107910156,46.22956105955137,45.039332739956635,45.084416468491526,11068800,TSM
2020-04-15,44.777835845947266,45.057360426049875,44.21879012540956,44.86800329002294,9398100,TSM
2020-04-16,47.24845504760742,47.9157022763002,46.59923855295116,46.716458962190075,18615900,TSM
2020-04-17,48.4116325378418,48.862476584928054,47.789468991142925,48.808377500664655,11288500,TSM
2020-04-20,47.41978073120117,48.52885676130372,47.39273118694687,47.78947274123536,9901700,TSM
2020-04-21,46.319732666015625,46.71647776786692,45.55329889326013,46.52712058758866,13102500,TSM
2020-04-22,47.7443962097168,47.888666200241225,47.25748370182137,47.320601607696574,8255500,TSM
2020-04-23,47.46487045288086,47.906699223013675,47.12222794377792,47.618159248927356,7619900,TSM
2020-04-24,47.546016693115234,47.690286662430495,46.88778474313516,47.42879626815053,5701800,TSM
2020-04-27,48.24933624267578,48.46574293388084,47.762427206882826,47.924731365369695,5812300,TSM
2020-04-28,47.57307052612305,48.44770922875738,47.50093725479638,48.24933671319057,8561100,TSM
2020-04-29,49.12397003173828,49.31332371784339,48.1771981615454,48.4657380945629,8565500,TSM
2020-04-30,47.90670394897461,49.06086395917691,47.75341513780628,48.87151022744087,6337900,TSM
2020-05-01,46.076263427734375,47.392730750555884,46.06724805962175,47.320594046985455,10238700,TSM
2020-05-04,47.02304458618164,47.050094133547574,46.23857331589172,46.6984362591193,7514000,TSM
2020-05-05,46.62629699707031,47.41076822446551,46.509080005115464,47.07714110674533,7780700,TSM
2020-05-06,47.00501251220703,47.44683785741174,46.887792068927695,46.98697833326652,8206700,TSM
2020-05-07,47.18535232543945,47.771447680678556,46.97796098102515,47.74439813126279,5493400,TSM
2020-05-08,47.70832061767578,48.0960468033531,47.31157906381248,47.44683022460645,6086000,TSM
2020-05-11,47.24845504760742,47.636181183064146,47.23042087390398,47.43780871199319,6459300,TSM
2020-05-12,46.076263427734375,47.46486401445896,46.05823269150911,47.46486401445896,8584500,TSM
2020-05-13,45.913963317871094,46.90582244109436,45.517221732382374,46.80663618480527,8611000,TSM
2020-05-14,46.97795867919922,47.02304584557369,44.89506092421039,45.47214088125782,13695600,TSM
2020-05-15,44.90407943725586,46.031189882165236,44.525371978807,45.5893645139749,17777200,TSM
2020-05-18,46.77056884765625,47.05910881423036,45.77871314251622,45.931998494904086,12726500,TSM
2020-05-19,45.81477737426758,46.400872623759625,45.805758566310864,46.30168637424026,12940300,TSM
2020-05-20,46.74351501464844,46.968937057844144,45.53525272553275,46.50907760317856,8406200,TSM
2020-05-21,45.76067352294922,47.07713739385282,45.70657099577486,46.97795114720016,7842600,TSM
2020-05-22,44.90407943725586,45.859870332819526,44.732759887910156,45.84183615294081,12462300,TSM
2020-05-26,45.82379913330078,46.346779998369605,45.796749584993044,46.256609104564006,8872000,TSM
2020-05-27,46.653358459472656,46.653358459472656,45.760685446664986,46.0131570932631,11405700,TSM
2020-05-28,45.33687973022461,46.545142006105465,45.17457558572812,46.40087203762718,8178700,TSM
2020-05-29,45.38197326660156,45.7426465186408,44.95817866979591,45.39098863604371,10918500,TSM
2020-06-01,46.01314926147461,46.23857131890244,45.571323955129934,45.904947637016186,6187300,TSM
2020-06-02,46.89680480957031,46.92385779629847,46.24759160244598,46.39186158621447,6063600,TSM
2020-06-03,47.84358596801758,48.014905519383674,47.26650252409717,47.46487506543444,8380200,TSM
2020-06-04,48.943634033203125,49.02478610818943,47.816523791541904,47.843576776315665,13269500,TSM
2020-06-05,49.773189544677734,50.80111354680717,49.64695374647483,50.043695317922186,9776100,TSM
2020-06-08,50.1068115234375,50.2961652143418,49.3313591439238,50.260100301551034,6302100,TSM
2020-06-09,51.0445671081543,51.062601284050864,49.547764905413125,49.85433901631998,9355100,TSM
2020-06-10,51.89215087890625,52.33397957338071,51.23391896075766,51.23391896075766,9194300,TSM
2020-06-11,49.62892532348633,50.86423734297766,49.60187233525816,50.35929065195628,9877100,TSM
2020-06-12,50.49454879760742,51.27901671760602,49.908449980339356,50.945392983300344,9838800,TSM
2020-06-15,50.512569427490234,50.60273686457359,49.16003723323649,49.33135673956175,7509700,TSM
2020-06-16,50.31420135498047,51.396227893299226,50.07976393418405,51.026535865337635,8827200,TSM
2020-06-17,51.03555679321289,51.23392932141895,50.39535892085251,50.62979980685383,8248700,TSM
2020-06-18,51.008304595947266,51.36259145469744,50.68126950621399,50.90837682237514,6831500,TSM
2020-06-19,50.24522399902344,51.32625357908048,50.20888599665615,51.308084577896835,6965100,TSM
2020-06-22,50.87203598022461,50.87203598022461,50.25430383751986,50.41782137325832,4480400,TSM
2020-06-23,51.56243133544922,51.92580434147663,51.3534930698671,51.45342081979373,7836500,TSM
2020-06-24,51.3989372253418,51.83498292242865,51.01739507452633,51.51703055251857,7080200,TSM
2020-06-25,51.816802978515625,51.86222374594652,50.826615000839354,51.380757373490624,4509600,TSM
2020-06-26,51.171817779541016,52.016653735504775,51.06280378199922,51.78046367159555,6229300,TSM
2020-06-29,51.226322174072266,51.244491173968,50.563169272098875,51.18090140702414,5016600,TSM
2020-06-30,51.57152557373047,51.77138110461397,51.04463497972209,51.099141978703685,7158700,TSM
2020-07-01,51.616947174072266,52.207427543740664,51.562440174210096,51.75321294103648,6866500,TSM
2020-07-02,53.25212097167969,53.66091482193624,52.64347504548413,52.64347504548413,10021200,TSM
2020-07-06,56.21360778808594,56.44071512009054,55.014481352332275,55.11440566749268,12725600,TSM
2020-07-07,55.150733947753906,55.868393822037675,55.12348218164109,55.65036929698836,6672300,TSM
2020-07-08,56.85858154296875,56.994847303792575,55.86839361507809,55.99557314364313,8721900,TSM
2020-07-09,58.84804916381836,59.02065294930491,57.13111833489769,57.1856253406381,16903300,TSM
2020-07-10,58.00320053100586,58.64818440348299,57.403637423492334,58.56642910577783,10700000,TSM
2020-07-13,59.11147689819336,60.937421195078876,59.02972161199245,59.22957017740473,16667700,TSM
2020-07-14,60.82843017578125,60.89201995486069,59.347692788207986,59.9563388066492,10482700,TSM
2020-07-15,60.010833740234375,61.055528758718474,59.19325296389171,61.028276990275735,12432500,TSM
2020-07-16,60.492286682128906,60.52862467556187,58.43015580284385,59.393088371145005,15709400,TSM
2020-07-17,60.31970977783203,61.773195340875944,60.292458006457124,61.14637687618962,11716600,TSM
2020-07-20,60.76483154296875,60.846593778881214,59.77464699432564,60.59222776885972,6357300,TSM
2020-07-21,61.600589752197266,62.908730186188286,61.50974820667359,62.536270839545864,10619700,TSM
2020-07-22,62.25466537475586,62.59078674622105,61.800450676932435,61.86404045739707,7366100,TSM
2020-07-23,61.200889587402344,62.22741228772997,60.63766087891935,62.00939117799331,8559500,TSM
2020-07-24,67.13291931152344,69.84912068074499,64.81642207765196,64.86184630998858,41226800,TSM
2020-07-27,75.62673950195312,75.76300528360525,73.06496914380227,73.90980867312679,39899200,TSM
2020-07-28,69.87637329101562,72.292798320574,69.4857484528075,72.08385655237505,31500100,TSM
2020-07-29,75.09982299804688,75.73572744999699,70.00353580574111,70.04896002758153,28304000,TSM
2020-07-30,72.61076354980469,73.8371418761245,71.41163699706165,72.68343956652036,16820300,TSM
2020-07-31,71.66597747802734,72.4653926616007,70.41234770431272,72.33821313082233,12021200,TSM
2020-08-03,71.72046661376953,71.9021565718122,70.3214920560387,70.64852011898905,10129800,TSM
2020-08-04,72.84693145751953,72.84693145751953,71.52970510929273,72.06568188016129,12569400,TSM
2020-08-05,74.15507507324219,76.30805482958074,73.1921423134756,73.56460162214906,14436300,TSM
2020-08-06,73.14672088623047,74.58204077885546,72.87419626698555,74.52753724115951,9838700,TSM
2020-08-07,72.70158386230469,73.39199195783728,72.13836222424455,73.11946044016892,8705800,TSM
2020-08-10,72.55623626708984,73.44649292294186,71.96575595328196,73.17396834555956,7421400,TSM
2020-08-11,70.80298614501953,71.94760214214338,70.80298614501953,71.84767435863426,7056300,TSM
2020-08-12,72.12020111083984,72.26555312467679,70.61221208649177,71.00283696022169,8354400,TSM
2020-08-13,71.1300048828125,71.85674404093633,70.70304207539802,71.76590251251639,6551800,TSM
2020-08-14,71.22994232177734,71.97485404525976,70.90290723041772,71.23902162431796,5611200,TSM
2020-08-17,72.84693145751953,73.48282905268834,72.36546514535401,72.49264466438777,8663900,TSM
2020-08-18,72.13836669921875,73.41924827788263,71.9930146992418,72.87419213949875,6804800,TSM
2020-08-19,71.3480224609375,71.97484075879446,71.08457718982028,71.7749852475494,7976800,TSM
2020-08-20,69.77643585205078,70.03988111858517,69.02244497832976,69.33130754068904,11457100,TSM
2020-08-21,71.16635131835938,71.52064513800835,70.73030911547208,70.87565420617923,7942300,TSM
2020-08-24,71.67507934570312,72.59259495855015,71.30261997377168,72.42907739319887,6405600,TSM
2020-08-25,72.71065521240234,73.11036617496805,72.1928509794254,72.5380514911557,6113100,TSM
2020-08-26,74.26408386230469,74.64562244628719,73.59184822422633,73.80986928210712,7821600,TSM
2020-08-27,73.21939849853516,74.77281173387577,72.82877363134901,74.65471842268568,8018200,TSM
2020-08-28,73.07404327392578,73.4737473882645,72.59257693183213,72.72883576014965,5699500,TSM
2020-08-31,71.99302673339844,72.45632764731302,71.48430850997285,71.76591939354545,9812900,TSM
2020-09-01,74.08240509033203,74.12782239252181,72.66525080517255,72.78335103854867,10193300,TSM
2020-09-02,74.64562225341797,75.1361748304556,72.5653186497964,73.90071062104921,12567800,TSM
2020-09-03,73.74629211425781,74.31860008798394,71.20268725838817,73.69178857316932,20090100,TSM
2020-09-04,71.68414306640625,74.00971932699896,70.32149942669697,73.12854199773139,13638700,TSM
2020-09-08,70.23973846435547,71.9021653980066,70.1488969395647,70.87563606865498,11553500,TSM
2020-09-09,72.12928009033203,72.40180469272018,71.35711665408509,71.42070642105213,7867500,TSM
2020-09-10,71.67507934570312,73.79172146087092,71.54789978718169,73.34658607527976,11241800,TSM
2020-09-11,71.60238647460938,72.94686468771748,71.40253094948045,72.68341939829884,7853500,TSM
2020-09-14,73.1285629272461,73.6917916212646,72.62892401071629,73.1285629272461,7091100,TSM
2020-09-15,77.9886474609375,78.84257314897756,73.92796772246946,74.09148525995022,21048400,TSM
2020-09-16,75.51773071289062,78.57005393761256,75.43597539670492,78.57005393761256,14492600,TSM
2020-09-17,74.79362487792969,75.14060779523035,73.60656668911024,73.96268275244623,10090200,TSM
2020-09-18,73.25960540771484,75.64284170213652,73.15002852257713,75.21368124342085,10528300,TSM
2020-09-21,73.58830261230469,73.64309452361681,72.20949708108124,72.86694428443121,8417100,TSM
2020-09-22,73.48785400390625,73.86222934358786,72.50168335810619,73.80744440767063,6375200,TSM
2020-09-23,71.15025329589844,72.98562501662175,71.12286083188795,72.77560451496248,9094700,TSM
2020-09-24,71.57030487060547,72.13644147622462,69.55231158428178,70.1458406606238,9940900,TSM
2020-09-25,72.02684783935547,72.06337344732255,70.66630203368175,71.37853397267138,6057500,TSM
2020-09-28,72.83955383300781,73.38743121443376,72.56562210884513,73.332639296361,5999300,TSM
2020-09-29,73.5152587890625,74.18183217623167,72.41951112129136,72.77562719751589,6114600,TSM
2020-09-30,74.0265884399414,74.82100481474446,73.5700287463519,73.58828806881434,5878900,TSM
2020-10-01,75.44193267822266,75.53324323137899,74.63838309073012,74.93058104075959,6253800,TSM
2020-10-02,73.78005981445312,75.05842156595357,73.6065648767999,73.6978754352572,6145900,TSM
2020-10-05,77.19512176513672,77.27729917448907,74.46489646738901,74.46489646738901,10129100,TSM
2020-10-06,75.89849853515625,77.11294222657709,75.57890112349628,76.49202066184083,7795600,TSM
2020-10-07,79.36833953857422,79.44139076527253,77.41426450695921,77.41426450695921,11446400,TSM
2020-10-08,80.171875,81.13977920061588,79.00307647801917,81.13977920061588,10920800,TSM
2020-10-09,81.06674194335938,81.08500823324059,80.02578634967932,80.6649671645536,7608800,TSM
2020-10-12,83.0116958618164,83.34041246773212,80.97543634163605,81.37721114499244,10022000,TSM
2020-10-13,81.85202026367188,82.77427278357355,81.66026603079987,82.63730348393699,8247000,TSM
2020-10-14,80.90237426757812,82.07116593900199,80.60104320544757,81.86115238652157,8159000,TSM
2020-10-15,80.49150848388672,81.71508562209057,79.61491434758749,79.70622493055703,10327900,TSM
2020-10-16,79.1674575805664,80.89325287207734,78.93005152732972,80.85673422277085,7457200,TSM
2020-10-19,79.95275115966797,81.83378230145888,79.70621192920957,80.6649833438253,7994500,TSM
2020-10-20,80.59193420410156,81.24938140103471,80.14450060440855,80.16276689685078,7357600,TSM
2020-10-21,80.02579498291016,81.14893506912387,79.96187689452721,80.3545185707508,7387600,TSM
2020-10-22,80.54625701904297,81.21283720975389,80.24492596160319,80.7562775348019,5656200,TSM
2020-10-23,80.63758850097656,80.76542468583624,79.83404577235147,80.58280355505086,4165400,TSM
2020-10-26,79.1948471069336,80.15361827859863,78.3182463691998,79.63314050925246,5568000,TSM
2020-10-27,79.17658233642578,79.64227518104992,78.51000907570612,79.4048621864212,5315800,TSM
2020-10-28,76.56504821777344,77.98951899430139,76.5559150745808,77.75210603712223,8727300,TSM
2020-10-29,77.51471710205078,77.91649192847369,76.72030059522798,76.94858047995933,5845600,TSM
2020-10-30,76.58334350585938,77.38688624743234,75.9350294246102,77.09468825353765,4963600,TSM
2020-11-02,78.26344299316406,78.49172278498867,77.18596209709004,77.24988016013907,6597100,TSM
2020-11-03,80.07144927978516,80.57366081291063,78.5830600715954,78.70177006236317,6274700,TSM
2020-11-04,81.67853546142578,81.97073341908998,80.77454911842541,81.01196213607409,7620800,TSM
2020-11-05,82.5733871459961,83.05733931056643,81.97072500151732,82.56425400141511,6670100,TSM
2020-11-06,83.46824645996094,83.55042386079899,81.313284150599,82.00724986839158,6403000,TSM
2020-11-09,81.29502868652344,84.44529516920517,81.21285127474297,84.18961585505166,8978000,TSM
2020-11-10,80.04405212402344,81.08500771099904,79.16745134562976,80.71975854775972,8350100,TSM
2020-11-11,82.98429107666016,83.2582296915738,81.59635261191703,81.72418877446383,7707300,TSM
2020-11-12,82.01639556884766,83.90655270951707,81.97986995181188,82.9843000373738,7474600,TSM
2020-11-13,85.1209945678711,85.65973168882168,83.28562255887047,83.58695364340981,9170900,TSM
2020-11-16,90.64537048339844,93.539964618001,87.98819633803112,88.0429812792091,18436200,TSM
2020-11-17,87.39469146728516,89.5679139899588,87.37643213735215,89.46747722550096,10843700,TSM
2020-11-18,88.5086669921875,90.21620284126008,87.9973223385822,89.96052354790902,8526600,TSM
2020-11-19,88.21646881103516,88.44474866884933,87.31248252472456,88.36256429743106,5542800,TSM
2020-11-20,87.04768371582031,88.75521272436418,87.0202912454339,88.26213432431067,5329800,TSM
2020-11-23,89.60440063476562,90.33489891220489,88.43560896410109,88.71868070404645,8802400,TSM
2020-11-24,88.24388122558594,90.0244617323918,87.6777445422823,89.93315116193637,7022800,TSM
2020-11-25,89.02001953125,89.4765792885681,87.78730957980093,87.84209452138342,5194900,TSM
2020-11-27,90.16140747070312,90.6453596373326,89.5313598228969,89.97878637759514,4367100,TSM
2020-11-30,88.59085083007812,89.44005224379146,87.84209311869479,89.08393619609383,13840500,TSM
2020-12-01,92.09724426269531,95.23837794496048,89.96054075638362,90.11577638439306,16157300,TSM
2020-12-02,90.89193725585938,93.1747365430774,90.87367096029331,93.13821091849584,8676300,TSM
2020-12-03,90.85537719726562,92.39855115986124,90.79145912011037,92.27984118332441,7359000,TSM
2020-12-04,94.7178726196289,94.73613194122814,91.95111515537295,92.69074656127499,10824500,TSM
2020-12-07,97.14678955078125,98.26079653000184,95.85016144595538,96.80893280520716,11793000,TSM
2020-12-08,96.4619369506836,98.47079692928209,95.97798476280158,98.41601199225347,9876200,TSM
2020-12-09,95.34793090820312,97.33853157974747,94.51699583469689,96.79979445038772,8204100,TSM
2020-12-10,95.17445373535156,95.97799643117067,93.32081519746491,94.05131362388177,7135000,TSM
2020-12-11,94.9917984008789,95.98710204724514,94.25217400701172,94.97353908040262,7492600,TSM
2020-12-14,94.56265258789062,95.786236332696,94.50786764753552,94.75440684568237,5878000,TSM
2020-12-15,95.95972442626953,97.13764941130454,95.34793603633202,96.49846855115324,7399900,TSM
2020-12-16,96.06016540527344,96.48933267058842,94.92789921372126,96.47107334647976,5986900,TSM
2020-12-17,95.2734146118164,96.57551347910324,95.22756320265361,96.19038682752986,7779300,TSM
2020-12-18,95.62186431884766,96.09869380262737,94.59485988475538,95.36511321032458,7417000,TSM
2020-12-21,96.12619018554688,96.24539404405479,94.74156030867442,94.96163166128218,6116400,TSM
2020-12-22,95.31010437011719,96.48382781039881,94.3656240078888,96.34628056437816,5597100,TSM
2020-12-23,95.1450424194336,96.16288217447558,94.99832350168846,95.97948352729415,3320800,TSM
2020-12-24,97.17155456542969,97.51082983488872,95.97948779158851,96.06201893547271,3172100,TSM
2020-12-28,97.33660888671875,99.18888981344776,97.15321023321772,98.66621589387059,5157000,TSM
2020-12-29,96.79559326171875,98.25358284926516,96.48382603934205,98.11603560576931,4602400,TSM
2020-12-30,99.85828399658203,100.59185763260567,98.48282555860142,98.75791304863151,9571800,TSM
2020-12-31,99.98664093017578,100.56433084796383,99.43645905667164,100.55516616383059,4909500,TSM
2021-01-04,102.42581176757812,104.62654687274987,101.27959629571201,102.21491203848343,11262100,TSM
2021-01-05,103.40694427490234,105.4059438030312,102.71005049147553,103.07684074356143,10583600,TSM
2021-01-06,106.01115417480469,106.72639135508021,103.20522154574142,104.39728118088648,10609300,TSM
2021-01-07,111.3479232788086,112.73255311981389,107.82674674858534,109.4314479364977,13556100,TSM
2021-01-08,108.83543395996094,115.80442136422315,107.26741231869765,115.45597444259,18976800,TSM
2021-01-11,112.42080688476562,113.33777921987128,108.93631620893034,109.79826544668792,12006800,TSM
2021-01-12,112.7875747680664,114.80491070537846,111.5771718064907,114.76823797570427,14163200,TSM
2021-01-13,109.33058166503906,114.43811575346956,108.20270295433465,114.07132553070723,20650500,TSM
2021-01-14,115.95111846923828,123.47028684044984,111.5679929799753,113.20020218768158,37125400,TSM
2021-01-15,114.83242797851562,117.86759662792488,112.98014027656195,117.80341585177644,17343100,TSM
2021-01-19,120.39844512939453,122.9201185217045,117.77590424171679,119.74738875167805,20443800,TSM
2021-01-20,119.79324340820312,124.8274256450953,119.298084594159,123.96546956890288,17360700,TSM
2021-01-21,123.02095031738281,124.15798648951412,121.35205478594042,122.18650255166162,15460100,TSM
2021-01-22,118.41779327392578,120.35260523974105,118.11519075886814,119.24306268452968,19163200,TSM
2021-01-25,119.68321990966797,121.19621849914331,116.77641261072215,120.8844512976092,20469300,TSM
2021-01-26,116.1345443725586,118.58286575531774,115.76775404964823,118.33527931407724,17084600,TSM
2021-01-27,111.63218688964844,114.71321385421129,111.41211553387745,114.57566663337607,16732700,TSM
2021-01-28,115.38262939453125,116.9873309641262,113.31944166219488,114.1630545226126,14148100,TSM
2021-01-29,111.43045043945312,114.03465493308842,110.54099334770899,113.70454440578335,15169200,TSM
2021-02-01,116.14369201660156,116.31791196206997,113.13601758798083,114.19970860467757,10179900,TSM
2021-02-02,117.77590942382812,119.43562683636505,116.8681019255748,118.72038965297217,9302400,TSM
2021-02-03,116.91395568847656,118.41778953922547,115.59351347964622,118.28941399069393,9676600,TSM
2021-02-04,117.50996398925781,117.55581539067231,115.51097161291149,116.91393774651905,7445100,TSM
2021-02-05,117.17071533203125,118.17939042398476,116.1803836031732,118.09685228599844,6226800,TSM
2021-02-08,121.54466247558594,122.18654018851828,118.01431406663094,118.01431406663094,11160000,TSM
2021-02-09,121.66385650634766,123.25022837862656,120.81107913444433,122.85592308366023,7929100,TSM
2021-02-10,122.59003448486328,124.70823835348891,121.50799984689708,122.98432587531609,12196300,TSM
2021-02-11,127.6058349609375,127.67001572922406,122.92927186795889,124.15801106773867,12347900,TSM
2021-02-12,126.59719848632812,128.20190007454195,125.77192898057314,127.38579525506871,11114100,TSM
2021-02-16,128.42193603515625,130.39342030958537,127.84423917689568,129.85241016810352,11833600,TSM
2021-02-17,124.95579528808594,128.04598686937607,124.79991170599102,127.65169557205675,12311200,TSM
2021-02-18,123.45196533203125,124.59818052231785,122.32407951063229,123.65370032487246,11614600,TSM
2021-02-19,125.31341552734375,126.49630342695433,124.45145948036526,124.84575078294064,10771900,TSM
2021-02-22,122.47998046875,124.0479950568702,122.12234788730377,122.49830983814337,10363800,TSM
2021-02-23,118.38111114501953,120.8019170814512,114.96996660339371,118.38111114501953,18444700,TSM
2021-02-24,121.31539916992188,121.38875860941431,117.0789859844402,118.75703943819704,12782900,TSM
2021-02-25,115.53849792480469,120.61851778824348,115.28174682654485,120.60018841828597,13581200,TSM
2021-02-26,115.48346710205078,116.81307383243264,112.63168334621047,115.01580937789956,17281000,TSM
2021-03-01,118.40861511230469,119.48147082073955,116.67553135783176,118.86710117532219,9714900,TSM
2021-03-02,115.53849792480469,117.8492718010287,115.53849792480469,117.76673366867803,8274500,TSM
2021-03-03,112.68671417236328,117.15237134746569,112.5216588949524,116.19871941086312,10660300,TSM
2021-03-04,105.99280548095703,112.92511956273194,104.06716540110818,111.82474880571675,24454200,TSM
2021-03-05,110.7702407836914,111.22872686806771,105.80024631213604,110.86193660137818,17448700,TSM
2021-03-08,104.47064208984375,110.95363520592234,104.25973540751856,110.53182883721459,17246900,TSM
2021-03-09,106.71721649169922,108.56950415578095,105.75439993002118,107.34992951504644,17717100,TSM
2021-03-10,104.37893676757812,108.23021682408948,103.99381016111539,108.01931715690645,15240300,TSM
2021-03-11,110.56852722167969,110.77026225726377,107.34995232655143,108.42280829294624,15091600,TSM
2021-03-12,108.4778060913086,109.11968378578932,107.54249059827421,109.11968378578932,8171000,TSM
2021-03-15,109.19306182861328,109.22056987792615,107.01983498563195,108.79876346459413,8935000,TSM
2021-03-16,109.44063568115234,111.1828843401034,108.29442037867706,109.77991792922452,10793400,TSM
2021-03-17,109.30992889404297,110.00944846298675,106.20808691041748,108.38029551825757,9890400,TSM
2021-03-18,105.3888931274414,108.91413027723117,105.02072091729586,108.61038767718853,10283800,TSM
2021-03-19,104.588134765625,105.74787494352141,104.20155704709349,105.2784551297035,11536000,TSM
2021-03-22,107.85565185546875,108.91414446415135,105.65583156673883,105.65583156673883,9376400,TSM
2021-03-23,105.74787139892578,107.45986640623973,105.4993591660003,106.86158737296522,8977400,TSM
2021-03-24,100.28973388671875,105.56378414980072,100.18848634604116,103.52043490674593,24196100,TSM
2021-03-25,101.66117095947266,103.77815611033354,99.30487981731908,99.40612736067426,16772400,TSM
2021-03-26,107.28498840332031,107.41384764499415,102.35149822343004,103.08784276639653,12910900,TSM
2021-03-29,105.28766632080078,107.4690813019437,103.44681192998715,107.27579243358454,10863600,TSM
2021-03-30,105.9135513305664,106.85238392897544,105.19561928078858,106.10684018840645,8206200,TSM
2021-03-31,108.86812591552734,108.94176177540749,106.36456285801971,106.57626419959956,9806500,TSM
2021-04-01,114.86930084228516,114.94292967074222,111.96074793804344,113.03764592175393,17904000,TSM
2021-04-05,114.59318542480469,117.26242568654973,112.91800821595264,116.95868302778206,14113900,TSM
2021-04-06,112.69709777832031,114.14216806247202,111.86871197351644,114.13296182511264,13042300,TSM
2021-04-07,110.3499984741211,112.85356117394802,110.3039743126959,112.69709026078412,11193200,TSM
2021-04-08,113.60832977294922,113.96729581978451,111.72145120077208,111.72145120077208,10226700,TSM
2021-04-09,113.02845001220703,113.61752279089607,112.01597459042765,112.98242584856199,8315200,TSM
2021-04-12,111.27963256835938,112.71549652978945,109.75172028341105,112.48538976559611,9868400,TSM
2021-04-13,111.62020874023438,113.12050964155821,110.77341736148503,112.66029601976368,8384800,TSM
2021-04-14,111.22441101074219,112.68789379893707,110.91146915726883,112.28290361462875,9521900,TSM
2021-04-15,108.93254852294922,112.29210892390338,107.28498313130756,112.0159779782846,18709100,TSM
2021-04-16,109.3835678100586,111.00352168877504,108.47234682553791,109.7057229559489,9512100,TSM
2021-04-19,106.2173080444336,109.42039100195363,106.0332183776031,108.6104175348078,12630300,TSM
2021-04-20,105.80311584472656,107.48749949733615,105.43495054076422,106.81559149753214,9299200,TSM
2021-04-21,108.05815124511719,108.14098631977559,104.71699612118816,105.388911045615,8472200,TSM
2021-04-22,106.1436767578125,108.15020856787888,105.30609156007587,108.15020856787888,7411800,TSM
2021-04-23,109.1994857788086,109.27312164240838,106.7051288333611,107.30340793608006,8380300,TSM
2021-04-26,111.85030364990234,111.86871612530442,109.8990025953918,110.45125747832306,8444000,TSM
2021-04-27,111.62020874023438,111.96997558707187,110.35002167211037,111.83191009607299,5491800,TSM
2021-04-28,110.1383056640625,110.83782517547138,109.28230821508735,110.4512474945926,6476500,TSM
2021-04-29,109.62287139892578,111.21521344717569,108.25143692119846,111.11396589959496,8831800,TSM
2021-04-30,107.45066833496094,108.77608573743201,107.36783325845758,108.61961480027978,7950700,TSM
2021-05-03,106.7143325805664,108.19622094497973,106.52104370985627,108.12258508309901,10229500,TSM
2021-05-04,106.18049621582031,106.60389194041905,104.68940142912666,105.84914181877727,9638300,TSM
2021-05-05,106.19888305664062,107.22055776471515,105.71105778603425,106.76955042313782,7059000,TSM
2021-05-06,107.68998718261719,108.2790600549943,105.35210114811312,106.12526368204719,8581700,TSM
2021-05-07,107.53350830078125,109.91741130800968,106.81557622945071,108.97857868141637,9614300,TSM
2021-05-10,103.3731689453125,106.19887995959289,103.29954011170358,105.83071472464307,12281200,TSM
2021-05-11,103.87020111083984,103.99906034836579,100.44621103417528,100.99847293477416,10007700,TSM
2021-05-12,99.59941101074219,101.32981135014217,99.46134554771055,100.64869729410086,15058900,TSM
2021-05-13,100.0964584350586,102.56320362267213,99.31409671611858,100.6579195912831,10552000,TSM
2021-05-14,103.51123809814453,103.85179867710784,101.4678886689687,101.80844924793199,8425200,TSM
2021-05-17,101.06289672851562,101.27459102554879,99.2864721738092,100.39098186674215,10688600,TSM
2021-05-18,102.02013397216797,104.4500679190185,101.92809266881258,104.00825983169076,7476600,TSM
2021-05-19,103.45600891113281,103.53884398060244,99.40612820925827,99.86634176578262,7280500,TSM
2021-05-20,104.26599884033203,104.67098908167897,103.1798943931493,103.44681914110043,6442500,TSM
2021-05-21,102.94979095458984,104.92871103202279,102.80252623982663,104.92871103202279,5979400,TSM
2021-05-24,104.588134765625,105.42572684474514,103.1982948220043,103.3271540615148,6653600,TSM
2021-05-25,105.1864242553711,105.79390960673874,104.56053344894802,105.71106750323288,5331700,TSM
2021-05-26,106.7695541381836,106.7695541381836,104.92869975649077,104.92869975649077,6605100,TSM
2021-05-27,106.55785369873047,107.25738033595456,105.84912784557741,106.76955504423461,6513700,TSM
2021-05-28,108.0213394165039,108.46314055090502,106.72353366180799,107.04568880759089,5386500,TSM
2021-06-01,109.079833984375,110.48808653549851,108.0857708815928,110.18434386148687,7596100,TSM
2021-06-02,109.48482513427734,109.94503878683386,108.53678613357937,109.43880798240352,5383400,TSM
2021-06-03,107.5242919921875,108.84970924423094,107.19293767917664,108.6564203986915,4912200,TSM
2021-06-04,110.00025939941406,110.31320128456429,108.65643649635838,108.82211367740922,5352100,TSM
2021-06-07,108.81288146972656,109.30070665797932,108.21460251303327,108.73924562409954,6266000,TSM
2021-06-08,106.69590759277344,108.3158612526816,105.9043397261309,108.19620825788269,11564800,TSM
2021-06-09,107.80963134765625,108.28825740611954,106.74193948746472,106.76955117885645,6401600,TSM
2021-06-10,108.83131408691406,109.39277526094816,107.34942567968343,107.72680421599922,8566600,TSM
2021-06-11,108.84052276611328,108.99699371391277,107.83726043013726,108.87734069894304,6036600,TSM
2021-06-14,111.36248779296875,111.37169403144743,109.03380804133414,109.11665014303743,7610300,TSM
2021-06-15,109.94503021240234,112.29212246631602,109.77935302951076,110.77341612686025,8196900,TSM
2021-06-16,108.6288070678711,110.35921457092616,108.15018804887183,110.03706647907072,8059400,TSM
2021-06-17,110.06187438964844,111.09670279010739,108.64821279389615,108.73137267564148,7608100,TSM
2021-06-18,106.98509979248047,108.92541022120052,106.44920245001067,108.57430871194802,12532800,TSM
2021-06-21,105.46055603027344,106.6247449789046,104.42572062601911,106.60626187299964,11116200,TSM
2021-06-22,105.63612365722656,105.78395327697507,103.49254130157045,104.8692367976376,11792400,TSM
2021-06-23,107.2253189086914,108.49113674135673,107.00356393352888,107.36390695661866,8913700,TSM
2021-06-24,108.32483673095703,108.72213896314022,107.42859632003865,107.84438166027145,6772200,TSM
2021-06-25,107.66883850097656,108.9623812776865,107.66883850097656,108.51887827881072,6712800,TSM
2021-06-28,110.51461791992188,110.82876025906089,108.26939967812417,108.37103562296096,11026600,TSM
2021-06-29,111.08747863769531,111.14291386453141,109.41510978598829,110.32059177000716,7874900,TSM
2021-06-30,111.02279663085938,111.57717002084769,109.96024352132504,111.02279663085938,7936400,TSM
2021-07-01,109.41510009765625,111.06898569447837,109.05475705664783,110.96734975478473,8295600,TSM
2021-07-02,109.86785125732422,110.1173168204125,109.40587224852055,109.72001459087173,5144300,TSM
2021-07-06,110.921142578125,111.76194055500446,109.23029802285137,110.73634677880497,7181500,TSM
2021-07-07,109.25802612304688,111.84511116806647,109.22106695963349,111.46628503000903,7391800,TSM
2021-07-08,108.90692138671875,109.28574046420484,106.60626111542356,107.0590055667647,7565400,TSM
2021-07-09,111.39237976074219,111.60489321297032,108.67594789921155,109.02704941893579,8374200,TSM
2021-07-12,113.30496215820312,113.39736359364483,110.43145233711365,111.97446748856838,10668700,TSM
2021-07-13,114.4783935546875,115.93824883479277,112.84298400504404,113.82238424383408,13460200,TSM
2021-07-14,114.93115234375,116.21545359299253,114.63548602124612,115.63336250316213,10587700,TSM
2021-07-15,108.5927963256836,111.52174186374572,107.98298763427921,110.98585151349369,23734500,TSM
2021-07-16,106.93889617919922,109.94175965766134,106.41224040494623,109.72001171303904,12110000,TSM
2021-07-19,106.57855224609375,106.8280248498199,104.61976582782324,105.331210375183,9230200,TSM
2021-07-20,107.54869842529297,107.98295975589683,105.72850027747975,107.06823638108645,7108000,TSM
2021-07-21,108.90692138671875,108.90692138671875,107.1144407856067,107.39163097829558,5564700,TSM
2021-07-22,107.696533203125,109.11018769683288,107.37314934006102,109.11018769683288,5746500,TSM
2021-07-23,107.90904998779297,108.70365438992053,106.56007222468426,108.70365438992053,5773900,TSM
2021-07-26,106.8557357788086,107.27151402669627,106.13504972287551,106.9850893247843,6440600,TSM
2021-07-27,104.90618896484375,106.62475135634344,103.52949356063891,106.55083302678133,11127500,TSM
2021-07-28,106.31983184814453,106.72637556681276,105.22031972678589,105.27576199248374,6819700,TSM
2021-07-29,107.31771850585938,108.20471730189783,106.81878036135528,107.17912340195716,7162000,TSM
2021-07-30,107.77045440673828,108.49114047773791,106.43071820287894,106.71714291077886,6482600,TSM
2021-08-02,107.97374725341797,109.37816050437903,107.78895844776872,108.56507989058484,6028800,TSM
2021-08-03,109.40586853027344,109.61837491952639,107.9552477246598,108.38950910605497,5874700,TSM
2021-08-04,109.71076965332031,110.4591804179839,109.2857498242378,109.42434493245254,4254000,TSM
2021-08-05,110.1542739868164,110.17275004516735,109.24879204433748,110.01567887684391,4452300,TSM
2021-08-06,109.22107696533203,109.58142003007384,108.51886689462789,109.36891363252882,4338100,TSM
2021-08-09,109.23030853271484,109.7569642752822,108.39874497886123,109.41509730057581,4280200,TSM
2021-08-10,107.51174926757812,109.99719844678613,105.40512623728962,109.48901874683064,5132800,TSM
2021-08-11,107.16987609863281,108.37102420235432,106.43994850320074,107.64109660692225,4490400,TSM
2021-08-12,106.90191650390625,107.13290595793305,105.73773473106307,106.76332847088115,6338400,TSM
2021-08-13,106.7171401977539,106.73561625456432,105.78394072093886,106.3198380085546,4593200,TSM
2021-08-16,105.9133071899414,106.69867716038596,105.4236105584579,106.34756859498994,5435900,TSM
2021-08-17,102.66097259521484,105.19261550816776,102.32834715564556,105.08174506113801,13398800,TSM
2021-08-18,102.05113983154297,104.40723512530512,101.9864630652048,103.24304628197945,9167300,TSM
2021-08-19,102.1158218383789,102.53160711409524,99.49178484172305,100.71140896186041,12146900,TSM
2021-08-20,99.89833068847656,101.36742036588211,99.53798767140579,100.8407646448372,13042000,TSM
2021-08-23,102.52237701416016,102.86424400581792,100.9608857661222,101.70929652632003,9533500,TSM
2021-08-24,103.58492279052734,104.47192154623778,103.29849809159447,103.31697414829615,6719800,TSM
2021-08-25,108.13078308105469,110.11729381371887,106.8187646619886,106.91115903459742,22106800,TSM
2021-08-26,109.11943817138672,109.45206361465907,107.50251167462837,109.00856772312267,9892100,TSM
2021-08-27,109.47977447509766,110.22818520092595,108.74061235170781,109.33194487011555,6827700,TSM
2021-08-30,109.9417495727539,110.41297007993649,109.46129456193752,109.8401136388667,6434200,TSM
2021-08-31,109.96023559570312,111.6141211419163,109.6738038429496,110.88419352883409,8424900,TSM
2021-09-01,111.29996490478516,112.13152840309077,110.46840140647953,111.07821698831671,8603900,TSM
2021-09-02,111.60488891601562,112.15926231237724,111.29998108078266,111.74348402741607,6866400,TSM
2021-09-03,114.54307556152344,115.01429612013895,112.03915020177624,112.33481648283612,10361400,TSM
2021-09-07,115.2175521850586,115.75344948154938,114.46914851015087,115.14364090735337,9739900,TSM
2021-09-08,112.6212387084961,113.77618619467661,112.0114301013976,113.61911502837367,7983300,TSM
2021-09-09,113.35115814208984,114.09956180308163,112.61198898486472,112.8984207341402,5101300,TSM
2021-09-10,113.6191177368164,114.8849357003311,113.54519940412119,113.66531140782077,5163900,TSM
2021-09-13,114.21968078613281,114.66317664084985,112.90765518026605,113.59138911758406,6622800,TSM
2021-09-14,113.72997283935547,114.22891094385882,113.09244669130055,114.22891094385882,5110500,TSM
2021-09-15,112.2608871459961,113.18484506489318,111.68803069855369,113.1016922358274,5566500,TSM
2021-09-16,112.06328582763672,112.37871845040847,110.7273192413242,111.33036010754547,7301400,TSM
2021-09-17,109.24291229248047,111.76640150512344,109.18724937926416,111.5066318058561,10722700,TSM
2021-09-20,106.41326141357422,107.62862260129457,105.34635117480737,106.87713789240968,8991000,TSM
2021-09-21,106.65447235107422,107.49873088615392,106.27409734338912,107.29462411599431,8182200,TSM
2021-09-22,107.49874877929688,107.84201287879893,106.60810669796555,106.90498739174267,5345600,TSM
2021-09-23,107.79561614990234,108.51926230915672,107.23895872445144,108.51926230915672,5484700,TSM
2021-09-24,107.28535461425781,108.13888566165248,107.18330121965697,107.61934625509808,4455900,TSM
2021-09-27,107.75849914550781,108.14815365893736,106.70086142151743,107.3410060998109,5198800,TSM
2021-09-28,103.81554412841797,106.72868747742734,103.76915365517817,106.06998381093847,9792300,TSM
2021-09-29,103.55579376220703,104.6969260033396,102.99913629237345,104.18666609358384,6522400,TSM
2021-09-30,103.58362579345703,105.16080309153277,103.58362579345703,104.30727201441398,6433400,TSM
2021-10-01,103.5001220703125,104.1866643843257,102.33115839050471,103.90833565397509,5315200,TSM
2021-10-04,101.14363098144531,103.37951915398293,100.67975447210826,102.9805850728253,8514500,TSM
2021-10-05,101.36628723144531,102.37753452878731,101.32917626481903,101.86727466361046,8039600,TSM
2021-10-06,101.44050598144531,101.60750179857905,99.80766585635257,100.60553397397004,7553600,TSM
2021-10-07,102.82286071777344,103.63928076221364,102.50742103543053,102.98057701984825,7821900,TSM
2021-10-08,102.08992767333984,103.04551200637493,101.59821977989014,102.96201764478208,5143400,TSM
2021-10-11,102.2940444946289,103.6392834703846,101.96005285904108,102.12704867683499,5318500,TSM
2021-10-12,101.31060791015625,103.00839731640251,100.71684665521644,102.48885798787829,9294600,TSM
2021-10-13,102.03428649902344,102.09922893127049,101.07869488425355,101.42196607081327,7845100,TSM
2021-10-14,104.42787170410156,106.45037345535908,103.12902321281148,105.89372309077856,16930500,TSM
2021-10-15,106.56169891357422,106.64519327724011,104.79896698374526,106.48747698263148,11558800,TSM
2021-10-18,107.00702667236328,107.01630618417511,105.22574262694559,105.22574262694559,6773800,TSM
2021-10-19,108.50999450683594,108.52855353138999,107.27608126716848,107.43380466310201,5406100,TSM
2021-10-20,107.23896026611328,108.57492678129216,107.20185637686346,108.43576242292882,8205800,TSM
2021-10-21,107.88838958740234,107.9440524984428,106.32976437453111,106.7008669639182,4640300,TSM
2021-10-22,105.97721862792969,108.68625544180884,105.97721862792969,107.8419968913627,6283000,TSM
2021-10-25,105.42985534667969,106.27411401419495,104.93814736590443,106.13494964196569,6667700,TSM
2021-10-26,105.93083953857422,106.96992546355092,105.5040740010464,106.63593381188676,4852300,TSM
2021-10-27,105.53189086914062,106.74724488577672,105.49477990428701,105.79166054492305,5394500,TSM
2021-10-28,107.62861633300781,107.63788876574529,105.3370655285096,105.44839842509569,5714300,TSM
2021-10-29,105.48550415039062,105.94010817739337,105.040186712673,105.82877527886744,7118900,TSM
2021-11-01,105.87516784667969,106.07926754738433,105.16079412053723,105.3741804107104,4955700,TSM
2021-11-02,105.86589813232422,106.5060499838907,105.33707919178482,105.38346259606739,4479700,TSM
2021-11-03,105.77310943603516,105.85660379896984,104.58558686412272,105.24429056953687,6073000,TSM
2021-11-04,109.28001403808594,109.33567694660462,104.28870602544734,105.17934795271039,14682800,TSM
2021-11-05,109.28929901123047,110.89430763140933,107.8512791249538,109.63256306850926,8668100,TSM
2021-11-08,112.17462158203125,113.41780723724179,108.59349434145464,109.8366799966652,15776300,TSM
2021-11-09,112.98175811767578,114.36410809244752,111.48807523582823,112.49005016492974,10874100,TSM
2021-11-10,109.66040802001953,112.07257162008217,109.17797954692344,110.95926370970078,9046100,TSM
2021-11-11,109.65111541748047,111.76639085648672,109.2892923596606,110.6438107183542,6994000,TSM
2021-11-12,110.11499786376953,110.23560319688916,108.79758331971031,109.83666915264034,6947200,TSM
2021-11-15,109.58618927001953,110.99637074600743,109.02025936156676,110.69949006273661,5157000,TSM
2021-11-16,109.549072265625,109.82739390937677,108.69554123301008,109.1872491740123,5555100,TSM
2021-11-17,110.45826721191406,110.91287126708873,109.0202543440204,109.47485132100157,6391400,TSM
2021-11-18,114.4754409790039,114.63315728868784,111.14481113926087,111.3025274489448,13229700,TSM
2021-11-19,115.2825927734375,115.7835802559081,113.20442090284969,113.21370041498632,9071800,TSM
2021-11-22,115.73719787597656,118.83588979632513,114.30845726924652,114.57750651449382,16076100,TSM
2021-11-23,112.59209442138672,114.2991563888297,110.88502537575073,113.85383895305893,10984000,TSM
2021-11-24,111.98905944824219,112.1375033200325,109.84595236617174,111.33035569310785,6992600,TSM
2021-11-26,108.63059997558594,110.439722649162,108.10178102630549,109.01098211923723,6766900,TSM
2021-11-29,110.6623764038086,111.2190267866423,109.38207981547171,109.80884534491734,7634000,TSM
2021-11-30,108.68624877929688,111.48805929731424,107.39667287235139,109.56761116351686,10561800,TSM
2021-12-01,111.91482543945312,114.58675821789477,110.60669758183492,110.60669758183492,12924400,TSM
2021-12-02,112.90753936767578,114.48472374391187,111.34891401557317,111.65507421003117,8425500,TSM
2021-12-03,110.70877838134766,113.04671306330603,109.456313120363,112.25812434921899,7809000,TSM
2021-12-06,110.53250122070312,110.86649289526238,108.1574556044544,110.30056295104777,5681200,TSM
2021-12-07,113.48274993896484,113.72396770779294,111.57158096904973,111.8313506840059,7459200,TSM
2021-12-08,113.00032806396484,113.38998265910404,111.43242309251212,112.84260466081341,5795700,TSM
2021-12-09,110.86646270751953,113.26933912933846,110.85718319736563,112.42508773833453,6103900,TSM
2021-12-10,110.52320098876953,112.06327420810426,109.69750146984191,111.33034856400805,5973900,TSM
2021-12-13,108.00900268554688,110.43043858458933,107.98117122802583,110.27272227317428,5854300,TSM
2021-12-14,107.88838958740234,108.52854137714024,106.92352568627318,107.09980100882551,6267300,TSM
2021-12-15,111.70144653320312,111.80349991476528,108.06465699558353,108.35225811915363,6700700,TSM
2021-12-16,108.59553527832031,112.48958496342347,108.19495096475204,112.10762933788172,9116100,TSM
2021-12-17,108.36263275146484,109.45259219295329,107.99931293763537,108.33468616693537,11725600,TSM
2021-12-20,107.07703399658203,108.64210660812368,106.11749674267053,107.98998887395554,6980800,TSM
2021-12-21,109.40602111816406,109.46191428936713,107.20746635617975,108.12973921839759,6122900,TSM
2021-12-22,113.00194549560547,113.13236761432314,108.83773427055172,108.92157401509634,9300100,TSM
2021-12-23,112.42436981201172,113.45843609303716,111.64182990131557,112.68521407975268,6512500,TSM
2021-12-27,114.30618286132812,114.82787851751044,112.90879672802352,112.92743252331935,6309900,TSM
2021-12-28,113.70997619628906,115.2005272333505,113.53297876893043,114.93967582663288,6321000,TSM
2021-12-29,113.10442352294922,114.72538925375115,112.69452136511347,113.46774330558634,5847700,TSM
2021-12-30,112.1821517944336,113.23485384741215,111.96788991093266,112.7224761130002,4187800,TSM
2021-12-31,112.07967376708984,113.4211666366082,111.99583401648141,113.04852893868944,3888200,TSM
2022-01-03,119.9888916015625,120.72484204045854,115.51725315266359,115.63835739163322,18592000,TSM
2022-01-04,124.27420806884766,126.23055445111707,121.38628509376854,121.91728446241744,25554900,TSM
2022-01-05,118.36793518066406,121.92661917272278,118.2002485376219,121.76825042859251,17891200,TSM
2022-01-06,119.68145751953125,120.17519944984268,116.27183217006498,118.31201806302342,16249000,TSM
2022-01-07,115.05145263671875,118.44244225109787,114.87444812750164,117.89280714401559,21248100,TSM
2022-01-10,116.45816040039062,117.25932900540843,114.82787660535006,116.55131805289828,11857700,TSM
2022-01-11,120.33358764648438,120.68759671608429,116.9146509538663,117.88350628478726,12113100,TSM
2022-01-12,123.1842269897461,123.82702680909121,121.31173491095633,121.57257915432173,16389200,TSM
2022-01-13,129.66812133789062,135.08066142831646,129.41658785021824,131.1214006623141,52020000,TSM
2022-01-14,131.03759765625,134.0373219092417,126.78021982711515,126.78021982711515,28255300,TSM
2022-01-18,124.67479705810547,127.79561767380002,124.17173007143107,127.39504045751055,15191400,TSM
2022-01-19,122.04768371582031,126.603161342737,121.98247976327963,125.41072646965478,11155100,TSM
2022-01-20,119.55103302001953,123.66866209743247,119.42992168349558,122.89544013144413,11421900,TSM
2022-01-21,116.0110092163086,119.22500196324388,115.76879360145139,118.3865687637184,15573700,TSM
2022-01-24,117.3431625366211,117.44563808118627,111.91198710455824,115.30297664978896,17083400,TSM
2022-01-25,114.10124206542969,117.21275186459833,113.37459528545435,116.90532520085571,11370500,TSM
2022-01-26,114.66018676757812,118.0045940187454,113.55159154369434,116.80284114497032,13592100,TSM
2022-01-27,108.41853332519531,115.64767982859739,108.09247797096089,115.51725768690362,18599800,TSM
2022-01-28,109.56438446044922,111.41824799152658,106.37834592383028,110.58913282452586,14005900,TSM
2022-01-31,114.240966796875,114.37138892834875,110.6822905506491,111.34371910525824,10189100,TSM
2022-02-01,114.63225555419922,114.80925298048403,111.88405831532984,114.49251550688822,6956300,TSM
2022-02-02,115.656982421875,117.81827247926665,114.16643878013468,117.59469270987378,8562900,TSM
2022-02-03,111.64183807373047,115.4054657590763,111.09220291325231,113.14169983050729,9926800,TSM
2022-02-04,112.7411117553711,113.49570511146543,111.22262136034536,112.20079451094335,5743200,TSM
2022-02-07,113.9428482055664,115.61039629384145,113.54226394852299,114.1757458641388,6562900,TSM
2022-02-08,115.24708557128906,115.38682559890789,113.29074650704452,113.65406631436966,7036200,TSM
2022-02-09,116.93327331542969,116.96122700952279,114.36208784181409,116.33705577597038,10979700,TSM
2022-02-10,116.1786880493164,119.85847598121902,115.85263269015384,116.2625349173718,10474900,TSM
2022-02-11,112.73180389404297,117.92076432873421,112.21010821668176,116.91464456611658,9845700,TSM
2022-02-14,111.57662200927734,113.23485952955158,109.92770949415336,111.74430863009279,8081800,TSM
2022-02-15,116.0016860961914,116.08553296610702,113.15102045359102,113.67270903982536,9248700,TSM
2022-02-16,115.14460754394531,115.78740739265827,113.25347958567299,114.71607668062764,5749500,TSM
2022-02-17,111.56729888916016,114.35275295892262,111.46482334846065,114.11053739840813,7976700,TSM
2022-02-18,111.14807891845703,112.43367857281434,110.34691038551549,112.2753027595788,8389000,TSM
2022-02-22,108.91228485107422,111.1946794892817,107.8036895143869,109.46192001659136,9793500,TSM
2022-02-23,107.97138214111328,111.25989674110683,107.84095998925612,110.44009934265117,8114700,TSM
2022-02-24,104.22637939453125,104.31954416341463,97.23944817671605,100.61180953653881,27539100,TSM
2022-02-25,103.620849609375,105.26976222669938,101.87877222445495,104.60833360011877,14258900,TSM
2022-02-28,99.68952178955078,102.26070697818379,97.81702251138331,101.88807638792828,26390800,TSM
2022-03-01,100.65837860107422,103.50904388632875,99.72678789530758,102.47497763432995,20377900,TSM
2022-03-02,102.1116714477539,102.44704471516121,100.48138749520831,100.98444739631925,13342400,TSM
2022-03-03,101.34774780273438,102.47497163785405,100.23915265335181,102.39113189082812,10841700,TSM
2022-03-04,97.8729248046875,100.72359741677184,96.70843633287284,99.68021318733541,22372100,TSM
2022-03-07,92.49763488769531,96.9692656656837,92.28336591462231,96.22399742308855,29422900,TSM
2022-03-08,93.15908813476562,96.05633634435478,91.87349527719662,93.35472136695171,25650000,TSM
2022-03-09,97.77044677734375,98.48777563802106,95.73026785941538,97.36055167871584,14348400,TSM
2022-03-10,96.84815979003906,98.31075677593456,95.50666702578809,97.06242875945729,11811000,TSM
2022-03-11,94.47261810302734,98.15239859532247,94.37014255547221,98.15239859532247,18116400,TSM
2022-03-14,92.5069580078125,94.8918278907419,92.29268902264015,94.57508336146184,17959400,TSM
2022-03-15,95.10610961914062,95.1526920061752,90.94190435181153,91.32385291709245,13415600,TSM
2022-03-16,98.93468475341797,99.02829169148649,96.23875922983476,96.40725457505872,20347100,TSM
2022-03-17,99.68353271484375,99.72097691290539,98.05474937879075,98.99083290507991,8042000,TSM
2022-03-18,99.89885711669922,100.19840362555394,98.18582217149005,98.95341054678974,10218200,TSM
2022-03-21,100.0860595703125,100.36688751479173,98.41046902288936,99.89884570182721,10366100,TSM
2022-03-22,100.19839477539062,101.05959001956263,99.44016930408173,99.58993897440442,10401200,TSM
2022-03-23,98.61640167236328,101.27488269794866,98.61640167236328,99.6928991953107,12905300,TSM
2022-03-24,101.02214813232422,101.07831800901538,99.06573668658017,99.95501331796352,10834000,TSM
2022-03-25,99.908203125,101.07830759401796,99.07508217264837,100.80684250019569,7432100,TSM
2022-03-28,99.53376007080078,99.89883206373372,97.92369531132714,98.8691416441344,8151200,TSM
2022-03-29,102.26714324951172,102.74454793164846,99.96437822648717,101.0221502263668,14076200,TSM
2022-03-30,99.908203125,102.35137468589866,99.70226359577269,100.90044942936693,15456300,TSM
2022-03-31,97.59608459472656,100.30136580642552,97.53055902406004,100.12350762529428,13021600,TSM
2022-04-01,96.22003173828125,99.17805212793508,95.67710154959289,99.00955679840251,12085100,TSM
2022-04-04,98.0921859741211,98.82232992535603,96.67869795928807,97.37139771536353,9077200,TSM
2022-04-05,95.94856262207031,97.9143366230504,95.58349061367761,97.80201116923764,12291000,TSM
2022-04-06,94.71292877197266,95.611568074548,93.34624771961323,94.00150331261078,14902600,TSM
2022-04-07,94.0951156616211,94.75974126939033,93.28072754074316,94.0015087346151,12431000,TSM
2022-04-08,92.94373321533203,94.26360725995832,92.78460073153852,94.18872600636462,11796200,TSM
2022-04-11,91.33367156982422,92.09189695898434,90.71586014133283,91.94212730488822,12480500,TSM
2022-04-12,91.21199798583984,93.74878395506421,91.21199798583984,93.60836997175622,13291500,TSM
2022-04-13,95.0124740600586,95.68645531429767,93.14030708350572,93.42113498668876,15776800,TSM
2022-04-14,92.07318878173828,97.82074184614282,92.04510741479763,97.35270001912778,17828500,TSM
2022-04-18,92.45697021484375,93.45857933984719,91.24006587010403,91.68938198018458,10277400,TSM
2022-04-19,93.09352111816406,93.09352111816406,91.46473747968199,92.14808172312522,10103000,TSM
2022-04-20,92.68164825439453,94.54445279997078,92.57867847703461,93.98280401366785,8596900,TSM
2022-04-21,91.4179458618164,94.21683437899021,91.18392491559027,93.37435754422565,13038500,TSM
2022-04-22,89.56448364257812,91.53962070935172,89.26493716116822,90.82819513784641,11650100,TSM
2022-04-25,90.08867645263672,90.12612065064941,88.41308608575899,88.97474191419884,10654400,TSM
2022-04-26,86.84046936035156,88.94665738591073,86.84046936035156,88.87177612828816,14176000,TSM
2022-04-27,84.49090576171875,86.76558914224508,84.45346156158344,85.9699123874337,15846300,TSM
2022-04-28,89.13388061523438,90.0512385343909,85.91375077909075,86.26946711414212,15176200,TSM
2022-04-29,86.99024963378906,89.48022830753136,86.84047282905962,87.22427053486545,10629300,TSM
2022-05-02,87.76719665527344,88.24459412919353,85.40826208281204,86.58772936904273,8251900,TSM
2022-05-03,87.64551544189453,88.03867602892784,86.59710625447762,86.84984571451507,9511900,TSM
2022-05-04,89.85465240478516,89.92954079817139,86.04479287770161,87.90760416899512,9082500,TSM
2022-05-05,86.2601089477539,88.34757146783346,85.3895508759412,88.02930645792951,11517200,TSM
2022-05-06,85.7733383178711,86.94344282634133,84.5002640413154,85.55804308769322,7944900,TSM
2022-05-09,81.72010040283203,84.4253814111978,81.44863530425974,84.19136051329937,11428600,TSM
2022-05-10,83.1429443359375,84.51898835852943,82.45960017157005,84.26624178936913,11690400,TSM
2022-05-11,82.21623229980469,84.7810996136181,82.18815093175319,83.18976019551712,11531300,TSM
2022-05-12,82.08516693115234,82.57192722378964,79.93217195807257,80.70912300104708,11592900,TSM
2022-05-13,85.14617156982422,85.52060647410613,82.52514152335443,83.18976008612273,11180600,TSM
2022-05-16,84.63133239746094,85.52997190999658,83.77949278578794,84.12584633258113,6729100,TSM
2022-05-17,87.35531616210938,87.51444865079091,86.46603965077074,87.33659763357359,7668800,TSM
2022-05-18,84.74363708496094,87.27106678937075,84.59386744048679,86.18520651449462,9610900,TSM
2022-05-19,84.44409942626953,86.21329683226455,83.83564366708981,84.09774592845929,7739000,TSM
2022-05-20,84.97766876220703,87.0932197152466,83.15230858393801,87.0932197152466,10469900,TSM
2022-05-23,85.65164947509766,86.03544717947469,84.85597984275024,85.20232620433322,6920500,TSM
2022-05-24,83.0493392944336,84.0603113105717,82.86211828676846,83.79820189984052,8788600,TSM
2022-05-25,84.63133239746094,85.10872995172075,83.34889513239078,83.62036026770134,9113500,TSM
2022-05-26,85.18360900878906,85.52996251754755,83.34888597945606,83.69523948821454,9762700,TSM
2022-05-27,87.77656555175781,87.82337259353595,86.61582376152917,86.70007500837944,6279000,TSM
2022-05-31,89.20877075195312,90.13549152473185,88.46926384418487,89.4334288183159,9621700,TSM
2022-06-01,88.69392395019531,90.20101916596617,87.83272872454091,89.48959360741408,6152400,TSM
2022-06-02,90.18229675292969,90.21038526191828,87.63615518616918,87.9825015710944,6335000,TSM
2022-06-03,87.77656555175781,88.53479820640273,86.9621773021325,88.32885864938193,9137100,TSM
2022-06-06,87.15875244140625,89.43343608057498,86.93409435680057,88.9279500338984,9440200,TSM
2022-06-07,87.84208679199219,87.86081246448046,85.90439391104387,86.74687062922825,7360200,TSM
2022-06-08,87.49574279785156,88.86242411497797,87.18683346912904,87.9918660060565,6446300,TSM
2022-06-09,85.0431900024414,87.52381286493133,84.99639010948924,87.05577108490496,8086700,TSM
2022-06-10,83.01190185546875,84.9215134387125,82.96509481430154,84.753018088963,10460400,TSM
2022-06-13,80.08194732666016,81.28013307961479,79.58581706611605,80.5593447758293,14603700,TSM
2022-06-14,81.61714172363281,82.26303463318258,80.77466494840267,81.19589976514173,10449600,TSM
2022-06-15,83.43312072753906,84.06965780040785,81.78561889096723,81.9166700111093,11742500,TSM
2022-06-16,79.53450775146484,80.86134106485486,79.03577143231578,80.19322192228084,10505200,TSM
2022-06-17,79.9861831665039,80.55079008239417,78.9981156791711,79.9861831665039,9735500,TSM
2022-06-21,81.82117462158203,82.57398878711489,80.92721408195874,80.92721408195874,9604000,TSM
2022-06-22,79.9015121459961,81.09659691604453,79.56274648941884,79.64743431387917,7868700,TSM
2022-06-23,79.15811157226562,79.26162370140165,77.8783317751004,79.16751654446483,10370300,TSM
2022-06-24,80.85192108154297,81.44476449578495,79.18632946201794,79.18632946201794,10670100,TSM
2022-06-27,80.79547882080078,81.8682344216313,80.53199599664852,81.7929515634825,7358000,TSM
2022-06-28,79.36512756347656,81.68943359234673,79.36512756347656,81.06836800541038,8289200,TSM
2022-06-29,78.7158432006836,79.61921601631673,78.41471892880588,79.44983316467496,7981300,TSM
2022-06-30,76.92789459228516,77.37017232151446,75.39404435501724,76.65499967043374,14201600,TSM
2022-07-01,72.45809173583984,74.5471443605591,71.6864603967368,74.37776152127462,19531700,TSM
2022-07-05,71.62059020996094,71.65823163889318,69.39038400646307,70.15261037844604,22253100,TSM
2022-07-06,71.10301971435547,71.7993752843563,69.42801584477846,69.90793502315903,11530500,TSM
2022-07-07,75.89278411865234,76.18449617502614,73.71903679406354,73.96370245583661,15847800,TSM
2022-07-08,76.70207214355469,77.31373283089043,75.05529723577246,75.2058557797836,10004200,TSM
2022-07-11,74.44361877441406,75.53519129082177,74.17072385047035,75.06468428664995,9519600,TSM
2022-07-12,74.43421173095703,76.67382981926757,74.2742410616113,76.3727056031125,10363700,TSM
2022-07-13,76.49504089355469,76.89967726405791,74.24601765591555,74.60360044730771,14706500,TSM
2022-07-14,78.7346420288086,79.08281980386948,75.76104143250068,78.05711077969944,23377000,TSM
2022-07-15,80.57904052734375,80.96485978187084,79.01696074355607,80.5319941266196,14061000,TSM
2022-07-18,78.64996337890625,81.00249872396063,78.45235127144586,80.98367442075406,11352500,TSM
2022-07-19,81.06836700439453,81.36949123239017,79.57215083637048,79.98619934212746,10673100,TSM
2022-07-20,81.45417785644531,81.63297283209197,80.08971028892404,80.15558098847262,11664800,TSM
2022-07-21,82.61164093017578,82.62105308279213,81.3036317118903,81.56711455019689,7135000,TSM
2022-07-22,81.22834777832031,82.55518128433796,80.73902353925767,82.25405701890661,8612100,TSM
2022-07-25,81.20951843261719,81.5859183232406,80.57903353915076,81.20951843261719,5960900,TSM
2022-07-26,79.4404067993164,80.17439663198981,78.90402906164216,79.7603553193396,6977700,TSM
2022-07-27,82.46105194091797,82.71512973429371,80.27789980883969,80.27789980883969,9399500,TSM
2022-07-28,83.38325500488281,83.39266715554474,81.35066122394895,81.9905510609799,10668200,TSM
2022-07-29,83.26093292236328,83.94786921303059,82.61163087884465,82.63986015389015,10366200,TSM
2022-08-01,81.21894836425781,81.76473842450693,79.32751464069267,80.26852901517599,20102600,TSM
2022-08-02,80.97427368164062,82.34815353345103,79.20516241487967,79.53451594453139,15541600,TSM
2022-08-03,81.40711975097656,81.65177821161629,79.57213821997806,80.88955920084106,20779400,TSM
2022-08-04,83.20447540283203,83.20447540283203,81.51065411865746,81.86823693679716,13472500,TSM
2022-08-05,84.47484588623047,85.6134794441847,82.81866597885313,82.83748310489128,13293500,TSM
2022-08-08,82.75279235839844,83.84436511444625,81.78354886571887,83.73144800345055,12120300,TSM
2022-08-09,80.18383026123047,81.9999882067425,79.45925238547967,81.8117882123414,13075000,TSM
2022-08-10,83.43972778320312,83.43972778320312,81.21893368641365,81.6894407886255,10704600,TSM
2022-08-11,84.23957061767578,85.63227450480736,84.04195853803489,84.65361907751408,11158800,TSM
2022-08-12,85.50052642822266,85.96162124463879,84.35248828258669,84.39012970138731,12098800,TSM
2022-08-15,86.16865539550781,86.51683317504121,84.69126363919871,84.70067578982592,15949500,TSM
2022-08-16,84.64420318603516,85.96162417144598,83.34560650034885,85.76401210053938,10566100,TSM
2022-08-17,83.93844604492188,84.47482373849272,83.2609219946485,83.75024611640711,9093100,TSM
2022-08-18,84.00432586669922,84.38073294400047,83.20446531453898,83.47736026609819,10947700,TSM
2022-08-19,82.05642700195312,83.36443603224181,81.8870441760483,83.27974820897333,9602800,TSM
2022-08-22,80.2120590209961,80.9554611989759,79.92975903122968,80.37203691250356,8054000,TSM
2022-08-23,80.95545196533203,81.49182978201638,79.97679631781926,80.13677419107994,8462500,TSM
2022-08-24,80.5131607055664,81.04953843278733,80.17439506949346,80.73900924919339,7085800,TSM
2022-08-25,82.40461730957031,82.423434435585,80.93663738188077,81.23776165369834,6602100,TSM
2022-08-26,79.74154663085938,82.6116430045577,79.65685879329241,82.33874800678237,9381500,TSM
2022-08-29,77.96302795410156,79.34632002860943,77.89715724480922,78.96050792543114,9639700,TSM
2022-08-30,77.90655517578125,79.02636420870206,76.90908256590609,78.83815708838856,8392300,TSM
2022-08-31,78.43351745605469,79.86386279282586,78.1606225276001,79.14869012444026,8887100,TSM
2022-09-01,76.82439422607422,77.00318921102814,75.39405588454737,76.6455992411203,11566000,TSM
2022-09-02,76.12804412841797,78.08535523095321,75.85514917071534,76.73970474538123,8850100,TSM
2022-09-06,75.3093490600586,76.25036305741905,74.82942991118199,76.25036305741905,12704400,TSM
2022-09-07,75.23408508300781,75.45052151559607,73.61554663234958,73.76610517641062,9843500,TSM
2022-09-08,75.50697326660156,75.97748034085895,74.12368131958596,74.34952988437459,8181700,TSM
2022-09-09,76.72087860107422,76.84321502915151,75.9774765988372,76.06217160130362,7084700,TSM
2022-09-12,77.30431365966797,77.63366717544774,76.93731871646075,77.13493082592862,7903000,TSM
2022-09-13,74.16131591796875,76.35388040515608,73.88842097850458,75.67634913191642,12835100,TSM
2022-09-14,74.96117401123047,75.43168098188785,74.32128424396176,75.03644967021702,8849600,TSM
2022-09-15,73.79529571533203,74.99713944190366,73.50192660099424,74.36309595796408,10533100,TSM
2022-09-16,73.71012878417969,73.81422634765238,72.79218148081456,72.97198767589876,10604500,TSM
2022-09-19,74.03189086914062,74.03189086914062,72.44204561903335,72.44204561903335,10378600,TSM
2022-09-20,73.95616149902344,74.23059981156145,73.35050702306744,73.37889594850743,8202800,TSM
2022-09-21,73.00035858154297,75.0539059721015,73.00035858154297,73.41674873261317,10869000,TSM
2022-09-22,71.57139587402344,72.63129489381342,71.315888306559,72.34739117887835,10817900,TSM
2022-09-23,69.90586853027344,70.39796025377166,69.16772011506609,70.31279344815543,12685500,TSM
2022-09-26,69.09200286865234,70.2086797907827,69.00682886257229,69.52731662202903,13441500,TSM
2022-09-27,69.11093139648438,70.06673297821895,68.46742249293617,69.56517594838931,12430600,TSM
2022-09-28,68.25922393798828,68.41064118765834,66.90596295394242,67.29396424124309,12943600,TSM
2022-09-29,65.56217956542969,66.88705186694274,64.80511483597452,66.73563458906779,16120300,TSM
2022-09-30,64.88082122802734,65.91233165768902,64.10482566937145,64.17106892852597,10472400,TSM
2022-10-03,65.5337905883789,65.8366179239595,64.01965391047598,64.42657881953488,11945100,TSM
2022-10-04,68.90274047851562,69.01630342840856,66.92490116936256,67.00060980262451,14900700,TSM
2022-10-05,70.48310852050781,70.89003328967452,68.68506867488814,69.00681944959308,14037100,TSM
2022-10-06,70.36009979248047,70.89951117422346,69.89639704465961,70.00049461130938,11796800,TSM
2022-10-07,66.00695037841797,68.1645957732266,66.00695037841797,67.95640065267976,14758600,TSM
2022-10-10,63.8209114074707,66.12996667281391,63.413986579648345,66.10157774389147,16042200,TSM
2022-10-11,60.0450325012207,61.42668609426115,59.259571723876455,60.75478103992518,28699300,TSM
2022-10-12,60.669612884521484,60.7831758249504,59.969322525153935,60.18697941266365,16468700,TSM
2022-10-13,63.044921875,66.43280007151054,58.97567322168557,59.67596361620528,36639300,TSM
2022-10-14,60.48980712890625,63.83037270214938,60.35732064078691,63.65057373682861,19440900,TSM
2022-10-17,61.40776443481445,61.843078284178326,60.60337999099049,61.49293845967547,11280100,TSM
2022-10-18,60.291080474853516,62.56228887566798,59.41098749028688,62.36355913334293,16656100,TSM
2022-10-19,60.24375915527344,60.669611144704696,58.83371670359794,59.37313163020148,12385200,TSM
2022-10-20,60.168052673339844,61.77682120087381,59.97878472598707,60.328928082098905,11300900,TSM
2022-10-21,60.32892608642578,60.35731501409455,58.69176507445518,58.69176507445518,13699000,TSM
2022-10-24,58.00094223022461,58.31323127569575,56.47734048447933,57.329044444829435,25010800,TSM
2022-10-25,57.8589973449707,58.067192473718244,56.316468257403415,56.742320288938714,21700600,TSM
2022-10-26,57.575096130371094,58.653918850340816,57.18709842213661,57.59402328808817,14006000,TSM
2022-10-27,57.67919158935547,59.09869587649308,57.64133727530181,58.530891995646385,12937600,TSM
2022-10-28,58.68230056762695,58.701227723017155,56.846409814606446,57.50884581332049,11972300,TSM
2022-10-31,58.24699401855469,58.92835725682416,57.79275306303711,58.28484833401104,10802800,TSM
2022-11-01,58.275386810302734,60.02610739283296,58.275386810302734,59.86522835644596,11561900,TSM
2022-11-02,57.27226257324219,59.51507817301959,57.27226257324219,59.14600766280144,16547200,TSM
2022-11-03,57.04514694213867,57.622412621584076,56.240762588476656,56.78017395222389,11040900,TSM
2022-11-04,59.12708282470703,59.1460099810993,57.745432897945186,58.20913559460486,14662800,TSM
2022-11-07,59.39206314086914,59.552942185110744,58.64446022582086,59.259576639721,8507100,TSM
2022-11-08,61.5307731628418,62.22160172763201,60.77370857646588,60.91566044265256,14102800,TSM
2022-11-09,61.511844635009766,63.025980905108064,61.46452494345588,62.959737668915366,15086800,TSM
2022-11-10,67.0384521484375,67.06684829887786,63.70735194067746,64.10481140717678,21367900,TSM
2022-11-11,69.86799621582031,70.59667183832761,68.49580453451615,68.83648610918674,15524700,TSM
2022-11-14,68.8932876586914,69.72606102925678,68.36333440471961,69.30967073398749,11575300,TSM
2022-11-15,76.14219665527344,78.47964782138757,75.71634832669768,77.52384640261837,48742400,TSM
2022-11-16,75.1864013671875,76.24630041402732,74.66592083648514,76.23683503129556,24006600,TSM
2022-11-17,77.10748291015625,78.48913300609037,74.4672038349218,75.04446954061676,24278400,TSM
2022-11-18,77.8550796508789,78.39449102139409,76.65323579726527,78.33771315712067,18578400,TSM
2022-11-21,75.6406478881836,76.68161619721468,75.20533413058774,76.47342109141411,18659700,TSM
2022-11-22,78.110595703125,78.72571571561812,76.87089751392679,76.98445324425171,16504700,TSM
2022-11-23,77.57118225097656,78.49858771704982,77.34406357642409,78.01596143612235,14683800,TSM
2022-11-25,77.0317611694336,77.94970835575528,77.0317611694336,77.73204787261827,5908300,TSM
2022-11-28,74.96874237060547,76.72892798557582,74.65644974408501,75.96239088230098,13214200,TSM
2022-11-29,75.07286071777344,75.90563406597735,74.72271368615604,75.62173750680405,11502300,TSM
2022-11-30,78.52698516845703,78.95283359278724,76.15167916037291,76.30308920592289,21667300,TSM
2022-12-01,78.24307250976562,79.14208895668159,76.78571398468144,78.58375409848514,15975100,TSM
2022-12-02,77.12640380859375,77.75098919459373,76.79518756752067,77.4197657335481,10519800,TSM
2022-12-05,77.2399673461914,77.76991333595112,76.60591657133162,77.54279465747875,11523300,TSM
2022-12-06,75.29051208496094,77.06962891116414,74.91198334914759,77.03177459358824,13992100,TSM
2022-12-07,74.9876708984375,75.43245002274467,74.37255098652273,74.7605522549512,14925300,TSM
2022-12-08,76.46397399902344,76.62484943317149,74.85519799762443,75.1864142502742,11197500,TSM
2022-12-09,76.35987854003906,77.77938299343442,76.35987854003906,76.51128859401527,13787900,TSM
2022-12-12,76.11382293701172,76.11382293701172,74.57129748800352,75.50816833004086,11516600,TSM
2022-12-13,76.18952178955078,77.68472734737772,75.35674139686735,77.68472734737772,16938000,TSM
2022-12-14,75.72582244873047,77.13586863913795,75.25265433060052,76.4828943257274,17910000,TSM
2022-12-15,73.86144256591797,75.38416121651014,73.65206739004368,75.38416121651014,17080200,TSM
2022-12-16,72.61471557617188,74.28970240995775,72.54809686415648,73.86144029855802,11929100,TSM
2022-12-19,72.42438507080078,73.39512335836717,72.10081048220961,73.20477895840493,12561300,TSM
2022-12-20,71.9675521850586,72.51953263280984,71.282327065484,71.48218318187753,12080600,TSM
2022-12-21,73.41412353515625,73.68059832301776,72.11029216781282,72.19594892727882,10806100,TSM
2022-12-22,71.64398193359375,72.73843849416336,70.44483778178471,72.59568202784637,13019700,TSM
2022-12-23,71.27281188964844,71.71059301508882,70.58758673299576,71.27281188964844,7452600,TSM
2022-12-27,70.7303466796875,71.13005895385756,70.5780784489587,70.73986571313776,8974800,TSM
2022-12-28,69.53119659423828,70.94923475922175,69.32182144177659,70.60662219353797,10275700,TSM
2022-12-29,72.3292007446289,72.3672696163282,70.56855717868204,70.75889427628364,11142500,TSM
2022-12-30,70.89213562011719,70.96827336772941,70.09271105287462,70.70179851198188,7784100,TSM
2023-01-03,70.45436096191406,72.30066157690278,70.20691688979592,72.1864549449492,9276200,TSM
2023-01-04,72.63375854492188,72.90975247260067,70.87311463749143,71.36799554377656,12316400,TSM
2023-01-05,72.07225799560547,72.74796425368623,71.70108824450855,72.32921385001517,10039200,TSM
2023-01-06,74.2992172241211,74.93685446875824,72.47195500326777,72.80504854442937,13744100,TSM
2023-01-09,76.43102264404297,77.29707310624225,76.19309765036992,76.66894763771602,22247600,TSM
2023-01-10,77.34465026855469,77.63968218484352,76.57377564722343,76.6213635481748,10269000,TSM
2023-01-11,77.83004760742188,77.9347352189198,76.73559083505981,77.63019142026135,11771400,TSM
2023-01-12,82.79791259765625,84.53952560525644,80.34252448145557,80.85644343095542,36086800,TSM
2023-01-13,82.6075668334961,82.893072490539,80.7993352953106,81.28470435144717,18719900,TSM
2023-01-17,84.6917724609375,85.39603561804913,81.99846724971944,82.05556692049832,21850000,TSM
2023-01-18,85.14861297607422,86.81408822671779,85.04392537944781,86.10983215378221,19209800,TSM
2023-01-19,84.13029479980469,85.66253262377225,83.99705735953759,84.72986328100663,13651100,TSM
2023-01-20,86.63326263427734,86.63326263427734,84.89164963442057,85.65301265123433,14287200,TSM
2023-01-23,91.03963470458984,91.10625342090036,87.28993400138053,87.32800287654304,22875100,TSM
2023-01-24,89.99275207519531,93.26660248594338,87.12814022668572,91.16334630119022,11370500,TSM
2023-01-25,87.94660186767578,88.50810139127259,86.7189079770701,88.2035576769212,14147300,TSM
2023-01-26,88.93635559082031,89.7262682756607,88.16548097068856,89.35510588367917,15759400,TSM
2023-01-27,88.79362487792969,89.57401869272782,87.78481780448642,88.33680562153519,13646600,TSM
2023-01-30,88.63182830810547,89.69773504135217,88.10839760604607,88.3653534400177,14079800,TSM
2023-01-31,88.25115966796875,88.27970951123126,85.65301501763942,86.60471518450208,13342100,TSM
2023-02-01,90.16404724121094,91.14429698460287,88.09886018368675,88.50809143451868,16788500,TSM
2023-02-02,91.9818115234375,92.79075511585826,91.2109295435278,91.93422361645591,14925300,TSM
2023-02-03,90.08792877197266,92.2673154618974,89.75482795110408,90.44957217124463,12242200,TSM
2023-02-06,87.39462280273438,87.60399798857902,86.35726590765746,87.36607296119114,12425200,TSM
2023-02-07,89.98323822021484,90.1259874120001,87.2518565967051,87.3470251448602,15258900,TSM
2023-02-08,89.72628021240234,91.30610579225531,89.67869956608938,90.43053622153315,12899700,TSM
2023-02-09,92.0198745727539,93.80906794423488,91.00155587149753,91.36319925462499,16997400,TSM
2023-02-10,90.76365661621094,91.83907529852995,89.69774970866786,91.31563724998273,11511400,TSM
2023-02-13,91.4678955078125,91.73437036916302,90.32585831319732,90.85880803589835,7803500,TSM
2023-02-14,93.22854614257812,94.2087961386982,90.62088975568159,91.19190839546168,15345100,TSM
2023-02-15,88.27970886230469,89.1552712667672,86.38582031632444,87.87047750312608,30208300,TSM
2023-02-16,86.43340301513672,87.35655327626787,85.53880259533614,86.58567851676047,15568400,TSM
2023-02-17,85.74817657470703,85.93852094906204,84.64420824702985,85.62445817704787,11235300,TSM
2023-02-21,83.40699768066406,85.10102272733624,83.25472943759583,84.11125373425791,14007600,TSM
2023-02-22,82.6361083984375,83.83524510755468,82.4743211495574,83.51167060979448,10106400,TSM
2023-02-23,85.72913360595703,87.54687674258084,85.1390770205067,85.93850875759729,15468300,TSM
2023-02-24,83.85428619384766,83.89235506452533,83.02630459362108,83.8352481280615,8817600,TSM
2023-02-27,83.08341979980469,84.55855056569521,83.02631285765669,84.41579410166828,10609400,TSM
2023-02-28,82.8645248413086,83.89236265998048,82.70273757195153,82.9311435558024,7520400,TSM
2023-03-01,84.14933013916016,85.6910870807064,84.00657365664537,84.73938687846963,8176700,TSM
2023-03-02,84.72985076904297,85.02487544879759,82.91210752473972,83.40698833538247,9761600,TSM
2023-03-03,85.45314025878906,85.51023993288885,83.63538985040469,84.38723368992798,10844000,TSM
2023-03-06,85.25328063964844,86.91875550088766,85.18666193563465,85.7291306000025,9960000,TSM
2023-03-07,84.55855560302734,85.88141821075149,84.0351248849406,85.60542430009666,8761100,TSM
2023-03-08,86.44291687011719,86.45242864272713,83.8828414243916,84.08269756262702,8813000,TSM
2023-03-09,84.58708953857422,86.30967139762981,84.29206487547995,85.37700224525923,10354700,TSM
2023-03-10,83.03582000732422,84.8630821548421,82.98823210582762,83.77814480094746,11928800,TSM
2023-03-13,83.50215911865234,84.70130319696334,82.1412277768496,82.20784648892827,11847600,TSM
2023-03-14,84.97731018066406,85.30088475753695,83.47362214945245,83.77816591746654,11100100,TSM
2023-03-15,82.51238250732422,83.02630135005379,81.3132458018496,82.98823248086333,12171500,TSM
2023-03-16,85.42924499511719,85.59187449934164,82.10008430974744,82.22444676026717,13184600,TSM
2023-03-17,85.59187316894531,86.12759731509614,85.14224441827125,85.1996413485891,13287700,TSM
2023-03-20,86.13715362548828,86.45285129462667,84.816973325491,85.34312880869527,8217500,TSM
2023-03-21,88.49052429199219,88.96885145032728,86.86421487313017,87.05554281698691,12299700,TSM
2023-03-22,88.60533905029297,90.91087251235541,88.52880494151476,89.44719235077027,12812400,TSM
2023-03-23,90.48993682861328,91.66662496030864,89.38022151213472,90.3942728476797,11169700,TSM
2023-03-24,88.7679443359375,90.0976930936687,88.09828201489576,89.87765941564399,7653700,TSM
2023-03-27,86.73027801513672,88.18438926717852,86.62504546349044,88.05045825575465,9349800,TSM
2023-03-28,86.87379455566406,86.93119878993028,86.02237261744524,86.73030221673542,7521300,TSM
2023-03-29,88.73926544189453,89.17932559627117,87.48604319706939,87.78261102837297,9264000,TSM
2023-03-30,88.46182250976562,89.46630512534897,88.04089229064901,89.30367564930589,10232800,TSM
2023-03-31,88.98798370361328,89.21758600080982,87.17990758067772,87.28514014221945,8701800,TSM
2023-04-03,88.81578063964844,89.54283994253169,87.73476392118897,88.9784174156977,6863600,TSM
2023-04-04,88.1748275756836,89.23671446264275,87.74433604797294,89.00711946777662,6338400,TSM
2023-04-05,86.29022979736328,88.18440884891457,85.19008300190227,87.62954750769615,9171800,TSM
2023-04-06,86.32848358154297,86.96944752137858,85.5248974580856,85.77362962430998,5874500,TSM
2023-04-10,85.16136932373047,85.17093791112285,82.72190504461543,84.5873781579795,12232900,TSM
2023-04-11,85.37183380126953,85.94582496263057,84.63521314895003,84.7978426399085,11079200,TSM
2023-04-12,83.10456848144531,85.62056686917745,83.09499989402681,85.05614428927875,11299100,TSM
2023-04-13,83.2767562866211,83.83161021064207,82.2435679337112,82.8079904439701,7910500,TSM
2023-04-14,83.42025756835938,84.53954872053586,82.7888694838409,84.13774834090384,7656400,TSM
2023-04-17,84.17601013183594,84.23341435316442,83.38199260683861,83.94641514260135,8163600,TSM
2023-04-18,84.31950378417969,84.56823592919436,83.70724565698401,84.37690070276284,8468200,TSM
2023-04-19,83.4489517211914,83.59244401678356,82.31053085154328,82.49229749088342,11191300,TSM
2023-04-20,85.41967010498047,87.8974014353343,84.28124906201052,84.49171419251188,19206300,TSM
2023-04-21,81.66957092285156,84.09947344412183,81.58346825033142,83.97510372811408,13175400,TSM
2023-04-24,80.9712142944336,82.23399759935964,80.34938757865875,81.69827356050999,10567600,TSM
2023-04-25,78.72309112548828,79.78497808898163,78.69439266139827,79.66060834633315,13423700,TSM
2023-04-26,78.68480682373047,78.80916924042116,77.68988559412838,78.67523823823359,11583500,TSM
2023-04-27,80.04325103759766,80.22501766181257,78.59870852509498,79.30663055298113,10013700,TSM
2023-04-28,80.64596557617188,80.84686211619942,80.09110429493758,80.8181636531517,8262600,TSM
2023-05-01,80.3398208618164,81.01904445050988,80.26328677609801,80.64594990599787,4931100,TSM
2023-05-02,79.36404418945312,80.40680122876088,78.97181970033822,79.88063841552851,6875000,TSM
2023-05-03,79.11531066894531,80.12936922823246,78.86658579664069,79.03878386907108,7151600,TSM
2023-05-04,79.8710708618164,80.12937162754297,79.05791611159425,79.40231226676728,7290600,TSM
2023-05-05,81.28691864013672,81.86090977170568,80.11979920335367,80.64596199819627,6865000,TSM
2023-05-08,81.83221435546875,81.83221435546875,80.75119756247027,80.83729295099786,6746600,TSM
2023-05-09,81.3730239868164,81.77482439692537,80.64597187054979,81.55479066523013,7287800,TSM
2023-05-10,81.219970703125,81.45913433458374,80.52160968783978,80.84687602194496,7442300,TSM
2023-05-11,79.81366729736328,80.49289096393706,78.95267698103984,80.49289096393706,8730900,TSM
2023-05-12,79.81366729736328,80.29199443991043,79.35447002909312,79.76583166363137,5069800,TSM
2023-05-15,81.947021484375,81.95658277355777,79.62235094150691,79.71801492419281,8707300,TSM
2023-05-16,82.15748596191406,82.98977800575544,81.8800552806336,81.97572656974002,11283200,TSM
2023-05-17,86.94074249267578,87.82087001933263,84.24297758613122,84.47257987935994,23215600,TSM
2023-05-18,88.63402557373047,89.35151632478815,87.12250997314922,87.2947080453508,14879000,TSM
2023-05-19,88.56705474853516,88.76795127093501,87.59126329837248,88.13655594451295,9295200,TSM
2023-05-22,87.74433135986328,88.43312360635336,87.24686704909027,88.0791588967146,9259800,TSM
2023-05-23,86.51982116699219,87.3808042372399,86.41458860530531,87.05554526380293,7656700,TSM
2023-05-24,86.2232666015625,86.24240377864152,85.31444775506186,85.41011174437332,9443900,TSM
2023-05-25,96.57424926757812,97.93270392905364,92.77633780380368,92.85286460127402,60793200,TSM
2023-05-26,98.73628997802734,99.91297798501729,96.3637913880588,96.47858523353568,26135800,TSM
2023-05-30,97.55960845947266,100.67829621391195,97.12910964643036,99.2911504021706,25248000,TSM
2023-05-31,94.31654357910156,95.64629976590078,93.8095179697983,95.40713619179978,22206700,TSM
2023-06-01,94.55570220947266,96.22984714064908,94.32610723397383,94.402641325371,14998500,TSM
2023-06-02,94.65138244628906,96.90908726569361,94.34525335037117,96.86125162936227,13085100,TSM
2023-06-05,93.79996490478516,94.52701697872962,90.16467534028811,93.76169785373119,10568500,TSM
2023-06-06,95.49324035644531,96.23942960846745,93.19726837420463,93.37903504281803,13827600,TSM
2023-06-07,95.94287109375,98.5545335305106,95.22538029044529,96.98562089117979,14367500,TSM
2023-06-08,95.60801696777344,96.33506885820725,94.35479508282816,94.69919115669337,9074200,TSM
2023-06-09,98.34406280517578,100.1425702222486,97.81790003222454,98.24839153831707,14902400,TSM
2023-06-12,102.41939544677734,102.73509308178292,99.78859641911541,99.81729487708095,20568100,TSM
2023-06-13,102.1706771850586,105.89206164697883,102.11327296674216,105.23196787653525,17858600,TSM
2023-06-14,102.75425720214844,103.03168056770315,100.65918163688268,101.43406939995064,12862600,TSM
2023-06-15,101.0423355102539,102.46411717324774,100.93666220216086,102.08945259865985,11987900,TSM
2023-06-16,100.45632934570312,101.58990971895273,100.24498273436232,101.28249846498312,11430800,TSM
2023-06-20,99.88956451416016,100.75415381482237,99.01535921910585,100.08169384113754,9295500,TSM
2023-06-21,97.6416015625,99.64938723608478,97.62239156381246,99.09220199372507,9340400,TSM
2023-06-22,99.07299041748047,99.36119171936727,97.3438045939504,97.4302605869583,8575900,TSM
2023-06-23,97.9009780883789,98.16996202883291,97.03638161601769,97.52631350930348,8919000,TSM
2023-06-26,96.17180633544922,98.98654432560197,96.15258900446065,98.00666566458536,8560000,TSM
2023-06-27,98.06430053710938,98.7463691338168,96.08533341094078,97.17088529621527,9732000,TSM
2023-06-28,96.94992065429688,97.87215447075033,96.27746078686089,96.54644473383527,8160900,TSM
2023-06-29,96.68094635009766,97.52632560051413,96.08533374434703,97.35340628460354,7383900,TSM
2023-06-30,96.94992065429688,97.88176313436023,96.45998874913474,97.41104122715504,11704600,TSM
2023-07-03,99.09220123291016,99.60135048074712,98.05468540943309,98.22760471334593,5638400,TSM
2023-07-05,97.01716613769531,99.03455305879955,96.98834747627798,97.41104072176637,9010800,TSM
2023-07-06,95.49932098388672,95.64341428172698,94.72118052923757,95.20151106673804,9140800,TSM
2023-07-07,96.28707885742188,97.92980869058762,95.10546231290077,95.18231697076274,8036600,TSM
2023-07-10,95.84516906738281,96.78662031116643,95.48972909791172,96.30628968927479,8041600,TSM
2023-07-11,97.27655792236328,98.30446514233793,96.20061470932131,98.30446514233793,7677800,TSM
2023-07-12,99.81269073486328,100.32183995017525,98.7175376564625,98.78478364095157,10202000,TSM
2023-07-13,101.41699981689453,101.49385446981562,98.48698030533045,100.86942324104226,9265900,TSM
2023-07-14,101.00391387939453,103.0789455051637,100.73492992700142,101.83008306418081,9518300,TSM
2023-07-17,100.66767883300781,100.89823544775615,98.55421998848304,100.56200552431844,10722600,TSM
2023-07-18,99.09220123291016,99.64938647099189,97.99704808454983,99.61095914464869,10343600,TSM
2023-07-19,99.00575256347656,100.66769985969275,98.53503057234303,99.81271187754108,11204800,TSM
2023-07-20,94.01030731201172,96.49841634679059,93.23217407135728,94.6731658973179,22810200,TSM
2023-07-21,93.42431640625,94.13520375395954,92.54050972215008,94.02953041898407,15381200,TSM
2023-07-24,94.38495635986328,94.40416635765632,92.97278332103366,93.4435052242226,9054900,TSM
2023-07-25,96.37353515625,96.92111176904207,95.21113593713923,95.60500323371984,9202200,TSM
2023-07-26,95.49932098388672,96.190990801307,94.69236186966953,95.5761682996474,8993500,TSM
2023-07-27,95.44168853759766,97.75688554239105,95.01900259445574,97.50711157876404,8049800,TSM
2023-07-28,96.89229583740234,97.0171791633988,95.8547799115027,96.17179988818268,6758700,TSM
2023-07-31,95.24955749511719,95.85477140018746,94.54827160860386,95.27837615784485,8647900,TSM
2023-08-01,94.52906036376953,95.2879835657339,94.23125041789551,95.23994757564557,6428500,TSM
2023-08-02,91.93526458740234,93.66445750379278,91.46454269932039,93.66445750379278,9820900,TSM
2023-08-03,91.24360656738281,92.04094981557043,90.85934061072149,91.10910725267736,8571700,TSM
2023-08-04,92.37718963623047,93.74132685690581,91.38770238874078,91.53180304258986,7562600,TSM
2023-08-07,92.5597152709961,93.12650925216404,91.48377930012397,92.92477125762551,6601400,TSM
2023-08-08,90.77288055419922,91.16675518949232,89.98513861287678,91.14753785987308,7659000,TSM
2023-08-09,90.2829360961914,92.07936771605443,90.0235534870665,92.06015771835688,6426900,TSM
2023-08-10,91.07068634033203,92.19465820565578,90.57113840290141,91.69511026822515,7459600,TSM
2023-08-11,88.3712158203125,89.82181618740427,88.35200582247425,89.82181618740427,10658400,TSM
2023-08-14,89.40873718261719,89.62008381833436,87.70837009125638,88.08302737120475,7489700,TSM
2023-08-15,88.07341766357422,89.06289751065123,87.89088969320589,88.8803695402829,6069500,TSM
2023-08-16,88.16949462890625,89.07251861355488,87.72759130195978,87.84287329870138,7439500,TSM
2023-08-17,88.03498840332031,89.2646335194506,87.7563957864997,89.2646335194506,7712500,TSM
2023-08-18,87.51622772216797,87.7371830075622,86.03680869831447,86.52674792817974,9066200,TSM
2023-08-21,88.91879272460938,89.25502998683653,86.93983312265125,86.93983312265125,8618300,TSM
2023-08-22,88.61138153076172,89.81220795615953,88.19829694725436,89.677715982856,7059000,TSM
2023-08-23,90.51350402832031,91.35888328867057,89.57205277968579,90.1004193981945,10362600,TSM
2023-08-24,88.88997650146484,92.97278645623761,88.83233917687929,92.7326211647804,12254400,TSM
2023-08-25,89.43756103515625,89.73537100697514,87.81404850426819,88.62100043735853,10356000,TSM
2023-08-28,90.30215454101562,90.44625518964654,89.58165862712454,90.12923522851122,5174800,TSM
2023-08-29,91.33965301513672,91.85841085382255,89.83141548255942,90.08118207472286,8910300,TSM
2023-08-30,91.05146789550781,92.14662108356784,90.90736724881289,91.69510914424666,6073400,TSM
2023-08-31,89.88906860351562,90.6864191621995,89.60086731048716,89.66811330162535,8661200,TSM
2023-09-01,89.5240249633789,90.85934352543399,89.42795297418401,90.59035954592127,7094600,TSM
2023-09-05,90.87854766845703,91.31084960418032,89.2166079038978,89.72575716505483,6396500,TSM
2023-09-06,88.6305923461914,90.26371323304053,87.98694385922781,90.1580399290284,7933700,TSM
2023-09-07,86.50755310058594,86.73810976066885,84.95127915418206,86.52676310173281,14684400,TSM
2023-09-08,86.1136703491211,87.48741617372526,85.80625905483795,87.18000487944211,5820800,TSM
2023-09-11,86.07524108886719,86.83416430786794,85.6525551495064,86.55557168348058,7268600,TSM
2023-09-12,86.92061614990234,87.96773318986132,86.86297150226062,86.90139882426769,8242600,TSM
2023-09-13,87.63152313232422,88.2751644308865,86.920635837334,87.03591050020252,5757800,TSM
2023-09-14,88.32775115966797,89.73759519711896,88.13461729798072,89.59274664267942,6506300,TSM
2023-09-15,86.18402862548828,88.00910158346717,85.80742673684531,87.40074638657582,19940500,TSM
2023-09-18,85.77843475341797,86.58957479144138,85.39217443503895,85.49839620677575,6647400,TSM
2023-09-19,85.14111328125,85.78809514792871,84.77416999133601,85.41149332300806,7172100,TSM
2023-09-20,84.29135131835938,86.2516141031787,84.29135131835938,85.47909333809434,6935300,TSM
2023-09-21,82.4276351928711,83.18083873517485,82.41797665924341,83.08427550080559,10652500,TSM
2023-09-22,82.69802856445312,83.78920728709342,82.51455323238032,83.28707396682015,7967200,TSM
2023-09-25,83.27741241455078,83.27741241455078,82.0993216524981,82.45661376851024,8758000,TSM
2023-09-26,81.39439392089844,82.30210454103597,81.13366508148324,82.03171716789731,8877600,TSM
2023-09-27,82.50489807128906,82.62077101873422,81.21092700882562,82.24416920493071,7860700,TSM
2023-09-28,83.44157409667969,84.13683385888537,82.06069837204502,82.32141986195927,6647700,TSM
2023-09-29,83.91473388671875,85.00591244999016,83.72160004766452,84.7355324426169,7338300,TSM
2023-10-02,84.63896942138672,85.38251444354881,84.03060703595142,84.18511410758663,6305000,TSM
2023-10-03,82.47592163085938,84.32030374484032,82.13793925495317,84.01129697021669,8201700,TSM
2023-10-04,83.69264221191406,83.7795542921124,82.44695642263068,82.53386850282902,7658500,TSM
2023-10-05,84.04026794433594,84.91901036265931,83.5574443827876,83.84714146663775,6651700,TSM
2023-10-06,86.22264862060547,86.92756702652743,84.3782587344644,85.06386743592866,9777100,TSM
2023-10-09,85.93292999267578,86.27090499094732,85.01556823060984,85.74946206064405,4781300,TSM
2023-10-10,87.49729919433594,87.5455845044652,86.07779653726162,86.20332802937214,7182900,TSM
2023-10-11,88.83954620361328,88.84920473887178,87.51660683074316,88.12496930786406,8051700,TSM
2023-10-12,89.24510955810547,90.23007379581414,88.68503243213804,89.33202163428128,8897800,TSM
2023-10-13,87.35244750976562,89.74725588090311,87.10137716721245,89.56378054973305,7985100,TSM
2023-10-16,88.08634185791016,88.74298227167505,87.3234796590286,87.37176496764661,8791800,TSM
2023-10-17,87.87388610839844,88.54983613154195,85.47907805855637,86.72476370175174,7997100,TSM
2023-10-18,86.5219955444336,86.9179144688795,85.53703855213836,85.82672831819971,9982700,TSM
2023-10-19,89.71827697753906,91.50472266656135,89.18716811744736,89.89208638560237,22751600,TSM
2023-10-20,88.17323303222656,91.07983282284687,87.9607894946174,88.8395318788548,12197300,TSM
2023-10-23,87.98011779785156,89.0906135616178,86.09710868729837,86.88893910395453,8227900,TSM
2023-10-24,88.49190521240234,88.8395387796199,87.73870160586539,88.06701810418019,7374800,TSM
2023-10-25,84.62931060791016,87.72903689114688,83.70229028307043,87.68075895689742,13027100,TSM
2023-10-26,84.44584655761719,85.11214549786597,83.56711141721279,84.12718857373194,9377300,TSM
2023-10-27,83.03599548339844,84.76450474760942,82.93943224288505,84.53275149691666,12480700,TSM
2023-10-30,83.10359191894531,85.26664685365364,83.04565544710061,84.31065086439736,9785500,TSM
2023-10-31,83.34501647949219,83.46089680824174,82.0317355562142,83.19051674179703,9004900,TSM
2023-11-01,84.78382110595703,84.85141611048054,83.37396981051869,83.4995086527073,9508800,TSM
2023-11-02,87.37174987792969,87.92216841151678,86.39644427725698,87.29449634440458,11032600,TSM
2023-11-03,88.63675689697266,89.27408021455872,87.71938764150778,88.50156687908157,9226700,TSM
2023-11-06,89.4189224243164,89.42858095842448,88.15392704636642,88.83953562198145,8402700,TSM
2023-11-07,89.2354507446289,89.8534642902228,88.59812013162748,89.08094367457913,6241300,TSM
2023-11-08,88.83954620361328,90.23008058868531,88.77195119141139,90.12385880275322,6537700,TSM
2023-11-09,88.47258758544922,90.16246996520402,88.4532705182769,89.44788582587847,8166000,TSM
2023-11-10,94.09265899658203,94.39200725027356,90.39422870905798,90.80945727093801,19281700,TSM
2023-11-13,93.1076889038086,93.84158274129227,92.43173890040421,93.677424507223,9526300,TSM
2023-11-14,95.51216125488281,96.26536483822626,94.58513352598001,94.63341882944682,13873200,TSM
2023-11-15,95.40594482421875,97.24066858186255,95.0389941788473,96.51643319311789,10422900,TSM
2023-11-16,95.15487670898438,95.69563678763508,94.54652162050233,94.86517959981948,8459000,TSM
2023-11-17,96.15914154052734,96.29433154732841,94.94242411201482,95.54112797592161,7243000,TSM
2023-11-20,96.52609252929688,97.13444760866454,96.1205224763851,96.46815605525332,6448900,TSM
2023-11-21,95.02932739257812,96.70955115546175,94.8651617989608,96.56470262805924,10112600,TSM
2023-11-22,95.26110076904297,96.22674799961146,94.5851432872628,95.32869578049062,7413500,TSM
2023-11-24,94.46926879882812,95.33835276567132,94.12163521209085,95.09694096195396,4297600,TSM
2023-11-27,93.87055969238281,94.1988835583151,93.10769755066418,94.07334471223665,6856100,TSM
2023-11-28,94.6141128540039,94.87483434800332,93.89952864453264,94.50789107603664,6358100,TSM
2023-11-29,95.48318481445312,96.30399076236783,95.21280479893892,95.59906512137474,7091100,TSM
2023-11-30,93.96712493896484,95.57976133233136,93.57121342527482,95.53147602630177,9681400,TSM
2023-12-01,95.16453552246094,95.38663025514106,93.68708910215959,94.34372949985901,7500400,TSM
2023-12-04,93.67742919921875,93.86089714230211,91.97788820471723,93.71605596810548,10619400,TSM
2023-12-05,93.3684310913086,93.68708907145405,92.58625184145164,93.14632899139772,8009600,TSM
2023-12-06,94.48857116699219,95.18383828649777,94.10231083756652,94.44029323037836,11262300,TSM
2023-12-07,95.87908935546875,96.21706432439925,94.527182112445,94.5947771062311,11373700,TSM
2023-12-08,96.9026870727539,96.92200414085431,95.55077963053698,95.71494524017899,10572500,TSM
2023-12-11,97.48207092285156,97.73314122944213,95.95635411770002,96.14948058904498,9482800,TSM
2023-12-12,98.10975646972656,98.15804177784054,96.51643707691288,96.70957094206513,7378600,TSM
2023-12-13,98.61188507080078,99.15264509237085,97.44345295716391,97.91661797603771,8988800,TSM
2023-12-14,100.3669662475586,100.7162380713783,99.73634355646072,100.26994794139141,10074500,TSM
2023-12-15,99.48410034179688,101.6379410110717,99.33856916646313,100.41548950110055,16379200,TSM
2023-12-18,99.86247253417969,100.23114508027903,99.03780577983844,99.77515087203713,5660600,TSM
2023-12-19,100.77445983886719,100.88118220140692,100.0176992493974,100.16323041668092,8498500,TSM
2023-12-20,97.05860137939453,100.01770061169161,96.96158306722496,99.63932401281436,10814100,TSM
2023-12-21,99.49378967285156,99.6587215262156,98.1452152915395,98.28104239454777,9068200,TSM
2023-12-22,100.0759048461914,100.5027868460783,99.64901544428271,99.86246014523707,5566400,TSM
2023-12-26,101.33717346191406,101.83197649164268,100.48340192604878,100.52221073250034,6407500,TSM
2023-12-27,101.53121185302734,102.22975552629781,100.97819934535865,101.91929249395788,5889700,TSM
2023-12-28,101.57972717285156,102.37528923311831,101.57972717285156,101.87078953232465,5335100,TSM
2023-12-29,100.90058135986328,101.84167450494715,100.58041427713984,101.5991250305244,4409600,TSM
2024-01-02,98.50418853759766,99.56170806474337,97.59220017132809,99.20273218818522,9020900,TSM
2024-01-03,97.18472290039062,98.23253842002296,96.6899272955831,97.3496547686598,6650600,TSM
2024-01-04,96.17572021484375,97.44668456398894,96.16602356479058,96.563800875636,7996700,TSM
2024-01-05,96.64142608642578,97.64072887016839,95.85556805300169,96.04960469764205,7347300,TSM
2024-01-08,99.19303894042969,99.7266507877525,97.50489653566231,97.63101960774628,12455600,TSM
2024-01-09,98.85346984863281,98.93108746215105,97.22353697486483,98.03850711276034,7764000,TSM
2024-01-10,97.79595184326172,99.71693955117725,97.00038985676711,99.46468602316014,6975700,TSM
2024-01-11,98.20343780517578,99.11542624795473,97.01009106830497,98.66912867662077,7862700,TSM
2024-01-12,98.22283935546875,99.32886443722985,97.8638708477183,97.88327155001981,6519700,TSM
2024-01-16,98.64002227783203,99.29975716973212,97.21383012901691,97.53399722406171,11185500,TSM
2024-01-17,99.88188934326172,100.25056935083917,97.0198079689862,97.86388296304499,17649500,TSM
2024-01-18,109.66146087646484,110.01073269168141,106.21726297922108,107.88599704945099,58783700,TSM
2024-01-19,110.79660034179688,111.71829281398668,107.71137063676424,109.84581051813318,37812600,TSM
2024-01-22,109.66146087646484,111.66977011294905,109.16665790457103,111.35930709964789,17755500,TSM
2024-01-23,110.72868347167969,111.20408577131764,109.78759772799849,110.13686216153657,11667900,TSM
2024-01-24,113.0474624633789,115.30802547508779,111.19438821832071,111.89293193026705,21859200,TSM
2024-01-25,113.0862808227539,115.29833116276434,113.00867060533275,114.50276906851457,15485300,TSM
2024-01-26,113.76541900634766,114.52217225839055,112.83402981906231,113.41614713586274,10196400,TSM
2024-01-29,113.4937515258789,114.35722704894535,112.31010892517502,113.67808409013665,10042200,TSM
2024-01-30,112.6011734008789,114.49306387302997,112.1160744185873,112.89223575106308,11030800,TSM
2024-01-31,109.59356689453125,111.32051817703946,109.51594927683969,110.1174747109141,12853900,TSM
2024-02-01,110.01073455810547,110.63166059524231,109.25398141297133,110.40851923297058,8807600,TSM
2024-02-02,112.30042266845703,112.50416336777684,110.52495848606833,111.43694700856771,10044000,TSM
2024-02-05,115.24981689453125,115.97746536666456,113.10568028488785,113.63928472323846,13267600,TSM
2024-02-06,115.82222747802734,117.38424675447328,114.75501122382788,116.54017928349016,11503800,TSM
2024-02-07,121.25534057617188,121.27474127788632,116.42375162677087,116.43345567863948,18172500,TSM
2024-02-08,129.7445526123047,130.7341585512947,122.35164983077978,123.21512531365067,33367000,TSM
2024-02-09,129.14305114746094,131.1416565779565,126.69814814124057,130.4916257207402,16984200,TSM
2024-02-12,126.57202911376953,129.53112097228043,126.37797768353319,129.29828294246985,14203800,TSM
2024-02-13,123.7487564086914,126.04812090441482,122.71064485695396,124.11742897963686,14494000,TSM
2024-02-14,125.41748809814453,126.89217826392891,124.14652380137899,125.76675993826089,13069700,TSM
2024-02-15,125.18464660644531,127.22206832563518,124.52491907317415,126.90190120953125,12554000,TSM
2024-02-16,122.91437530517578,124.8062582645359,122.06059640903574,123.34125735122319,13104400,TSM
2024-02-20,121.59490966796875,123.2733479600199,120.45007580201668,123.1084160866087,12038800,TSM
2024-02-21,121.60459899902344,121.64340780255318,119.24702525127623,120.72172277529454,11469700,TSM
2024-02-22,125.22347259521484,127.56163870393668,125.15555162404956,125.82499066417468,17014100,TSM
2024-02-23,125.66973876953125,127.10562758457526,123.92338690782722,126.61083196153838,10123300,TSM
2024-02-26,126.74665832519531,127.31907155698582,124.72864483294052,126.14514033952024,9526700,TSM
2024-02-27,124.75775146484375,128.03702528962748,124.75775146484375,126.87279070458258,8851800,TSM
2024-02-28,123.58381652832031,124.74805855025065,122.87557614518414,124.67044093505065,6519100,TSM
2024-02-29,124.83537292480469,125.33988002202184,123.36067524483346,124.21444680670909,9369900,TSM
2024-03-01,129.9095001220703,132.57754449563373,126.2227597400194,126.25186449431642,24393000,TSM
2024-03-04,134.13955688476562,137.7584057257919,133.57684032393007,135.76949706167636,26544600,TSM
2024-03-05,130.94761657714844,133.33429520891258,129.7445658073193,133.03353621746672,13694700,TSM
2024-03-06,137.35093688964844,139.7085109052319,134.47914431837154,134.66348430557449,22292700,TSM
2024-03-07,144.75355529785156,147.0820396482483,139.85405187319313,140.58170045693302,34675700,TSM
2024-03-08,142.0078582763672,153.67933753239578,140.610770967229,149.3134470933613,43856900,TSM
2024-03-11,134.87692260742188,140.0965774905133,134.789593541201,139.3398242769044,29227100,TSM
2024-03-12,140.09657287597656,142.3280310392404,136.3807278924922,140.21300669242066,21218500,TSM
2024-03-13,137.90391540527344,138.96142745971258,137.15685895031973,138.78679896076022,12923100,TSM
2024-03-14,135.45904541015625,138.83534524335138,134.87693546943265,138.35994287498698,14961900,TSM
2024-03-15,132.89772033691406,133.5962640940738,130.61776387744695,131.40362190323995,22751200,TSM
2024-03-18,133.10618591308594,137.87945509833042,133.07696296876443,136.55462712049103,14732900,TSM
2024-03-19,131.3819580078125,132.74575982221063,129.5895480548854,131.8008449837752,17341100,TSM
2024-03-20,133.2133331298828,133.75884787448882,131.51832814700393,132.99902164247874,12750200,TSM
2024-03-21,135.843505859375,138.91204868121739,135.44410581566763,138.86333882103023,17809400,TSM
2024-03-22,136.9053192138672,137.68463242295482,135.51230930135966,135.7948027217703,9944100,TSM
2024-03-25,136.6033477783203,138.01584470075537,135.65843286614592,136.53516585756927,9922200,TSM
2024-03-26,135.249267578125,137.31444950099865,135.05444302121714,136.97349537828924,10786400,TSM
2024-03-27,133.15489196777344,135.6779051831444,131.65471150273598,135.26876911017848,13842800,TSM
2024-03-28,132.53146362304688,133.26206704449237,131.93723891237127,132.17102249416845,10019400,TSM
2024-04-01,137.8307342529297,139.26271771279326,133.50556093449774,133.73934444522803,14222700,TSM
2024-04-02,136.59359741210938,137.39238264311314,135.74610232044577,136.74946302055585,9869200,TSM
2024-04-03,138.3275604248047,139.23350139701424,134.81092255464984,134.9960111053152,9707500,TSM
2024-04-04,136.048095703125,142.95472949246556,135.82403329541916,140.2758504048725,15759500,TSM
2024-04-05,137.7041015625,138.32754907644713,135.32720327052624,136.37927373734223,8263600,TSM
2024-04-08,139.09713745117188,142.2241264986693,139.0679145047231,141.4837870816931,16307400,TSM
2024-04-09,141.63963317871094,144.33799910391278,139.25299849091968,142.47739229904752,18443400,TSM
2024-04-10,142.43846130371094,144.59129798629678,141.5032822719581,142.8378614560307,18861300,TSM
2024-04-11,143.39306640625,143.74375657266748,140.40247139788457,143.39306640625,11818800,TSM
2024-04-12,138.83412170410156,142.72092196505577,138.4736806149201,141.24997925631286,12024000,TSM
2024-04-15,136.51564025878906,141.71753138353367,136.26236983835906,141.26943641937598,13458800,TSM
2024-04-16,136.18446350097656,136.90531593920585,133.5153206545481,134.32385678902276,14218200,TSM
2024-04-17,135.43438720703125,138.88284359916742,133.8075787438663,137.4800826846825,18823200,TSM
2024-04-18,128.8491973876953,131.63523179662323,126.9301449348239,129.45315800350767,39306100,TSM
2024-04-19,124.39738464355469,128.14782083450606,123.36480103220926,126.02419286235614,28284000,TSM
2024-04-22,126.39436340332031,127.28083225547448,122.52703564223225,123.47195037665394,18556800,TSM
2024-04-23,129.9792022705078,130.2519745353118,127.28085120958858,127.96274471118976,12573800,TSM
2024-04-24,129.53109741210938,132.76522700289445,128.13807270448774,132.57040242632033,15558000,TSM
2024-04-25,133.04774475097656,134.27515304857275,125.52739961904528,126.63791613520283,18034300,TSM
2024-04-26,134.7232666015625,135.15188963056363,132.43403672583537,133.2717958650202,9453400,TSM
2024-04-29,134.91806030273438,135.06417499999733,132.39504743559078,134.43099149297723,9997100,TSM
2024-04-30,133.78807067871094,136.0870362887195,133.71013787753887,134.37255925542033,10980600,TSM
2024-05-01,131.45013427734375,135.82400272653723,129.7648803380385,133.86599143974303,12561800,TSM
2024-05-02,132.706787109375,133.20360689586212,129.77463770948836,132.09309040866012,9261900,TSM
2024-05-03,137.89892578125,138.43470447100603,135.17133734044202,135.30771601927438,13264300,TSM
2024-05-06,139.13607788085938,139.13607788085938,136.1941781100348,136.83711250585958,8601600,TSM
2024-05-07,137.46058654785156,138.610062025376,136.8760979179543,138.20092593011324,8682900,TSM
2024-05-08,139.8861541748047,140.52907364288532,137.15856613900914,137.4605463927147,10202300,TSM
2024-05-09,139.09713745117188,139.64266713459878,137.4800799124037,139.24326704757988,8012700,TSM
2024-05-10,145.3997802734375,146.60771631041527,143.13003776546398,143.412546007866,23671400,TSM
2024-05-13,142.62350463867188,144.6010029862829,142.51634889679414,144.1918669347939,8278700,TSM
2024-05-14,148.02024841308594,148.07869430782492,142.46766545041547,142.70146389353587,12316500,TSM
2024-05-15,151.55633544921875,151.9654714733323,148.78003723625318,149.39374870450385,14027100,TSM
2024-05-16,148.29298400878906,151.04979559688476,148.27351195618454,150.11463169034909,13394100,TSM
2024-05-17,147.75718688964844,150.0171933001358,146.93891485722804,150.0171933001358,7711200,TSM
2024-05-20,149.578857421875,150.25101486083682,146.9194654741311,147.74747365938916,9261200,TSM
2024-05-21,149.69573974609375,150.00747094732947,148.02022169985634,148.36117584318765,7919400,TSM
2024-05-22,152.11163330078125,153.1637040590963,150.54327062368642,151.8486267593265,13455200,TSM
2024-05-23,153.0272979736328,156.62186870562223,151.83884871091104,155.06324233557845,20873000,TSM
2024-05-24,155.86204528808594,156.5049797922984,152.65713852208137,153.13445652271184,11908200,TSM
2024-05-28,155.2873077392578,156.23222257901944,153.52412072820664,155.55031423878185,13964400,TSM
2024-05-29,150.34841918945312,152.82273743824106,149.24765362185218,152.6960947721691,15780000,TSM
2024-05-30,149.00413513183594,150.06594184271088,147.96180047616224,149.6178318822894,9687800,TSM
2024-05-31,147.13375854492188,148.55600619363005,143.98729778881898,147.56238153122194,13782600,TSM
2024-06-03,150.942626953125,153.0857268253209,148.51703370067895,151.10822857108693,12924400,TSM
2024-06-04,148.5268096923828,149.81266401603915,147.08508973429386,149.43275082221285,10066700,TSM
2024-06-05,158.70652770996094,159.49557694530804,153.86506168174432,154.4885092757117,23192600,TSM
2024-06-06,157.87850952148438,160.44048165163397,156.2127274578296,160.26514399449252,14819100,TSM
2024-06-07,160.1385040283203,161.82375817280652,157.77135643209076,159.33971880318165,14023300,TSM
2024-06-10,163.81100463867188,165.447548894215,158.21944870390848,159.75858810471433,12418900,TSM
2024-06-11,161.42437744140625,164.05454646442894,159.554019830557,163.83048407369586,11508600,TSM
2024-06-12,168.50631713867188,171.50666271706388,167.1035566226278,168.8764941815613,20309500,TSM
2024-06-13,168.96954345703125,170.10311170087982,166.62422830654575,169.0086253328978,15591800,TSM
2024-06-14,168.5786590576172,169.6829122251955,166.47766143665305,168.08028683092428,9192500,TSM
2024-06-17,173.20086669921875,174.59827114033067,169.52654414212034,173.7871842973766,18593700,TSM
2024-06-18,175.59503173828125,180.6472103805451,174.91098707985142,175.9175131296243,27155100,TSM
2024-06-20,171.3832550048828,178.99572147012046,169.54609371356702,178.41917060905612,28403200,TSM
2024-06-21,169.99563598632812,173.43540804858304,168.2855166974424,168.7741222085526,20175600,TSM
2024-06-24,163.98574829101562,167.51348001160528,163.31147042722432,166.54603591428898,19741700,TSM
2024-06-25,168.6666259765625,168.70570785602484,165.1584271247876,166.07700785824736,13346800,TSM
2024-06-26,168.14869689941406,169.73177388171015,166.32130226627288,168.1975455185272,11901500,TSM
2024-06-27,167.71871948242188,171.48097267898547,167.249647492245,169.82948379399502,10864600,TSM
2024-06-28,169.8490447998047,172.79045950960665,168.87183378095895,168.87183378095895,11216100,TSM
2024-07-01,168.4027862548828,171.30510433898021,166.5656246633174,170.26926298579806,10717000,TSM
2024-07-02,171.6959686279297,172.68296127474082,167.13239507622424,167.2301221400265,10655500,TSM
2024-07-03,178.33123779296875,178.33123779296875,173.8262945614276,173.9337883660826,11808700,TSM
2024-07-05,179.79705810546875,180.86221452183588,178.14556912191526,179.94363379173703,11372900,TSM
2024-07-08,182.3768768310547,188.4062663539888,180.9110604666477,185.67007282488473,22582400,TSM
2024-07-09,180.31497192382812,184.14563712764595,178.34100159410184,183.80360732454992,19935200,TSM
2024-07-10,186.69613647460938,187.05769971873383,182.44526329902862,183.98925823631637,19293500,TSM
2024-07-11,180.29542541503906,189.0610090793214,178.8393756900485,188.68966413619688,21584200,TSM
2024-07-12,183.08047485351562,186.04142279718818,178.58529858276927,178.8980132396463,19220300,TSM
2024-07-15,180.99900817871094,185.728705462877,179.8849883239932,184.38014961888254,15683100,TSM
2024-07-16,181.80030822753906,185.26940988475988,180.80356385124225,183.9794992579414,16663300,TSM
2024-07-17,167.29852294921875,172.55592298659275,166.624244962441,171.22691540845221,45052600,TSM
2024-07-18,167.95326232910156,174.6178490036395,160.76098823605886,171.50054329529482,52903600,TSM
2024-07-19,161.99227905273438,166.634031514994,161.45480999594548,165.31479064024472,22585300,TSM
2024-07-22,165.4906768798828,166.98580840917526,162.39290511155224,162.81311356499785,21037200,TSM
2024-07-23,165.9499969482422,167.63078633005935,164.14215044022438,165.55910355974902,11690700,TSM
2024-07-24,156.15834045410156,161.67957733521123,155.9531195573842,161.32778073445175,19536600,TSM
2024-07-25,156.62738037109375,159.67627396790854,148.643568163804,154.5556977897767,25731800,TSM
2024-07-26,158.24954223632812,160.83914526661985,155.562212147474,160.5557606544779,13089200,TSM
2024-07-29,156.36351013183594,159.51013041046127,155.01496923460718,158.97266143534424,12663100,TSM
2024-07-30,151.01817321777344,157.47753817513708,149.07353297594236,156.78372675282387,22018000,TSM
2024-07-31,162.02157592773438,162.85219627545385,158.37658331702292,160.0378389235174,19860400,TSM
2024-08-01,154.57522583007812,163.84896340851662,153.26576669408314,159.75444701201843,21095600,TSM
2024-08-02,146.44482421875,150.35366776932543,143.54250668956337,147.80314675613278,31095300,TSM
2024-08-05,144.57835388183594,146.5816392673677,130.5260708702553,130.80945547864115,31193100,TSM
2024-08-06,151.84878540039062,154.1159216104838,144.35358036433763,147.01159492945553,24528100,TSM
2024-08-07,151.50677490234375,158.94335062091582,150.99863595847341,157.86842755252368,22379000,TSM
2024-08-08,160.800048828125,160.9954880164956,151.9953695003545,155.64037671765823,18889600,TSM
2024-08-09,163.31150817871094,163.9760194557146,159.51993939142912,162.52975125667015,20519400,TSM
2024-08-12,163.80987548828125,165.66657031943143,161.76749328074922,162.21701687633126,14727300,TSM
2024-08-13,168.4125213623047,168.52001515674795,162.54925601679147,164.17142967436996,15243500,TSM
2024-08-14,166.09654235839844,168.57865155066935,163.37989717580408,167.96301880653536,11510300,TSM
2024-08-15,169.99563598632812,171.44190412411842,166.9271939729983,168.50048940415857,15393500,TSM
2024-08-16,170.56239318847656,171.01191678775464,168.3245866668042,169.43860655686507,10710000,TSM
2024-08-19,171.45164489746094,171.45164489746094,167.2007865412919,170.77736700848916,11511000,TSM
2024-08-20,168.11936950683594,171.40279897788568,165.97928999778068,171.40279897788568,13555500,TSM
2024-08-21,167.53305053710938,169.13567592624926,166.03791895076176,166.4776609036188,9434800,TSM
2024-08-22,162.64697265625,169.33109114350725,162.27562776993997,168.08026247610428,13546100,TSM
2024-08-23,167.376708984375,169.3408978448874,164.09327922985474,165.14866896284954,12189100,TSM
2024-08-26,165.21707153320312,167.151945145203,163.99555777872348,166.4972155621287,9611300,TSM
2024-08-27,166.663330078125,166.69264521366551,161.27888821433118,162.6274440934173,9186000,TSM
2024-08-28,165.34408569335938,168.53956959640473,162.41245291542373,167.41578299595156,10581400,TSM
2024-08-29,165.29522705078125,171.4223439128726,163.69260168124694,164.8066215733494,13213200,TSM
2024-08-30,167.78712463378906,168.30504526755848,164.90435518462468,166.18449920058518,9481400,TSM
2024-09-03,156.83261108398438,164.83595727770688,156.15833305522153,164.171460902789,18464400,TSM
2024-09-04,157.2039337158203,160.1453484609043,155.32769032645797,155.6697201515793,11317400,TSM
2024-09-05,159.9694366455078,160.8391538332358,157.37983347728863,157.85865732100288,10260600,TSM
2024-09-06,153.24623107910156,161.64046971118793,152.45467767014753,161.1323158329974,14964400,TSM
2024-09-09,159.07040405273438,159.38311872741826,156.59806143635845,157.09643367419744,10339000,TSM
2024-09-10,158.72836303710938,159.17788662247307,154.09639280599572,159.17788662247307,11910800,TSM
2024-09-11,166.35061645507812,166.4972070447506,157.7413903396908,160.06715718078053,15059500,TSM
2024-09-12,168.14158630371094,168.84777630873876,165.7582062613108,167.32752070939304,13399900,TSM
2024-09-13,169.19107055664062,171.41753115389173,168.16120887307747,168.93606331634834,8787800,TSM
2024-09-16,165.83668518066406,167.28829141959625,163.5709983238861,166.65076579850984,12194300,TSM
2024-09-17,164.13986206054688,166.9744248563112,163.16884706705702,166.10149762761122,8629100,TSM
2024-09-18,164.0712127685547,168.30835316804,163.7965849611169,165.2285856422651,9116000,TSM
2024-09-19,172.83970642089844,174.36977972799693,169.31857426339724,171.03500533899208,15855000,TSM
2024-09-20,170.74075317382812,172.6435419750727,170.31899376524018,171.51559259971168,18429800,TSM
2024-09-23,171.40773010253906,172.03545295728176,170.36806552744272,171.48619733014357,5794200,TSM
2024-09-24,178.47940063476562,179.27386058862416,173.65377927725146,176.0567796836147,14576100,TSM
2024-09-25,178.8521270751953,180.2939304002615,177.73399541147984,178.03804652684497,8280900,TSM
2024-09-26,183.24620056152344,185.6982451845175,180.27432367574204,184.88416457375234,15103400,TSM
2024-09-27,174.55613708496094,182.37325579095622,173.99706378079003,182.27516802900269,17908400,TSM
2024-09-30,170.338623046875,173.42820805149023,168.6319947119611,170.92711970473266,13540200,TSM
2024-10-01,168.7693328857422,172.61413702200096,167.50406949133117,171.9471731085387,11850200,TSM
2024-10-02,172.4277801513672,173.57533523413366,167.51387316941418,169.64226106331392,11164400,TSM
2024-10-03,176.03717041015625,177.32203930333995,171.76080430416422,172.42776817483386,12555000,TSM
2024-10-04,177.68496704101562,177.75361650882093,174.14421396913588,176.25296638088642,9993800,TSM
2024-10-07,180.97068786621094,181.45129397859603,177.45935832734276,178.11651942704782,12054200,TSM
2024-10-08,182.4811553955078,182.9617465410849,178.53826363361156,181.41206758119685,10394200,TSM
2024-10-09,183.55026245117188,184.39376644953154,178.76386627758728,184.19760586142098,11925000,TSM
2024-10-10,182.21632385253906,183.4913899449326,180.86279054272688,182.29479106995774,6443800,TSM
2024-10-11,187.14984130859375,187.81680519241402,184.403548485865,184.56048292512764,12163900,TSM
2024-10-14,188.5229949951172,190.52385671218792,186.8457899802924,186.95368053640502,11714400,TSM
2024-10-15,183.54043579101562,189.90593359903727,180.7156757980755,189.25860523906482,21812700,TSM
2024-10-16,183.8837127685547,186.36518054879255,183.0794499732264,186.13959665043228,18689200,TSM
2024-10-17,201.8915252685547,208.5218629419582,198.09576530503287,199.44929861063846,62274700,TSM
2024-10-18,196.9285888671875,201.99941489590708,196.90896832146086,201.99941489590708,21030800,TSM
2024-10-21,198.0761260986328,199.53754981941287,195.83006021220788,196.9579945498899,14820000,TSM
2024-10-22,194.67271423339844,196.33029872257413,193.32899862633292,195.25140811402753,11165100,TSM
2024-10-23,197.00704956054688,199.23350999492126,192.46585868808796,192.9072236727293,16535700,TSM
2024-10-24,194.1332550048828,196.65396387013416,193.62324053751377,195.1435110818478,9935800,TSM
2024-10-25,199.5375518798828,201.263785614653,196.16353665484505,196.4087410756636,13434900,TSM
2024-10-28,190.9456024169922,195.90855306422148,190.7886829429782,195.4377497439037,20135300,TSM
2024-10-29,193.16224670410156,194.97675053023877,189.88631906820964,190.66115849208936,13779100,TSM
2024-10-30,190.7494354248047,191.70082985752418,188.91531098688367,190.6513626276109,10007800,TSM
2024-10-31,186.885009765625,189.1605141569359,184.06026478832112,189.1605141569359,13062700,TSM
2024-11-01,189.248779296875,194.3686490795693,188.85645818864418,190.47480146771002,12691200,TSM
2024-11-04,187.8854522705078,190.63174505837134,186.94387557906936,189.9844017292001,10917300,TSM
2024-11-05,192.00489807128906,194.53540993528534,189.77845231412087,189.86672232928413,10339200,TSM
2024-11-06,189.51361083984375,190.53365473622637,184.88414976514795,188.35623808812406,19834900,TSM
2024-11-07,197.33074951171875,198.13501238214656,192.4855068429817,192.54435352056262,14865200,TSM
2024-11-08,197.34051513671875,202.64674240195492,196.18315745268197,199.9789171027123,13112100,TSM
2024-11-11,190.32769775390625,194.39808565181295,187.81680657163292,194.16269895728232,16610000,TSM
2024-11-12,188.09144592285156,190.27866556851978,186.0807663089347,190.11192832761253,11819000,TSM
2024-11-13,183.07943725585938,188.78778854305443,182.92250283047017,188.7485624197524,13882200,TSM
2024-11-14,184.88417053222656,188.9643765082484,183.9425787815703,184.78608275770853,11453900,TSM
2024-11-15,182.44190979003906,185.17839977605092,181.26493144777328,184.57028257577517,9834800,TSM
2024-11-18,183.8837127685547,184.39374220345286,179.9702594139183,180.81376330136501,10681500,TSM
2024-11-19,186.03172302246094,186.3750152623195,184.41337952848292,185.50208795940594,9390100,TSM
2024-11-20,184.746826171875,185.2274322420359,180.5293069864457,185.2274322420359,10624500,TSM
2024-11-21,187.57159423828125,188.61125867167942,183.15791430820806,185.77669593745387,18137300,TSM
2024-11-22,186.433837890625,189.29782389665382,185.79629737971223,189.24878001641576,8838900,TSM
2024-11-25,181.52975463867188,184.63894517314662,180.18603908313477,184.4820107381096,14380000,TSM
2024-11-26,180.3135528564453,182.33403526541434,178.83252326688375,181.84362633251536,10186600,TSM
2024-11-27,177.71437072753906,178.9501957062098,174.63460358753537,178.50883071140532,9895200,TSM
2024-11-29,181.11781311035156,183.36387921993904,177.70455649308724,178.02822815331533,8045300,TSM
2024-12-02,190.67095947265625,191.54388664797656,185.31570308305675,185.70802418604245,16646900,TSM
2024-12-03,195.07484436035156,195.18273491296722,188.9055072137606,189.7882372143676,11217700,TSM
2024-12-04,196.84033203125,198.7136976720735,194.46675468661226,196.01644864869985,12761100,TSM
2024-12-05,200.38107299804688,201.68556242543366,196.8991669283864,197.38957581239234,12483700,TSM
2024-12-06,199.1256103515625,199.29234756187432,196.09487233445316,198.12517212360146,9672900,TSM
2024-12-09,195.34947204589844,199.2335169721628,195.16311427636802,197.07570592085406,9699700,TSM
2024-12-10,188.2581787109375,196.07529809745807,186.7182875175398,195.2808380411823,15307900,TSM
2024-12-11,190.86715698242188,192.240295967179,189.55284970719148,190.93580644861348,9027600,TSM
2024-12-12,188.38369750976562,192.28006127376347,188.21641579546602,191.5027613101632,7944900,TSM
2024-12-13,197.7605743408203,199.28565751799943,194.1003446883572,195.3204112301005,19477000,TSM
2024-12-16,198.97079467773438,202.19809148180482,197.64248004211566,199.9350441461953,15139300,TSM
2024-12-17,197.43588256835938,199.1479153666974,194.2971357532501,197.77041598715908,11169400,TSM
2024-12-18,192.41781616210938,201.94228952299616,190.8435333432041,199.73827556018858,14721100,TSM
2024-12-19,191.51258850097656,195.37945037283785,190.8336727897143,195.21216866441495,10553400,TSM
2024-12-20,194.0413360595703,194.89735253519115,188.8953582448351,189.5054066076438,16170100,TSM
2024-12-23,204.02822875976562,204.7071445368955,197.6818676053374,197.77041792054112,17847000,TSM
2024-12-24,203.0147705078125,203.8707868771787,201.26337206611117,202.61135462727248,7634500,TSM
2024-12-26,199.79733276367188,204.81539456221415,199.63006603886961,202.19813048646878,8044900,TSM
2024-12-27,198.39028930664062,201.21417041470488,195.85174198094828,201.21417041470488,10664400,TSM
2024-12-30,197.1702117919922,198.72482677582198,195.2908973165761,196.6290459726817,11235200,TSM
2024-12-31,194.31683349609375,198.53789728612784,194.18891746761386,197.5637987129115,6427900,TSM
2025-01-02,198.34109497070312,200.4959093286327,193.52966613580406,193.8346827775901,10951400,TSM
2025-01-03,205.25814819335938,205.44509776030804,200.4270362794602,200.8206182660936,10261900,TSM
2025-01-06,216.47496032714844,218.6297746694807,212.22438019748785,215.2548937688356,24339900,TSM
2025-01-07,208.0229949951172,217.92135295513364,207.92461075913073,217.68521877787205,17010000,TSM
2025-01-08,203.79208374023438,206.92099673064794,202.61136780585136,206.59629722130953,13262700,TSM
2025-01-10,205.02198791503906,206.60611966823637,199.96457601581076,204.2643707822702,17265200,TSM
2025-01-13,198.12461853027344,200.31878346622696,196.83566955438317,197.29811895981777,16612400,TSM
2025-01-14,198.2131805419922,202.94589302117402,195.31058294180215,201.8930931519439,14182900,TSM
2025-01-15,203.47723388671875,205.68123296842967,196.14694012887284,199.2364874247292,18286500,TSM
2025-01-16,211.33883666992188,218.38379635985856,209.7448709630499,215.3729655741594,38539600,TSM
2025-01-17,208.10171508789062,212.21454556015965,207.66878240373222,211.71274541094942,21606100,TSM
2025-01-21,215.18601989746094,216.61271892128187,208.6428752294455,211.01415599407375,19061300,TSM
2025-01-22,219.61370849609375,221.80787354247082,215.78621206379614,218.38379299710843,17294500,TSM
2025-01-23,221.01089477539062,221.08961117041076,215.88461528874822,216.56353105888186,8986800,TSM
2025-01-24,218.31492614746094,222.76228979443889,217.40971013930746,222.5851891686253,13183800,TSM
2025-01-27,189.2200164794922,203.67398423641944,184.65457124980983,193.87401201209664,68667500,TSM
2025-01-28,199.1479034423828,199.5808360824915,189.3676284060368,192.50636001959208,31738800,TSM
2025-01-29,199.07904052734375,203.1328371342943,196.5404931817354,201.20433807440423,15199500,TSM
2025-01-30,204.80552673339844,206.2519085884686,202.11939543696118,203.25092672545665,13539000,TSM
2025-01-31,205.9567413330078,211.5454702713137,204.85472681349754,206.55692569605387,15746900,TSM
2025-02-03,196.58969116210938,201.69630258104084,194.79892703640385,196.42242446030443,17719800,TSM
2025-02-04,200.7714080810547,202.44409014881973,198.83306006298756,200.7910909327555,12692900,TSM
2025-02-05,205.2187957763672,207.09809532237963,200.5549506158864,202.6900822044644,10997800,TSM
2025-02-06,207.11776733398438,207.78683415018997,203.67400398163784,206.68483468179642,8491400,TSM
2025-02-07,202.80813598632812,209.75469613985607,202.41456904244293,209.58742943802403,11616200,TSM
2025-02-10,204.60873413085938,206.60611564860233,203.21155196168456,204.65793375227312,9296500,TSM
2025-02-11,205.3860626220703,206.46837929627443,197.77042014300454,201.83406591845971,9224500,TSM
2025-02-12,203.06396484375,203.74288057293307,199.7481025881068,201.60773414413958,7373700,TSM
2025-02-13,198.5870819091797,199.0495313471543,196.02885161458045,198.63628153284836,15580900,TSM
2025-02-14,200.62380981445312,202.9360569536751,194.28729778694992,196.76679661847064,23220300,TSM
2025-02-18,199.4824676513672,202.54249813050765,197.29813644047633,201.47000036399456,14988100,TSM
2025-02-19,197.72120666503906,199.34470408302138,196.8061567678625,198.7641725746187,13163100,TSM
2025-02-20,196.88490295410156,197.12103714982172,194.43490557817358,197.0620036008917,10639300,TSM
2025-02-21,195.05477905273438,199.43327555935727,192.86059882588606,198.09512679415835,13757300,TSM
2025-02-24,188.57064819335938,195.59592529163794,188.3837136391433,193.71662572092964,15114300,TSM
2025-02-25,186.32728576660156,190.42044841710643,184.45782009182048,187.586718118508,20581000,TSM
2025-02-26,191.492919921875,192.9294678396551,188.01963973213302,188.01963973213302,14112300,TSM
2025-02-27,178.18031311035156,191.6405160283844,178.1704791913421,191.56179963545827,24219200,TSM
2025-02-28,177.62930297851562,179.23311748659373,172.69980739222575,176.4289043304695,27929400,TSM
2025-03-03,170.1907958984375,178.65262091525756,168.321330261837,178.23935607713724,37403000,TSM
2025-03-04,177.10784912109375,180.65001210896298,171.3813547929749,172.2472201930359,29395200,TSM
2025-03-05,181.31907653808594,181.77169208568864,177.8162793051907,180.05964416251953,17334000,TSM
2025-03-06,173.02452087402344,178.63293262677848,172.96547231779053,175.71065215836086,17864300,TSM
2025-03-07,174.25442504882812,175.6024075628754,168.27211456405607,172.9654610599381,21012700,TSM
2025-03-10,167.90806579589844,172.07994476914362,165.21210050431668,169.69883005299715,18265100,TSM
2025-03-11,168.2229461669922,170.54502754264095,165.39906460501615,167.9080805502715,16561100,TSM
2025-03-12,174.3232879638672,175.26786960047775,171.95200746081468,172.77852202295486,14737600,TSM
2025-03-13,168.8329620361328,171.09600962753058,167.76047929085536,171.09600962753058,14381600,TSM
2025-03-14,171.29278564453125,171.56828551179382,169.16748808540567,169.8759206051142,11449400,TSM
2025-03-17,173.4082489013672,174.3134648937456,171.02713433179463,171.15503533255875,9678100,TSM
2025-03-18,171.01194763183594,172.4442054449571,168.34496713664862,172.2466552417877,9986000,TSM
2025-03-19,171.6342010498047,173.58010112042894,169.6389247408076,170.88350437561772,10678500,TSM
2025-03-20,175.29884338378906,176.48415963805184,172.4145683053079,172.71090113690207,12209700,TSM
2025-03-21,174.56788635253906,175.0321375926497,171.66385181128987,172.7701600145027,9993200,TSM
2025-03-24,178.94369506835938,180.69203006468445,177.48179051281915,177.78801063834143,11440000,TSM
2025-03-25,178.68687438964844,180.27717835059698,177.6003407659166,180.23767433989076,8718800,TSM
2025-03-26,171.37741088867188,177.35339854791576,169.37224699874068,177.0373061750626,14612400,TSM
2025-03-27,166.1817626953125,169.510529400991,165.500201721507,169.2932196681222,17559100,TSM
2025-03-28,163.2283172607422,166.56697087257018,162.0528734117442,165.9841775286044,16332000,TSM
2025-03-31,163.9691619873047,164.0975763950699,157.7758647209659,158.39816214676515,19408300,TSM
2025-04-01,166.5768585205078,166.80404048152096,163.040654413101,164.35438500872155,9180000,TSM
2025-04-02,168.30545043945312,169.6488128207142,164.3148823765938,164.8087653833499,10072700,TSM
2025-04-03,155.45460510253906,159.820528654384,155.28668670501946,158.10181052994702,28370500,TSM
2025-04-04,145.00404357910156,149.45886256013506,143.06801569732608,149.04400267235008,36085100,TSM
2025-04-07,144.3817596435547,151.86902800353718,132.60759030552757,132.8644040488735,46388300,TSM
2025-04-08,139.64048767089844,150.742983976341,137.27972731275452,150.12068651500164,30479700,TSM
2025-04-09,156.807861328125,158.6549790290397,136.21293303980602,138.48479798213233,45612500,TSM
2025-04-10,149.28109741210938,154.09151355713024,145.1127232113973,153.59763050085738,24503500,TSM
2025-04-11,155.15829467773438,156.0769098798923,151.37514885527514,154.0915055231512,19632200,TSM
2025-04-14,153.93345642089844,156.64981303733236,152.14560229580192,156.3633675167839,17509400,TSM
2025-04-15,155.4052276611328,156.31397057875066,154.1408883781764,154.5755078327139,14306600,TSM
2025-04-16,149.81448364257812,151.66160143962276,146.67339465687988,148.7575817455698,23806100,TSM
2025-04-17,149.8836212158203,155.57314806183518,149.59716062979916,154.14089034806955,27239900,TSM
2025-04-21,146.05108642578125,148.4414784199912,144.05579481642232,148.15503290179126,15170500,TSM
2025-04-22,149.54776000976562,150.73309121703502,145.6362152565363,146.18936178146873,12668600,TSM
2025-04-23,155.87936401367188,158.41793009571592,154.09150980503637,157.42027670018393,17667900,TSM
2025-04-24,162.1714324951172,162.53691620438178,155.46450724863544,155.84973542815186,18761100,TSM
2025-04-25,163.08018493652344,163.88027304536809,159.18838419127076,161.9244853658432,14654800,TSM
2025-04-28,161.40097045898438,163.29749458448055,158.53645487329695,162.98140220619314,11415600,TSM
2025-04-29,162.46775817871094,163.96916681795886,161.4997516550378,162.3689906154625,9830100,TSM
2025-04-30,164.6507110595703,164.87789301124906,159.7711447826458,161.53923922764542,10073000,TSM
2025-05-01,170.60696411132812,172.6417598909978,168.85861387247667,170.68598720896085,22670600,TSM
2025-05-02,177.08668518066406,178.43991976158958,174.97286656853873,177.6003277147833,21691200,TSM
2025-05-05,174.24192810058594,177.87691506278088,174.09376921945756,176.81012590231433,14618900,TSM
2025-05-06,170.17233276367188,172.60224386234424,168.50300573866517,170.48842513219765,14565600,TSM
2025-05-07,172.40467834472656,173.82706385679242,169.2734618001353,171.9700739468075,9682500,TSM
2025-05-08,173.07635498046875,175.27906887988445,171.5354424742546,173.19488207414287,10343000,TSM
2025-05-09,174.3604736328125,178.25227442122437,174.3110823141146,177.60034518748634,11582800,TSM
2025-05-12,184.69248962402344,186.85569965947238,182.35148893629227,184.98882244994078,22064900,TSM
2025-05-13,191.61672973632812,191.90317524156433,185.4234327617368,185.4234327617368,19996000,TSM
2025-05-14,192.3773193359375,193.81946446711527,190.86603841557346,192.89096192579575,12359000,TSM
2025-05-15,191.8439178466797,192.11061889260023,189.28560746903293,190.73762472599208,10241800,TSM
2025-05-16,191.8439178466797,192.6933972278115,190.21410994051575,192.15012290171904,9146700,TSM
2025-05-19,191.13272094726562,191.13272094726562,186.5000959970057,186.687773948492,10144400,TSM
2025-05-20,191.0833282470703,191.35990151921916,188.47562662958603,189.45352038818498,7054100,TSM
2025-05-21,189.41400146484375,192.8810697477645,188.19905351317632,190.73761935078056,7375700,TSM
2025-05-22,193.78982543945312,194.4219951140438,188.99915402661557,188.99915402661557,11825000,TSM
2025-05-23,189.6313018798828,190.44127718930685,187.7051613017688,189.67082095806126,9403100,TSM
2025-05-27,195.26156616210938,195.88386353496242,191.33026189323283,191.7253773173111,12228200,TSM
2025-05-28,193.7404327392578,195.64682905616118,193.08850352795736,193.69104142225981,17787600,TSM
2025-05-29,194.73806762695312,197.3556566610296,193.68116580778616,197.019819826686,14609900,TSM
2025-05-30,190.95492553710938,193.51323579525993,188.22868179973605,193.37494916163323,11998300,TSM
2025-06-02,192.45631408691406,192.77240642553818,189.84861258171426,190.67833236243413,7447400,TSM
2025-06-03,195.19244384765625,195.74559040741042,191.27101154183282,191.97233204787972,9548300,TSM
2025-06-04,199.923828125,201.53389149388025,197.9285516992988,198.91631767831976,13531100,TSM
2025-06-05,200.8523406982422,203.24273267951494,199.8053111191514,202.37350882312433,12214300,TSM
2025-06-06,202.66983032226562,203.766251237501,200.74368954472075,201.0894136900733,8532000,TSM
2025-06-09,204.46755981445312,206.7097928306776,203.35137942330775,203.87489419194287,11472300,TSM
2025-06-10,209.86077880859375,210.6213478050019,207.3913637166133,209.02117164847496,14514000,TSM
2025-06-11,211.48069763183594,214.76994500844222,210.34475773689434,212.36968096517077,13326400,TSM
2025-06-12,213.572509765625,214.01864187233437,210.08287084088747,211.08415696170667,9796100,TSM
2025-06-13,209.27984619140625,211.42121060520182,207.59449193785613,208.2983767866331,10152500,TSM
2025-06-16,213.82034301757812,215.72380158424107,210.89578171938598,211.16345794395167,10932900,TSM
2025-06-17,212.05569458007812,214.07811366042674,211.65914953114356,212.04578624838317,8389700,TSM
2025-06-18,211.65914916992188,213.31474819359536,211.05440813863314,212.84879944191928,6932000,TSM
2025-06-20,207.70355224609375,213.64191056562106,206.35527786666952,213.34449420760222,16992000,TSM
2025-06-23,208.50657653808594,208.7742376401362,204.42208990400172,204.84839020449218,7535500,TSM
2025-06-24,218.19232177734375,218.4699063325991,212.03587452237284,212.54147172075432,14814700,TSM
2025-06-25,220.81948852539062,221.57293017997821,218.89621324351728,218.89621324351728,9168400,TSM
2025-06-26,222.0785369873047,223.27811078914343,220.77983448115128,223.0401746697835,7982200,TSM
2025-06-27,226.59921264648438,226.9065373192269,222.0983493279286,222.3660255478626,13133000,TSM
2025-06-30,224.5371551513672,226.1828307424566,222.86172431031986,225.47896100145897,9279800,TSM
2025-07-01,222.74276733398438,226.62898180498053,219.27294487055778,225.46905641239098,9990200,TSM
2025-07-02,231.58584594726562,231.80395026008568,222.06861359926478,222.54447067849767,12012500,TSM
2025-07-03,232.77549743652344,235.53152635608487,231.2586906976002,231.85350826797222,7779600,TSM
2025-07-07,227.1940460205078,230.54490778701677,225.47896668168426,229.63284203668215,13817500,TSM
2025-07-08,225.8953399658203,228.3440442753619,225.57809181738568,227.7987834747551,8854400,TSM
2025-07-09,229.8410186767578,231.25869675469593,228.25482332032985,228.46300418088433,9475300,TSM
2025-07-10,227.77894592285156,231.0405871848476,225.80611388585731,230.77291095727878,13124700,TSM
2025-07-11,228.41342163085938,230.267308261837,227.42204390654624,229.0082543163367,8817800,TSM
2025-07-14,226.6983642578125,227.8681979514337,224.35871199779515,227.35267724947053,10673500,TSM
2025-07-15,234.90696716308594,235.66042397404465,231.8337050531602,232.4384461174811,14270100,TSM
2025-07-16,235.51170349121094,236.25523682777296,232.13110162377504,234.36170163346114,15092800,TSM
2025-07-17,243.48239135742188,246.13927657445467,239.30868420412833,243.67074043071707,27395700,TSM
2025-07-18,238.32720947265625,243.8491909037162,236.63196195993652,243.19487794603788,16252000,TSM
2025-07-21,236.7905731201172,240.25047166172791,236.65178084519903,238.04961192572344,11971800,TSM
2025-07-22,232.5772247314453,235.94790300925948,229.76170044254383,235.77937060809114,11919500,TSM
2025-07-23,238.25782775878906,238.4263601690054,234.34188848623995,236.46343636664648,9885400,TSM
2025-07-24,239.51687622070312,239.8638493652271,235.97765030687785,238.13886172009657,9081900,TSM
2025-07-25,243.48239135742188,244.11687253814796,238.86256722392204,239.23929562496158,11593400,TSM
2025-07-28,240.65695190429688,241.8466021941359,238.97161273308956,240.904796344981,11892200,TSM
2025-07-29,239.2491912841797,241.86642790694444,237.75221634586697,239.4177236843428,9411500,TSM
2025-07-30,240.81558227539062,242.46127303511008,239.14015139218918,240.03238535109875,6823800,TSM
2025-07-31,239.53668212890625,245.27676765318554,237.73238252761487,243.85908963403463,13490700,TSM
2025-08-01,233.1819610595703,235.1448847169757,229.8410078440157,233.58841442961852,13549800,TSM
2025-08-04,236.9392852783203,236.9392852783203,234.35178871266055,235.85868714754292,6450700,TSM
2025-08-05,230.46559143066406,236.57248212515537,228.18541953393637,236.2750657686736,11868900,TSM
2025-08-06,229.3750762939453,230.19792168159316,226.84707501069948,229.0380114731425,9457200,TSM
2025-08-07,240.52806091308594,245.7030538932532,238.723761303882,242.36211577134713,17691000,TSM
2025-08-08,239.744873046875,241.0634072143646,236.90953219565284,241.0634072143646,10552500,TSM
2025-08-11,240.0026397705078,243.23454096949663,239.45737897369457,239.95306785675675,8272900,TSM
2025-08-12,242.18365478515625,242.6595269788642,239.61599013973694,241.61857735506024,7295800,TSM
2025-08-13,239.35824584960938,244.30521112971675,237.87117922790674,244.30521112971675,7971900,TSM
2025-08-14,238.92202758789062,239.29875595757883,234.7780760302135,235.91815434333276,11040500,TSM
2025-08-15,236.82032775878906,238.72377127173172,235.21428547659966,238.25782250725248,8155500,TSM
2025-08-18,239.32850646972656,240.76600118305328,237.92075187874826,237.92075187874826,6919800,TSM
2025-08-19,230.69361877441406,238.09921239905253,230.5746582751348,237.95051177495344,14594700,TSM
2025-08-20,226.62896728515625,227.0552524708546,221.77120707125417,226.17292684891606,17165200,TSM
2025-08-21,225.36990356445312,228.34403678597056,224.30912212104445,226.1828254455115,7449100,TSM
2025-08-22,230.98110961914062,232.42851267668638,224.21990603865086,226.03412915370404,10299500,TSM
2025-08-25,233.5586700439453,235.2341007868524,230.2474721376023,232.2797994596329,7655000,TSM
2025-08-26,236.6616973876953,236.7707495451449,233.69747247318332,234.33195362728344,9793100,TSM
2025-08-27,237.22677612304688,237.33582828108703,233.40998084608927,234.82764377338734,9516400,TSM
2025-08-28,236.21559143066406,238.5849837554284,233.96515960057798,234.2625759644982,8466200,TSM
2025-08-29,228.87939453125,233.9155957176331,228.59190161683074,233.80654355135852,15526000,TSM
2025-09-02,226.42076110839844,227.36256693460138,223.68456399572787,224.2000695281865,13974900,TSM
2025-09-03,229.3948974609375,230.44575545784252,226.62896018846536,229.52378140942648,7198500,TSM
2025-09-04,233.1819610595703,233.2810897556113,228.31429280541676,229.35524244080054,6241900,TSM
2025-09-05,241.31124877929688,242.44141874842262,235.84874798916988,238.16858329608957,14056600,TSM
2025-09-08,245.0586700439453,245.74272311627038,239.53668867929997,239.90350873570887,12986600,TSM
2025-09-09,248.75650024414062,252.53364700617897,244.80089762307688,244.80089762307688,13443400,TSM
2025-09-10,258.1944274902344,262.29871570427855,255.5276188825111,256.6379571383984,18822400,TSM
2025-09-11,256.6776123046875,259.38408440551353,256.0034827077794,258.10519865957957,10005000,TSM
2025-09-12,257.093994140625,258.7000516064709,256.15220337384875,258.6009077745866,8496600,TSM
2025-09-15,259.1263427734375,260.5340823534966,256.5190142325071,257.7582365234854,8147700,TSM
2025-09-16,260.62005615234375,264.97599421668303,259.17801132925484,264.4588623873146,10381900,TSM
2025-09-17,261.3460693359375,263.3549592162949,258.30288539395997,262.88754048795744,10422000,TSM
2025-09-18,267.1639099121094,269.0534638523822,256.562480107344,256.5823592867539,16917300,TSM
2025-09-19,263.41461181640625,265.1052829526373,261.3659333430305,264.906369754295,17640200,TSM
2025-09-22,271.1319885253906,274.84147392149646,263.99144765712083,265.0754548070481,15630300,TSM
2025-09-23,281.1566162109375,284.4285475106924,278.4615150454331,280.8483219615575,17830300,TSM
2025-09-24,279.1676025390625,279.6648552394241,275.1995357021434,278.76980644875243,10231000,TSM
2025-09-25,275.1398620605469,275.6172355688881,268.70541103823734,271.6193045175327,11863400,TSM
2025-09-26,271.85797119140625,273.98622723405964,269.13303621146224,272.3850881691714,10451900,TSM
2025-09-29,271.7287292480469,278.33222951360113,271.7287292480469,274.9707963081368,8046200,TSM
2025-09-30,277.75543212890625,277.9543150064618,272.32541058839513,273.8072443281553,8348800,TSM
2025-10-01,286.88494873046875,288.88391412069626,275.64705083840846,276.9100616594081,14620100,TSM
2025-10-02,286.52691650390625,295.08962319046634,285.45286409978945,294.8907099841994,10198000,TSM
2025-10-03,290.58453369140625,294.4332647127267,288.89386238053913,291.2508353098814,10572500,TSM
2025-10-06,300.7384033203125,305.61147332841716,298.2919287260205,298.36155138253906,15785000,TSM
2025-10-07,292.4143981933594,305.4125900171908,291.66851920293146,304.9352165373552,13081000,TSM
2025-10-08,302.8467712402344,304.71644623437766,292.36470625375244,293.3790908282809,12821200,TSM
2025-10-09,298.2322692871094,301.1660418603919,295.78579462348,300.64891000422716,10259900,TSM
2025-10-10,279.11785888671875,298.5505007898126,278.7896551444281,298.31179888181225,23398000,TSM
2025-10-13,301.2257385253906,302.9561681137841,290.7138097444033,296.60126439106546,20318300,TSM
2025-10-14,294.3139343261719,300.09200834721855,289.7392033567818,294.0056400761598,16567900,TSM
2025-10-15,303.03570556640625,304.9252595920014,298.42121669389684,304.6070409576134,20788000,TSM
2025-10-16,298.1924743652344,309.6591196007559,295.0597886471838,309.2215348277698,26341500,TSM
2025-10-17,293.4586181640625,301.6334531556036,293.2995240198515,296.7603831294787,17633300,TSM
2025-10-20,296.06427001953125,301.9815589455809,295.427771994937,298.35162030188724,13391600,TSM
2025-10-21,292.89178466796875,297.72506617243147,292.0464490379999,297.35710404347793,11190500,TSM
2025-10-22,287.292724609375,293.578006017005,282.8373294944924,291.3900819985591,15409100,TSM
2025-10-23,289.1325378417969,292.4740610939465,288.03857593785744,288.2076248435293,10379900,TSM
2025-10-24,293.33929443359375,296.3128861176487,292.7724494405536,293.9459584891637,8747000,TSM
2025-10-27,296.6112365722656,298.82899454787173,292.07629436062774,297.00903266365736,13615000,TSM
2025-10-28,299.8731994628906,300.4699087478271,294.45313312040213,296.6808457608386,11804200,TSM
2025-10-29,303.41363525390625,306.26786076808014,300.7185342385926,304.119725558309,16177300,TSM
2025-10-30,301.55389404296875,305.6214170208302,299.1670874264836,301.4146487349765,14507100,TSM
2025-10-31,298.77923583984375,305.98939964721217,295.049840767067,304.30868317308915,12667900,TSM
2025-11-03,303.18487548828125,308.4159831524081,300.45994063961587,300.9273593512381,12466600,TSM
2025-11-04,292.4342956542969,300.3306708212322,291.897284599543,295.24876288338845,16224300,TSM
2025-11-05,292.02655029296875,296.5813712041724,289.89829438715213,291.0121354650066,10502500,TSM
2025-11-06,287.65069580078125,293.02104856143376,285.8009305586974,292.4840072153901,11516900,TSM
2025-11-07,284.92578125,286.30815824705064,275.6072710263584,283.64286085739604,15715700,TSM
2025-11-10,293.6475830078125,295.49737873596564,290.1469351108434,292.74257949966966,10869200,TSM
2025-11-11,289.57012939453125,293.29952437049775,287.32253764371603,290.4552233535491,9666300,TSM
2025-11-12,289.02313232421875,293.24977995003894,287.9888382895772,292.0862257172243,9715900,TSM
2025-11-13,280.6494445800781,287.90932208155397,278.46152049338554,287.58114864349864,13827600,TSM
2025-11-14,283.2550048828125,285.2837738289432,271.7286921770343,274.39395907873825,11486800,TSM
2025-11-17,280.46044921875,284.9556022464449,278.26257065497276,279.89357391407117,10227100,TSM
2025-11-18,276.38299560546875,278.6504666727033,271.22151022151843,276.02495788438125,11850400,TSM
2025-11-19,280.8184814453125,282.98649590634164,274.8017359901905,275.3984452927396,11179200,TSM
2025-11-20,275.9752197265625,291.24088209492936,274.89121259556964,290.604384137341,15747300,TSM
2025-11-21,273.54864501953125,277.1587043735677,265.3539304714542,271.3110079339611,20872800,TSM
2025-11-24,283.0760192871094,283.4936945409646,271.68892081341625,271.68892081341625,13570300,TSM
2025-11-25,283.1157531738281,283.831798182715,271.5794859639364,281.17648610593324,13726800,TSM
2025-11-26,288.36676025390625,291.2011065464774,286.14903276682793,287.51150022837163,12220300,TSM
2025-11-28,289.9082336425781,291.0618633686086,287.41201576600156,290.8729049440929,5515400,TSM
2025-12-01,286.0992736816406,289.56016300637964,281.63395465495364,285.34347030144386,7713000,TSM
2025-12-02,290.48504638671875,292.88180777655475,287.5910323521008,290.39554455264516,10746400,TSM
2025-12-03,293.8266296386719,294.99018394912207,284.49816422375153,290.57457758918156,9599200,TSM
2025-12-04,291.3204650878906,292.41442711871065,288.6054847181019,292.36471398772204,6753000,TSM
2025-12-05,293.1006164550781,299.14719559795464,291.6386923841185,294.4232952098061,10275300,TSM
2025-12-08,300.2113342285156,300.957213263575,295.089637591087,299.54503261980415,16643100,TSM
2025-12-09,301.7428894042969,303.0059003461636,296.85986421030725,298.34166755587256,11349100,TSM
2025-12-10,308.4359130859375,312.25481010271403,300.83787741565504,303.69210299994586,12429200,TSM
2025-12-11,303.993408203125,304.9806166643683,298.79805630078465,304.4620887676012,15028400,TSM
2025-12-12,291.21942138671875,303.42501914571716,290.16240225696646,303.42501914571716,19306100,TSM
2025-12-15,286.9314880371094,294.9688383240091,286.7420194714124,294.3206708038066,12082400,TSM
2025-12-16,286.0639343261719,287.6494630176455,282.52392145570184,286.45285309312516,11418400,TSM
2025-12-17,276.1817626953125,288.28766516569226,274.30704043061615,287.7192595027483,16823000,TSM
2025-12-18,283.88006591796875,286.3531082826913,280.9583062743705,284.199174048609,11260300,TSM
2025-12-19,288.1380920410156,291.3490453855629,285.57530617616766,285.57530617616766,12735800,TSM
2025-12-22,292.4559020996094,294.18105187373214,290.3917113539842,293.84201090222973,6091100,TSM
2025-12-23,296.1156311035156,297.0729251391739,291.3789778288188,292.5755877654344,6802300,TSM
2025-12-24,297.96038818359375,298.31939244230784,295.3976327678872,296.90336911754514,2753900,TSM
2025-12-26,301.9890441894531,302.52753536072214,297.6811756829542,299.057302880738,5125900,TSM
2025-12-29,300.074462890625,303.6443901134491,297.8108218524903,300.9320317825189,6205100,TSM
2025-12-30,298.7381896972656,303.694225594236,298.6085805500678,301.5103768923786,6190600,TSM
2025-12-31,303.0361328125,306.5262983780608,302.5774034272525,303.145809122997,8175100,TSM
